-28,0,188,92,112,238,66,106,43,144
-27,0,136,14,241,56,228,78,15,95
-26,0,134,36,81,175,191,254,136,70
-25,0,62,211,231,134,174,124,36,151
-24,0,96,93,11,247,226,187,107,171
-23,0,136,78,241,56,18,68,33,238
-22,0,191,120,148,254,75,36,78,37
-21,0,159,167,8,94,220,26,240,98
-20,0,62,211,48,174,70,231,203,217
-19,0,11,117,171,226,187,128,185,96
-18,0,191,75,120,254,148,37,232,78
-17,0,94,27,35,23,48,213,44,79
-16,0,252,25,205,42,180,147,39,12
-15,0,209,197,51,213,91,154,145,23
-14,0,62,124,211,58,174,36,23,76
-13,0,142,166,97,113,123,205,210,150
-12,0,106,66,22,6,212,46,218,65
-11,0,144,188,92,172,147,186,234,111
-10,0,57,88,59,56,157,110,180,153
-9,0,68,180,117,226,185,122,171,198
-8,0,209,122,240,50,159,220,239,52
-7,0,51,49,22,153,247,85,146,11
-6,0,62,124,92,223,144,234,72,211
-5,0,57,56,110,165,59,170,84,131
-4,0,117,226,171,185,11,187,122,96
-3,0,223,70,62,222,211,75,28,138
-2,0,159,116,220,174,62,13,240,69
-1,0,123,196,249,229,105,216,7,104
-28,1,214,112,19,86,167,198,128,224
-27,1,234,40,96,209,134,205,94,171
-26,1,254,193,101,51,149,9,48,205
-25,1,235,193,254,120,195,33,141,123
-24,1,195,193,120,2,254,107,169,57
-23,1,166,131,252,190,35,165,253,205
-22,1,254,163,21,193,51,1,167,243
-21,1,56,243,163,21,215,49,255,71
-20,1,80,123,141,193,254,235,51,4
-19,1,66,13,169,223,123,43,193,133
-18,1,60,193,48,1,51,240,167,108
-17,1,60,139,193,240,130,30,146,51
-16,1,60,28,217,190,240,95,160,154
-15,1,139,41,6,116,60,15,193,123
-14,1,80,30,193,123,4,60,116,49
-13,1,34,26,11,59,75,132,155,193
-12,1,112,223,250,191,205,189,193,86
-11,1,189,195,182,128,193,255,198,79
-10,1,234,40,16,209,183,96,98,166
-9,1,111,202,13,190,126,85,193,101
-8,1,72,202,193,111,95,182,37,252
-7,1,169,155,223,87,5,197,13,177
-6,1,193,98,11,189,245,132,14,204
-5,1,40,222,234,96,209,166,98,10
-4,1,13,111,81,223,96,85,166,183
-3,1,245,153,143,48,193,98,14,51
-2,1,80,23,17,88,162,94,44,10
-1,1,11,225,155,231,27,244,93,75
-28,2,11,60,92,217,58,49,187,255
-27,2,39,106,36,158,80,20,217,226
-26,2,39,158,223,182,106,184,153,95
-25,2,80,158,111,184,3,39,66,238
-24,2,158,253,149,208,20,254,191,95
-23,2,253,158,211,20,149,191,196,125
-22,2,187,223,216,182,175,221,158,170
-21,2,175,37,216,42,204,170,158,88
-20,2,204,111,51,161,168,243,202,240
-19,2,164,158,90,169,22,62,107,40
-18,2,201,158,115,223,56,187,228,170
-17,2,108,113,24,158,2,45,25,131
-16,2,108,113,24,2,182,47,30,203
-15,2,113,108,158,182,111,45,24,180
-14,2,111,113,180,71,207,108,24,45
-13,2,158,249,103,210,164,38,180,252
-12,2,22,87,198,158,76,121,10,217
-11,2,64,239,158,92,76,150,72,16
-10,2,238,120,253,158,234,108,39,106
-9,2,158,139,234,228,199,221,253,77
-8,2,71,158,3,157,63,42,221,254
-7,2,158,16,249,65,149,242,35,208
-6,2,76,193,158,16,3,92,228,216
-5,2,20,158,10,39,238,252,234,36
-4,2,20,252,10,158,120,35,39,107
-3,2,115,193,158,216,5,228,56,157
-2,2,146,158,71,5,56,19,173,83
-1,2,158,210,103,179,249,109,100,145
-28,3,25,225,162,199,214,191,159,197
-27,3,25,173,199,225,159,166,75,76
-26,3,199,36,225,167,25,163,113,166
-25,3,109,199,25,166,163,87,225,159
-24,3,221,188,170,199,228,25,54,225
-23,3,17,188,199,25,228,173,50,225
-22,3,154,108,199,196,224,159,69,163
-21,3,163,147,224,45,154,196,159,110
-20,3,147,123,163,86,232,45,51,89
-19,3,199,166,221,92,225,25,113,251
-18,3,154,15,196,108,113,199,0,225
-17,3,106,199,189,69,65,242,194,2
-16,3,112,154,2,151,163,0,22,165
-15,3,59,154,199,189,211,0,113,165
-14,3,15,189,242,53,22,76,147,137
-13,3,199,211,31,37,146,25,84,46
-12,3,25,199,118,146,159,202,76,31
-11,3,25,199,159,214,225,6,11,157
-10,3,70,188,228,216,199,150,25,95
-9,3,154,16,25,157,112,23,201,199
-8,3,243,199,22,201,6,163,251,69
-7,3,98,199,97,27,146,160,238,228
-6,3,199,197,25,243,112,251,56,157
-5,3,70,75,25,228,119,155,199,55
-4,3,170,75,228,92,221,159,25,188
-3,3,199,197,201,251,6,22,154,243
-2,3,161,199,218,243,222,6,25,154
-1,3,199,133,37,187,152,25,31,235
-28,4,88,98,195,154,233,94,172,87
-27,4,98,192,195,253,89,88,154,156
-26,4,195,154,253,175,233,192,134,160
-25,4,195,154,253,44,148,28,159,233
-24,4,253,154,119,152,192,195,216,121
-23,4,253,133,154,152,123,134,121,192
-22,4,253,134,121,233,175,186,28,90
-21,4,175,233,206,253,134,28,121,75
-20,4,175,253,134,221,28,121,206,44
-19,4,8,228,152,65,139,253,134,154
-18,4,134,160,152,121,28,132,129,233
-17,4,134,129,184,24,242,240,233,22
-16,4,132,189,149,206,175,160,233,89
-15,4,241,240,131,129,170,10,230,154
-14,4,44,10,152,134,221,175,148,38
-13,4,161,154,65,167,13,14,170,15
-12,4,118,65,154,98,242,67,122,160
-11,4,98,154,94,192,152,54,121,195
-10,4,154,138,74,195,152,254,172,123
-9,4,152,134,243,121,154,8,186,28
-8,4,152,154,243,134,121,175,28,155
-7,4,14,167,65,154,240,181,201,170
-6,4,154,152,98,94,192,134,175,160
-5,4,138,164,98,156,152,71,154,94
-4,4,8,139,55,152,228,123,60,119
-3,4,152,175,134,154,28,70,36,132
-2,4,221,152,154,44,175,121,148,134
-1,4,154,142,13,222,108,236,102,15
-28,5,110,15,60,64,166,159,56,13
-27,5,159,165,110,174,166,158,153,251
-26,5,153,159,251,151,110,60,120,77
-25,5,153,251,159,115,19,60,151,250
-24,5,153,61,251,19,202,165,151,218
-23,5,153,174,61,251,210,159,151,252
-22,5,153,251,0,210,58,60,208,163
-21,5,64,77,251,60,0,58,103,159
-20,5,77,56,251,164,64,230,58,60
-19,5,153,251,61,210,0,58,170,151
-18,5,251,153,58,213,0,60,210,70
-17,5,95,251,9,58,230,0,65,143
-16,5,95,77,58,251,153,177,0,213
-15,5,213,251,153,218,182,103,59,123
-14,5,81,251,153,95,0,164,58,210
-13,5,186,104,153,251,161,218,151,235
-12,5,67,254,14,100,161,153,251,10
-11,5,153,158,251,194,165,62,218,136
-10,5,249,250,174,153,151,170,24,251
-9,5,223,153,151,250,120,251,23,0
-8,5,151,251,115,250,183,153,0,236
-7,5,67,235,250,151,191,224,236,120
-6,5,153,251,151,50,0,58,62,2
-5,5,153,251,249,32,151,250,183,19
-4,5,32,153,251,194,81,114,151,210
-3,5,153,251,115,151,32,213,58,185
-2,5,251,236,153,115,151,185,172,32
-1,5,104,193,186,151,251,153,32,218
-28,6,110,138,46,40,24,91,254,173
-27,6,138,79,196,77,232,133,65,22
-26,6,196,138,79,15,168,210,52,43
-25,6,40,196,12,79,76,161,82,15
-24,6,196,79,16,90,138,76,12,126
-23,6,196,102,129,79,15,16,209,26
-22,6,102,26,212,159,255,196,209,211
-21,6,195,12,102,168,212,36,173,99
-20,6,12,195,102,233,30,125,26,212
-19,6,12,16,102,196,3,79,90,26
-18,6,102,186,255,12,74,212,173,33
-17,6,12,102,212,233,255,196,33,254
-16,6,12,102,237,33,186,51,125,74
-15,6,186,196,102,33,255,156,207,18
-14,6,57,102,39,33,186,125,74,12
-13,6,196,79,167,102,186,138,245,12
-12,6,79,2,196,167,43,178,126,138
-11,6,79,19,2,196,52,92,59,145
-10,6,49,79,196,157,19,209,56,102
-9,6,102,49,157,185,168,25,212,159
-8,6,157,161,57,49,79,185,39,195
-7,6,157,79,196,167,57,49,161,84
-6,6,19,79,168,92,196,52,84,82
-5,6,92,79,19,196,84,126,43,52
-4,6,16,3,79,114,19,196,92,84
-3,6,168,186,25,39,157,12,102,26
-2,6,186,39,79,57,157,196,161,243
-1,6,79,196,153,167,52,54,43,2
-28,7,221,191,112,200,142,39,241,141
-27,7,147,36,35,221,116,229,75,191
-26,7,147,185,175,78,36,221,229,35
-25,7,49,185,147,36,245,175,78,229
-24,7,147,185,78,36,81,229,184,116
-23,7,147,78,185,81,179,248,132,175
-22,7,24,132,96,81,151,78,185,179
-21,7,166,175,252,245,187,132,75,185
-20,7,175,245,142,166,185,246,38,183
-19,7,185,147,78,44,131,36,142,175
-18,7,187,185,240,78,225,61,24,175
-17,7,187,225,185,132,175,245,147,174
-16,7,187,185,132,252,78,240,203,225
-15,7,187,185,240,36,78,147,61,132
-14,7,187,223,240,185,225,132,245,174
-13,7,185,147,36,78,91,29,187,184
-12,7,44,147,91,185,76,36,37,35
-11,7,147,76,36,185,35,171,181,78
-10,7,129,199,185,147,7,35,36,76
-9,7,187,129,185,132,167,225,174,19
-8,7,175,223,129,185,187,158,225,132
-7,7,129,44,147,199,76,185,36,171
-6,7,185,243,129,147,181,76,78,175
-5,7,243,147,185,36,192,76,37,116
-4,7,185,243,147,36,78,192,76,171
-3,7,185,7,245,78,174,175,225,57
-2,7,223,185,78,158,7,192,57,76
-1,7,147,185,36,29,78,76,171,35
-28,8,123,217,175,17,127,139,223,78
-27,8,123,157,191,107,180,110,52,4
-26,8,123,23,72,180,107,52,16,191
-25,8,23,123,133,72,107,180,52,148
-24,8,180,23,123,112,191,107,224,133
-23,8,157,123,72,23,148,151,107,191
-22,8,123,72,224,41,1,151,53,161
-21,8,72,133,53,172,123,148,121,23
-20,8,133,72,50,172,148,16,53,23
-19,8,72,23,133,53,164,148,180,52
-18,8,133,53,148,145,16,72,224,171
-17,8,53,148,133,121,72,85,166,145
-16,8,53,148,133,145,85,50,72,121
-15,8,133,53,148,107,72,191,10,145
-14,8,148,50,53,133,72,241,145,85
-13,8,23,133,72,180,164,148,33,52
-12,8,33,23,212,180,191,4,52,107
-11,8,159,52,23,180,164,224,107,212
-10,8,107,133,53,148,159,52,120,180
-9,8,148,53,107,225,133,85,23,195
-8,8,148,53,133,72,85,59,161,107
-7,8,33,107,164,52,191,159,180,212
-6,8,133,72,53,107,148,23,159,224
-5,8,107,72,148,159,133,212,53,194
-4,8,212,72,112,133,107,35,52,23
-3,8,53,133,7,148,72,107,224,85
-2,8,133,7,164,107,148,72,220,53
-1,8,133,72,164,107,234,191,224,23
-28,9,72,210,246,95,122,232,12,194
-27,9,95,156,45,120,47,198,161,73
-26,9,95,1,161,44,45,207,229,99
-25,9,95,1,161,99,207,221,9,229
-24,9,95,120,206,161,207,99,1,243
-23,9,95,99,1,120,161,207,166,206
-22,9,166,95,99,143,1,15,103,243
-21,9,99,32,1,95,44,166,243,134
-20,9,99,32,1,95,221,44,243,207
-19,9,95,239,99,178,1,9,44,207
-18,9,245,99,207,95,243,1,166,61
-17,9,99,1,95,241,166,28,243,225
-16,9,99,207,243,1,204,245,166,58
-15,9,95,69,99,207,44,61,204,161
-14,9,99,207,1,95,243,58,28,204
-13,9,95,99,39,207,29,94,132,161
-12,9,95,240,207,132,156,217,161,99
-11,9,95,197,120,47,255,9,161,198
-10,9,148,207,95,120,61,9,99,84
-9,9,207,95,99,5,61,206,166,243
-8,9,207,99,229,1,95,233,61,85
-7,9,95,132,207,9,197,85,94,47
-6,9,207,99,95,9,1,198,156,84
-5,9,148,207,95,99,9,84,198,161
-4,9,178,239,207,95,19,9,99,206
-3,9,99,207,95,5,61,9,84,243
-2,9,99,207,95,9,243,41,84,44
-1,9,95,29,94,207,164,99,161,9
-28,10,175,120,14,183,179,249,100,203
-27,10,247,187,234,68,124,91,243,12
-26,10,247,59,12,146,132,124,20,116
-25,10,133,234,247,12,59,165,132,40
-24,10,234,12,247,59,163,124,207,132
-23,10,12,68,247,116,124,40,132,217
-22,10,12,77,116,109,202,86,205,20
-21,10,77,250,146,233,217,116,176,162
-20,10,217,146,195,116,179,137,176,199
-19,10,163,12,116,124,137,247,132,234
-18,10,108,32,77,124,253,53,247,250
-17,10,250,116,108,176,217,77,233,146
-16,10,108,32,250,244,233,217,10,229
-15,10,124,247,116,250,178,132,108,77
-14,10,250,19,242,98,132,50,251,217
-13,10,130,247,12,124,40,216,65,198
-12,10,207,234,161,124,247,40,253,62
-11,10,234,247,91,161,9,167,40,253
-10,10,46,234,68,247,63,40,132,124
-9,10,17,109,178,117,132,234,63,116
-8,10,132,19,178,232,63,40,242,233
-7,10,234,247,248,40,19,63,46,178
-6,10,234,165,161,132,207,116,40,178
-5,10,207,234,9,46,40,161,132,178
-4,10,163,207,234,40,132,9,124,178
-3,10,117,17,132,109,217,234,165,233
-2,10,19,40,242,234,132,26,165,101
-1,10,198,169,130,247,234,207,40,165
-28,11,180,41,246,96,149,143,152,46
-27,11,27,64,107,213,3,153,130,88
-26,11,37,107,60,204,12,141,71,150
-25,11,173,85,220,60,107,222,101,59
-24,11,18,107,130,3,142,60,85,173
-23,11,64,130,107,204,60,32,142,201
-22,11,134,97,60,204,32,201,225,141
-21,11,237,97,230,215,213,141,32,187
-20,11,215,61,230,237,32,220,141,97
-19,11,142,130,107,20,174,18,101,60
-18,11,11,170,97,50,150,14,101,0
-17,11,42,97,230,44,141,32,71,134
-16,11,72,97,170,48,230,141,169,82
-15,11,170,97,72,174,107,169,241,101
-14,11,170,97,220,85,173,222,169,72
-13,11,20,107,170,128,97,174,14,12
-12,11,20,49,107,109,195,36,17,98
-11,11,3,153,238,98,145,95,111,101
-10,11,210,93,111,195,101,238,3,107
-9,11,15,111,209,156,170,85,208,97
-8,11,111,59,85,97,209,170,202,194
-7,11,36,20,111,3,145,238,101,85
-6,11,238,153,225,3,145,59,111,98
-5,11,238,116,3,210,145,93,225,98
-4,11,130,3,18,116,238,142,145,98
-3,11,209,111,85,137,170,204,151,97
-2,11,111,220,59,85,225,209,101,238
-1,11,189,145,3,111,238,136,128,225
-28,12,4,124,68,24,167,52,77,216
-27,12,221,60,169,39,68,16,1,199
-26,12,221,145,1,167,15,39,166,68
-25,12,1,15,157,68,116,221,39,128
-24,12,1,106,39,15,221,128,157,116
-23,12,221,15,1,106,39,116,88,128
-22,12,221,9,47,208,163,2,30,1
-21,12,137,50,251,23,91,51,38,196
-20,12,137,251,50,91,124,10,38,208
-19,12,1,67,15,39,157,137,116,128
-18,12,137,116,3,1,244,166,176,2
-17,12,137,10,50,196,21,116,250,38
-16,12,137,10,176,149,244,166,13,110
-15,12,116,1,137,166,10,176,32,2
-14,12,116,55,2,176,157,40,251,137
-13,12,15,116,63,1,26,39,3,128
-12,12,39,1,15,128,116,63,12,21
-11,12,39,15,128,191,1,194,134,189
-10,12,39,116,15,1,208,128,210,138
-9,12,101,166,210,47,39,1,116,20
-8,12,116,176,210,208,157,10,250,3
-7,12,39,128,15,1,210,3,116,134
-6,12,208,39,115,55,116,161,238,1
-5,12,39,128,15,238,115,208,1,134
-4,12,39,67,15,128,134,116,238,1
-3,12,116,39,217,157,166,137,238,208
-2,12,157,39,208,15,128,238,116,115
-1,12,74,39,15,26,63,128,1,65
-28,13,231,119,132,221,167,177,161,64
-27,13,42,47,202,154,219,141,243,175
-26,13,47,42,212,202,219,93,180,78
-25,13,47,219,212,78,45,93,99,66
-24,13,47,219,212,200,93,99,202,154
-23,13,47,42,212,45,208,180,219,145
-22,13,47,42,212,155,202,208,151,7
-21,13,212,0,194,180,47,208,83,185
-20,13,180,26,212,47,194,0,145,248
-19,13,47,212,219,200,93,145,45,180
-18,13,100,47,208,180,145,212,165,174
-17,13,180,34,170,83,208,248,183,201
-16,13,180,208,0,34,165,83,212,145
-15,13,47,100,208,130,145,83,219,50
-14,13,199,208,212,165,145,47,238,174
-13,13,47,219,43,212,208,130,154,93
-12,13,219,47,142,33,93,15,212,130
-11,13,47,15,154,66,6,142,93,32
-10,13,47,164,219,145,208,154,93,137
-9,13,155,47,199,137,230,145,212,74
-8,13,145,47,137,212,50,208,250,154
-7,13,47,33,154,219,137,15,93,130
-6,13,47,93,212,145,219,154,45,155
-5,13,47,219,93,15,154,145,212,6
-4,13,200,47,219,93,154,212,145,113
-3,13,47,208,83,183,145,162,1,170
-2,13,47,154,219,93,37,113,130,145
-1,13,47,43,154,147,219,93,32,15
-28,14,217,57,244,211,123,136,181,191
-27,14,166,88,137,189,51,244,71,57
-26,14,166,54,51,52,167,160,64,189
-25,14,51,166,64,54,224,52,204,214
-24,14,51,224,137,52,64,54,189,214
-23,14,54,204,64,189,51,224,248,214
-22,14,66,166,189,54,58,67,64,214
-21,14,17,132,73,44,248,54,189,166
-20,14,17,132,73,204,54,248,44,57
-19,14,51,137,224,54,160,64,204,38
-18,14,132,54,248,44,204,64,73,189
-17,14,132,73,248,44,17,204,115,189
-16,14,132,73,44,248,204,143,54,17
-15,14,132,44,51,54,248,224,204,160
-14,14,132,73,54,204,248,230,44,65
-13,14,137,224,51,54,64,160,44,52
-12,14,51,224,137,54,64,52,160,167
-11,14,224,51,167,52,137,106,159,189
-10,14,52,54,132,44,224,51,204,167
-9,14,167,231,180,54,52,214,203,6
-8,14,132,52,214,222,248,204,179,54
-7,14,224,51,52,137,147,179,167,64
-6,14,179,54,214,225,231,52,67,224
-5,14,179,52,224,51,54,67,225,231
-4,14,54,38,225,51,224,52,67,204
-3,14,132,225,54,222,248,214,52,165
-2,14,52,224,54,179,225,51,214,171
-1,14,137,51,224,52,50,124,167,64
-28,15,225,247,218,191,117,82,83,48
-27,15,228,150,229,248,61,165,148,225
-26,15,147,18,150,204,12,225,148,242
-25,15,242,147,18,204,139,154,124,217
-24,15,147,242,241,248,204,162,217,154
-23,15,147,139,242,154,18,217,204,206
-22,15,18,147,206,188,242,27,228,98
-21,15,6,139,12,18,238,206,190,147
-20,15,139,6,147,12,18,235,98,206
-19,15,139,147,240,204,148,238,103,242
-18,15,139,3,206,240,242,147,52,190
-17,15,139,74,90,235,145,190,227,12
-16,15,139,3,238,206,190,74,145,170
-15,15,139,3,206,147,242,238,190,169
-14,15,139,206,3,33,177,74,237,27
-13,15,139,147,3,242,206,204,238,65
-12,15,147,242,139,148,206,204,181,85
-11,15,242,248,204,147,148,250,233,162
-10,15,139,206,147,233,3,242,238,169
-9,15,206,233,110,242,204,18,100,127
-8,15,206,139,33,233,74,169,195,147
-7,15,242,147,181,206,233,204,148,195
-6,15,147,204,139,206,14,248,18,195
-5,15,147,248,204,242,14,195,206,169
-4,15,147,240,103,139,204,14,120,206
-3,15,221,139,0,14,147,190,169,102
-2,15,33,147,14,240,71,0,204,169
-1,15,147,81,148,242,200,204,165,162
-28,16,89,245,88,166,203,16,107,227
-27,16,130,252,75,247,28,229,60,166
-26,16,130,252,53,247,59,51,28,166
-25,16,130,190,252,28,152,170,230,189
-24,16,130,149,252,28,152,170,229,54
-23,16,130,172,229,252,149,152,51,233
-22,16,130,10,172,247,183,56,72,59
-21,16,130,234,172,59,112,60,247,183
-20,16,172,130,234,88,59,247,112,60
-19,16,130,252,28,147,51,170,72,172
-18,16,130,154,147,28,152,189,183,191
-17,16,191,74,234,130,172,112,183,24
-16,16,191,228,154,234,112,183,107,138
-15,16,130,152,28,170,154,51,252,138
-14,16,190,183,191,172,130,230,228,193
-13,16,130,170,28,252,5,210,51,172
-12,16,130,152,170,252,28,51,233,156
-11,16,130,170,252,51,152,80,205,28
-10,16,170,130,191,112,51,72,252,205
-9,16,10,130,170,232,20,154,138,80
-8,16,186,195,170,130,190,56,191,31
-7,16,170,130,152,156,252,51,80,205
-6,16,250,230,170,252,130,152,172,116
-5,16,250,152,130,170,252,180,230,72
-4,16,250,228,130,152,170,172,179,51
-3,16,250,138,195,191,183,26,170,130
-2,16,250,170,179,252,152,190,130,51
-1,16,130,5,170,252,152,28,233,51
-28,17,96,106,26,171,25,150,125,86
-27,17,248,35,185,64,125,241,20,226
-26,17,185,35,89,64,248,152,241,20
-25,17,35,89,64,20,185,115,241,248
-24,17,35,89,64,241,20,115,248,1
-23,17,69,185,35,64,248,89,1,152
-22,17,185,54,69,35,126,64,89,152
-21,17,69,54,185,144,152,4,9,64
-20,17,69,125,21,185,144,152,9,64
-19,17,69,64,35,89,155,20,115,1
-18,17,69,64,35,54,8,115,238,18
-17,17,69,44,210,152,192,1,209,10
-16,17,69,8,238,54,208,18,46,162
-15,17,69,115,35,8,64,89,20,238
-14,17,69,164,8,238,115,79,72,1
-13,17,69,35,89,64,115,8,20,172
-12,17,35,20,110,64,89,115,87,1
-11,17,35,20,64,15,115,17,89,87
-10,17,69,1,89,115,26,8,104,35
-9,17,126,115,35,89,69,15,20,8
-8,17,115,69,8,164,1,20,83,126
-7,17,35,20,110,115,64,15,89,87
-6,17,19,115,69,15,20,89,1,142
-5,17,89,20,115,1,35,15,197,142
-4,17,155,1,69,20,115,89,64,15
-3,17,69,115,1,78,8,58,222,244
-2,17,164,69,115,20,15,35,142,21
-1,17,35,250,115,64,20,87,89,142
-28,18,100,201,174,94,44,32,141,75
-27,18,126,13,199,217,155,134,161,69
-26,18,126,43,34,199,13,219,176,99
-25,18,126,13,99,43,77,199,204,91
-24,18,126,69,6,161,43,13,176,34
-23,18,176,77,126,199,161,108,138,99
-22,18,117,13,176,77,199,118,143,138
-21,18,32,116,176,195,66,77,146,138
-20,18,209,116,176,77,99,195,138,44
-19,18,77,126,176,6,43,91,192,13
-18,18,77,32,171,91,13,176,30,126
-17,18,77,209,138,64,91,102,176,225
-16,18,77,66,32,91,176,19,123,171
-15,18,77,126,13,91,66,161,171,16
-14,18,77,176,250,171,91,123,108,72
-13,18,77,126,57,148,43,13,161,91
-12,18,126,112,13,77,192,43,30,177
-11,18,126,192,13,43,161,177,112,226
-10,18,77,192,91,204,126,43,138,22
-9,18,77,192,91,118,130,13,108,68
-8,18,77,91,250,192,108,204,68,22
-7,18,192,112,13,128,57,77,126,226
-6,18,192,112,226,91,77,43,68,182
-5,18,192,69,126,43,112,139,91,204
-4,18,182,6,91,204,77,192,69,43
-3,18,182,237,77,123,91,192,225,64
-2,18,192,250,13,72,204,130,226,91
-1,18,13,57,192,43,126,179,197,134
-28,19,41,204,221,142,44,207,238,173
-27,19,173,221,207,35,26,36,41,75
-26,19,75,36,41,173,26,35,212,207
-25,19,35,114,41,75,30,26,36,226
-24,19,75,26,35,36,122,30,41,137
-23,19,35,26,75,122,212,137,173,30
-22,19,35,15,219,137,83,122,212,36
-21,19,48,35,219,239,99,212,75,67
-20,19,35,212,99,239,114,122,48,75
-19,19,122,36,35,59,75,212,30,26
-18,19,15,54,35,59,125,75,99,137
-17,19,212,115,95,59,125,219,88,99
-16,19,59,212,54,248,125,114,239,115
-15,19,59,75,35,26,137,30,124,36
-14,19,59,114,85,122,212,115,35,125
-13,19,36,26,75,35,130,59,122,212
-12,19,30,36,35,226,26,75,59,162
-11,19,26,36,30,75,228,35,226,173
-10,19,212,59,75,26,88,122,115,117
-9,19,30,59,137,171,124,83,36,157
-8,19,59,171,122,157,117,85,35,75
-7,19,36,75,30,26,120,12,35,124
-6,19,60,30,122,247,226,82,75,231
-5,19,75,30,60,122,36,82,88,212
-4,19,75,122,88,212,30,36,59,231
-3,19,99,231,70,34,88,122,125,247
-2,19,70,85,30,36,35,82,26,231
-1,19,36,20,30,26,75,35,130,226
-28,20,17,127,175,217,18,223,11,92
-27,20,116,197,173,191,127,217,23,175
-26,20,72,23,133,191,172,224,148,56
-25,20,133,72,172,23,224,148,191,151
-24,20,72,23,133,112,148,191,151,224
-23,20,72,133,148,195,23,151,157,246
-22,20,72,41,151,148,224,53,133,1
-21,20,53,172,72,133,148,23,151,224
-20,20,172,133,53,72,195,148,23,50
-19,20,133,53,72,148,23,195,191,33
-18,20,53,133,148,72,172,191,152,23
-17,20,53,148,133,195,72,23,240,161
-16,20,53,148,133,172,23,50,72,195
-15,20,133,148,53,23,191,72,107,195
-14,20,53,148,133,195,72,23,161,85
-13,20,133,23,33,72,148,191,53,52
-12,20,133,33,224,72,191,23,220,52
-11,20,191,159,52,224,220,23,107,133
-10,20,133,148,53,107,195,23,161,72
-9,20,53,148,133,171,107,161,68,220
-8,20,53,148,107,171,161,220,195,133
-7,20,33,220,171,191,107,52,148,53
-6,20,133,159,72,23,224,107,220,53
-5,20,72,133,23,159,191,71,224,53
-4,20,72,53,133,112,148,23,71,22
-3,20,148,72,53,133,85,47,68,107
-2,20,133,72,121,191,23,107,171,220
-1,20,234,191,23,83,220,4,99,133
-28,21,72,246,184,232,210,113,194,127
-27,21,95,184,232,72,18,156,209,210
-26,21,95,1,251,207,255,45,221,194
-25,21,95,207,221,99,251,255,44,1
-24,21,95,206,207,99,1,255,251,143
-23,21,95,99,1,45,206,207,166,243
-22,21,95,166,99,251,1,143,243,45
-21,21,95,32,99,58,1,81,251,221
-20,21,95,99,32,1,63,214,58,81
-19,21,239,95,99,207,178,214,1,44
-18,21,207,99,95,245,204,44,214,58
-17,21,99,95,1,214,207,84,254,204
-16,21,99,207,95,32,58,214,204,119
-15,21,95,207,44,69,99,161,67,214
-14,21,95,99,207,119,221,44,1,134
-13,21,95,39,207,99,29,44,94,1
-12,21,207,95,240,132,99,44,94,156
-11,21,95,207,47,44,255,197,156,73
-10,21,99,207,148,95,1,251,161,229
-9,21,207,99,5,95,61,229,206,166
-8,21,207,95,99,229,85,44,233,249
-7,21,207,132,95,44,85,229,99,161
-6,21,207,95,156,44,1,99,186,243
-5,21,207,95,44,148,1,161,243,186
-4,21,207,178,99,95,239,1,243,206
-3,21,99,207,95,63,243,44,233,67
-2,21,207,44,95,131,197,243,63,9
-1,21,95,44,29,207,164,197,94,161
-28,22,120,175,100,50,82,192,231,90
-27,22,182,243,176,65,133,124,145,187
-26,22,12,59,189,124,40,11,65,182
-25,22,124,133,12,40,116,234,242,9
-24,22,124,163,229,116,136,133,156,152
-23,22,12,68,124,116,40,199,148,136
-22,22,77,109,123,116,12,20,148,40
-21,22,77,108,116,233,40,124,12,217
-20,22,137,12,40,116,124,102,156,242
-19,22,124,163,116,253,217,205,40,78
-18,22,124,253,40,77,229,247,53,108
-17,22,116,160,108,148,205,132,77,147
-16,22,229,244,108,124,98,77,233,40
-15,22,124,116,40,253,122,178,167,1
-14,22,19,124,40,216,242,132,122,53
-13,22,124,116,198,130,65,12,167,216
-12,22,124,161,234,253,167,207,165,65
-11,22,234,124,167,9,91,0,161,253
-10,22,116,68,122,234,132,46,205,167
-9,22,109,234,63,40,232,178,205,122
-8,22,122,19,40,233,178,232,234,242
-7,22,248,234,124,122,63,40,19,165
-6,22,234,122,161,124,0,40,165,116
-5,22,234,124,0,207,122,116,132,156
-4,22,163,234,124,132,122,251,250,156
-3,22,109,122,19,40,233,132,26,17
-2,22,19,234,124,122,242,40,253,216
-1,22,198,124,169,130,234,122,65,165
-28,23,180,41,87,96,213,152,92,132
-27,23,204,112,88,213,138,150,221,89
-26,23,204,148,213,60,71,141,107,5
-25,23,173,60,204,85,220,213,222,107
-24,23,204,18,60,142,130,107,108,153
-23,23,204,64,213,60,61,51,104,32
-22,23,135,213,204,141,134,60,118,32
-21,23,204,213,141,61,32,37,230,134
-20,23,220,222,204,201,32,218,60,61
-19,23,142,130,20,107,204,61,18,60
-18,23,11,61,170,50,230,82,118,19
-17,23,80,32,230,141,146,44,98,213
-16,23,72,169,170,213,61,141,199,50
-15,23,170,107,50,141,14,174,252,204
-14,23,220,218,85,170,222,59,201,231
-13,23,20,128,107,204,206,108,60,56
-12,23,20,36,49,3,109,204,225,128
-11,23,3,238,153,66,145,111,106,107
-10,23,210,93,111,64,60,107,80,141
-9,23,156,135,210,3,111,143,194,209
-8,23,111,85,59,194,92,231,158,14
-7,23,3,36,145,20,111,194,210,136
-6,23,238,145,204,153,60,225,15,111
-5,23,238,116,210,145,15,225,60,204
-4,23,142,130,18,225,111,60,204,162
-3,23,204,111,209,59,158,85,231,241
-2,23,220,85,201,225,59,111,145,158
-1,23,189,136,128,206,111,145,108,162
-28,24,53,216,124,4,167,24,62,58
-27,24,221,60,199,16,126,167,1,216
-26,24,221,167,1,157,68,166,145,39
-25,24,1,157,221,39,68,116,158,167
-24,24,1,221,39,106,125,146,116,67
-23,24,221,1,163,146,113,104,105,88
-22,24,1,221,101,9,163,251,47,55
-21,24,137,251,50,1,166,221,55,158
-20,24,1,137,50,251,221,158,157,55
-19,24,137,1,39,67,251,113,116,221
-18,24,137,1,157,244,78,55,201,2
-17,24,137,50,10,91,1,244,239,254
-16,24,137,157,166,244,50,33,251,127
-15,24,1,55,157,15,115,39,32,251
-14,24,157,1,11,116,55,178,137,3
-13,24,1,74,63,39,15,221,26,160
-12,24,1,39,43,221,63,116,138,101
-11,24,39,1,79,221,15,115,127,81
-10,24,1,116,39,210,24,237,68,176
-9,24,47,101,39,210,116,1,237,138
-8,24,1,50,116,210,55,39,11,20
-7,24,1,39,63,79,160,242,210,116
-6,24,39,115,1,101,47,50,116,166
-5,24,39,1,115,242,81,238,15,205
-4,24,39,67,1,116,250,238,176,127
-3,24,39,116,157,55,166,1,238,149
-2,24,39,1,115,157,55,128,238,127
-1,24,1,74,39,63,242,26,160,15
-28,25,167,52,236,132,221,231,119,242
-27,25,180,44,233,251,167,132,89,66
-26,25,42,212,78,93,47,202,66,20
-25,25,47,93,42,130,78,219,212,66
-24,25,78,47,212,93,145,130,208,200
-23,25,42,78,47,145,212,132,208,180
-22,25,42,47,208,174,20,155,64,7
-21,25,47,0,42,194,203,165,212,145
-20,25,47,101,26,42,0,145,212,130
-19,25,47,145,130,100,165,208,180,78
-18,25,47,208,180,100,26,165,112,130
-17,25,34,47,5,145,183,208,45,165
-16,25,47,0,194,208,212,34,5,165
-15,25,47,130,100,0,101,222,203,2
-14,25,47,37,101,165,208,130,100,84
-13,25,47,43,130,147,134,93,182,219
-12,25,93,33,47,219,142,130,66,43
-11,25,47,130,93,66,154,175,155,113
-10,25,47,137,164,145,130,93,219,208
-9,25,47,155,137,145,199,208,93,219
-8,25,47,137,155,101,0,230,145,130
-7,25,47,33,130,93,61,154,137,142
-6,25,93,155,47,145,130,45,66,0
-5,25,47,93,130,45,15,66,224,154
-4,25,47,93,130,45,208,200,145,166
-3,25,47,155,130,0,208,165,199,145
-2,25,47,101,130,154,93,74,224,37
-1,25,47,147,182,43,130,134,93,61
-28,26,217,57,81,136,181,244,211,150
-27,26,166,88,12,137,71,159,244,189
-26,26,166,54,137,12,204,214,88,160
-25,26,166,54,137,160,64,214,231,67
-24,26,54,166,204,214,137,160,248,67
-23,26,166,54,204,214,71,248,78,228
-22,26,144,78,166,58,54,66,189,214
-21,26,17,166,132,54,71,244,125,248
-20,26,54,166,204,132,17,137,248,160
-19,26,132,204,54,160,248,38,166,137
-18,26,132,143,248,160,189,0,31,71
-17,26,132,78,204,44,17,189,248,71
-16,26,132,143,189,17,248,54,216,204
-15,26,160,137,54,96,224,64,161,105
-14,26,160,6,132,224,96,204,54,137
-13,26,137,160,20,54,124,51,214,166
-12,26,54,137,147,160,231,167,67,106
-11,26,137,160,52,167,54,106,231,64
-10,26,52,167,137,214,96,132,204,160
-9,26,167,180,160,67,64,52,54,144
-8,26,52,137,161,160,179,64,6,214
-7,26,147,160,137,167,106,52,224,64
-6,26,214,179,171,54,160,67,167,137
-5,26,171,160,137,214,64,231,54,179
-4,26,54,38,214,225,204,160,67,231
-3,26,214,54,132,21,165,179,52,248
-2,26,137,160,171,224,179,231,6,214
-1,26,137,20,148,160,50,171,124,51
-28,27,247,191,225,218,83,82,108,48
-27,27,85,150,228,225,61,204,255,139
-26,27,12,85,150,147,204,225,242,139
-25,27,85,147,206,139,242,204,218,182
-24,27,85,139,147,182,206,100,98,241
-23,27,139,85,98,228,147,182,82,206
-22,27,18,85,139,206,12,182,100,188
-21,27,139,12,18,85,6,206,147,98
-20,27,139,147,85,28,98,12,6,206
-19,27,139,240,85,147,206,134,235,169
-18,27,139,240,206,228,124,190,85,51
-17,27,139,190,206,98,147,235,45,92
-16,27,139,206,79,51,240,228,190,12
-15,27,85,240,23,139,206,3,79,51
-14,27,139,206,177,28,33,85,3,240
-13,27,65,85,147,139,242,240,204,228
-12,27,204,147,85,242,139,54,206,250
-11,27,233,85,248,54,242,250,206,204
-10,27,233,203,139,206,3,85,116,147
-9,27,233,206,110,54,100,121,139,18
-8,27,33,206,18,233,85,28,169,129
-7,27,206,233,85,242,218,100,181,147
-6,27,147,18,233,248,169,206,14,85
-5,27,147,203,85,248,218,169,206,114
-4,27,240,147,103,139,85,14,206,169
-3,27,240,139,33,14,0,79,18,85
-2,27,33,240,85,28,147,71,204,60
-1,27,85,165,58,200,242,181,217,81
-28,28,158,107,166,88,93,218,18,89
-27,28,152,252,229,130,247,166,60,28
-26,28,130,247,152,53,252,166,72,112
-25,28,130,152,190,72,252,247,28,170
-24,28,130,152,149,54,72,183,252,185
-23,28,130,152,247,72,149,172,16,165
-22,28,10,130,59,72,247,56,105,152
-21,28,130,234,59,247,63,56,152,191
-20,28,130,59,72,152,234,183,247,172
-19,28,130,152,72,173,183,178,191,158
-18,28,130,191,152,158,173,10,15,16
-17,28,191,74,130,228,72,197,172,47
-16,28,130,191,158,138,16,152,162,112
-15,28,130,152,138,201,210,28,173,179
-14,28,130,193,190,152,219,178,113,165
-13,28,130,152,170,5,96,72,51,28
-12,28,130,152,156,170,250,168,252,80
-11,28,130,152,170,230,51,54,46,252
-10,28,130,170,152,72,20,51,0,80
-9,28,10,170,130,20,232,56,152,80
-8,28,130,190,186,170,212,56,193,82
-7,28,130,156,170,212,152,51,116,252
-6,28,130,250,230,56,152,116,170,72
-5,28,130,250,152,230,72,116,47,193
-4,28,130,152,250,179,170,72,51,117
-3,28,130,56,250,138,179,201,10,82
-2,28,130,190,250,193,51,152,170,179
-1,28,130,152,133,252,43,28,5,229
-28,29,106,96,171,25,86,125,112,42
-27,29,248,64,20,201,100,185,79,241
-26,29,185,64,89,152,248,1,35,62
-25,29,64,89,185,20,1,248,115,21
-24,29,248,236,89,64,69,1,65,20
-23,29,185,69,248,1,25,89,64,79
-22,29,126,54,185,170,4,69,165,89
-21,29,69,54,185,9,4,125,170,60
-20,29,69,1,185,125,21,19,9,88
-19,29,69,1,155,64,20,91,222,125
-18,29,69,54,18,184,126,99,30,79
-17,29,69,150,9,1,204,165,36,158
-16,29,69,30,162,99,54,79,1,14
-15,29,162,64,69,185,78,91,89,115
-14,29,164,88,69,64,21,1,115,19
-13,29,64,20,172,89,1,35,115,69
-12,29,110,20,213,230,64,89,17,1
-11,29,20,64,142,236,89,230,200,115
-10,29,26,89,1,104,115,8,69,20
-9,29,126,155,1,206,8,115,142,230
-8,29,164,88,115,20,19,21,1,8
-7,29,110,20,142,1,115,8,64,83
-6,29,19,89,20,142,1,236,15,115
-5,29,49,89,64,88,1,20,21,142
-4,29,1,155,236,89,20,230,102,15
-3,29,126,1,19,78,69,164,15,115
-2,29,164,88,64,20,21,115,142,89
-1,29,64,76,20,87,250,248,172,0
-28,30,31,174,75,94,32,160,141,217
-27,30,13,134,126,72,161,176,199,177
-26,30,176,13,44,72,199,66,34,192
-25,30,250,176,13,44,99,192,77,72
-24,30,176,6,44,13,77,199,69,204
-23,30,176,72,44,77,13,199,138,108
-22,30,18,117,143,209,13,176,72,183
-21,30,116,66,176,143,32,77,209,183
-20,30,44,116,77,91,151,63,99,192
-19,30,77,44,6,91,204,176,225,175
-18,30,77,123,66,208,32,44,108,19
-17,30,77,122,138,127,123,176,97,92
-16,30,77,123,19,66,44,97,143,91
-15,30,66,77,19,151,97,91,156,73
-14,30,77,162,250,99,50,91,19,97
-13,30,148,44,91,192,43,187,77,13
-12,30,112,192,177,71,203,135,91,128
-11,30,192,69,13,91,112,77,177,251
-10,30,192,77,91,221,139,13,190,112
-9,30,18,192,91,77,165,139,177,130
-8,30,192,108,250,63,91,162,50,116
-7,30,128,192,112,91,77,68,118,111
-6,30,112,192,91,69,139,68,80,177
-5,30,91,139,162,112,50,192,69,118
-4,30,6,91,175,139,192,204,177,77
-3,30,130,108,91,209,66,237,192,151
-2,30,250,63,162,50,192,13,91,232
-1,30,43,179,187,192,134,197,203,163
-28,31,35,145,57,241,30,77,117,75
-27,31,162,75,221,35,41,207,20,36
-26,31,75,207,35,212,247,41,162,122
-25,31,35,75,162,114,30,59,207,243
-24,31,35,207,162,122,75,233,137,243
-23,31,35,75,207,122,212,143,137,162
-22,31,15,83,219,35,67,55,143,47
-21,31,83,99,219,157,37,35,47,125
-20,31,35,59,85,88,99,157,122,75
-19,31,59,122,233,35,162,88,54,95
-18,31,15,54,35,99,83,1,133,212
-17,31,212,125,67,95,248,195,180,220
-16,31,83,35,114,59,3,49,137,95
-15,31,35,137,83,162,59,157,27,3
-14,31,35,162,34,85,59,95,88,135
-13,31,35,162,130,75,59,88,30,122
-12,31,30,12,228,35,162,75,199,226
-11,31,35,51,30,162,75,226,137,59
-10,31,35,137,59,30,75,173,195,70
-9,31,30,226,55,35,137,59,33,173
-8,31,35,157,59,146,85,162,171,34
-7,31,12,120,35,30,59,137,162,51
-6,31,157,51,35,59,60,249,30,88
-5,31,35,60,59,30,162,33,34,249
-4,31,30,233,59,88,35,122,70,231
-3,31,157,99,70,83,35,59,247,88
-2,31,35,162,183,70,249,34,30,173
-1,31,20,162,35,109,205,75,30,4
-28,32,195,252,146,221,112,223,139,148
-27,32,224,252,68,27,112,197,178,71
-26,32,144,47,27,14,68,151,19,128
-25,32,146,47,76,123,12,68,71,185
-24,32,89,47,194,255,17,68,199,151
-23,32,224,255,47,197,68,71,89,27
-22,32,202,58,235,151,121,248,47,59
-21,32,235,120,14,78,202,151,26,143
-20,32,47,255,179,109,140,144,104,123
-19,32,17,255,194,47,34,46,178,236
-18,32,121,202,235,138,58,25,128,174
-17,32,33,255,241,219,47,104,117,162
-16,32,14,128,197,47,31,235,202,43
-15,32,14,197,34,206,235,156,27,47
-14,32,123,140,76,179,47,125,85,18
-13,32,99,113,47,254,238,185,178,255
-12,32,238,116,185,47,178,113,192,158
-11,32,146,178,195,86,47,199,194,185
-10,32,224,178,206,47,197,156,117,42
-9,32,175,37,58,248,178,206,47,157
-8,32,76,120,179,57,140,92,86,18
-7,32,238,178,113,158,206,47,194,247
-6,32,12,195,146,86,47,92,109,123
-5,32,86,47,179,185,146,125,247,211
-4,32,17,47,194,247,178,255,185,89
-3,32,109,14,123,92,85,144,57,47
-2,32,123,179,76,125,109,140,47,85
-1,32,98,112,90,192,134,99,185,178
-28,33,127,189,37,97,181,96,55,92
-27,33,127,63,72,217,156,71,18,16
-26,33,127,47,84,72,67,82,71,81
-25,33,127,75,56,139,11,95,81,181
-24,33,127,214,94,81,23,72,217,68
-23,33,127,63,156,81,18,71,217,72
-22,33,147,127,198,176,81,47,63,203
-21,33,203,47,127,198,81,67,250,84
-20,33,127,139,102,250,189,203,81,181
-19,33,214,23,217,94,127,81,72,82
-18,33,147,72,30,127,47,78,165,81
-17,33,192,203,110,67,72,81,146,7
-16,33,72,247,240,81,127,103,167,47
-15,33,81,103,127,72,126,59,47,247
-14,33,127,234,56,95,104,132,75,11
-13,33,127,190,41,232,143,104,72,166
-12,33,127,232,182,41,72,107,244,58
-11,33,75,127,97,37,49,6,94,81
-10,33,177,96,127,156,81,40,84,18
-9,33,117,176,177,81,127,23,214,40
-8,33,133,234,181,162,127,56,177,54
-7,33,73,41,81,177,49,127,135,94
-6,33,181,37,189,81,97,127,6,139
-5,33,96,127,189,181,36,6,104,97
-4,33,23,214,94,217,81,82,127,16
-3,33,133,59,103,81,56,72,127,161
-2,33,234,95,127,11,104,56,162,132
-1,33,127,86,183,126,92,72,43,129
-28,34,63,212,9,226,109,255,51,186
-27,34,51,152,63,105,204,234,54,251
-26,34,152,18,103,181,11,128,204,105
-25,34,72,195,51,240,44,67,10,181
-24,34,247,187,182,54,51,19,181,10
-23,34,152,247,54,10,246,181,213,51
-22,34,164,226,247,152,185,181,37,204
-21,34,164,185,128,18,121,152,11,247
-20,34,44,195,109,240,238,67,121,128
-19,34,54,58,187,188,10,246,12,19
-18,34,179,226,182,158,138,185,134,118
-17,34,16,246,244,37,123,211,10,247
-16,34,183,241,143,11,18,152,246,10
-15,34,183,11,143,18,227,10,246,188
-14,34,72,44,240,238,51,195,73,67
-13,34,88,51,161,97,67,62,252,10
-12,34,51,9,252,161,205,97,56,251
-11,34,212,255,51,187,21,19,90,141
-10,34,49,217,213,141,51,21,188,90
-9,34,182,58,249,80,28,15,12,206
-8,34,44,5,72,238,182,240,195,51
-7,34,97,161,34,247,51,141,19,21
-6,34,195,212,249,255,90,18,121,141
-5,34,238,44,90,51,212,28,202,255
-4,34,58,54,187,51,12,188,181,246
-3,34,249,18,143,11,109,73,80,195
-2,34,44,240,51,72,238,195,67,98
-1,34,84,51,26,96,1,207,62,252
-28,35,44,43,97,22,129,49,135,121
-27,35,112,129,135,203,84,22,210,225
-26,35,14,129,36,97,84,210,112,104
-25,35,185,202,129,36,191,235,167,187
-24,35,202,194,167,36,11,34,84,14
-23,35,202,167,36,14,194,253,156,11
-22,35,202,101,34,254,253,14,194,11
-21,35,101,103,202,254,89,167,194,11
-20,35,36,74,167,148,14,187,202,190
-19,35,196,167,14,202,36,194,103,116
-18,35,194,202,101,252,14,11,207,170
-17,35,14,194,36,202,167,171,79,58
-16,35,167,202,116,194,196,101,14,36
-15,35,167,202,196,116,36,244,194,14
-14,35,148,202,190,97,191,187,74,196
-13,35,235,74,167,36,218,129,97,202
-12,35,22,218,132,167,235,36,202,10
-11,35,49,167,202,22,36,10,136,214
-10,35,167,224,202,244,36,214,14,212
-9,35,7,106,202,36,167,10,84,89
-8,35,202,148,36,190,167,187,197,191
-7,35,202,167,36,214,244,224,254,56
-6,35,167,36,185,49,202,136,197,43
-5,35,167,190,148,36,49,212,202,14
-4,35,36,14,167,196,202,212,84,197
-3,35,44,185,191,167,8,117,36,196
-2,35,191,190,148,36,74,185,167,21
-1,35,57,42,84,203,22,36,160,102
-28,36,73,45,234,0,212,35,147,136
-27,36,73,212,239,24,214,251,186,255
-26,36,73,188,153,44,10,74,50,158
-25,36,26,188,73,125,153,158,142,39
-24,36,188,73,158,253,235,153,10,82
-23,36,153,158,188,73,10,239,28,82
-22,36,158,188,10,118,82,241,153,73
-21,36,103,78,10,188,153,158,118,194
-20,36,153,188,142,26,227,115,78,10
-19,36,188,78,0,153,253,10,8,82
-18,36,188,72,1,96,228,78,73,165
-17,36,188,154,78,153,110,245,10,244
-16,36,188,78,251,153,10,48,82,165
-15,36,188,78,48,251,2,10,153,82
-14,36,188,142,115,227,39,26,78,165
-13,36,207,188,248,153,49,246,120,152
-12,36,181,188,246,211,152,74,120,248
-11,36,234,188,0,8,74,153,129,10
-10,36,188,255,24,129,239,153,10,74
-9,36,245,21,188,92,203,153,0,55
-8,36,188,227,39,23,153,142,115,245
-7,36,188,181,129,78,153,23,60,239
-6,36,26,188,125,79,153,74,0,129
-5,36,227,39,74,188,115,147,153,234
-4,36,188,0,253,74,153,10,239,78
-3,36,79,26,188,44,48,138,37,125
-2,36,142,227,39,19,115,188,26,85
-1,36,120,20,70,14,181,83,248,165
-28,37,72,62,219,109,193,220,145,105
-27,37,219,50,209,48,28,90,14,72
-26,37,124,219,162,22,89,134,55,163
-25,37,219,55,124,22,64,109,20,27
-24,37,219,64,164,103,22,35,55,124
-23,37,219,50,64,103,22,124,35,21
-22,37,156,64,103,219,89,109,199,35
-21,37,103,219,181,89,199,64,22,162
-20,37,103,27,78,219,22,124,199,238
-19,37,103,219,22,164,199,95,238,124
-18,37,156,170,198,29,103,219,199,181
-17,37,199,219,103,89,238,1,124,32
-16,37,103,219,100,22,163,248,199,55
-15,37,103,219,162,22,163,199,55,124
-14,37,103,78,27,219,169,22,55,199
-13,37,219,67,124,135,22,27,190,103
-12,37,143,67,124,48,161,219,135,190
-11,37,145,103,220,124,22,105,147,20
-10,37,50,103,147,124,14,219,57,22
-9,37,84,124,164,214,196,103,220,105
-8,37,27,126,78,35,103,145,22,55
-7,37,147,103,145,57,124,22,35,21
-6,37,196,22,147,103,162,124,220,35
-5,37,124,78,27,22,15,56,61,103
-4,37,124,103,22,164,90,89,220,219
-3,37,196,126,162,55,22,254,113,61
-2,37,27,78,169,16,233,61,175,124
-1,37,182,190,65,72,124,145,58,143
-28,38,120,209,115,43,132,125,22,144
-27,38,209,146,86,79,97,84,44,33
-26,38,209,175,212,118,120,127,242,52
-25,38,209,118,80,173,127,212,215,175
-24,38,209,22,189,127,128,118,136,212
-23,38,209,127,146,118,212,189,63,79
-22,38,204,55,50,209,197,52,175,102
-21,38,209,242,127,205,118,212,52,175
-20,38,209,127,118,80,215,119,175,212
-19,38,209,127,118,22,136,212,12,175
-18,38,209,204,50,243,55,43,89,46
-17,38,103,209,144,37,175,43,105,204
-16,38,209,127,7,118,12,79,159,204
-15,38,209,127,118,12,79,124,212,230
-14,38,209,215,80,118,127,251,88,119
-13,38,209,71,80,30,118,127,9,212
-12,38,209,101,30,9,234,127,118,213
-11,38,209,212,127,118,215,139,86,22
-10,38,209,146,79,127,86,118,212,94
-9,38,177,209,136,52,212,79,84,18
-8,38,209,215,127,118,80,76,251,119
-7,38,79,127,209,86,118,34,22,212
-6,38,87,209,127,52,79,118,34,76
-5,38,209,251,215,118,127,175,212,169
-4,38,212,86,127,118,209,22,175,79
-3,38,132,209,52,87,115,173,254,127
-2,38,209,169,215,80,88,251,173,119
-1,38,209,148,92,71,151,249,173,212
-28,39,23,108,224,241,70,16,185,68
-27,39,78,85,13,177,62,52,34,181
-26,39,219,77,34,70,30,116,108,177
-25,39,239,158,244,44,70,99,108,165
-24,39,16,34,145,23,70,108,146,30
-23,39,34,85,70,177,108,30,13,116
-22,39,112,226,136,108,101,83,157,77
-21,39,219,77,70,141,99,108,197,30
-20,39,158,239,244,70,44,231,183,99
-19,39,16,34,30,145,70,116,23,36
-18,39,164,201,157,21,35,112,32,108
-17,39,42,55,164,96,227,148,159,10
-16,39,40,70,74,77,35,34,163,147
-15,39,30,116,70,77,34,130,13,62
-14,39,158,239,231,244,70,44,183,117
-13,39,69,183,250,244,92,72,70,248
-12,39,246,250,1,248,9,92,70,15
-11,39,241,23,16,70,145,68,34,78
-10,39,34,13,30,85,116,177,62,70
-9,39,37,228,23,16,78,77,209,108
-8,39,239,158,231,70,244,197,44,72
-7,39,30,248,116,145,34,130,62,70
-6,39,251,44,23,30,99,70,116,77
-5,39,158,231,239,72,36,70,204,197
-4,39,34,16,145,30,70,116,23,78
-3,39,77,99,44,224,70,30,116,251
-2,39,158,231,239,244,117,179,18,169
-1,39,2,248,38,189,69,154,159,190
0,0,177,47,187,235,115,192,81,132
0,1,250,112,224,11,172,155,129,75
0,2,10,100,145,158,93,109,179,123
0,3,199,25,6,225,214,117,37,118
0,4,222,142,154,15,102,195,108,90
0,5,158,153,251,193,151,65,218,127
0,6,79,138,196,153,60,167,52,54
0,7,117,147,36,185,184,76,78,35
0,8,133,164,52,224,23,72,191,99
0,9,95,255,2,161,164,239,9,198
0,10,198,65,169,247,185,125,36,234
0,11,189,128,107,206,160,108,111,3
0,12,39,74,1,93,128,15,65,26
0,13,47,93,147,154,134,43,219,202
0,14,137,51,52,167,160,189,64,148
0,15,147,242,165,148,204,87,162,229
0,16,130,28,252,233,229,43,152,51
0,17,35,64,248,115,20,89,250,87
0,18,43,126,13,197,179,57,192,163
0,19,75,36,20,30,116,26,109,195
0,20,224,191,23,220,239,72,234,133
0,21,95,2,164,197,207,255,44,191
0,22,198,65,169,125,124,243,36,234
0,23,206,128,108,189,107,204,160,9
0,24,93,74,221,1,102,39,68,220
0,25,93,182,134,47,202,147,130,78
0,26,137,103,51,148,159,32,160,12
0,27,165,58,87,162,242,181,147,85
0,28,130,80,229,43,205,252,46,170
0,29,248,87,0,89,20,64,250,124
0,30,43,163,134,197,179,226,13,192
0,31,4,116,20,109,205,75,36,39
0,32,112,119,90,134,192,181,178,185
0,33,127,93,43,92,183,86,83,16
0,34,26,85,1,51,96,82,207,132
0,35,84,42,57,72,203,174,160,22
0,36,20,70,120,83,221,181,188,74
0,37,182,39,104,190,124,58,31,138
0,38,209,151,27,148,71,249,92,212
0,39,154,110,243,38,69,248,12,78
1,0,37,75,138,77,173,238,232,26
1,1,112,214,250,172,147,224,129,97
1,2,49,217,219,11,153,158,29,60
1,3,6,69,196,25,224,159,87,225
1,4,90,163,200,195,233,121,129,28
1,5,65,251,71,188,158,153,110,127
1,6,169,143,138,203,22,133,60,254
1,7,184,185,125,229,35,78,39,117
1,8,224,133,72,191,23,99,98,20
1,9,255,2,243,198,161,36,170,95
1,10,65,157,243,185,247,125,198,87
1,11,89,150,204,143,206,160,128,108
1,12,145,60,221,189,192,39,193,209
1,13,89,202,93,212,182,66,243,44
1,14,28,103,189,137,125,214,51,231
1,15,229,185,165,242,46,147,58,244
1,16,60,163,35,28,130,252,238,229
1,17,248,208,89,5,167,87,64,0
1,18,43,213,134,203,197,201,2,124
1,19,195,36,121,201,20,167,30,173
1,20,224,173,191,23,99,175,133,72
1,21,18,255,2,95,170,243,221,59
1,22,65,243,185,125,247,176,35,157
1,23,150,160,128,206,89,193,16,239
1,24,145,60,221,199,235,0,127,93
1,25,243,182,89,202,20,185,134,93
1,26,103,88,28,137,12,214,229,230
1,27,229,185,165,242,46,204,58,147
1,28,163,229,238,28,205,35,92,75
1,29,22,248,241,15,87,208,46,167
1,30,43,134,126,15,201,197,124,161
1,31,36,121,201,26,20,167,154,207
1,32,112,150,53,250,160,95,2,90
1,33,127,52,92,164,9,43,83,72
1,34,63,186,26,85,1,92,132,105
1,35,43,42,72,84,57,174,86,97
1,36,45,14,20,83,120,201,75,221
1,37,72,39,138,182,23,190,206,65
1,38,209,103,120,249,151,154,248,18
1,39,238,222,162,21,159,148,107,190
2,0,115,140,81,95,206,192,235,86
2,1,94,172,112,224,250,147,129,33
2,2,153,41,106,129,217,11,29,49
2,3,230,26,25,199,117,233,6,69
2,4,195,58,154,108,165,235,90,219
2,5,158,65,43,127,135,188,153,79
2,6,138,79,143,60,196,65,22,169
2,7,117,36,70,185,184,35,123,78
2,8,104,239,107,224,99,180,116,133
2,9,2,203,116,36,95,191,255,161
2,10,65,247,198,185,243,234,125,157
2,11,108,206,128,160,62,204,107,189
2,12,74,221,93,39,220,65,208,1
2,13,134,138,47,93,182,202,212,154
2,14,137,52,148,64,32,51,160,167
2,15,162,165,148,242,58,147,229,87
2,16,229,43,252,28,130,170,205,51
2,17,248,115,64,89,87,0,35,20
2,18,43,197,192,126,203,134,226,204
2,19,20,116,109,36,75,30,167,26
2,20,175,23,239,99,224,116,220,133
2,21,2,203,95,207,191,116,44,255
2,22,65,36,198,243,125,234,150,196
2,23,108,206,128,160,162,215,239,51
2,24,102,68,221,93,254,199,145,220
2,25,78,182,93,234,134,212,202,89
2,26,137,88,103,12,229,214,32,166
2,27,183,165,153,242,58,229,87,147
2,28,229,35,28,205,130,163,152,80
2,29,248,241,87,69,22,64,89,124
2,30,134,197,43,126,163,203,111,195
2,31,75,36,116,20,121,167,26,204
2,32,112,119,90,252,2,184,192,53
2,33,127,92,93,43,83,52,72,9
2,34,26,105,85,1,132,231,63,92
2,35,42,84,72,203,57,135,18,86
2,36,75,20,221,45,83,70,222,201
2,37,39,72,138,182,23,104,40,190
2,38,249,209,151,27,120,104,148,175
2,39,38,154,162,205,217,222,110,69
3,0,106,66,218,212,43,238,157,236
3,1,112,19,224,86,33,124,147,250
3,2,11,49,217,188,133,153,60,106
3,3,214,199,6,25,19,159,225,166
3,4,195,154,88,74,54,98,192,152
3,5,158,110,218,147,251,153,44,71
3,6,138,65,143,79,196,22,68,56
3,7,36,229,14,78,185,184,35,147
3,8,99,180,4,23,77,191,173,224
3,9,255,161,2,59,243,197,170,200
3,10,65,247,185,196,243,157,125,198
3,11,160,206,107,128,27,108,150,239
3,12,60,145,193,221,1,199,220,39
3,13,89,182,134,202,154,66,93,47
3,14,137,103,32,189,88,64,51,28
3,15,165,58,185,242,229,87,148,162
3,16,28,163,252,134,60,229,205,130
3,17,248,64,89,35,87,22,0,5
3,18,155,203,43,197,134,126,177,13
3,19,225,20,30,121,109,207,167,201
3,20,224,237,99,239,116,56,220,98
3,21,156,2,255,197,95,239,217,148
3,22,247,243,65,176,185,125,196,157
3,23,206,27,128,160,9,107,150,239
3,24,60,145,221,23,164,254,192,167
3,25,89,78,182,134,202,138,66,84
3,26,88,103,137,12,189,71,32,28
3,27,165,229,242,204,58,185,87,153
3,28,163,229,152,205,75,252,150,9
3,29,241,22,248,15,87,20,16,0
3,30,126,155,43,195,134,163,161,203
3,31,207,20,75,36,121,201,225,39
3,32,192,252,112,150,185,53,160,106
3,33,127,43,72,164,9,92,16,39
3,34,9,63,85,105,86,133,92,231
3,35,22,84,43,72,135,42,112,174
3,36,45,221,14,75,73,83,201,1
3,37,72,88,56,219,23,165,138,121
3,38,120,195,209,190,193,43,104,249
3,39,162,107,45,222,114,98,27,211
4,0,93,210,14,228,84,88,57,102
4,1,195,251,33,29,182,3,100,63
4,2,217,11,49,133,64,60,153,106
4,3,214,19,70,246,225,20,116,199
4,4,195,74,79,154,88,54,58,98
4,5,158,147,88,110,11,15,44,43
4,6,65,143,138,97,226,196,137,254
4,7,78,35,229,203,14,184,147,155
4,8,173,180,4,61,23,224,116,99
4,9,255,59,156,161,171,197,243,200
4,10,196,65,185,247,243,133,157,177
4,11,27,160,239,107,89,78,150,192
4,12,193,60,99,199,16,145,221,1
4,13,89,44,182,171,3,243,146,118
4,14,191,103,230,71,29,41,236,177
4,15,153,229,191,183,196,93,83,117
4,16,163,88,126,205,144,93,60,75
4,17,248,167,15,208,35,86,241,226
4,18,155,217,201,126,43,134,124,213
4,19,201,207,173,221,195,225,121,186
4,20,237,235,223,17,116,224,173,11
4,21,156,18,127,194,243,246,45,55
4,22,243,203,185,48,249,65,247,176
4,23,150,89,239,160,226,27,193,204
4,24,60,0,167,145,199,16,76,99
4,25,89,243,44,78,57,255,146,26
4,26,71,230,189,229,12,88,140,236
4,27,183,137,204,153,242,225,29,53
4,28,205,166,163,126,75,152,252,245
4,29,241,248,15,33,106,22,167,20
4,30,155,126,174,43,203,134,31,94
4,31,207,201,41,75,36,194,19,221
4,32,150,68,112,160,38,192,184,180
4,33,9,72,71,127,43,27,0,144
4,34,63,105,204,9,81,199,113,92
4,35,43,22,119,72,174,124,225,135
4,36,221,110,75,201,45,14,186,60
4,37,72,245,55,23,165,219,8,77
4,38,120,209,173,249,176,236,103,193
4,39,162,222,106,10,107,238,22,45
5,0,136,180,14,78,241,56,68,238
5,1,234,94,127,107,172,147,158,126
5,2,217,153,41,233,1,172,179,20
5,3,216,255,12,246,196,48,225,204
5,4,195,28,79,253,154,58,187,160
5,5,22,153,158,251,174,50,198,58
5,6,12,26,102,212,249,30,195,210
5,7,175,225,185,245,132,187,174,39
5,8,133,148,53,72,121,85,23,21
5,9,99,1,207,186,243,32,28,95
5,10,146,77,233,250,116,148,217,108
5,11,32,97,141,230,204,44,14,71
5,12,137,50,163,116,10,38,39,250
5,13,47,212,0,13,145,83,208,19
5,14,132,54,44,204,248,73,225,17
5,15,139,147,12,206,235,85,98,238
5,16,59,172,234,130,191,72,250,229
5,17,69,1,8,89,64,170,185,60
5,18,77,138,91,176,116,209,92,52
5,19,122,35,137,59,48,212,75,30
5,20,133,53,148,72,195,23,171,152
5,21,99,95,207,1,251,32,67,252
5,22,160,116,156,77,148,205,124,122
5,23,204,80,60,32,56,157,14,107
5,24,137,163,50,39,251,239,1,238
5,25,13,145,130,219,78,202,26,93
5,26,71,54,214,132,204,78,161,17
5,27,139,206,98,147,100,85,195,26
5,28,74,72,130,247,158,234,16,191
5,29,69,150,60,248,89,1,36,9
5,30,77,176,44,52,122,138,91,192
5,31,137,67,207,239,125,14,212,122
5,32,33,47,104,255,151,219,101,117
5,33,192,81,203,67,198,177,127,63
5,34,16,247,246,37,164,185,141,169
5,35,167,79,202,14,194,36,235,254
5,36,188,110,78,10,153,118,74,154
5,37,103,219,199,124,89,32,238,55
5,38,103,120,209,176,239,159,145,117
5,39,120,162,148,159,253,169,205,133
6,0,134,124,36,151,231,188,175,62
6,1,254,33,101,245,113,118,8,85
6,2,64,237,150,182,153,117,94,253
6,3,25,159,199,87,202,225,246,214
6,4,154,24,89,253,192,79,127,250
6,5,158,251,155,178,81,110,218,2
6,6,143,138,65,98,226,82,79,112
6,7,35,155,229,184,191,208,49,221
6,8,224,61,98,173,133,92,191,20
6,9,255,243,59,198,200,183,197,161
6,10,133,196,185,243,65,80,247,95
6,11,78,213,160,239,89,75,150,143
6,12,99,193,76,16,232,189,145,221
6,13,89,44,149,243,171,212,182,141
6,14,189,103,71,166,0,12,167,125
6,15,229,225,69,244,150,149,42,165
6,16,245,205,163,247,14,126,75,28
6,17,248,15,86,208,96,241,125,167
6,18,126,201,43,155,94,124,199,174
6,19,207,173,201,44,41,221,30,19
6,20,50,17,224,220,217,92,18,175
6,21,155,232,58,255,209,45,127,201
6,22,133,185,95,247,203,43,249,243
6,23,78,226,73,150,89,143,213,152
6,24,167,76,208,99,145,127,254,232
6,25,89,78,44,171,243,182,135,138
6,26,71,12,166,97,103,189,137,88
6,27,225,137,183,229,242,150,228,204
6,28,205,152,14,247,163,166,144,57
6,29,241,15,248,167,247,64,22,69
6,30,94,126,155,43,174,134,203,161
6,31,207,75,201,41,173,121,36,26
6,32,150,112,38,128,162,95,68,250
6,33,72,9,127,164,52,6,189,68
6,34,63,105,113,231,92,186,204,26
6,35,43,102,185,22,84,112,135,44
6,36,45,75,221,201,212,73,125,186
6,37,72,55,219,23,206,4,202,71
6,38,120,173,209,0,248,91,241,184
6,39,235,114,10,106,107,162,211,45
7,0,199,13,204,175,151,231,174,124
7,1,16,253,49,234,254,162,206,209
7,2,108,123,252,173,120,19,251,106
7,3,236,188,199,25,166,159,79,2
7,4,195,154,253,213,89,165,44,92
7,5,158,81,110,251,88,2,86,178
7,6,65,138,143,79,226,196,112,84
7,7,35,229,184,78,191,147,36,155
7,8,224,133,173,50,61,98,20,207
7,9,255,243,200,59,221,198,189,104
7,10,196,133,185,247,162,199,65,243
7,11,78,239,150,160,192,89,107,75
7,12,193,99,16,76,60,189,145,153
7,13,89,44,149,212,182,171,78,3
7,14,0,12,189,166,103,140,88,97
7,15,244,229,150,42,6,165,225,153
7,16,205,60,163,14,28,57,88,35
7,17,248,86,15,208,96,167,144,125
7,18,126,155,199,43,124,201,99,174
7,19,201,207,19,173,30,194,75,121
7,20,50,235,217,224,173,17,172,220
7,21,127,58,232,55,209,221,243,255
7,22,185,247,133,182,65,95,21,199
7,23,78,160,150,239,173,92,226,148
7,24,167,76,145,254,68,153,100,23
7,25,78,89,149,44,26,138,243,242
7,26,71,12,97,137,166,193,103,9
7,27,229,165,242,150,70,58,153,108
7,28,205,57,152,252,88,229,203,163
7,29,125,15,20,247,248,241,96,25
7,30,94,126,155,134,43,44,13,161
7,31,75,207,201,41,26,20,194,36
7,32,15,150,52,112,214,68,192,128
7,33,72,9,127,95,164,231,184,56
7,34,63,105,85,204,231,26,1,9
7,35,43,84,135,42,191,72,57,102
7,36,73,221,201,45,186,83,75,110
7,37,72,219,55,205,184,126,173,109
7,38,120,209,0,151,193,108,70,176
7,39,106,129,107,179,222,206,148,37
8,0,101,35,197,242,108,79,11,135
8,1,146,155,27,97,16,11,231,62
8,2,117,20,90,43,75,149,252,253
8,3,236,225,119,37,199,25,117,159
8,4,154,195,108,142,222,102,251,89
8,5,158,205,110,43,188,236,127,251
8,6,65,79,143,138,196,133,36,254
8,7,35,36,76,147,229,185,158,14
8,8,116,107,239,224,133,4,99,173
8,9,197,203,207,161,255,85,2,44
8,10,234,247,196,65,185,198,169,243
8,11,239,160,42,204,111,107,3,12
8,12,39,220,208,116,145,193,3,221
8,13,219,93,138,47,212,154,134,182
8,14,52,137,167,54,51,64,231,204
8,15,162,147,165,148,242,181,204,87
8,16,170,252,72,250,51,130,32,172
8,17,89,115,20,64,69,248,1,87
8,18,204,43,197,77,192,138,91,226
8,19,212,122,75,30,143,26,88,59
8,20,133,195,72,23,148,107,220,191
8,21,207,95,2,203,44,1,161,251
8,22,234,116,122,160,165,196,65,156
8,23,80,60,107,108,111,147,128,206
8,24,39,193,1,220,24,221,163,68
8,25,219,93,13,130,221,182,66,145
8,26,137,167,52,214,71,166,106,88
8,27,147,165,242,150,228,162,98,85
8,28,130,170,74,229,80,205,51,252
8,29,248,89,150,20,64,87,124,35
8,30,134,155,44,126,197,43,94,13
8,31,75,207,204,20,36,154,121,195
8,32,112,150,98,53,90,15,52,127
8,33,127,231,164,9,126,184,72,92
8,34,85,26,116,1,105,204,231,63
8,35,84,42,112,174,72,57,135,86
8,36,221,73,45,20,83,75,22,201
8,37,72,138,182,65,219,39,205,206
8,38,209,103,120,151,91,249,255,232
8,39,238,162,159,229,190,148,38,222
9,0,132,81,115,158,177,47,235,208
9,1,217,155,233,182,11,250,146,118
9,2,121,167,43,123,20,217,153,255
9,3,119,117,236,41,190,37,225,199
9,4,154,54,195,58,222,142,236,102
9,5,110,158,43,135,188,79,251,65
9,6,65,138,196,143,79,36,254,153
9,7,117,185,229,35,23,78,158,36
9,8,116,239,99,180,4,224,133,104
9,9,2,239,255,161,59,197,191,243
9,10,65,247,185,243,125,196,198,169
9,11,160,206,128,108,107,12,150,111
9,12,145,193,93,60,221,74,220,223
9,13,154,182,134,93,66,202,138,89
9,14,137,64,167,51,52,148,32,189
9,15,148,58,242,162,165,87,185,229
9,16,229,28,252,134,51,43,35,40
9,17,89,87,0,64,211,35,248,115
9,18,43,134,197,163,127,13,155,15
9,19,20,116,36,109,121,195,207,11
9,20,116,175,23,220,133,239,180,99
9,21,2,239,255,197,63,95,169,117
9,22,65,125,247,176,243,185,150,36
9,23,206,128,160,143,9,254,108,239
9,24,235,145,221,93,16,68,151,164
9,25,93,182,134,78,154,89,138,35
9,26,88,137,214,103,32,51,229,12
9,27,242,165,87,58,181,195,185,147
9,28,238,229,35,93,43,150,205,75
9,29,0,87,16,124,64,248,241,153
9,30,43,163,195,134,226,161,197,13
9,31,20,75,116,154,26,36,109,121
9,32,252,112,119,90,53,150,223,181
9,33,184,127,92,93,129,210,16,39
9,34,85,26,1,132,82,133,231,92
9,35,42,72,84,57,203,86,174,135
9,36,83,221,20,75,45,73,70,22
9,37,182,39,138,104,72,88,219,40
9,38,151,209,27,120,249,148,224,144
9,39,162,42,38,154,217,106,222,127
10,0,238,43,252,25,95,205,147,112
10,1,250,217,224,140,112,182,147,146
10,2,49,11,217,20,167,106,153,43
10,3,236,117,119,38,130,199,225,41
10,4,54,195,58,154,235,163,89,213
10,5,158,110,43,188,205,90,79,65
10,6,65,138,143,79,97,196,36,14
10,7,229,117,35,142,203,191,78,184
10,8,116,239,104,173,99,61,224,207
10,9,171,59,255,2,104,197,200,191
10,10,65,196,247,157,185,243,125,173
10,11,160,107,72,78,128,39,206,108
10,12,193,199,220,145,60,249,221,254
10,13,182,154,134,149,89,44,32,138
10,14,125,137,103,51,189,52,167,32
10,15,165,162,58,148,238,229,243,232
10,16,245,28,252,35,134,205,60,43
10,17,5,87,15,20,89,0,16,208
10,18,155,226,43,124,134,197,203,13
10,19,30,20,109,167,226,201,116,19
10,20,239,237,224,127,116,99,180,207
10,21,127,191,2,255,197,239,55,95
10,22,65,247,157,125,243,185,35,196
10,23,128,160,206,39,111,72,239,47
10,24,145,93,220,1,199,60,151,192
10,25,182,134,154,89,138,44,149,32
10,26,137,88,86,229,103,51,52,28
10,27,165,242,58,181,162,87,172,204
10,28,43,252,152,170,229,93,111,205
10,29,241,5,20,87,15,0,248,142
10,30,43,226,155,163,203,197,192,170
10,31,20,167,75,30,36,109,121,116
10,32,223,112,192,90,178,150,119,252
10,33,231,72,9,83,16,127,32,74
10,34,241,186,1,85,21,26,63,116
10,35,84,135,72,42,160,22,57,167
10,36,221,45,248,83,70,98,129,20
10,37,72,62,229,58,88,48,143,182
10,38,120,209,166,147,249,8,117,176
10,39,238,127,162,50,95,45,98,175
11,0,43,209,95,206,30,104,105,147
11,1,155,217,146,11,62,118,47,33
11,2,20,49,52,217,167,43,253,153
11,3,117,199,119,236,226,225,233,25
11,4,154,195,54,58,20,87,144,5
11,5,251,158,153,50,198,0,215,22
11,6,65,12,26,79,102,254,21,212
11,7,185,175,187,199,142,225,183,132
11,8,148,53,133,72,85,107,151,241
11,9,99,1,207,203,166,243,225,28
11,10,108,176,116,26,217,250,148,132
11,11,42,239,97,230,111,33,44,141
11,12,137,10,116,250,176,50,196,21
11,13,34,83,170,183,208,14,165,180
11,14,132,44,73,248,204,173,115,54
11,15,139,238,235,190,227,74,145,12
11,16,191,74,234,172,112,130,228,183
11,17,69,44,1,192,152,8,217,209
11,18,77,91,138,64,209,225,224,195
11,19,212,115,95,59,125,122,184,1
11,20,148,53,133,195,23,240,72,161
11,21,99,1,207,193,254,95,214,154
11,22,116,160,108,148,205,132,156,147
11,23,80,141,78,32,60,117,230,146
11,24,137,116,10,176,244,91,48,143
11,25,34,145,208,45,5,165,183,212
11,26,132,204,248,44,78,71,216,252
11,27,139,206,190,235,98,145,3,134
11,28,191,74,72,228,47,197,172,129
11,29,69,150,1,158,204,36,60,89
11,30,77,91,122,97,44,138,225,156
11,31,212,248,95,195,115,59,125,122
11,32,33,255,47,236,43,241,219,54
11,33,192,72,81,146,220,74,12,177
11,34,16,246,10,211,244,108,247,170
11,35,14,36,171,167,202,194,53,220
11,36,188,153,154,78,110,10,244,60
11,37,199,219,103,124,238,22,89,94
11,38,103,175,191,105,159,35,147,179
11,39,238,225,10,105,223,2,109,127
12,0,32,206,95,238,168,181,30,43
12,1,140,182,33,201,146,86,217,192
12,2,49,52,20,11,218,153,253,167
12,3,199,118,225,113,6,25,129,117
12,4,154,54,129,195,88,205,28,233
12,5,158,110,188,65,218,43,251,135
12,6,143,138,65,254,196,79,22,12
12,7,185,78,36,175,147,117,14,184
12,8,133,148,23,53,72,224,123,164
12,9,99,1,207,255,161,95,243,61
12,10,247,176,243,65,25,185,134,156
12,11,204,9,12,128,60,108,206,56
12,12,39,163,145,239,116,137,125,208
12,13,212,93,219,145,47,208,118,130
12,14,167,54,106,248,137,159,64,132
12,15,139,204,165,147,206,110,92,228
12,16,252,59,229,74,170,40,130,114
12,17,211,69,89,229,64,242,220,35
12,18,77,127,115,138,191,192,91,30
12,19,30,14,137,35,11,59,125,75
12,20,133,72,224,53,148,220,171,152
12,21,99,207,61,117,67,95,251,255
12,22,160,176,42,116,187,165,234,108
12,23,80,204,9,56,157,254,141,108
12,24,163,125,18,39,127,239,68,91
12,25,93,118,66,219,208,143,95,149
12,26,159,167,106,54,60,214,27,249
12,27,139,204,206,242,100,26,231,110
12,28,74,252,170,167,72,191,158,80
12,29,69,211,89,150,200,242,201,10
12,30,77,195,177,203,240,127,233,25
12,31,195,204,14,11,30,7,137,226
12,32,33,101,15,65,175,219,47,117
12,33,192,81,72,67,241,7,178,75
12,34,16,251,105,107,155,141,181,182
12,35,104,167,36,202,83,89,10,223
12,36,188,198,214,110,74,194,10,235
12,37,219,124,105,21,89,121,55,103
12,38,103,120,140,159,37,191,177,233
12,39,238,120,175,42,227,22,10,56
13,0,238,88,112,200,95,43,173,140
13,1,33,181,140,128,155,233,152,118
13,2,49,52,20,11,218,72,253,217
13,3,113,119,106,117,199,236,233,41
13,4,165,195,54,235,193,5,154,171
13,5,158,110,188,43,160,215,230,198
13,6,143,65,138,97,7,193,98,122
13,7,142,185,76,35,117,78,203,155
13,8,116,173,239,133,224,104,61,99
13,9,207,197,255,161,200,2,99,104
13,10,196,247,215,157,243,122,65,10
13,11,239,160,181,111,78,42,107,204
13,12,193,62,39,199,254,220,134,116
13,13,219,154,138,44,93,182,113,149
13,14,52,54,167,64,137,214,51,204
13,15,139,165,162,147,206,228,187,242
13,16,170,32,252,229,72,250,74,0
13,17,89,69,8,115,229,1,248,211
13,18,77,91,192,138,127,204,22,16
13,19,59,30,75,183,137,4,122,124
13,20,133,148,53,220,180,72,107,23
13,21,207,99,251,117,1,67,88,104
13,22,116,160,234,165,78,178,42,122
13,23,80,56,107,111,141,108,51,204
13,24,39,116,24,65,68,81,1,167
13,25,219,93,130,113,28,95,78,118
13,26,167,52,138,96,146,60,131,67
13,27,206,100,3,110,139,26,177,147
13,28,170,74,72,167,20,130,0,95
13,29,150,89,248,158,69,200,241,36
13,30,155,216,192,226,134,24,94,31
13,31,204,195,36,154,166,207,75,221
13,32,223,150,60,178,127,251,227,95
13,33,9,231,74,32,81,72,40,127
13,34,116,82,85,105,1,21,251,63
13,35,183,174,167,84,135,224,244,10
13,36,70,75,129,68,198,74,214,73
13,37,104,58,219,124,21,105,48,182
13,38,27,148,92,151,84,209,212,101
13,39,110,38,243,248,12,78,242,69
14,0,40,186,236,172,185,144,120,191
14,1,124,33,245,128,252,19,167,86
14,2,49,60,188,11,217,92,139,133
14,3,159,199,25,155,6,225,189,41
14,4,98,88,154,195,192,146,176,165
14,5,158,214,71,110,215,198,2,21
14,6,254,143,65,226,199,21,230,14
14,7,241,188,142,132,165,194,213,155
14,8,53,148,72,133,47,85,91,184
14,9,99,207,28,1,186,81,233,201
14,10,217,250,176,109,108,134,172,148
14,11,42,239,44,135,225,61,204,60
14,12,137,250,116,10,196,176,161,143
14,13,145,83,208,170,45,165,14,212
14,14,73,132,204,248,225,54,163,101
14,15,139,14,74,235,227,170,28,206
14,16,74,191,172,160,104,183,209,250
14,17,69,233,1,192,44,58,209,79
14,18,176,241,182,175,123,152,77,64
14,19,212,95,122,115,25,180,174,59
14,20,53,195,148,72,85,133,181,240
14,21,81,99,254,1,95,68,28,231
14,22,160,149,217,207,147,190,126,108
14,23,80,230,32,215,44,223,61,188
14,24,137,21,196,10,104,164,38,176
14,25,145,165,34,212,45,181,248,211
14,26,132,73,204,225,90,0,54,113
14,27,139,235,147,74,170,14,98,206
14,28,74,172,191,112,158,130,160,169
14,29,69,150,233,1,44,36,204,144
14,30,176,175,77,123,44,182,47,174
14,31,212,115,122,95,180,125,238,59
14,32,33,255,236,219,241,139,31,58
14,33,192,189,75,110,198,4,176,161
14,34,16,246,254,223,249,182,123,52
14,35,53,14,93,235,194,95,180,236
14,36,78,188,21,154,92,228,80,110
14,37,92,163,244,103,156,62,68,238
14,38,43,120,136,37,132,177,88,142
14,39,175,127,5,142,37,141,151,228
15,0,210,14,93,228,240,50,84,241
15,1,128,16,195,118,58,252,33,124
15,2,217,49,188,60,11,92,150,253
15,3,159,219,25,11,225,189,199,119
15,4,98,94,154,192,112,54,88,165
15,5,194,2,158,110,251,188,136,115
15,6,14,65,138,79,143,52,156,230
15,7,35,229,76,171,142,181,78,111
15,8,116,184,159,224,61,207,173,180
15,9,104,198,156,98,197,120,255,161
15,10,196,122,157,9,247,185,199,215
15,11,3,145,153,239,27,111,78,107
15,12,193,169,60,39,16,199,191,189
15,13,154,243,149,3,138,20,182,74
15,14,125,229,52,51,167,47,189,137
15,15,162,148,248,165,58,45,243,238
15,16,205,170,252,28,134,93,245,231
15,17,158,15,236,89,241,108,248,142
15,18,155,226,192,203,69,100,217,177
15,19,75,30,226,51,19,201,228,195
15,20,159,237,224,116,133,175,184,180
15,21,156,155,207,120,151,127,47,197
15,22,215,157,247,185,9,122,121,82
15,23,239,153,145,107,111,66,27,3
15,24,145,208,254,199,39,1,167,164
15,25,138,243,78,149,20,146,154,93
15,26,137,52,88,28,229,167,54,106
15,27,242,162,248,58,204,153,233,139
15,28,205,152,170,252,51,93,163,150
15,29,241,15,158,20,248,142,89,69
15,30,203,155,226,192,43,177,69,126
15,31,75,226,51,173,36,30,201,195
15,32,150,146,19,178,195,206,68,128
15,33,74,72,75,37,97,81,127,40
15,34,63,255,212,105,251,21,141,187
15,35,43,22,167,104,136,84,10,197
15,36,234,221,129,214,74,69,73,8
15,37,58,124,205,21,219,28,145,92
15,38,120,92,87,209,47,22,35,212
15,39,189,23,2,16,68,175,241,224
16,0,181,107,82,251,39,68,83,99
16,1,234,16,40,209,183,222,96,94
16,2,108,120,129,253,106,191,1,52
16,3,150,50,232,49,139,85,9,105
16,4,195,58,172,213,154,5,89,227
16,5,174,68,250,158,198,32,110,251
16,6,149,79,56,14,230,145,65,49
16,7,195,199,32,204,35,185,76,180
16,8,53,133,148,173,184,107,59,203
16,9,99,207,61,104,85,1,7,88
16,10,68,122,178,234,211,61,63,196
16,11,64,239,111,204,42,181,107,12
16,12,137,116,176,88,167,250,193,39
16,13,208,164,145,165,50,130,219,78
16,14,132,44,54,248,52,73,204,84
16,15,139,74,206,190,120,145,3,238
16,16,74,195,191,172,170,45,72,37
16,17,69,8,1,26,244,58,235,222
16,18,77,91,176,225,232,119,64,11
16,19,59,115,95,88,122,237,25,34
16,20,53,148,85,133,72,195,161,107
16,21,99,207,81,254,243,236,67,95
16,22,160,132,116,207,147,108,68,168
16,23,80,230,111,170,78,107,24,61
16,24,137,116,178,244,51,10,1,186
16,25,165,208,130,37,166,183,145,164
16,26,132,73,248,96,84,52,204,54
16,27,139,206,74,170,3,177,145,169
16,28,74,191,130,4,166,72,210,158
16,29,150,69,26,158,1,112,36,248
16,30,155,55,216,77,31,192,24,44
16,31,237,154,75,35,36,158,221,121
16,32,224,150,178,206,197,101,47,251
16,33,201,179,156,81,40,74,72,16
16,34,49,63,217,213,105,141,251,149
16,35,224,244,214,167,10,197,84,43
16,36,255,24,129,74,214,57,198,68
16,37,50,58,219,124,21,14,28,57
16,38,120,146,92,47,79,209,212,84
16,39,85,189,2,10,78,177,242,13
17,0,139,109,191,24,192,211,72,151
17,1,236,226,22,33,245,171,118,85
17,2,108,120,3,253,193,221,106,185
17,3,188,199,25,159,19,184,11,232
17,4,243,154,192,58,250,213,121,195
17,5,250,24,63,251,218,158,153,149
17,6,128,149,226,250,145,84,56,172
17,7,32,35,229,14,76,38,36,78
17,8,224,220,61,98,133,23,164,4
17,9,54,161,189,198,197,255,243,41
17,10,92,73,122,211,165,196,91,187
17,11,106,154,3,47,160,85,225,89
17,12,193,84,208,60,147,39,194,134
17,13,66,44,154,20,74,89,151,127
17,14,61,189,28,125,137,52,51,32
17,15,148,250,203,242,88,165,58,233
17,16,14,161,252,46,28,205,150,130
17,17,15,17,108,241,64,226,35,201
17,18,155,203,177,13,93,55,126,115
17,19,144,75,226,201,30,199,228,237
17,20,237,224,220,191,56,23,61,98
17,21,155,47,54,197,198,207,227,148
17,22,91,122,92,247,211,44,73,187
17,23,181,154,107,93,106,228,3,239
17,24,167,1,84,145,199,216,208,254
17,25,20,127,137,151,149,221,138,204
17,26,28,137,12,189,61,52,109,211
17,27,242,250,71,54,233,203,204,217
17,28,152,161,205,150,252,170,130,14
17,29,241,214,158,17,201,248,230,142
17,30,203,155,192,130,226,115,177,127
17,31,144,226,75,201,247,30,121,237
17,32,19,123,14,85,150,206,237,235
17,33,84,72,74,225,177,139,40,151
17,34,105,48,94,63,11,251,18,21
17,35,114,43,10,244,135,86,104,214
17,36,125,106,44,26,214,129,198,68
17,37,56,48,58,28,219,21,205,126
17,38,120,47,92,132,209,87,79,0
17,39,189,44,2,197,99,219,78,77
18,0,13,199,124,188,174,204,231,175
18,1,251,111,236,3,239,232,233,245
18,2,200,31,15,120,3,212,89,135
18,3,199,19,25,137,28,159,166,113
18,4,243,154,192,146,148,44,250,58
18,5,250,236,251,165,158,218,27,2
18,6,149,59,128,84,49,56,172,250
18,7,32,35,14,108,171,229,120,76
18,8,224,220,61,237,98,222,133,23
18,9,198,161,54,197,227,189,47,41
18,10,211,122,165,91,81,196,9,234
18,11,85,106,3,19,220,160,93,107
18,12,193,208,175,104,60,39,199,134
18,13,66,89,99,44,74,154,20,151
18,14,28,189,61,125,52,137,64,32
18,15,148,250,165,242,243,88,203,4
18,16,252,28,150,46,190,205,130,134
18,17,17,108,15,64,241,226,35,104
18,18,155,203,13,93,177,126,115,250
18,19,75,226,201,30,114,173,195,236
18,20,237,224,191,185,56,61,220,23
18,21,155,198,209,26,47,136,248,227
18,22,122,91,44,247,211,242,29,187
18,23,85,107,181,220,106,93,228,111
18,24,216,175,199,1,145,254,39,84
18,25,20,204,32,209,127,44,255,151
18,26,137,28,12,52,189,86,112,88
18,27,242,162,165,217,204,54,149,153
18,28,152,252,150,205,213,170,203,0
18,29,241,158,20,15,201,166,21,242
18,30,155,197,250,226,203,192,161,193
18,31,75,201,20,195,30,36,86,41
18,32,19,123,146,235,76,192,128,150
18,33,72,189,74,56,75,139,95,181
18,34,105,1,191,63,94,195,185,251
18,35,43,136,185,174,97,86,191,183
18,36,106,75,125,19,221,186,73,165
18,37,205,229,126,24,61,194,175,16
18,38,0,193,87,120,209,35,191,176
18,39,106,107,10,197,179,225,235,229
19,0,35,79,101,34,197,48,179,140
19,1,155,62,97,16,75,47,146,27
19,2,84,120,90,200,43,109,210,39
19,3,230,37,236,199,26,166,118,148
19,4,15,154,102,241,222,54,200,142
19,5,158,250,236,43,188,218,165,205
19,6,14,157,79,84,196,138,172,133
19,7,14,23,171,229,35,147,36,64
19,8,237,116,61,180,239,184,35,57
19,9,203,161,197,59,29,47,2,198
19,10,196,247,211,157,122,185,198,65
19,11,107,111,128,160,106,42,145,3
19,12,193,60,220,128,254,39,199,1
19,13,154,74,32,134,182,44,202,89
19,14,137,125,189,32,47,103,64,51
19,15,243,148,165,242,204,58,162,238
19,16,134,28,252,60,51,202,35,150
19,17,198,87,0,250,89,241,15,20
19,18,155,197,43,134,226,203,170,204
19,19,20,109,36,116,30,24,56,226
19,20,237,239,99,224,116,23,133,180
19,21,203,2,171,197,47,255,155,26
19,22,176,247,198,185,125,243,65,157
19,23,107,128,106,111,206,160,42,9
19,24,145,235,199,193,254,220,85,151
19,25,134,182,32,171,105,154,20,138
19,26,88,137,86,47,103,52,229,51
19,27,165,181,242,87,172,162,58,4
19,28,150,152,43,75,229,238,163,252
19,29,0,87,250,15,241,5,124,20
19,30,155,197,43,163,195,170,226,134
19,31,20,75,36,109,205,121,4,167
19,32,252,192,90,53,134,98,112,150
19,33,126,92,184,72,127,164,83,86
19,34,1,26,116,85,96,113,91,86
19,35,72,57,84,42,174,135,160,203
19,36,75,221,83,45,2,103,70,225
19,37,72,65,182,200,205,88,144,219
19,38,193,91,73,140,182,63,209,177
19,39,228,173,162,222,237,10,166,106
20,0,141,115,81,235,208,192,253,221
20,1,217,62,155,182,146,152,140,70
20,2,95,109,106,217,153,128,10,43
20,3,117,119,219,37,230,199,236,158
20,4,54,165,102,142,222,95,58,154
20,5,43,135,158,90,188,65,110,205
20,6,138,14,133,79,143,65,196,157
20,7,229,117,23,78,14,35,184,123
20,8,116,99,239,237,104,224,173,180
20,9,116,255,191,2,171,161,59,243
20,10,65,247,125,185,196,157,243,198
20,11,160,128,108,206,107,150,239,57
20,12,254,145,93,199,220,193,60,134
20,13,154,182,89,66,74,134,32,44
20,14,189,137,125,47,88,103,32,229
20,15,243,148,242,165,58,185,204,62
20,16,134,51,60,28,202,252,35,238
20,17,198,89,0,87,211,250,37,16
20,18,43,134,155,163,127,197,33,15
20,19,116,36,20,121,109,56,19,167
20,20,237,99,116,239,173,133,224,4
20,21,255,161,191,116,2,117,169,170
20,22,176,125,65,247,243,185,150,36
20,23,193,206,9,128,160,86,254,16
20,24,145,235,85,93,193,151,192,199
20,25,182,154,134,89,32,185,93,78
20,26,88,17,47,137,103,214,149,86
20,27,181,242,165,87,4,58,31,147
20,28,150,75,93,43,238,152,106,182
20,29,0,87,16,250,124,76,5,144
20,30,195,43,163,161,134,13,182,226
20,31,20,116,36,75,154,121,109,167
20,32,252,112,119,33,53,90,218,160
20,33,184,210,92,16,93,129,43,127
20,34,85,26,82,231,1,133,92,86
20,35,42,84,135,57,72,174,204,160
20,36,83,221,222,75,192,22,20,70
20,37,182,138,39,88,72,104,229,166
20,38,151,120,64,209,193,27,125,168
20,39,186,154,162,190,205,108,217,106
21,0,38,167,193,238,54,112,94,30
21,1,140,62,217,182,122,105,152,33
21,2,217,11,121,106,153,127,167,158
21,3,91,26,128,199,230,34,35,117
21,4,205,163,54,90,58,129,6,154
21,5,65,152,218,205,182,188,71,222
21,6,31,65,138,14,22,122,196,169
21,7,229,49,117,14,32,184,185,123
21,8,99,180,133,224,239,4,164,116
21,9,161,255,116,239,191,2,59,170
21,10,65,125,157,247,196,243,185,88
21,11,206,160,19,39,128,150,108,86
21,12,134,145,151,221,208,93,193,128
21,13,74,182,66,103,154,78,32,134
21,14,189,137,28,103,47,125,64,32
21,15,148,242,165,243,87,58,238,147
21,16,134,60,252,28,61,51,35,43
21,17,198,0,87,89,5,37,64,35
21,18,43,163,134,197,170,155,203,13
21,19,116,20,166,121,36,109,167,56
21,20,237,99,239,224,133,173,116,41
21,21,239,116,191,255,2,161,197,164
21,22,125,65,157,243,247,176,120,185
21,23,128,19,86,206,107,39,111,160
21,24,145,85,151,93,220,193,54,235
21,25,103,182,134,105,32,138,78,185
21,26,88,137,86,149,103,57,52,226
21,27,165,162,172,242,87,58,181,31
21,28,43,152,150,229,61,252,170,111
21,29,5,87,0,250,20,241,171,248
21,30,155,197,163,170,43,226,203,201
21,31,116,20,109,166,167,30,205,75
21,32,119,90,223,178,252,134,192,53
21,33,32,83,93,129,220,92,72,86
21,34,186,1,85,26,82,113,132,105
21,35,57,84,72,42,235,167,160,218
21,36,70,74,75,83,120,196,98,245
21,37,229,58,124,219,34,105,143,24
21,38,151,92,148,252,254,104,202,191
21,39,2,189,217,248,127,22,38,106
22,0,238,140,43,112,200,95,173,30
22,1,62,217,140,146,155,70,182,33
22,2,217,11,121,72,106,167,49,43
22,3,117,236,26,230,233,199,226,225
22,4,54,58,61,245,165,205,45,163
22,5,43,90,188,135,65,205,158,182
22,6,65,14,138,157,143,182,22,122
22,7,229,70,117,23,49,22,78,15
22,8,173,239,35,116,99,180,179,237
22,9,171,191,113,255,197,203,180,2
22,10,157,125,88,196,211,247,39,65
22,11,19,39,181,111,42,224,107,239
22,12,193,220,151,16,104,254,93,134
22,13,44,149,103,112,138,134,29,182
22,14,52,86,125,137,189,47,51,229
22,15,162,172,165,46,148,36,213,166
22,16,252,181,231,170,134,174,243,28
22,17,5,226,20,241,64,87,198,248
22,18,197,170,126,155,203,192,226,177
22,19,75,109,226,51,229,30,167,204
22,20,237,239,191,35,224,133,116,175
22,21,116,191,203,171,210,209,207,198
22,22,247,236,157,65,88,91,243,125
22,23,39,181,107,111,106,239,42,188
22,24,220,193,154,145,93,254,39,16
22,25,138,32,134,206,112,219,6,66
22,26,86,118,137,54,52,88,51,131
22,27,162,172,165,206,139,120,204,181
22,28,43,152,150,170,51,252,80,72
22,29,5,89,20,248,87,250,241,17
22,30,170,197,155,203,226,192,139,177
22,31,167,226,30,109,137,20,33,229
22,32,223,178,119,90,47,158,134,206
22,33,83,81,32,190,74,220,72,86
22,34,116,1,186,252,21,56,141,251
22,35,167,218,36,10,202,235,244,224
22,36,70,74,129,181,188,153,120,68
22,37,58,124,67,229,143,48,64,21
22,38,92,148,127,118,94,212,71,101
22,39,2,248,38,189,69,78,70,92
23,0,88,200,67,238,140,95,43,112
23,1,140,192,181,33,47,152,70,146
23,2,49,153,11,72,8,43,20,188
23,3,106,117,236,226,233,199,150,224
23,4,193,54,235,165,58,45,146,199
23,5,135,43,110,188,47,90,230,158
23,6,65,14,143,122,193,237,173,137
23,7,176,229,47,117,78,180,143,123
23,8,239,237,116,179,104,52,185,93
23,9,69,122,180,171,169,113,84,45
23,10,157,76,247,88,177,196,125,65
23,11,239,39,181,143,111,19,160,99
23,12,169,220,62,16,104,193,113,134
23,13,103,44,251,3,112,171,130,118
23,14,52,64,159,106,167,160,54,31
23,15,72,165,206,228,147,162,148,213
23,16,170,243,252,80,174,250,130,152
23,17,115,64,20,35,242,89,142,124
23,18,169,13,131,192,177,226,52,203
23,19,30,229,226,75,228,150,26,35
23,20,191,224,185,133,80,195,220,238
23,21,207,69,47,198,73,177,55,174
23,22,91,165,234,157,126,187,124,136
23,23,80,111,39,107,225,162,3,181
23,24,39,220,145,62,192,58,235,193
23,25,13,219,206,211,251,93,138,204
23,26,54,181,52,67,106,211,41,159
23,27,46,228,206,153,217,203,116,233
23,28,61,39,152,72,20,160,210,130
23,29,158,89,5,248,26,242,1,198
23,30,170,226,192,155,44,91,139,77
23,31,166,226,137,167,122,30,132,33
23,32,223,60,178,206,47,158,119,255
23,33,74,81,83,40,32,229,220,16
23,34,82,116,1,213,34,141,181,251
23,35,244,224,167,214,36,202,10,89
23,36,129,70,74,239,188,153,24,10
23,37,104,58,124,147,57,21,14,105
23,38,92,27,148,79,94,212,127,118
23,39,110,38,243,78,12,242,70,69
24,0,199,236,175,180,62,16,147,217
24,1,124,33,118,211,191,49,224,73
24,2,188,49,60,217,11,3,77,153
24,3,30,199,177,25,159,11,118,56
24,4,200,154,54,192,250,88,121,43
24,5,27,2,115,236,158,251,153,136
24,6,14,157,172,65,79,143,209,161
24,7,32,120,76,229,35,36,171,185
24,8,220,224,61,173,207,116,98,171
24,9,198,197,161,207,227,61,98,189
24,10,157,9,122,165,196,91,247,63
24,11,85,111,247,194,59,101,107,47
24,12,43,193,39,16,3,191,210,220
24,13,199,219,3,154,20,138,113,149
24,14,52,53,167,106,86,47,28,93
24,15,162,99,233,213,172,203,148,121
24,16,181,170,252,46,205,28,54,0
24,17,20,241,15,158,142,89,78,198
24,18,203,201,250,155,197,126,177,226
24,19,75,226,30,199,252,167,228,109
24,20,224,35,239,4,237,220,52,80
24,21,156,151,198,215,5,207,227,73
24,22,157,9,247,91,44,187,165,63
24,23,107,85,111,106,47,99,247,195
24,24,43,3,16,220,145,39,15,192
24,25,219,204,202,66,206,127,28,32
24,26,86,52,54,53,118,137,106,167
24,27,172,162,242,217,121,49,165,206
24,28,152,170,163,54,55,0,51,150
24,29,89,20,242,17,248,142,241,166
24,30,197,250,71,155,203,139,201,177
24,31,167,226,229,30,228,199,151,137
24,32,123,19,235,47,159,85,192,50
24,33,95,181,56,205,72,74,244,139
24,34,1,191,252,72,56,185,240,21
24,35,43,218,191,167,235,10,185,97
24,36,248,74,211,70,152,188,153,124
24,37,58,143,124,229,67,126,48,175
24,38,92,0,101,148,212,118,127,30
24,39,189,248,197,92,173,235,70,223
25,0,35,101,34,197,79,210,93,179
25,1,16,47,97,155,62,70,146,107
25,2,43,84,146,75,109,173,149,142
25,3,236,148,211,26,230,226,150,233
25,4,200,15,54,105,241,102,245,90
25,5,43,220,90,236,188,158,27,69
25,6,14,182,157,65,133,79,55,196
25,7,36,23,76,229,35,204,47,147
25,8,239,35,61,237,57,110,116,52
25,9,203,197,198,180,161,47,169,119
25,10,157,88,247,196,22,177,167,76
25,11,107,42,239,106,255,111,228,39
25,12,193,43,220,39,16,154,134,145
25,13,112,138,3,219,44,2,171,204
25,14,52,0,71,64,167,160,106,161
25,15,213,162,172,165,36,4,148,187
25,16,243,174,252,92,54,170,134,28
25,17,242,5,89,64,115,248,243,35
25,18,170,126,197,192,155,13,131,177
25,19,229,75,137,30,199,51,167,226
25,20,237,191,239,175,133,23,65,203
25,21,203,207,180,113,198,69,171,136
25,22,247,236,240,116,203,115,124,210
25,23,107,39,172,181,34,204,249,106
25,24,43,154,39,70,193,251,145,254
25,25,219,206,13,204,93,66,130,210
25,26,118,54,64,167,137,86,159,67
25,27,172,213,206,228,150,68,99,139
25,28,152,54,72,243,92,165,96,130
25,29,89,5,248,242,17,1,236,230
25,30,71,170,176,139,13,91,197,177
25,31,229,199,33,137,226,30,59,167
25,32,98,47,158,223,50,235,149,185
25,33,126,190,244,81,107,72,232,136
25,34,116,252,56,1,51,181,21,169
25,35,167,218,235,10,202,36,22,89
25,36,70,74,188,152,248,181,246,153
25,37,124,67,58,143,135,22,161,64
25,38,148,92,101,127,212,30,118,9
25,39,248,2,189,92,38,69,70,1
26,0,144,92,186,155,188,62,234,111
26,1,198,195,193,202,120,124,14,33
26,2,92,84,150,188,159,158,86,217
26,3,11,155,25,177,148,159,199,202
26,4,94,98,112,154,152,192,8,160
26,5,153,251,115,62,218,170,210,183
26,6,79,126,92,154,209,196,102,14
26,7,181,185,36,76,35,108,32,245
26,8,133,148,72,53,107,220,224,123
26,9,207,161,99,120,44,61,198,1
26,10,207,9,234,132,165,116,40,178
26,11,153,255,3,107,130,60,225,204
26,12,39,208,116,193,145,176,157,21
26,13,219,93,13,145,212,45,47,66
26,14,54,52,167,204,67,231,64,214
26,15,147,248,213,165,139,162,206,204
26,16,170,230,243,252,72,152,250,54
26,17,89,115,20,236,69,1,35,248
26,18,69,77,126,192,139,91,108,176
26,19,229,75,122,233,30,226,59,212
26,20,133,72,148,23,195,224,159,171
26,21,207,99,251,1,229,120,215,156
26,22,0,9,116,165,234,207,156,124
26,23,153,15,107,60,130,204,255,99
26,24,39,106,3,193,1,20,238,116
26,25,219,13,93,130,210,200,145,211
26,26,67,54,204,64,118,196,214,96
26,27,248,206,139,213,241,130,80,147
26,28,230,72,54,243,152,185,165,130
26,29,89,236,1,65,102,242,69,248
26,30,69,176,91,139,13,77,240,45
26,31,229,233,137,59,67,33,122,132
26,32,146,195,47,86,194,151,255,6
26,33,75,81,97,94,37,217,136,226
26,34,212,19,54,187,255,247,181,169
26,35,167,202,58,79,36,49,11,136
26,36,8,188,10,0,153,234,158,78
26,37,103,219,124,89,200,22,21,207
26,38,212,22,127,205,118,94,128,93
26,39,16,23,68,70,58,241,145,67
27,0,136,241,78,56,14,68,33,89
27,1,40,183,96,6,252,166,234,209
27,2,20,253,191,125,196,209,65,95
27,3,17,173,255,41,50,148,48,191
27,4,253,152,156,98,7,123,121,160
27,5,174,153,251,19,170,68,32,159
27,6,102,26,209,159,212,71,126,230
27,7,185,225,132,245,175,187,142,183
27,8,148,53,157,133,72,85,107,59
27,9,99,1,207,186,166,199,28,86
27,10,116,12,68,148,217,108,156,176
27,11,64,32,230,204,60,130,97,44
27,12,137,163,250,50,176,10,116,157
27,13,212,42,145,180,45,83,248,170
27,14,132,204,44,54,253,248,73,113
27,15,139,235,147,98,12,190,227,238
27,16,172,112,234,104,117,191,72,130
27,17,69,1,185,44,152,89,233,8
27,18,77,138,176,91,92,175,225,44
27,19,122,212,115,95,59,143,88,137
27,20,148,195,53,133,72,23,85,161
27,21,1,99,207,251,254,95,252,243
27,22,148,116,156,12,68,147,160,132
27,23,80,64,32,60,204,213,141,107
27,24,163,137,116,176,39,254,250,70
27,25,42,145,45,146,219,13,130,212
27,26,204,166,54,214,132,146,78,248
27,27,139,147,98,206,85,56,235,86
27,28,72,247,243,173,147,152,130,183
27,29,185,89,1,69,26,60,248,65
27,30,72,176,44,77,240,13,131,91
27,31,67,229,207,122,137,212,14,59
27,32,224,47,197,255,151,104,156,89
27,33,63,81,156,136,18,217,91,188
27,34,152,54,169,247,246,213,181,10
27,35,167,202,58,14,194,11,103,79
27,36,10,188,239,153,158,78,82,24
27,37,219,103,89,50,124,21,218,200
27,38,212,127,146,205,118,63,175,94
27,39,85,70,177,13,120,45,34,169
28,0,148,254,191,75,78,37,120,177
28,1,254,163,21,51,1,193,167,243
28,2,223,187,182,175,216,228,170,221
28,3,154,249,108,196,161,69,112,17
28,4,152,134,253,121,28,38,70,225
28,5,0,70,122,58,60,84,153,163
28,6,102,212,159,12,255,26,168,99
28,7,187,174,225,132,137,175,96,62
28,8,148,53,72,16,171,225,63,133
28,9,99,1,207,81,28,134,15,233
28,10,77,109,233,250,116,146,148,20
28,11,97,141,230,70,71,32,146,15
28,12,137,50,47,251,196,166,38,119
28,13,13,0,19,47,165,238,203,145
28,14,44,252,54,132,144,96,21,73
28,15,206,139,12,147,178,155,35,129
28,16,59,102,56,53,154,130,183,72
28,17,54,60,69,185,4,170,8,115
28,18,66,77,143,176,52,171,13,118
28,19,48,67,219,137,35,229,83,37
28,20,53,47,133,148,72,171,145,161
28,21,99,207,252,32,95,251,214,134
28,22,77,116,109,12,146,20,233,124
28,23,204,70,37,141,213,146,107,118
28,24,251,50,163,137,55,166,20,87
28,25,13,0,42,210,203,208,20,130
28,26,196,78,144,166,64,54,132,194
28,27,12,35,139,206,130,178,100,188
28,28,59,243,53,56,234,105,10,72
28,29,54,126,185,4,170,69,60,165
28,30,66,143,209,176,18,116,77,13
28,31,219,15,83,67,55,157,47,37
28,32,235,202,58,173,14,151,78,92
28,33,203,147,198,47,176,81,67,84
28,34,164,166,226,185,18,152,121,169
28,35,101,103,202,203,58,14,194,254
28,36,228,103,10,78,188,158,36,235
28,37,156,219,103,109,181,170,89,244
28,38,204,50,55,197,141,52,102,205
28,39,226,141,112,136,83,101,174,58
29,0,159,8,167,220,94,26,240,98
29,1,56,163,243,21,215,49,255,71
29,2,175,37,42,204,216,170,193,157
29,3,147,163,154,45,196,251,224,173
29,4,175,206,233,134,253,28,121,75
29,5,77,64,251,60,0,58,71,22
29,6,195,12,102,212,168,11,249,26
29,7,166,175,252,245,183,187,39,145
29,8,133,72,148,53,121,63,172,16
29,9,1,99,32,243,44,130,28,207
29,10,77,250,233,146,217,176,116,148
29,11,237,97,230,141,215,32,37,33
29,12,137,50,251,23,51,10,196,38
29,13,0,180,212,185,194,13,34,83
29,14,17,132,44,73,248,54,113,164
29,15,139,6,12,190,238,206,145,147
29,16,234,112,191,59,183,56,82,60
29,17,69,54,152,144,235,60,4,9
29,18,32,176,116,66,77,195,209,171
29,19,48,212,219,239,99,67,248,37
29,20,53,133,72,148,172,145,50,23
29,21,32,99,1,95,58,233,214,204
29,22,77,108,116,233,82,20,194,148
29,23,230,204,61,92,141,32,37,213
29,24,137,50,251,158,166,163,196,91
29,25,0,13,203,194,42,165,180,208
29,26,17,132,196,248,54,166,113,252
29,27,139,12,206,35,6,18,182,208
29,28,234,59,63,56,247,191,243,183
29,29,69,54,9,185,4,125,170,60
29,30,116,66,176,143,77,32,209,151
29,31,83,99,157,219,229,37,67,49
29,32,235,120,14,173,202,78,143,47
29,33,203,47,81,198,250,167,67,202
29,34,164,185,128,18,247,166,11,152
29,35,101,58,202,254,103,167,11,14
29,36,78,10,103,188,118,158,153,82
29,37,103,219,199,181,89,64,156,200
29,38,205,242,127,118,212,93,204,217
29,39,219,141,77,70,129,99,174,197
30,0,27,35,101,48,166,79,108,135
30,1,139,11,123,26,132,216,75,193
30,2,111,175,40,25,164,37,155,158
30,3,106,211,37,226,232,46,29,146
30,4,240,14,129,65,253,160,242,15
30,5,103,120,235,231,161,175,56,153
30,6,255,102,246,173,12,212,71,209
30,7,199,2,185,75,187,168,32,216
30,8,53,179,148,59,133,72,171,225
30,9,241,180,99,6,169,119,44,207
30,10,77,137,70,116,201,88,194,12
30,11,174,39,107,97,20,7,14,188
30,12,251,50,160,3,134,15,137,119
30,13,178,29,112,13,78,130,47,203
30,14,217,196,54,88,200,252,44,229
30,15,36,155,12,206,139,213,27,2
30,16,96,164,154,61,228,7,243,152
30,17,94,60,54,185,198,220,69,226
30,18,170,148,220,32,122,52,94,77
30,19,67,37,118,48,75,83,219,99
30,20,171,53,237,18,133,106,127,72
30,21,241,180,99,43,134,252,122,69
30,22,77,208,137,88,127,210,123,71
30,23,39,174,20,19,200,188,51,126
30,24,251,137,244,67,102,254,87,189
30,25,178,78,112,204,91,167,138,193
30,26,78,217,149,166,242,87,216,66
30,27,139,155,190,191,206,188,27,59
30,28,164,144,96,57,87,165,247,61
30,29,94,220,69,165,60,79,35,248
30,30,170,176,85,77,122,212,47,52
30,31,67,61,153,177,236,125,234,137
30,32,60,158,101,151,235,208,219,184
30,33,33,203,81,220,41,190,91,67
30,34,82,211,247,120,169,97,185,161
30,35,58,24,167,202,103,11,194,254
30,36,10,78,188,158,207,118,82,121
30,37,219,103,104,89,32,200,199,21
30,38,205,27,128,127,83,100,212,223
30,39,45,110,243,63,12,46,146,180
31,0,233,65,86,191,29,218,2,163
31,1,21,163,167,243,14,191,63,28
31,2,188,139,223,111,83,170,216,187
31,3,154,56,251,147,2,51,114,201
31,4,152,134,132,36,38,121,155,233
31,5,122,0,123,71,56,70,207,251
31,6,102,12,212,159,195,70,113,246
31,7,187,225,61,132,183,11,174,166
31,8,53,242,148,171,59,38,213,74
31,9,99,30,28,81,134,233,207,15
31,10,233,250,109,202,251,226,245,108
31,11,151,97,216,217,214,7,17,170
31,12,137,50,196,91,32,185,10,189
31,13,20,185,165,0,238,208,178,201
31,14,132,73,72,101,248,21,136,44
31,15,74,0,139,145,90,104,170,141
31,16,4,169,191,201,183,37,234,195
31,17,101,244,69,60,210,235,173,4
31,18,237,233,66,153,176,77,64,236
31,19,67,248,190,48,114,186,206,245
31,20,53,38,148,242,72,171,59,145
31,21,99,32,233,81,214,15,231,20
31,22,109,233,108,245,194,197,82,250
31,23,99,217,151,61,237,216,92,230
31,24,137,196,251,50,195,91,184,13
31,25,203,0,20,165,178,216,208,194
31,26,132,196,248,216,73,130,194,17
31,27,139,79,18,206,182,229,190,238
31,28,234,191,10,56,59,164,63,60
31,29,69,126,4,170,79,225,71,244
31,30,176,237,143,209,77,66,141,171
31,31,67,83,157,236,248,55,99,186
31,32,19,101,75,92,162,173,15,157
31,33,198,203,161,182,59,81,185,72
31,34,164,205,211,227,247,40,185,166
31,35,58,103,254,24,167,202,106,13
31,36,55,78,148,10,92,251,252,48
31,37,103,55,219,89,126,196,69,215
31,38,92,173,242,217,52,205,69,124
31,39,27,189,166,167,45,224,173,10
32,0,29,65,2,136,41,212,218,86
32,1,157,88,241,44,14,206,15,230
32,2,83,131,192,45,139,204,168,147
32,3,53,45,2,189,14,239,213,211
32,4,206,155,152,134,221,175,239,121
32,5,67,122,0,77,14,251,64,254
32,6,102,18,195,175,212,129,2,159
32,7,145,187,161,132,174,166,225,141
32,8,53,242,148,38,72,171,22,7
32,9,99,233,231,28,81,32,207,225
32,10,250,31,233,159,226,117,251,245
32,11,151,17,79,216,109,215,194,217
32,12,137,50,196,91,10,23,185,143
32,13,195,0,185,159,148,208,165,34
32,14,132,73,101,17,235,248,72,134
32,15,139,74,44,90,146,170,145,141
32,16,169,234,191,4,183,235,37,38
32,17,235,69,101,210,49,244,213,173
32,18,237,153,225,77,176,141,64,233
32,19,248,190,67,48,240,91,38,43
32,20,53,148,172,242,72,85,91,133
32,21,99,32,81,214,233,221,204,71
32,22,108,245,102,109,250,82,233,229
32,23,28,151,109,230,40,209,194,215
32,24,137,196,50,158,10,91,185,124
32,25,0,216,194,165,203,34,208,183
32,26,132,73,17,248,252,101,113,90
32,27,139,44,127,82,141,190,170,238
32,28,191,234,169,63,38,74,37,183
32,29,69,213,144,235,150,51,244,204
32,30,123,99,176,66,116,77,143,237
32,31,67,248,114,83,92,236,49,186
32,32,19,157,101,75,64,115,7,31
32,33,203,5,182,161,59,28,133,114
32,34,205,211,227,108,223,29,160,110
32,35,58,37,13,39,24,102,254,11
32,36,92,78,148,55,251,230,252,80
32,37,103,55,144,12,200,121,186,61
32,38,173,92,205,242,5,180,67,32
32,39,189,166,167,45,27,10,2,120
33,0,50,188,191,155,144,234,111,172
33,1,157,44,88,251,198,14,241,17
33,2,94,205,83,192,127,183,218,131
33,3,53,194,76,189,111,45,251,14
33,4,152,155,239,221,149,188,134,215
33,5,77,9,122,0,95,82,70,56
33,6,102,212,18,2,249,159,51,129
33,7,145,161,187,174,183,132,225,227
33,8,53,148,72,59,242,121,16,63
33,9,99,32,81,28,231,199,233,44
33,10,250,233,82,26,217,108,190,31
33,11,28,151,17,97,216,215,79,230
33,12,137,50,91,196,185,32,10,143
33,13,185,0,20,165,166,201,119,13
33,14,73,132,101,17,44,248,35,235
33,15,141,139,74,145,0,44,6,206
33,16,169,228,234,4,183,191,82,37
33,17,69,49,60,21,235,101,244,100
33,18,66,151,233,116,176,99,77,146
33,19,67,48,248,190,186,114,204,25
33,20,53,148,72,50,145,133,29,74
33,21,99,32,58,210,81,95,233,214
33,22,82,108,102,233,137,77,93,208
33,23,28,61,92,90,24,215,40,217
33,24,137,50,251,196,158,105,91,119
33,25,0,101,165,194,216,20,203,178
33,26,17,132,31,216,252,73,136,166
33,27,139,82,206,12,53,6,238,2
33,28,234,228,59,63,191,56,57,183
33,29,94,69,4,60,170,9,35,117
33,30,116,66,176,143,77,51,31,199
33,31,157,67,83,49,229,248,207,137
33,32,146,19,14,101,151,235,27,162
33,33,203,81,235,103,72,67,90,47
33,34,11,18,120,105,227,40,169,121
33,35,24,58,167,11,89,202,254,103
33,36,78,10,188,48,165,153,226,9
33,37,100,103,219,24,80,12,178,242
33,38,242,205,61,247,159,127,70,134
33,39,219,40,224,235,45,70,169,163
34,0,51,91,145,179,79,249,101,197
34,1,139,64,87,59,123,216,227,75
34,2,175,235,83,227,88,38,218,205
34,3,59,211,146,142,124,12,154,111
34,4,240,241,131,129,230,170,151,160
34,5,186,56,163,103,122,46,120,153
34,6,102,255,51,26,212,246,249,173
34,7,132,185,187,199,68,225,183,175
34,8,53,148,72,133,59,121,89,145
34,9,99,1,69,44,199,243,86,28
34,10,116,77,146,137,233,250,217,148
34,11,174,97,230,32,204,134,141,44
34,12,137,50,38,163,251,10,250,239
34,13,13,0,83,212,208,47,180,165
34,14,44,132,73,54,204,248,223,194
34,15,139,147,12,206,238,235,169,129
34,16,59,234,102,72,172,183,191,53
34,17,69,8,9,1,51,54,60,185
34,18,77,66,176,32,116,91,138,83
34,19,48,59,137,115,122,212,35,219
34,20,133,148,53,72,145,195,161,171
34,21,99,69,32,207,1,251,67,214
34,22,116,137,77,146,205,148,12,233
34,23,204,60,37,32,107,174,70,141
34,24,50,166,163,119,116,157,137,254
34,25,0,13,130,145,42,101,208,5
34,26,54,204,196,132,166,214,194,161
34,27,139,12,206,23,35,26,100,182
34,28,59,243,72,53,102,165,210,173
34,29,185,89,4,69,1,54,60,165
34,30,66,116,151,77,143,176,44,32
34,31,59,229,33,85,83,137,157,132
34,32,235,47,140,173,14,46,151,86
34,33,203,81,47,126,198,67,36,72
34,34,185,164,18,128,152,238,67,11
34,35,101,202,167,187,11,129,9,14
34,36,103,188,10,153,78,9,48,47
34,37,103,162,219,156,226,89,80,12
34,38,242,127,205,118,212,175,254,204
34,39,219,77,99,141,70,44,253,226
35,0,62,231,211,70,174,217,203,124
35,1,80,123,14,254,193,109,239,141
35,2,111,204,207,45,131,161,53,51
35,3,147,53,111,14,45,89,194,56
35,4,175,44,221,253,134,148,152,121
35,5,77,164,56,58,251,60,22,122
35,6,102,12,26,30,195,201,125,212
35,7,175,245,246,142,38,185,132,183
35,8,133,72,148,53,121,16,145,63
35,9,99,1,81,32,44,186,207,243
35,10,217,146,108,116,242,233,137,250
35,11,230,141,222,44,97,218,215,32
35,12,137,50,91,10,250,208,251,38
35,13,180,13,212,0,19,26,145,185
35,14,73,132,17,44,204,54,223,248
35,15,139,235,147,206,238,145,12,18
35,16,234,88,59,172,112,56,102,183
35,17,69,21,125,185,9,60,19,144
35,18,116,77,176,209,138,99,123,94
35,19,99,212,48,59,85,122,247,35
35,20,53,133,148,72,172,195,85,171
35,21,32,99,1,95,63,81,68,72
35,22,137,148,116,146,242,156,12,108
35,23,222,32,218,220,204,60,61,70
35,24,50,137,157,11,158,119,3,20
35,25,101,13,0,42,145,130,180,71
35,26,132,196,54,204,17,194,248,252
35,27,139,28,206,12,147,35,134,16
35,28,243,72,102,59,193,178,183,130
35,29,21,69,89,88,185,1,62,125
35,30,91,77,116,162,151,63,232,99
35,31,59,229,85,137,132,99,33,34
35,32,47,109,179,140,86,144,46,123
35,33,139,250,189,81,102,181,36,104
35,34,238,240,44,195,109,67,166,73
35,35,190,148,167,202,74,14,187,89
35,36,227,142,188,115,153,26,74,10
35,37,78,124,103,22,27,95,16,169
35,38,119,215,212,169,251,118,127,94
35,39,158,122,70,117,44,182,165,244
36,0,185,226,117,68,128,11,171,96
36,1,13,66,169,123,43,81,202,166
36,2,62,164,107,169,22,158,208,254
36,3,170,221,251,200,195,14,166,122
36,4,8,139,55,152,228,123,182,253
36,5,153,223,61,19,0,170,251,210
36,6,3,102,196,114,26,12,126,209
36,7,185,108,78,199,36,131,132,89
36,8,148,53,133,107,112,72,59,23
36,9,206,19,99,207,143,161,61,1
36,10,163,137,116,12,207,132,59,77
36,11,174,18,116,142,107,60,97,225
36,12,67,157,39,116,163,160,15,238
36,13,219,200,13,47,145,208,74,130
36,14,38,54,44,204,161,96,167,67
36,15,103,147,241,213,191,139,206,238
36,16,232,243,149,72,252,170,228,59
36,17,155,89,115,243,35,69,212,51
36,18,6,77,91,60,176,192,188,181
36,19,229,137,14,59,30,233,35,75
36,20,133,148,53,112,224,23,171,68
36,21,206,19,207,99,229,1,251,61
36,22,163,59,116,156,108,240,12,71
36,23,18,142,60,107,141,130,204,213
36,24,67,39,193,113,125,145,3,230
36,25,93,13,219,200,145,206,210,239
36,26,38,67,194,204,166,54,118,96
36,27,103,241,139,206,80,187,215,56
36,28,232,72,152,149,243,210,165,250
36,29,89,155,1,102,226,35,137,212
36,30,6,91,139,77,44,13,176,240
36,31,132,229,33,233,14,137,59,212
36,32,175,37,17,47,151,50,199,208
36,33,117,23,214,81,72,94,209,241
36,34,182,58,181,187,105,110,54,28
36,35,7,36,167,14,202,89,71,129
36,36,245,60,8,10,61,153,188,74
36,37,164,89,124,219,80,74,84,232
36,38,136,177,212,37,254,18,112,77
36,39,16,23,146,63,100,22,173,37
37,0,122,254,81,191,208,222,139,203
37,1,51,153,149,9,48,89,193,190
37,2,223,47,216,158,185,184,187,193
37,3,154,36,196,56,199,243,167,69
37,4,175,160,178,28,233,90,195,132
37,5,153,223,251,77,50,58,218,122
37,6,12,102,243,26,114,171,196,209
37,7,175,185,38,35,24,245,81,227
37,8,133,148,23,53,72,16,107,59
37,9,99,1,207,44,251,243,161,229
37,10,59,132,146,156,20,116,154,225
37,11,37,141,60,201,71,204,44,70
37,12,208,163,145,116,176,39,161,189
37,13,13,93,212,19,45,47,145,219
37,14,204,44,64,231,54,96,167,214
37,15,147,12,95,139,242,184,204,4
37,16,53,59,102,252,72,189,250,112
37,17,89,62,1,69,152,35,248,115
37,18,77,91,138,229,66,139,43,13
37,19,212,47,122,30,75,59,14,35
37,20,133,148,72,23,53,195,224,220
37,21,1,207,251,229,99,95,44,161
37,22,59,116,156,170,234,146,132,124
37,23,141,201,71,37,60,70,107,204
37,24,50,11,116,163,39,176,84,20
37,25,13,93,219,0,145,212,19,98
37,26,204,214,196,96,64,54,167,203
37,27,12,95,139,3,130,206,80,169
37,28,243,193,102,152,72,130,219,232
37,29,62,89,88,21,1,94,152,115
37,30,162,91,139,151,77,232,63,240
37,31,229,59,212,137,33,34,28,108
37,32,179,125,144,47,46,156,86,140
37,33,47,132,81,104,68,139,203,102
37,34,128,103,238,44,67,166,240,220
37,35,167,148,190,74,202,14,235,187
37,36,227,115,142,188,39,153,147,74
37,37,78,95,169,27,103,22,65,16
37,38,119,215,169,251,118,175,93,127
37,39,158,231,122,117,244,197,219,179
38,0,123,196,229,249,105,216,7,104
38,1,231,225,27,150,155,246,235,11
38,2,164,4,162,103,158,210,17,179
38,3,187,133,235,37,31,84,152,231
38,4,13,102,142,236,108,167,222,15
38,5,153,186,104,193,251,151,58,158
38,6,79,196,167,154,126,12,209,153
38,7,185,199,36,29,23,147,76,78
38,8,133,234,23,148,53,107,89,72
38,9,29,94,99,207,161,1,131,164
38,10,130,169,137,132,234,12,198,207
38,11,189,107,174,204,60,111,12,225
38,12,39,116,163,15,157,63,238,26
38,13,219,47,13,43,130,35,66,208
38,14,64,54,52,167,137,51,204,160
38,15,147,139,165,162,206,98,81,238
38,16,252,172,72,170,250,32,73,229
38,17,89,69,1,115,8,95,64,248
38,18,77,91,138,30,176,60,137,155
38,19,59,137,30,122,212,75,124,183
38,20,133,148,53,72,195,23,107,220
38,21,99,207,29,1,251,7,94,48
38,22,116,169,156,234,198,49,60,165
38,23,107,80,189,204,111,60,226,174
38,24,39,15,63,238,26,3,116,94
38,25,13,219,130,43,147,35,28,78
38,26,137,54,96,167,138,124,118,52
38,27,139,228,206,23,162,81,3,191
38,28,152,5,243,133,43,170,210,213
38,29,172,250,76,8,89,1,160,69
38,30,179,187,16,77,91,205,115,119
38,31,130,137,205,109,59,4,229,30
38,32,98,99,178,254,156,247,47,186
38,33,126,86,81,238,215,39,143,62
38,34,84,96,62,207,252,235,229,108
38,35,203,202,194,235,167,245,79,170
38,36,165,102,110,119,219,248,224,167
38,37,65,13,200,61,137,103,175,86
38,38,117,184,191,159,176,18,241,166
38,39,228,48,10,84,173,22,198,190
39,0,141,235,115,190,253,47,221,81
39,1,155,93,182,244,46,11,152,197
39,2,10,145,103,34,57,17,109,158
39,3,119,118,187,230,174,235,37,117
39,4,236,142,102,222,108,95,67,15
39,5,193,43,90,47,186,158,188,41
39,6,153,79,138,196,167,60,215,143
39,7,36,23,185,117,29,229,147,76
39,8,116,57,234,52,180,239,99,4
39,9,161,116,191,164,197,94,9,126
39,10,198,169,196,130,247,167,65,125
39,11,107,189,128,160,193,255,108,233
39,12,39,134,74,93,63,193,128,26
39,13,43,147,134,154,74,219,32,66
39,14,137,64,167,51,124,88,52,160
39,15,162,148,165,242,147,4,81,213
39,16,174,252,5,243,134,170,28,51
39,17,198,64,250,35,89,20,87,115
39,18,13,179,57,187,126,155,197,177
39,19,75,229,109,30,56,195,130,116
39,20,237,191,234,239,180,179,203,20
39,21,29,116,126,94,164,191,197,161
39,22,198,169,247,167,130,199,41,71
39,23,189,107,111,172,128,86,162,206
39,24,74,63,15,26,93,3,39,193
39,25,134,147,43,210,130,13,32,206
39,26,137,118,51,86,124,148,88,52
39,27,162,200,81,181,72,232,58,139
39,28,43,133,5,152,213,134,151,23
39,29,87,76,172,250,57,0,241,20
39,30,163,179,187,16,226,155,201,104
39,31,116,109,205,4,12,20,137,191
39,32,178,223,119,181,90,77,34,218
39,33,93,83,129,74,39,32,86,210
39,34,82,1,96,132,62,130,85,21
39,35,167,27,160,72,84,36,57,96
39,36,222,165,70,192,149,102,219,232
39,37,229,24,219,54,86,212,232,96
39,38,64,140,239,117,184,207,176,62
39,39,186,190,162,91,237,235,106,201
40,0,38,167,193,54,238,112,94,44
40,1,46,47,105,122,137,140,58,188
40,2,128,217,179,20,158,121,10,53
40,3,26,230,233,117,119,118,91,12
40,4,67,81,144,145,245,163,58,179
40,5,43,188,90,109,158,248,145,193
40,6,60,215,143,173,138,153,68,131
40,7,229,54,117,176,70,52,221,22
40,8,239,116,104,237,73,10,57,175
40,9,126,171,191,113,116,30,197,56
40,10,167,157,151,115,177,166,182,36
40,11,233,181,133,112,47,74,224,81
40,12,212,144,93,44,113,62,104,214
40,13,44,33,3,6,138,142,251,171
40,14,147,86,52,57,244,125,229,41
40,15,162,213,191,46,127,148,168,184
40,16,156,243,174,151,252,170,134,152
40,17,5,20,226,110,242,166,57,243
40,18,131,192,128,226,203,126,93,13
40,19,229,75,120,30,72,12,109,226
40,20,239,191,133,237,116,35,33,234
40,21,116,191,126,207,198,120,227,239
40,22,236,161,157,247,167,136,63,44
40,23,140,181,111,106,121,39,36,189
40,24,154,93,145,39,113,220,3,144
40,25,6,138,206,33,32,13,142,204
40,26,118,52,86,54,179,67,96,180
40,27,206,162,139,233,80,3,228,120
40,28,43,156,152,170,20,47,72,51
40,29,5,158,89,20,8,1,117,101
40,30,226,192,91,77,128,170,139,16
40,31,137,167,12,120,226,59,30,108
40,32,223,206,119,178,47,158,34,156
40,33,74,83,81,40,72,93,73,190
40,34,116,186,1,82,34,21,213,141
40,35,167,244,202,36,224,214,212,183
40,36,129,70,188,68,74,239,153,10
40,37,58,62,103,219,104,147,229,124
40,38,92,245,21,252,27,43,16,148
40,39,238,243,247,95,189,38,223,245
41,0,140,238,112,43,200,173,95,30
41,1,46,47,137,188,249,213,155,140
41,2,217,20,121,72,140,167,165,186
41,3,117,233,26,230,119,103,38,118
41,4,193,245,145,144,58,163,120,174
41,5,145,158,220,90,106,43,85,162
41,6,230,26,254,211,12,212,21,124
41,7,225,175,245,227,5,142,174,185
41,8,53,148,85,72,133,195,214,241
41,9,99,1,28,166,203,243,254,186
41,10,176,108,217,172,250,148,116,233
41,11,239,230,32,42,237,71,97,44
41,12,137,10,50,38,176,196,163,250
41,13,34,180,248,170,83,58,45,0
41,14,132,44,248,73,17,204,253,115
41,15,139,190,12,235,74,90,238,208
41,16,191,112,234,172,74,24,104,228
41,17,69,152,44,1,192,226,217,125
41,18,77,138,102,64,224,91,94,209
41,19,212,115,95,125,59,204,122,1
41,20,148,53,133,195,240,23,172,161
41,21,1,99,214,193,32,58,204,207
41,22,116,148,160,108,205,156,147,217
41,23,80,32,141,230,60,146,253,63
41,24,137,176,50,116,10,163,195,161
41,25,34,145,45,5,212,208,130,58
41,26,132,204,17,44,248,78,216,55
41,27,139,190,98,206,147,56,235,92
41,28,74,191,72,172,112,228,165,129
41,29,69,150,1,158,125,9,60,44
41,30,77,44,123,91,225,156,99,181
41,31,212,59,122,248,166,125,204,88
41,32,47,178,206,34,223,218,255,156
41,33,81,74,72,32,91,40,190,41
41,34,116,213,246,87,34,97,155,188
41,35,167,202,244,36,224,116,183,214
41,36,188,129,153,78,70,239,10,68
41,37,103,104,219,58,147,57,124,21
41,38,92,148,79,27,127,12,118,84
41,39,238,243,242,38,70,78,2,12
42,0,88,67,200,140,238,95,206,112
42,1,47,181,46,192,140,152,127,33
42,2,20,21,62,165,197,72,82,153
42,3,233,106,117,150,119,38,118,103
42,4,193,62,20,120,235,58,24,199
42,5,230,85,145,220,43,160,109,239
42,6,118,96,193,98,89,199,97,110
42,7,225,72,145,195,136,188,47,176
42,8,239,53,133,148,195,166,72,106
42,9,99,1,53,207,122,126,210,201
42,10,76,115,231,183,93,108,240,167
42,11,239,181,42,51,28,111,183,41
42,12,137,176,88,102,116,250,62,10
42,13,145,208,212,83,34,58,165,221
42,14,132,204,44,73,248,54,113,253
42,15,139,147,190,228,74,235,206,223
42,16,172,74,160,112,191,183,234,228
42,17,69,8,1,152,233,44,89,79
42,18,176,77,91,119,225,171,123,138
42,19,122,212,59,115,88,204,30,203
42,20,133,148,195,72,53,85,181,240
42,21,207,99,1,243,214,43,251,154
42,22,176,160,116,78,234,156,132,217
42,23,80,61,141,56,204,170,60,242
42,24,116,163,137,87,39,125,62,143
42,25,145,93,158,98,165,254,130,212
42,26,204,54,214,146,248,41,27,231
42,27,139,204,110,206,3,169,78,26
42,28,60,74,152,162,170,252,72,203
42,29,69,158,150,26,1,89,100,101
42,30,77,44,91,192,123,226,182,170
42,31,166,137,59,229,237,122,120,3
42,32,223,60,206,158,47,178,34,156
42,33,74,81,190,41,40,72,83,91
42,34,82,116,213,34,97,1,188,49
42,35,167,244,202,224,214,36,183,116
42,36,129,188,70,239,68,153,10,255
42,37,104,103,58,219,147,57,124,21
42,38,92,27,148,79,127,12,118,84
42,39,110,243,242,38,12,70,78,69
43,0,124,62,199,175,236,211,231,222
43,1,245,124,64,49,195,95,14,118
43,2,3,60,49,118,217,193,157,77
43,3,199,25,30,197,159,177,6,58
43,4,200,154,192,70,54,250,51,43
43,5,115,2,27,236,251,153,218,141
43,6,157,14,161,49,209,102,196,79
43,7,32,187,185,229,158,36,120,14
43,8,220,224,133,53,7,61,207,171
43,9,198,207,161,99,98,197,61,85
43,10,122,9,157,165,178,63,8,232
43,11,85,59,111,170,47,209,137,202
43,12,39,210,193,191,134,116,208,3
43,13,219,168,113,28,154,6,93,142
43,14,179,52,54,189,167,131,53,96
43,15,3,206,171,123,204,213,71,233
43,16,190,152,46,170,243,252,186,0
43,17,158,8,20,78,69,101,198,139
43,18,250,203,119,16,155,77,68,171
43,19,75,30,226,137,201,85,59,252
43,20,35,133,239,220,191,110,52,159
43,21,207,151,198,227,156,73,61,161
43,22,157,9,242,122,91,63,247,136
43,23,85,106,111,59,195,47,121,181
43,24,15,39,220,191,145,253,3,35
43,25,206,6,113,98,32,204,29,155
43,26,86,118,179,52,131,53,28,54
43,27,172,162,206,3,139,54,2,80
43,28,152,163,150,190,47,111,213,170
43,29,21,69,20,8,132,158,89,161
43,30,250,197,16,115,201,119,91,77
43,31,167,137,30,183,59,151,158,229
43,32,120,123,19,247,47,156,109,237
43,33,181,56,139,75,74,220,72,95
43,34,1,5,191,195,72,252,101,240
43,35,167,136,43,202,191,185,235,218
43,36,188,26,248,119,98,92,22,125
43,37,58,126,229,103,22,175,67,184
43,38,92,87,0,127,118,148,187,12
43,39,189,248,197,251,44,70,99,129
44,0,35,101,34,197,79,179,140,242
44,1,16,47,155,62,97,146,20,107
44,2,43,2,149,174,109,213,65,242
44,3,236,226,26,233,211,230,148,138
44,4,200,245,15,144,61,102,105,20
44,5,43,188,220,90,236,69,141,222
44,6,157,14,182,133,196,79,15,52
44,7,36,23,229,242,185,70,187,76
44,8,35,239,7,52,57,212,110,179
44,9,203,180,197,198,161,207,85,169
44,10,157,88,167,62,178,129,124,63
44,11,42,170,111,107,85,195,66,106
44,12,193,39,134,191,220,43,253,32
44,13,29,112,219,3,142,28,2,44
44,14,52,44,54,41,161,18,64,179
44,15,213,3,206,139,120,172,171,36
44,16,243,181,152,170,174,186,189,147
44,17,8,115,69,89,5,243,20,242
44,18,77,170,197,171,91,16,119,131
44,19,229,59,137,75,51,30,108,167
44,20,35,133,239,53,148,191,237,212
44,21,207,203,217,99,180,245,61,174
44,22,236,88,62,167,1,124,116,178
44,23,39,42,170,106,188,107,50,49
44,24,154,43,2,39,193,22,178,189
44,25,13,98,206,29,254,112,130,208
44,26,118,54,96,179,132,64,86,180
44,27,206,139,120,172,3,213,96,36
44,28,96,47,195,152,178,243,173,13
44,29,5,69,8,1,132,89,120,65
44,30,77,170,91,97,71,16,197,118
44,31,59,229,137,130,233,199,88,240
44,32,98,96,158,47,46,99,156,186
44,33,190,232,126,81,238,244,107,72
44,34,116,252,161,56,246,10,180,206
44,35,167,202,153,36,235,212,218,39
44,36,188,181,70,119,153,248,49,78
44,37,103,58,22,31,95,175,115,199
44,38,92,148,127,118,71,12,58,201
44,39,248,189,2,70,38,69,36,242
45,0,78,148,254,75,120,238,177,207
45,1,60,193,1,240,51,167,108,124
45,2,228,188,58,187,170,223,113,60
45,3,154,0,242,112,56,33,108,249
45,4,134,233,152,132,121,160,129,36
45,5,153,251,60,0,58,71,50,210
45,6,102,12,74,255,237,33,212,70
45,7,187,61,225,185,132,174,228,16
45,8,133,53,148,224,122,59,72,16
45,9,207,245,99,61,229,1,243,44
45,10,32,77,108,250,70,132,251,53
45,11,170,97,11,50,150,241,141,14
45,12,116,176,137,55,50,208,2,244
45,13,13,208,145,212,180,98,130,47
45,14,132,54,204,44,238,248,72,252
45,15,206,3,139,190,238,52,35,27
45,16,154,37,243,191,160,186,173,189
45,17,69,8,54,115,208,1,120,216
45,18,77,32,91,171,66,108,237,118
45,19,54,59,15,99,3,83,48,212
45,20,133,53,148,171,23,161,74,49
45,21,207,245,99,204,214,252,154,134
45,22,77,70,229,233,53,109,1,40
45,23,170,99,11,118,70,97,141,72
45,24,50,157,55,87,244,2,20,155
45,25,13,0,208,165,222,212,98,254
45,26,132,143,196,248,194,64,95,65
45,27,139,206,51,35,79,154,177,190
45,28,15,173,243,10,178,56,158,191
45,29,69,18,54,126,162,184,177,37
45,30,77,66,19,32,208,123,171,143
45,31,15,54,99,83,49,100,1,229
45,32,235,121,202,25,173,54,174,138
45,33,147,47,72,30,81,157,108,78
45,34,226,179,166,182,185,183,235,143
45,35,101,202,116,170,252,194,64,11
45,36,1,219,165,196,228,22,188,148
45,37,156,170,198,219,29,34,103,181
45,38,204,50,55,243,46,43,78,67
45,39,21,164,201,90,148,19,159,101
46,0,94,27,213,23,44,35,48,133
46,1,60,139,240,137,30,24,130,176
46,2,108,113,24,129,25,190,2,45
46,3,106,189,65,110,69,124,139,0
46,4,97,134,184,150,185,87,20,24
46,5,143,95,162,215,0,251,57,128
46,6,12,102,212,26,237,211,254,78
46,7,187,225,175,185,132,245,174,227
46,8,148,53,85,133,72,241,214,166
46,9,99,1,207,241,28,166,254,225
46,10,116,108,250,176,217,251,156,233
46,11,42,97,141,44,135,230,32,60
46,12,137,10,116,21,50,176,196,163
46,13,34,180,170,208,83,183,165,248
46,14,132,44,73,248,204,17,253,173
46,15,139,74,12,238,190,206,170,3
46,16,74,191,234,112,195,172,72,166
46,17,69,8,1,89,238,222,114,210
46,18,77,91,209,176,32,225,64,138
46,19,212,59,115,88,95,125,83,122
46,20,148,53,133,195,23,161,240,241
46,21,99,207,1,214,22,204,84,95
46,22,116,160,108,132,205,156,231,26
46,23,80,141,170,60,162,10,32,213
46,24,116,178,176,244,137,59,10,56
46,25,208,145,165,5,34,222,183,119
46,26,132,96,204,248,194,78,44,138
46,27,139,206,3,177,169,249,190,145
46,28,74,191,72,47,45,122,228,195
46,29,150,1,69,8,204,151,89,60
46,30,77,91,97,64,144,176,127,175
46,31,95,59,212,137,135,240,248,88
46,32,33,47,236,156,255,34,178,210
46,33,192,81,72,33,177,146,7,135
46,34,16,246,10,247,43,108,155,188
46,35,167,202,14,36,171,235,194,220
46,36,188,78,153,119,110,154,244,10
46,37,103,199,219,238,124,163,32,21
46,38,103,144,159,73,191,206,117,205
46,39,42,41,148,10,164,134,159,118
47,0,252,25,205,42,180,12,165,39
47,1,60,28,217,240,160,154,119,190
47,2,113,108,24,47,2,182,30,129
47,3,112,154,2,0,58,80,151,196
47,4,132,189,233,89,149,75,173,134
47,5,77,136,95,153,58,50,81,177
47,6,12,102,237,74,18,33,173,233
47,7,187,225,132,185,174,227,203,245
47,8,148,133,53,85,145,72,166,121
47,9,99,207,243,1,245,204,166,199
47,10,250,108,32,244,217,233,229,251
47,11,72,97,170,230,141,48,37,169
47,12,137,176,10,149,32,110,116,250
47,13,180,13,208,165,0,212,83,34
47,14,132,44,73,248,204,143,54,189
47,15,139,3,238,190,206,74,79,145
47,16,191,112,183,154,228,169,186,138
47,17,69,8,238,208,54,1,162,18
47,18,77,66,91,19,32,176,171,151
47,19,59,54,212,49,115,83,161,88
47,20,53,133,148,23,195,172,50,145
47,21,99,207,32,1,214,58,119,204
47,22,229,244,233,108,77,98,110,124
47,23,170,72,169,141,61,199,97,70
47,24,50,157,244,166,137,116,119,33
47,25,0,13,212,208,165,222,174,145
47,26,132,143,248,204,17,194,54,189
47,27,139,206,79,51,177,3,238,116
47,28,138,191,173,37,243,56,102,112
47,29,69,162,1,54,30,78,79,14
47,30,77,19,66,91,151,97,123,116
47,31,59,3,49,83,212,229,95,137
47,32,14,31,47,235,197,84,255,7
47,33,247,72,103,81,47,240,167,90
47,34,183,241,11,246,143,18,235,10
47,35,167,202,116,14,129,36,244,58
47,36,188,78,251,153,10,48,129,1
47,37,103,100,219,22,163,199,34,248
47,38,127,118,12,7,79,159,189,175
47,39,40,70,74,163,254,141,95,116
48,0,209,154,213,197,51,145,91,219
48,1,139,6,41,216,239,116,106,160
48,2,113,24,96,111,99,108,180,203
48,3,59,189,0,142,211,8,154,137
48,4,241,240,131,10,4,230,129,170
48,5,213,230,153,103,197,81,170,59
48,6,33,102,18,255,74,245,129,173
48,7,187,61,225,185,174,132,135,16
48,8,148,133,53,85,157,72,93,152
48,9,207,69,99,61,44,245,204,250
48,10,1,250,132,116,108,251,32,77
48,11,170,97,174,241,72,169,50,70
48,12,116,176,32,166,10,178,2,244
48,13,13,208,222,47,98,238,145,165
48,14,132,44,73,54,204,248,18,222
48,15,3,139,206,79,169,238,76,190
48,16,186,152,191,189,195,72,183,33
48,17,8,69,115,238,89,1,216,208
48,18,77,91,66,151,171,16,19,232
48,19,59,137,212,249,171,75,124,88
48,20,148,53,133,121,107,23,85,32
48,21,207,69,44,99,161,1,204,67
48,22,1,116,233,216,122,178,132,124
48,23,170,70,174,141,107,97,59,248
48,24,157,50,32,178,119,166,116,210
48,25,13,222,0,101,130,98,19,28
48,26,96,196,194,161,179,243,64,54
48,27,23,206,177,3,116,139,51,79
48,28,243,201,138,102,178,12,219,4
48,29,8,162,78,177,1,69,117,239
48,30,77,97,151,66,19,91,45,73
48,31,59,229,137,34,88,83,3,157
48,32,197,235,14,47,236,34,156,7
48,33,103,81,126,72,247,59,47,206
48,34,183,11,18,246,227,10,143,213
48,35,167,202,116,14,244,36,210,129
48,36,188,78,48,251,153,2,10,129
48,37,103,219,22,163,162,199,147,124
48,38,127,118,12,124,79,189,175,212
48,39,116,77,30,70,34,13,130,62
49,0,124,174,58,211,161,223,236,71
49,1,30,80,116,14,60,4,193,123
49,2,113,111,207,108,24,180,18,96
49,3,189,2,154,137,65,147,112,251
49,4,10,152,44,180,134,221,121,190
49,5,81,153,251,136,14,84,27,0
49,6,33,102,161,168,12,74,237,18
49,7,187,16,185,225,246,174,19,132
49,8,133,148,53,72,224,85,145,59
49,9,99,207,204,61,1,243,173,245
49,10,250,108,31,45,53,32,162,95
49,11,170,97,50,59,137,220,72,192
49,12,137,116,208,78,176,2,55,244
49,13,212,180,208,84,174,119,211,165
49,14,132,22,73,54,55,136,248,189
49,15,139,206,190,238,3,141,27,55
49,16,169,191,112,138,173,88,186,82
49,17,69,225,8,19,208,51,238,216
49,18,77,91,219,171,250,19,123,151
49,19,99,59,3,212,54,85,114,83
49,20,133,53,148,50,172,23,145,72
49,21,207,99,214,245,204,58,98,134
49,22,109,233,53,80,108,57,40,45
49,23,170,75,194,222,218,59,231,37
49,24,157,166,55,87,210,244,78,116
49,25,0,84,212,165,254,208,82,180
49,26,132,19,196,248,204,116,21,48
49,27,139,206,190,177,79,3,237,238
49,28,56,138,37,191,245,186,162,235
49,29,69,19,1,213,208,18,165,79
49,30,77,219,19,151,97,143,91,66
49,31,83,157,59,85,34,3,43,88
49,32,85,14,140,31,47,76,173,70
49,33,72,81,102,237,139,91,103,202
49,34,73,18,195,11,183,143,249,246
49,35,191,167,202,116,117,36,14,187
49,36,26,188,44,79,78,92,48,37
49,37,196,103,162,219,126,22,199,153
49,38,132,127,52,185,118,12,164,87
49,39,99,44,77,224,70,116,203,26
50,0,159,116,69,13,239,240,62,174
50,1,134,162,80,104,88,23,49,154
50,2,239,127,180,173,183,174,131,203
50,3,2,53,242,87,197,72,90,163
50,4,221,44,175,196,148,10,152,160
50,5,153,251,235,77,81,164,70,0
50,6,161,33,102,74,70,49,18,237
50,7,187,185,225,246,175,5,132,120
50,8,133,148,53,72,224,121,59,151
50,9,207,99,1,61,204,186,245,243
50,10,108,132,95,45,178,133,57,165
50,11,220,170,97,59,50,174,194,222
50,12,3,208,116,137,39,134,210,55
50,13,91,212,130,145,219,208,98,99
50,14,54,132,161,44,179,222,189,204
50,15,3,206,139,149,238,204,122,169
50,16,193,189,170,190,186,250,178,72
50,17,8,21,69,89,20,115,208,216
50,18,250,77,151,171,91,16,19,119
50,19,59,85,137,28,171,211,30,124
50,20,133,121,53,148,49,41,220,171
50,21,207,99,98,245,204,161,61,174
50,22,216,53,57,1,137,242,178,5
50,23,220,170,59,116,194,218,174,85
50,24,157,11,128,119,178,210,3,15
50,25,101,19,13,37,222,98,208,165
50,26,96,132,203,19,179,222,161,54
50,27,206,177,3,139,249,28,171,39
50,28,190,102,193,219,243,195,178,235
50,29,21,88,69,1,8,91,151,94
50,30,250,77,97,162,91,151,19,64
50,31,59,34,229,88,137,85,95,28
50,32,85,76,247,179,140,123,236,47
50,33,102,56,95,139,5,75,104,133
50,34,5,44,195,72,238,10,183,73
50,35,167,202,148,190,210,116,14,36
50,36,188,78,227,26,153,119,142,98
50,37,103,22,78,163,199,27,6,175
50,38,127,118,119,159,215,251,131,12
50,39,70,165,158,122,44,89,99,77
51,0,171,117,11,226,96,185,18,187
51,1,169,81,66,133,13,123,104,162
51,2,149,242,131,22,122,239,63,208
51,3,2,221,53,21,170,76,240,122
51,4,8,228,105,139,55,119,152,60
51,5,61,27,114,153,197,123,81,170
51,6,90,3,33,114,161,102,18,16
51,7,187,181,185,108,16,36,132,19
51,8,112,148,133,122,53,212,59,93
51,9,206,207,178,120,99,19,61,67
51,10,163,229,178,1,132,253,108,5
51,11,18,142,170,116,97,72,50,255
51,12,67,106,116,137,134,178,43,244
51,13,200,208,254,201,165,121,238,50
51,14,132,38,73,248,204,54,113,46
51,15,139,241,99,206,3,190,238,74
51,16,149,183,191,54,100,169,13,195
51,17,69,155,8,233,1,88,238,236
51,18,77,6,176,91,75,162,171,225
51,19,59,233,212,122,34,88,115,70
51,20,53,112,133,148,195,72,85,23
51,21,206,99,207,178,214,120,243,81
51,22,163,229,132,124,245,26,43,108
51,23,18,142,130,61,230,207,223,10
51,24,137,106,67,70,178,116,244,196
51,25,200,199,84,145,37,165,208,34
51,26,132,38,73,204,248,54,21,181
51,27,139,99,241,177,170,206,74,14
51,28,149,185,191,183,54,158,235,169
51,29,69,1,155,102,65,236,204,222
51,30,77,6,176,97,175,75,123,91
51,31,59,233,122,212,88,95,115,70
51,32,255,210,17,194,199,236,47,247
51,33,23,214,94,105,81,72,220,67
51,34,187,12,246,10,54,58,19,182
51,35,14,194,167,202,93,36,7,116
51,36,78,188,253,8,153,10,154,119
51,37,163,103,22,219,164,199,229,238
51,38,127,22,118,136,175,239,189,79
51,39,16,145,70,116,30,34,23,62
52,0,212,218,40,46,65,63,157,202
52,1,166,217,190,165,98,89,131,200
52,2,251,22,5,125,174,96,84,62
52,3,55,76,21,240,95,202,53,92
52,4,133,139,123,180,105,152,20,2
52,5,213,67,31,172,254,23,100,148
52,6,114,241,3,154,243,129,18,33
52,7,61,187,66,185,19,16,108,132
52,8,112,157,53,247,148,133,152,107
52,9,240,207,120,99,206,178,22,19
52,10,220,253,5,250,229,17,40,178
52,11,158,49,201,54,142,170,156,93
52,12,67,116,178,31,176,106,2,252
52,13,37,208,199,145,50,200,238,250
52,14,38,132,248,73,204,54,31,84
52,15,177,139,166,206,241,116,3,74
52,16,149,26,191,195,183,100,169,232
52,17,216,69,155,1,8,102,244,65
52,18,77,97,91,176,171,75,162,67
52,19,233,59,122,212,115,34,88,161
52,20,53,133,148,157,112,195,72,23
52,21,240,99,207,206,214,1,120,243
52,22,220,229,245,132,40,88,168,124
52,23,49,156,158,61,223,54,142,148
52,24,137,106,67,70,247,244,116,176
52,25,112,119,200,37,183,164,208,145
52,26,132,73,31,204,38,248,84,21
52,27,139,177,166,170,74,241,206,99
52,28,149,191,201,183,185,117,169,88
52,29,69,102,216,1,204,65,44,222
52,30,77,176,175,97,123,91,225,6
52,31,212,233,59,95,122,88,240,115
52,32,116,255,158,236,210,75,199,194
52,33,182,206,94,18,72,81,59,23
52,34,205,10,246,187,19,58,54,218
52,35,194,14,93,202,167,36,129,224
52,36,78,188,153,10,154,253,251,8
52,37,163,219,103,22,199,229,164,52
52,38,127,118,239,124,22,175,93,189
52,39,70,16,145,25,140,116,30,34
53,0,135,241,108,57,61,88,182,59
53,1,192,140,182,11,48,146,101,233
53,2,8,72,36,96,97,246,177,251
53,3,106,226,69,72,151,29,110,199
53,4,129,240,28,171,133,165,45,90
53,5,153,58,50,251,172,231,218,182
53,6,255,129,74,237,182,102,210,12
53,7,185,187,66,225,175,24,227,191
53,8,148,85,53,133,195,72,23,107
53,9,99,69,180,1,207,152,169,254
53,10,88,132,86,217,126,147,250,245
53,11,39,63,201,19,188,44,158,171
53,12,137,21,116,176,12,250,106,247
53,13,112,145,212,45,103,238,183,180
53,14,204,132,253,54,248,73,21,35
53,15,139,147,235,98,46,74,36,170
53,16,172,183,117,160,61,112,124,88
53,17,69,233,44,1,152,225,227,253
53,18,176,77,122,170,92,123,182,175
53,19,122,212,180,115,219,95,125,166
53,20,195,72,148,53,133,23,181,252
53,21,69,99,1,243,180,214,254,119
53,22,126,217,88,147,149,194,78,77
53,23,39,63,230,61,32,19,99,223
53,24,137,169,13,21,88,70,151,102
53,25,112,211,212,45,180,34,145,248
53,26,204,132,253,248,200,54,90,189
53,27,139,235,170,74,147,98,190,166
53,28,160,112,191,124,117,172,61,104
53,29,69,44,233,152,1,192,219,91
53,30,176,77,44,175,170,92,123,47
53,31,212,122,115,166,180,95,215,50
53,32,60,255,241,204,73,57,25,158
53,33,33,229,110,50,108,67,106,220
53,34,93,218,123,254,244,150,37,108
53,35,194,14,93,53,103,202,11,68
53,36,78,154,135,188,4,2,10,50
53,37,163,219,199,103,1,52,239,104
53,38,239,175,122,135,60,144,100,159
53,39,140,96,110,195,184,187,150,243
54,0,188,60,236,12,77,211,75,153
54,1,167,118,7,113,124,191,55,198
54,2,187,91,32,188,79,221,216,143
54,3,93,56,69,126,109,22,149,201
54,4,28,46,134,121,175,233,147,152
54,5,154,58,60,111,70,0,22,122
54,6,30,7,113,204,12,210,255,72
54,7,175,225,245,5,227,183,252,228
54,8,148,53,72,85,145,133,195,240
54,9,99,1,254,28,243,186,30,15
54,10,217,149,250,147,135,245,37,86
54,11,230,61,171,63,44,237,143,10
54,12,137,21,13,50,10,23,201,38
54,13,180,194,34,0,170,212,248,24
54,14,73,17,132,248,54,113,35,189
54,15,139,141,190,6,208,0,235,170
54,16,126,60,234,172,230,107,191,160
54,17,69,233,225,86,44,79,22,144
54,18,123,176,129,77,32,241,94,195
54,19,115,239,122,212,219,99,203,248
54,20,195,172,72,148,50,133,53,145
54,21,32,99,243,58,1,214,204,254
54,22,217,126,149,135,147,245,233,70
54,23,230,61,63,37,32,226,237,15
54,24,137,50,4,158,21,88,13,229
54,25,0,211,194,180,34,212,174,45
54,26,17,132,204,189,73,248,21,112
54,27,139,55,12,235,6,170,141,14
54,28,234,126,254,191,112,117,160,183
54,29,69,225,233,44,1,54,184,19
54,30,176,77,123,44,129,241,116,225
54,31,49,212,95,114,115,122,157,149
54,32,57,255,12,92,146,73,109,58
54,33,61,162,229,47,110,189,118,137
54,34,121,13,143,166,218,108,254,90
54,35,14,53,194,202,129,64,13,196
54,36,92,78,188,154,4,149,228,25
54,37,170,100,199,122,101,208,113,103
54,38,239,243,175,122,143,61,46,202
54,39,32,8,176,57,224,140,235,163
55,0,130,179,213,145,91,51,197,119
55,1,64,139,87,59,106,216,5,0
55,2,25,37,129,40,175,88,252,18
55,3,109,59,142,69,255,205,37,208
55,4,131,241,240,129,230,181,151,28
55,5,58,50,111,154,172,76,0,103
55,6,30,113,255,210,237,204,26,212
55,7,175,185,225,187,132,246,245,183
55,8,148,195,53,133,85,72,145,121
55,9,99,69,1,254,207,199,15,28
55,10,217,250,149,147,86,132,207,137
55,11,174,63,230,44,201,10,32,134
55,12,21,137,116,10,160,201,38,186
55,13,211,170,208,238,201,183,180,234
55,14,73,132,248,54,204,44,101,173
55,15,139,74,145,170,190,206,0,90
55,16,191,172,183,195,112,126,235,202
55,17,69,225,233,58,210,1,44,8
55,18,77,58,176,91,175,225,32,239
55,19,115,95,59,127,212,99,122,88
55,20,148,53,85,195,133,241,72,108
55,21,99,69,207,81,214,254,1,119
55,22,207,245,149,132,168,77,147,233
55,23,230,44,80,10,251,201,241,61
55,24,116,137,50,153,10,4,51,12
55,25,211,0,183,165,34,132,208,221
55,26,132,35,73,215,165,248,96,91
55,27,23,139,254,56,206,255,190,12
55,28,219,102,39,183,88,191,210,36
55,29,225,54,69,1,184,216,243,94
55,30,66,143,75,77,176,91,225,123
55,31,49,59,88,157,85,166,43,95
55,32,57,255,12,236,210,14,63,133
55,33,126,162,47,90,56,137,189,177
55,34,121,143,91,246,18,43,10,120
55,35,194,129,130,14,202,38,44,41
55,36,92,2,188,78,32,149,171,143
55,37,208,163,160,101,199,59,103,61
55,38,93,239,251,46,175,159,241,168
55,39,129,122,117,99,139,197,224,235
56,0,51,49,153,22,85,247,58,18
56,1,87,169,5,177,30,64,223,123
56,2,16,40,129,18,164,111,245,195
56,3,98,27,97,238,160,255,48,153
56,4,67,14,240,181,201,123,167,170
56,5,172,67,235,58,153,191,0,50
56,6,129,125,241,154,237,204,243,102
56,7,66,187,44,185,176,225,108,132
56,8,33,148,53,85,247,195,213,133
56,9,132,240,99,207,22,143,15,229
56,10,220,248,250,26,132,137,126,245
56,11,201,36,174,158,54,49,251,20
56,12,242,160,116,21,178,176,10,148
56,13,33,37,201,208,145,238,254,183
56,14,147,132,73,248,54,104,204,95
56,15,177,139,166,206,190,27,237,3
56,16,156,151,191,183,12,26,37,100
56,17,69,216,110,44,253,227,204,233
56,18,128,97,77,171,112,176,75,60
56,19,12,122,161,89,9,115,10,125
56,20,195,33,148,53,133,174,72,41
56,21,132,214,99,207,204,119,243,154
56,22,126,124,166,71,210,40,248,28
56,23,36,136,63,230,61,148,34,233
56,24,242,4,87,70,201,66,102,137
56,25,119,104,33,254,201,37,174,238
56,26,132,147,209,204,200,107,229,197
56,27,139,55,97,190,191,170,74,29
56,28,156,158,191,63,151,39,50,248
56,29,69,110,44,227,233,1,216,239
56,30,128,176,77,123,175,112,47,44
56,31,212,12,238,115,122,95,125,1
56,32,238,255,158,113,43,54,219,10
56,33,73,67,41,137,50,64,227,89
56,34,97,161,108,40,34,168,218,254
56,35,14,194,93,53,64,130,68,11
56,36,78,188,165,154,29,50,4,220
56,37,163,219,199,103,191,229,121,80
56,38,239,175,159,140,180,117,65,233
56,39,140,113,235,115,25,80,103,41
57,0,241,135,57,61,88,108,59,83
57,1,173,192,11,219,182,20,74,143
57,2,16,76,8,129,61,1,36,222
57,3,12,106,226,244,109,162,27,85
57,4,184,28,97,240,23,69,87,187
57,5,58,111,22,145,25,20,21,143
57,6,30,26,12,237,212,7,249,21
57,7,175,185,225,245,227,142,5,204
57,8,148,133,53,72,85,195,145,181
57,9,99,1,207,243,186,166,63,225
57,10,176,78,217,23,250,108,116,134
57,11,42,61,135,44,204,58,230,143
57,12,137,10,21,116,196,201,186,31
57,13,170,180,34,201,183,208,238,83
57,14,132,73,248,173,101,165,44,54
57,15,139,74,0,90,145,14,170,206
57,16,74,191,183,172,195,235,234,112
57,17,69,210,58,233,235,244,44,152
57,18,77,58,176,225,224,94,91,206
57,19,115,212,129,219,240,1,127,95
57,20,148,53,85,195,240,72,133,50
57,21,99,1,81,214,233,243,143,95
57,22,160,245,207,147,149,132,190,108
57,23,80,230,32,44,61,186,105,215
57,24,137,10,21,196,186,144,116,51
57,25,34,170,183,208,45,165,248,58
57,26,132,73,248,204,90,130,140,173
57,27,139,170,190,74,16,145,117,182
57,28,191,74,112,4,172,88,63,183
57,29,69,150,233,244,58,44,36,204
57,30,77,123,180,94,176,92,171,195
57,31,212,166,180,154,186,95,133,25
57,32,255,60,127,241,66,27,219,245
57,33,110,33,50,229,67,219,63,108
57,34,218,254,123,93,108,29,37,40
57,35,194,14,93,53,11,68,130,64
57,36,78,154,135,188,4,50,228,2
57,37,163,219,199,52,1,103,121,239
57,38,239,175,122,144,60,159,135,180
57,39,140,96,110,103,175,195,187,184
58,0,188,144,172,232,236,211,75,148
58,1,173,167,191,149,55,125,89,198
58,2,61,129,76,16,91,187,32,13
58,3,109,22,149,93,69,201,4,167
58,4,28,203,134,121,152,46,175,6
58,5,111,154,58,60,70,50,22,76
58,6,7,30,212,72,12,26,204,249
58,7,175,245,225,5,227,183,104,187
58,8,53,72,148,133,145,243,16,85
58,9,99,1,254,81,243,186,28,207
58,10,217,149,250,245,82,108,147,135
58,11,230,61,136,237,143,10,125,44
58,12,137,21,58,201,91,10,13,50
58,13,180,194,34,170,21,248,165,174
58,14,73,132,17,171,248,189,113,54
58,15,139,74,170,238,97,190,6,235
58,16,88,234,37,230,60,172,191,166
58,17,69,233,44,144,119,86,22,79
58,18,123,32,129,182,77,195,176,99
58,19,239,115,48,249,60,208,122,248
58,20,195,53,72,172,50,133,148,145
58,21,32,99,58,81,243,210,254,214
58,22,217,135,147,245,121,149,108,190
58,23,230,136,63,61,37,51,32,44
58,24,50,242,137,115,21,158,102,2
58,25,0,180,174,194,145,212,45,165
58,26,132,171,17,73,204,248,92,0
58,27,139,12,74,55,170,235,97,206
58,28,234,88,56,60,254,219,183,158
58,29,69,119,54,19,9,233,94,1
58,30,116,151,77,66,123,225,99,176
58,31,49,249,157,59,122,114,55,88
58,32,92,255,146,12,14,78,236,57
58,33,47,250,229,162,61,67,196,167
58,34,121,109,18,143,13,11,246,182
58,35,44,202,194,14,93,68,129,167
58,36,78,188,92,153,138,110,228,4
58,37,163,100,208,199,113,103,101,170
58,38,243,61,122,143,175,191,46,239
58,39,176,163,224,70,140,32,235,112
59,0,179,130,145,213,91,119,51,79
59,1,139,64,87,106,219,216,59,11
59,2,25,37,175,40,88,56,252,229
59,3,59,142,27,109,65,135,153,205
59,4,131,241,240,230,181,170,129,151
59,5,58,50,172,252,103,0,70,153
59,6,54,255,125,241,82,154,243,30
59,7,187,185,227,132,225,183,26,104
59,8,53,148,85,195,133,72,93,59
59,9,99,69,207,254,1,28,81,233
59,10,250,207,217,220,26,132,245,190
59,11,136,174,201,44,97,158,61,230
59,12,242,21,116,10,178,160,137,176
59,13,201,208,238,170,183,83,37,145
59,14,132,171,73,248,44,92,204,54
59,15,139,74,170,190,206,3,145,90
59,16,191,88,195,202,183,172,37,173
59,17,69,119,8,216,58,233,1,44
59,18,77,58,91,171,151,32,60,123
59,19,115,249,59,125,212,54,99,122
59,20,53,148,133,195,85,39,24,108
59,21,207,99,69,214,119,1,43,58
59,22,77,53,168,116,216,137,49,26
59,23,201,136,170,174,123,61,70,158
59,24,242,11,115,87,178,157,116,153
59,25,19,37,0,119,208,222,97,101
59,26,171,132,96,170,95,204,92,224
59,27,139,206,23,177,3,131,154,171
59,28,193,219,102,201,178,235,53,82
59,29,119,88,216,94,1,69,19,21
59,30,77,162,91,66,19,97,151,63
59,31,249,34,59,85,157,43,88,83
59,32,210,179,14,12,140,255,47,236
59,33,47,126,81,104,189,162,90,56
59,34,18,11,143,91,44,246,10,121
59,35,167,202,129,44,194,14,36,244
59,36,188,2,92,78,153,48,44,26
59,37,103,162,219,22,163,199,20,208
59,38,127,118,79,124,175,132,254,32
59,39,77,116,70,99,30,44,203,62
60,0,211,62,124,174,231,76,58,138
60,1,80,30,141,193,49,40,123,121
60,2,207,40,111,56,252,129,229,125
60,3,109,22,166,167,65,179,50,247
60,4,152,148,44,221,134,0,43,10
60,5,81,172,58,134,111,153,0,251
60,6,54,241,39,125,243,57,154,237
60,7,187,223,185,132,183,225,227,108
60,8,148,53,133,85,72,195,145,252
60,9,99,207,1,254,81,28,186,86
60,10,242,19,250,132,220,137,26,245
60,11,220,174,85,201,158,218,148,97
60,12,116,21,242,250,176,160,186,12
60,13,13,199,145,47,212,37,45,238
60,14,204,54,132,44,161,16,96,22
60,15,177,139,206,147,3,237,238,169
60,16,190,193,183,250,72,102,189,173
60,17,69,216,164,21,8,1,101,213
60,18,77,97,171,151,250,91,127,67
60,19,249,122,59,85,88,137,115,135
60,20,195,148,133,72,53,121,9,41
60,21,207,99,210,117,98,243,252,119
60,22,242,216,137,19,124,6,40,168
60,23,201,220,174,218,123,34,136,158
60,24,11,128,238,32,15,242,62,20
60,25,19,97,37,152,13,222,130,101
60,26,54,55,91,200,6,203,95,224
60,27,206,139,28,171,3,154,80,27
60,28,193,219,196,102,190,235,213,210
60,29,88,21,61,94,164,119,1,91
60,30,162,250,19,77,91,63,232,119
60,31,34,135,59,43,183,85,4,88
60,32,123,125,140,179,254,161,156,30
60,33,234,95,132,56,67,104,227,133
60,34,44,20,240,238,5,98,177,183
60,35,190,148,74,21,64,210,134,187
60,36,115,227,39,19,93,142,165,60
60,37,169,101,13,172,78,16,6,27
60,38,169,159,61,117,18,119,252,254
60,39,117,231,80,235,22,179,208,163
61,0,123,229,196,249,105,216,7,16
61,1,150,231,225,27,155,246,20,106
61,2,162,103,17,249,210,4,158,30
61,3,133,187,235,152,31,231,84,37
61,4,13,142,108,102,236,222,167,15
61,5,186,104,193,235,6,41,153,204
61,6,167,54,33,153,18,241,61,196
61,7,187,185,29,36,108,23,225,242
61,8,89,133,234,53,148,72,59,212
61,9,99,29,207,94,164,85,161,228
61,10,130,1,169,216,250,132,178,124
61,11,170,189,97,107,174,241,72,255
61,12,116,63,26,32,178,176,10,15
61,13,13,43,208,47,83,145,130,212
61,14,20,44,132,124,18,54,224,248
61,15,139,3,238,81,79,206,147,177
61,16,5,152,196,186,191,189,170,183
61,17,69,8,61,115,250,172,216,89
61,18,77,57,50,179,187,91,0,13
61,19,130,59,75,183,137,124,171,30
61,20,133,234,148,53,121,107,220,89
61,21,29,207,94,164,99,44,161,131
61,22,198,116,169,113,130,1,178,216
61,23,189,170,174,161,107,56,236,141
61,24,63,160,15,26,32,74,128,39
61,25,43,147,130,13,97,222,98,28
61,26,20,124,148,137,138,51,54,161
61,27,200,139,81,206,162,3,171,100
61,28,133,43,5,163,170,245,32,210
61,29,76,250,172,91,106,69,89,36
61,30,179,201,187,77,155,205,104,31
61,31,4,205,109,130,12,158,195,183
61,32,98,178,131,99,30,237,54,181
61,33,67,126,137,4,39,215,99,86
61,34,84,96,46,108,62,105,68,168
61,35,203,194,245,102,181,195,134,11
61,36,60,165,191,75,3,29,167,233
61,37,65,61,8,24,200,219,137,85
61,38,117,103,176,166,159,99,18,239
61,39,228,10,88,98,198,48,235,148
62,0,141,235,190,115,221,47,253,158
62,1,93,244,155,182,46,197,188,47
62,2,145,10,103,57,34,123,100,17
62,3,187,235,133,12,118,231,174,190
62,4,236,142,102,222,95,108,15,87
62,5,193,41,90,47,186,43,224,214
62,6,153,167,196,54,215,60,138,79
62,7,36,29,23,185,229,147,64,117
62,8,234,116,57,89,180,239,99,52
62,9,164,94,161,116,191,85,126,29
62,10,130,198,169,196,247,1,124,36
62,11,189,107,170,161,128,255,174,74
62,12,74,39,63,134,26,93,65,193
62,13,43,147,47,13,154,219,130,134
62,14,64,124,137,52,51,224,160,20
62,15,81,162,213,147,3,242,148,206
62,16,5,170,252,196,243,152,32,174
62,17,89,115,250,61,172,20,64,35
62,18,57,179,13,187,50,77,43,16
62,19,75,109,30,130,116,205,183,20
62,20,234,191,180,239,133,56,207,237
62,21,164,29,94,126,116,207,161,197
62,22,198,169,130,167,113,247,136,116
62,23,189,107,161,128,206,183,171,111
62,24,74,63,15,26,160,193,93,39
62,25,43,147,13,134,130,210,61,152
62,26,118,20,137,148,124,51,167,86
62,27,200,72,81,162,181,58,69,189
62,28,43,133,151,5,152,243,170,210
62,29,87,76,172,57,250,29,0,20
62,30,163,179,187,201,133,155,131,105
62,31,116,109,12,205,4,191,89,20
62,32,178,223,119,181,131,159,6,184
62,33,93,83,86,129,231,215,28,39
62,34,82,96,105,132,199,1,21,252
62,35,160,203,245,96,218,235,33,197
62,36,222,75,165,248,191,167,70,232
62,37,24,54,51,229,6,69,96,133
62,38,64,140,193,184,180,117,176,159
62,39,186,190,162,173,201,127,91,123
63,0,38,167,54,193,238,112,94,44
63,1,46,47,105,58,122,137,188,140
63,2,128,145,53,140,179,186,20,241
63,3,26,230,233,117,103,118,78,143
63,4,81,245,144,67,145,91,45,213
63,5,43,90,188,224,193,109,47,248
63,6,60,215,153,173,143,131,138,206
63,7,176,229,117,54,221,70,22,207
63,8,116,239,104,73,234,175,57,52
63,9,126,191,113,116,171,30,197,56
63,10,167,36,238,248,115,157,151,166
63,11,233,133,140,181,112,47,224,41
63,12,93,44,144,212,74,62,134,193
63,13,33,6,3,134,251,61,44,138
63,14,147,86,52,51,50,57,47,125
63,15,162,213,189,243,148,127,184,46
63,16,156,151,243,174,252,170,134,152
63,17,5,110,20,57,226,166,242,127
63,18,131,128,203,192,179,226,126,24
63,19,120,229,75,72,30,12,109,226
63,20,239,191,234,33,80,185,133,224
63,21,126,116,191,47,207,198,73,164
63,22,161,236,247,91,157,248,165,183
63,23,140,111,36,181,47,106,189,3
63,24,39,93,44,154,145,253,192,43
63,25,6,33,206,204,138,142,13,93
63,26,118,147,52,86,179,54,106,167
63,27,162,233,72,250,121,177,54,217
63,28,43,156,170,152,47,20,253,252
63,29,5,142,57,158,17,20,230,89
63,30,203,192,226,135,128,177,139,251
63,31,226,12,30,167,120,108,228,225
63,32,223,178,206,119,159,181,158,245
63,33,74,40,83,93,73,72,81,190
63,34,21,116,82,1,186,34,141,251
63,35,244,167,214,61,10,224,212,36
63,36,129,70,181,239,248,198,68,74
63,37,58,62,104,21,48,57,105,229
63,38,166,92,147,180,65,16,84,245
63,39,238,190,243,201,3,22,95,237
64,0,140,238,43,112,173,95,200,58
64,1,46,47,137,188,249,20,213,181
64,2,140,20,186,72,165,217,233,53
64,3,117,233,103,26,230,119,38,118
64,4,245,145,193,81,144,249,120,58
64,5,85,145,106,132,255,230,220,111
64,6,176,230,124,96,206,145,254,199
64,7,225,142,88,72,47,195,148,214
64,8,53,148,133,85,72,195,59,239
64,9,99,207,113,126,203,1,63,166
64,10,108,43,116,23,176,115,240,134
64,11,42,239,230,97,170,56,58,254
64,12,137,10,176,116,88,250,102,143
64,13,208,34,165,83,180,145,14,162
64,14,132,44,248,73,204,54,173,189
64,15,139,238,190,74,145,206,235,90
64,16,191,112,234,172,74,72,45,187
64,17,69,8,89,102,152,1,44,220
64,18,77,91,138,225,209,64,83,141
64,19,212,59,115,125,95,204,83,67
64,20,148,53,133,195,161,171,152,72
64,21,99,1,207,67,251,254,43,204
64,22,116,160,205,148,108,132,156,122
64,23,80,141,111,107,60,56,32,213
64,24,116,137,176,10,244,50,239,87
64,25,145,130,208,183,5,222,165,219
64,26,132,52,78,204,96,44,138,252
64,27,139,206,177,3,100,169,147,110
64,28,74,72,170,47,20,228,191,45
64,29,150,158,89,1,69,8,5,101
64,30,192,77,91,226,155,201,16,111
64,31,137,124,59,30,191,108,226,195
64,32,178,223,206,47,33,127,158,50
64,33,81,74,40,16,190,72,192,41
64,34,116,21,141,251,34,107,213,186
64,35,167,244,214,36,10,224,183,202
64,36,129,70,239,68,74,188,198,181
64,37,104,58,57,147,105,21,48,124
64,38,92,148,27,84,79,97,94,74
64,39,238,243,242,38,78,2,69,22
65,0,88,67,200,140,238,95,206,43
65,1,47,181,46,192,152,140,36,20
65,2,62,21,165,82,197,20,186,160
65,3,233,117,106,150,103,118,76,38
65,4,193,62,120,20,199,235,92,9
65,5,230,85,13,145,43,72,239,132
65,6,118,96,89,193,176,140,110,137
65,7,145,176,144,195,72,207,206,225
65,8,239,133,53,73,237,19,106,175
65,9,113,53,126,99,210,200,34,122
65,10,215,93,231,115,183,129,76,227
65,11,51,181,41,28,183,253,171,196
65,12,102,88,4,212,62,137,154,70
65,13,142,251,6,205,145,171,168,208
65,14,132,204,248,54,29,147,44,215
65,15,139,190,238,147,3,228,206,120
65,16,88,158,39,100,172,72,170,250
65,17,69,8,1,89,79,235,20,152
65,18,77,91,171,123,119,176,60,225
65,19,122,59,212,115,133,30,88,54
65,20,133,148,195,72,53,104,85,107
65,21,99,207,1,243,214,174,67,254
65,22,160,108,132,116,251,78,234,34
65,23,80,111,141,61,28,230,60,41
65,24,116,39,62,2,137,250,176,3
65,25,145,130,98,208,254,93,205,165
65,26,204,132,54,214,163,248,231,52
65,27,139,147,206,134,169,228,3,110
65,28,72,170,152,173,20,74,160,156
65,29,1,69,89,5,158,150,26,20
65,30,91,192,226,44,201,139,77,221
65,31,120,30,166,12,59,226,122,229
65,32,223,206,178,60,158,47,245,159
65,33,74,190,40,41,81,72,83,16
65,34,82,116,21,213,34,97,251,1
65,35,244,214,167,224,10,36,183,61
65,36,129,70,239,198,74,68,24,181
65,37,104,58,57,147,48,21,14,105
65,38,92,27,148,84,79,97,94,127
65,39,243,110,242,38,78,12,69,203
66,0,29,86,41,212,65,218,236,2
66,1,124,255,118,186,33,211,240,233
66,2,60,139,77,49,255,193,118,219
66,3,30,25,199,177,225,118,159,150
66,4,149,216,154,54,200,192,88,4
66,5,213,115,251,23,147,218,155,136
66,6,157,14,135,79,183,52,49,19
66,7,120,32,61,14,36,76,185,187
66,8,157,220,61,133,224,110,52,4
66,9,240,161,197,198,120,98,156,207
66,10,122,157,17,161,234,165,91,63
66,11,186,49,111,209,3,47,85,195
66,12,191,166,138,39,193,134,157,180
66,13,142,6,168,113,28,111,99,219
66,14,52,179,131,106,231,167,18,189
66,15,116,37,213,240,204,233,71,110
66,16,170,252,243,152,0,156,119,46
66,17,157,20,110,142,78,17,158,11
66,18,203,192,159,112,177,226,72,108
66,19,30,229,226,228,75,120,108,252
66,20,157,80,185,191,224,61,65,133
66,21,240,151,198,207,47,156,73,120
66,22,17,157,165,161,91,122,63,187
66,23,49,209,111,156,195,3,106,47
66,24,191,39,166,210,192,138,15,220
66,25,6,21,113,127,206,199,13,20
66,26,52,118,106,179,28,54,131,109
66,27,116,37,54,250,177,204,121,71
66,28,201,138,20,170,152,253,252,163
66,29,157,158,78,142,17,230,20,200
66,30,203,237,226,130,221,135,192,108
66,31,226,30,241,70,108,228,96,42
66,32,75,19,116,206,197,14,162,157
66,33,5,74,18,103,59,206,182,40
66,34,11,227,191,213,141,21,188,251
66,35,214,244,43,167,136,10,3,36
66,36,48,129,251,198,74,239,24,68
66,37,14,58,57,147,21,162,48,105
66,38,92,124,79,84,0,185,120,97
66,39,189,242,77,78,197,44,203,2
67,0,124,134,50,199,62,231,211,151
67,1,49,230,101,44,3,33,251,245
67,2,192,71,247,56,83,3,72,177
67,3,150,194,25,159,213,199,30,11
67,4,44,192,154,216,200,188,165,152
67,5,27,115,2,251,236,153,218,29
67,6,157,52,57,14,135,39,172,79
67,7,120,223,76,36,185,32,229,187
67,8,220,224,133,61,72,23,171,151
67,9,198,207,227,197,161,98,61,99
67,10,9,19,165,122,157,234,222,52
67,11,85,111,186,59,247,47,106,209
67,12,191,39,59,210,157,220,193,134
67,13,113,6,219,142,168,154,111,20
67,14,179,52,106,93,131,18,54,167
67,15,33,171,37,213,177,204,71,49
67,16,46,252,170,152,185,181,136,0
67,17,157,20,164,17,142,78,89,158
67,18,250,203,197,201,177,119,226,68
67,19,75,226,30,229,228,252,167,108
67,20,35,191,239,185,164,52,159,220
67,21,198,215,73,47,151,203,207,227
67,22,91,19,9,157,247,88,165,242
67,23,85,111,106,47,49,249,3,220
67,24,220,39,15,191,253,145,3,43
67,25,206,112,6,20,204,13,37,29
67,26,118,86,52,179,28,54,106,167
67,27,172,177,162,37,33,72,217,250
67,28,47,152,253,170,163,252,150,160
67,29,164,17,20,230,5,157,142,21
67,30,197,250,135,201,203,204,71,177
67,31,30,167,228,229,226,151,183,42
67,32,123,159,19,247,162,76,237,90
67,33,75,95,234,56,86,72,28,74
67,34,1,191,252,21,240,6,51,72
67,35,218,235,43,191,167,196,61,197
67,36,248,165,124,199,211,128,140,152
67,37,229,48,58,143,175,67,126,16
67,38,92,0,101,72,166,30,180,31
67,39,189,248,197,235,22,169,127,92
68,0,101,35,34,197,67,140,179,79
68,1,155,62,47,16,97,20,146,75
68,2,43,109,249,210,84,38,149,174
68,3,226,236,26,230,233,211,37,150
68,4,200,15,102,105,144,245,142,241
68,5,188,220,43,236,90,69,218,251
68,6,157,14,52,182,79,196,135,133
68,7,36,176,23,76,185,229,14,112
68,8,35,239,52,212,57,164,110,159
68,9,203,197,180,98,161,198,85,29
68,10,88,157,124,247,240,40,231,62
68,11,42,111,255,106,49,133,170,98
68,12,191,39,43,220,134,154,193,15
68,13,142,6,112,29,219,3,72,154
68,14,52,179,118,54,161,106,96,64
68,15,213,166,37,139,147,162,228,206
68,16,243,170,252,152,250,116,46,47
68,17,20,5,115,142,242,17,230,69
68,18,131,192,169,197,170,91,226,177
68,19,229,75,167,30,51,226,72,122
68,20,191,239,80,185,195,107,133,35
68,21,207,203,47,180,23,229,73,141
68,22,236,240,234,165,124,91,207,161
68,23,3,39,49,249,106,111,188,107
68,24,43,39,220,22,251,70,154,62
68,25,13,206,112,93,210,6,219,130
68,26,118,106,86,167,54,64,214,179
68,27,72,172,250,217,213,195,206,54
68,28,47,170,243,96,253,152,252,46
68,29,5,230,17,142,20,89,1,236
68,30,135,71,170,177,192,91,203,77
68,31,229,228,199,30,226,130,120,167
68,32,98,158,178,223,47,159,99,247
68,33,126,190,107,232,244,81,136,72
68,34,116,252,21,56,1,51,161,34
68,35,218,167,36,235,202,22,61,197
68,36,70,152,248,181,246,188,74,2
68,37,65,58,143,67,48,135,161,124
68,38,92,148,30,101,9,71,234,254
68,39,248,2,189,92,38,69,1,213
69,0,144,92,172,188,186,106,66,147
69,1,195,182,128,143,198,124,255,211
69,2,188,92,150,255,230,84,110,60
69,3,159,25,30,148,11,177,155,202
69,4,94,98,112,192,152,43,121,88
69,5,153,251,165,136,183,194,62,155
69,6,59,52,92,79,55,235,171,135
69,7,76,181,36,171,185,35,158,108
69,8,159,220,133,107,224,164,72,61
69,9,207,47,198,120,161,197,255,99
69,10,234,91,165,81,9,207,40,111
69,11,153,3,98,145,255,111,137,50
69,12,39,208,194,189,65,145,192,157
69,13,13,66,219,93,47,127,154,243
69,14,106,52,167,231,159,189,61,160
69,15,213,248,147,250,242,233,148,54
69,16,243,252,170,46,80,51,152,230
69,17,20,115,17,230,236,35,89,64
69,18,192,226,69,177,131,13,108,2
69,19,229,51,228,30,226,75,70,243
69,20,159,107,191,185,220,72,80,133
69,21,207,47,44,120,156,197,229,131
69,22,0,234,9,91,165,124,187,122
69,23,153,3,145,111,15,130,238,66
69,24,39,106,20,188,94,205,180,239
69,25,13,210,211,93,130,243,206,66
69,26,106,167,118,64,52,83,231,214
69,27,248,233,130,213,206,72,54,177
69,28,243,230,170,54,185,47,152,130
69,29,236,89,20,142,242,230,200,1
69,30,192,69,91,77,97,68,45,139
69,31,229,51,233,59,137,30,226,124
69,32,146,195,6,194,178,199,47,86
69,33,75,97,94,37,136,81,49,189
69,34,212,187,19,255,54,141,169,247
69,35,202,167,36,49,244,254,56,212
69,36,8,188,234,129,0,153,23,10
69,37,103,145,22,147,124,35,220,57
69,38,22,127,79,118,86,34,212,76
69,39,145,16,116,30,23,70,130,62
70,0,57,88,59,56,157,110,180,102
70,1,234,40,209,16,183,96,166,98
70,2,238,234,120,253,39,108,84,80
70,3,70,17,188,228,95,150,173,193
70,4,138,74,156,104,152,116,123,172
70,5,250,174,249,24,151,153,170,31
70,6,49,157,79,102,52,209,232,235
70,7,129,199,185,76,192,7,140,132
70,8,107,148,159,133,53,42,120,157
70,9,148,207,120,61,99,5,85,44
70,10,68,234,46,63,178,132,124,40
70,11,93,210,111,145,3,170,85,207
70,12,39,116,208,3,238,163,210,11
70,13,13,164,137,219,47,210,130,95
70,14,52,83,167,160,161,54,44,138
70,15,233,206,139,100,195,169,238,129
70,16,170,0,252,188,51,72,80,233
70,17,8,115,104,26,89,69,60,1
70,18,192,77,91,16,205,13,22,204
70,19,4,59,137,225,124,171,88,30
70,20,148,53,107,133,157,171,225,207
70,21,148,207,99,44,229,131,5,115
70,22,68,234,122,116,205,63,46,79
70,23,93,210,111,64,194,145,162,60
70,24,20,39,210,116,238,65,68,180
70,25,13,210,164,137,219,130,2,224
70,26,52,167,209,214,160,252,67,138
70,27,203,233,206,85,116,100,195,139
70,28,243,130,20,51,72,0,170,23
70,29,26,89,1,28,115,39,104,36
70,30,192,77,91,13,155,57,118,45
70,31,229,137,59,70,72,191,35,173
70,32,224,197,47,206,178,6,183,105
70,33,177,81,96,136,156,84,245,40
70,34,49,169,217,213,247,141,15,246
70,35,202,36,167,224,244,254,56,79
70,36,188,255,153,24,239,23,92,129
70,37,103,124,22,50,35,147,21,3
70,38,127,79,146,118,34,124,86,198
70,39,13,116,85,30,70,130,34,62
71,0,68,180,226,117,185,122,171,198
71,1,111,202,13,190,85,72,126,81
71,2,199,139,228,234,5,221,158,253
71,3,154,249,112,16,173,23,201,51
71,4,152,134,186,28,243,100,181,121
71,5,153,120,50,23,0,235,183,223
71,6,157,49,161,102,185,57,25,237
71,7,185,129,175,225,187,183,132,158
71,8,53,148,47,85,225,133,107,72
71,9,207,99,5,61,229,1,85,44
71,10,109,232,178,19,17,117,132,63
71,11,111,85,209,97,202,170,194,59
71,12,47,116,208,50,239,210,20,157
71,13,13,137,47,145,210,101,250,109
71,14,252,179,139,52,167,222,161,214
71,15,233,33,178,123,206,112,213,195
71,16,56,20,243,170,190,186,82,10
71,17,115,126,164,28,206,20,60,142
71,18,108,192,130,68,250,77,226,119
71,19,48,171,247,157,124,84,83,229
71,20,47,171,107,148,161,53,121,110
71,21,207,44,229,124,87,173,5,99
71,22,19,122,109,232,233,234,242,194
71,23,222,111,194,85,70,158,204,231
71,24,50,55,47,39,210,20,116,157
71,25,13,0,137,101,130,230,250,210
71,26,196,144,52,161,167,252,139,160
71,27,35,178,130,33,112,206,28,233
71,28,243,105,56,190,59,130,10,82
71,29,164,126,88,19,60,115,225,28
71,30,108,151,18,192,63,143,130,116
71,31,55,157,37,229,85,247,183,244
71,32,58,248,92,28,175,140,76,57
71,33,176,177,133,234,162,81,250,54
71,34,182,166,15,249,80,169,72,191
71,35,106,36,176,202,7,11,38,95
71,36,21,17,245,23,134,92,59,27
71,37,214,110,244,243,109,208,55,156
71,38,177,141,180,52,37,243,254,191
71,39,37,209,175,228,5,237,22,142
72,0,209,240,122,50,220,239,159,116
72,1,72,202,193,95,111,37,182,14
72,2,71,3,157,254,63,5,221,194
72,3,243,201,22,6,251,167,69,196
72,4,152,28,243,134,121,43,155,175
72,5,115,251,151,153,236,183,250,50
72,6,157,161,57,49,39,237,185,79
72,7,175,185,223,187,129,158,132,225
72,8,148,53,133,72,85,59,107,195
72,9,207,99,1,229,61,233,28,186
72,10,19,132,232,178,63,234,222,242
72,11,111,59,85,97,202,209,170,194
72,12,116,208,176,157,210,3,239,189
72,13,13,145,137,212,165,50,250,47
72,14,132,179,222,252,52,214,248,54
72,15,233,33,206,139,169,171,238,14
72,16,186,195,170,190,56,20,202,191
72,17,115,164,8,1,69,126,222,83
72,18,250,91,192,77,130,68,225,108
72,19,59,122,171,88,152,85,157,117
72,20,53,107,148,121,85,171,195,161
72,21,207,44,99,85,229,131,22,233
72,22,19,122,242,234,233,63,178,232
72,23,111,59,85,194,158,170,231,92
72,24,50,116,210,20,39,11,1,55
72,25,13,137,101,0,210,130,145,47
72,26,52,137,179,196,171,160,167,161
72,27,130,28,33,233,206,35,122,171
72,28,243,193,190,212,82,170,102,219
72,29,21,88,164,94,225,20,61,39
72,30,250,192,162,232,63,116,108,91
72,31,229,30,12,228,183,72,124,171
72,32,57,6,120,123,159,179,92,178
72,33,133,234,162,181,54,5,75,132
72,34,5,44,240,62,238,72,252,166
72,35,190,148,36,167,74,218,235,202
72,36,115,227,142,248,39,188,153,92
72,37,78,27,163,101,143,126,16,113
72,38,215,169,119,18,243,251,61,254
72,39,117,75,122,158,167,163,248,129
73,0,142,166,97,113,150,205,123,210
73,1,87,34,26,5,187,59,132,177
73,2,249,210,158,65,149,146,242,244
73,3,46,211,146,37,135,84,98,97
73,4,14,161,167,67,65,201,240,181
73,5,235,250,161,104,191,85,151,204
73,6,157,167,79,52,215,196,57,107
73,7,91,129,176,76,36,171,199,29
73,8,33,107,164,52,212,56,89,194
73,9,39,132,94,29,47,161,197,207
73,10,248,234,130,81,19,63,40,124
73,11,20,36,3,145,111,174,98,255
73,12,39,160,26,128,65,63,15,3
73,13,33,13,154,43,210,47,219,66
73,14,52,106,147,167,64,224,160,137
73,15,65,213,147,181,162,233,242,195
73,16,243,252,170,156,80,5,152,51
73,17,20,115,110,35,242,64,57,124
73,18,192,148,128,57,226,13,131,0
73,19,12,229,120,130,72,30,243,75
73,20,33,191,107,174,80,56,220,10
73,21,39,126,132,207,29,44,197,94
73,22,248,234,198,130,76,91,165,124
73,23,36,20,3,161,111,145,204,50
73,24,39,242,43,63,144,15,74,26
73,25,33,13,104,210,130,61,43,147
73,26,147,118,50,106,20,167,64,155
73,27,72,65,217,191,250,189,154,147
73,28,156,243,151,47,170,250,253,168
73,29,57,142,17,89,230,172,20,110
73,30,148,71,128,135,139,177,91,192
73,31,12,229,226,30,228,130,199,120
73,32,113,238,47,158,99,159,6,178
73,33,190,41,107,232,136,244,81,126
73,34,88,252,161,62,56,97,21,51
73,35,218,167,235,36,46,74,22,197
73,36,207,152,74,246,248,188,211,232
73,37,143,67,163,124,135,161,48,22
73,38,101,30,71,9,234,127,118,254
73,39,92,248,250,1,246,69,203,70
74,0,22,106,153,51,6,49,85,66
74,1,250,223,155,110,189,5,197,191
74,2,16,198,87,10,108,76,121,158
74,3,98,97,160,238,146,27,31,25
74,4,14,67,167,65,118,242,81,170
74,5,67,161,224,254,10,235,100,250
74,6,167,215,52,19,55,79,135,59
74,7,91,44,176,36,108,76,2,37
74,8,33,212,57,164,52,107,56,89
74,9,132,197,94,156,126,131,98,47
74,10,248,62,161,253,124,91,247,249
74,11,20,36,238,49,195,255,98,133
74,12,39,160,134,232,128,253,15,65
74,13,33,142,210,29,6,15,171,154
74,14,147,50,106,118,52,160,64,224
74,15,213,166,37,243,204,70,148,162
74,16,156,243,252,170,152,151,212,134
74,17,110,20,242,115,57,142,226,17
74,18,112,128,192,131,126,13,60,177
74,19,229,12,199,120,30,226,72,75
74,20,33,133,191,72,65,23,107,80
74,21,132,207,126,243,141,240,215,197
74,22,161,234,165,236,248,207,124,240
74,23,36,20,3,133,238,225,49,145
74,24,39,43,232,22,127,225,193,154
74,25,93,33,13,210,206,219,66,6
74,26,147,118,106,167,214,179,54,64
74,27,72,213,147,254,206,139,169,250
74,28,156,243,250,47,170,72,253,116
74,29,110,89,142,17,230,1,20,57
74,30,112,71,91,139,135,177,128,192
74,31,229,199,12,228,226,30,59,120
74,32,238,113,47,158,159,185,6,247
74,33,73,244,107,41,136,232,81,72
74,34,56,97,252,161,21,34,33,62
74,35,167,218,36,235,22,132,197,202
74,36,152,246,181,74,248,188,28,211
74,37,67,143,161,124,135,163,48,22
74,38,101,30,9,234,127,118,254,195
74,39,246,250,248,1,92,203,70,190
75,0,62,124,92,144,223,234,231,199
75,1,245,193,189,14,11,33,153,132
75,2,76,92,16,150,193,158,86,58
75,3,155,25,177,159,197,112,11,243
75,4,94,152,98,112,134,192,43,121
75,5,153,251,2,210,50,0,136,81
75,6,19,92,52,79,126,209,84,154
75,7,181,185,76,243,7,171,192,37
75,8,133,72,159,224,107,148,207,23
75,9,207,99,198,44,161,61,1,120
75,10,234,165,207,116,132,9,161,178
75,11,153,3,225,145,238,137,98,59
75,12,208,39,161,238,115,116,157,21
75,13,13,93,219,212,47,145,66,45
75,14,179,231,54,52,214,106,67,167
75,15,147,248,14,204,139,213,169,41
75,16,250,230,252,72,170,117,172,82
75,17,89,20,1,115,69,152,15,230
75,18,192,91,69,138,139,226,204,77
75,19,122,60,212,30,229,226,88,82
75,20,133,159,72,23,71,224,107,148
75,21,207,1,44,243,156,255,215,186
75,22,234,0,156,116,132,165,9,122
75,23,153,238,60,15,145,225,204,3
75,24,39,50,115,238,157,116,106,20
75,25,93,13,210,66,0,219,130,140
75,26,171,214,196,179,83,67,106,167
75,27,248,177,147,35,169,233,130,206
75,28,230,243,250,54,116,130,72,47
75,29,236,89,142,1,20,49,36,186
75,30,69,139,91,192,112,244,131,151
75,31,229,51,60,137,226,157,59,33
75,32,195,146,86,47,199,6,247,12
75,33,181,37,189,97,136,94,81,36
75,34,212,255,90,187,238,19,21,166
75,35,49,167,36,212,181,202,185,17
75,36,234,8,227,0,74,147,92,188
75,37,220,22,124,78,175,250,209,24
75,38,87,118,93,215,127,98,143,237
75,39,23,241,68,16,127,22,70,56
76,0,57,56,165,59,110,170,131,250
76,1,40,222,96,234,209,166,20,183
76,2,20,10,39,238,234,120,251,252
76,3,75,70,119,17,228,179,217,170
76,4,138,164,156,98,116,7,252,123
76,5,32,153,249,250,19,251,183,170
76,6,84,92,79,19,209,126,154,102
76,7,243,185,7,36,116,192,76,171
76,8,148,72,133,107,53,194,85,159
76,9,207,148,99,61,86,15,68,143
76,10,132,116,234,46,207,178,108,165
76,11,93,210,116,204,145,60,225,3
76,12,238,116,39,161,208,163,137,176
76,13,219,145,47,13,93,212,95,170
76,14,54,204,214,225,179,132,44,52
76,15,139,147,14,169,235,98,206,238
76,16,250,172,117,72,73,74,183,191
76,17,69,1,115,222,233,51,44,36
76,18,182,91,77,138,60,244,225,233
76,19,122,231,88,212,115,59,125,95
76,20,133,72,53,85,148,195,42,71
76,21,207,1,99,148,243,95,67,208
76,22,234,132,122,210,116,250,217,156
76,23,80,204,210,145,116,111,60,225
76,24,238,39,116,163,167,153,58,250
76,25,13,130,199,37,137,93,145,212
76,26,214,179,54,204,209,67,200,96
76,27,203,147,14,177,169,41,139,3
76,28,243,250,72,78,170,130,47,116
76,29,49,1,89,21,88,214,99,20
76,30,151,91,162,139,131,244,24,192
76,31,229,34,124,82,137,59,28,72
76,32,86,247,47,179,6,63,11,59
76,33,96,36,189,136,104,181,6,81
76,34,238,44,90,21,28,108,14,98
76,35,167,49,148,212,190,36,74,181
76,36,227,147,188,74,115,234,92,39
76,37,78,209,22,124,27,70,16,61
76,38,215,127,169,118,251,175,82,159
76,39,158,165,222,179,122,173,80,253
77,0,117,171,226,185,122,11,187,128
77,1,13,111,81,223,96,85,183,166
77,2,20,10,252,120,39,238,169,35
77,3,75,170,122,221,119,148,255,188
77,4,8,55,139,123,228,152,2,119
77,5,32,153,251,81,114,194,210,183
77,6,16,3,114,84,79,19,92,126
77,7,76,185,192,243,171,36,108,161
77,8,112,133,35,107,72,194,61,212
77,9,239,178,207,19,206,99,120,198
77,10,163,207,234,40,9,178,132,165
77,11,130,3,18,116,238,142,145,225
77,12,39,67,238,157,134,102,11,115
77,13,200,210,13,47,219,93,37,72
77,14,38,52,54,106,67,179,225,29
77,15,240,147,213,103,41,33,117,204
77,16,243,250,26,252,170,228,179,232
77,17,155,115,20,69,89,142,91,212
77,18,6,192,182,60,155,162,117,30
77,19,229,30,82,70,226,137,124,88
77,20,112,133,72,107,23,71,205,191
77,21,207,239,44,178,206,243,19,115
77,22,163,234,165,210,251,122,124,219
77,23,18,130,142,225,3,111,238,204
77,24,39,67,238,127,94,22,225,87
77,25,13,210,206,200,73,130,93,219
77,26,38,179,67,64,197,142,167,160
77,27,240,103,99,241,154,139,206,213
77,28,243,147,250,179,210,152,50,185
77,29,155,236,89,142,186,175,102,36
77,30,6,91,181,139,24,131,105,45
77,31,229,233,70,137,226,191,82,59
77,32,17,194,47,247,11,6,89,63
77,33,23,214,94,136,217,81,40,173
77,34,54,58,187,19,188,251,98,8
77,35,196,36,167,212,14,197,202,7
77,36,253,0,8,239,188,77,175,165
77,37,164,219,124,209,21,176,71,90
77,38,22,136,86,115,8,37,206,127
77,39,16,145,30,34,222,53,116,22
78,0,223,222,70,62,28,211,231,75
78,1,245,153,143,14,48,193,51,98
78,2,193,115,5,216,228,56,158,201
78,3,197,154,201,243,249,157,251,112
78,4,152,134,28,132,70,175,36,75
78,5,153,115,251,183,2,185,23,50
78,6,168,25,157,186,39,245,26,102
78,7,185,57,7,245,225,170,175,167
78,8,133,7,53,148,85,72,47,224
78,9,99,207,61,5,204,173,154,104
78,10,109,132,117,217,17,26,233,165
78,11,209,111,85,204,59,97,137,170
78,12,217,116,137,157,208,39,238,176
78,13,13,208,47,34,183,165,212,83
78,14,54,132,225,214,248,222,52,165
78,15,139,0,221,14,33,190,102,169
78,16,250,195,138,191,170,183,202,26
78,17,69,115,58,103,8,164,1,15
78,18,182,77,58,237,250,123,91,192
78,19,231,70,99,88,122,125,34,243
78,20,133,47,72,148,53,85,107,68
78,21,99,207,44,243,63,197,68,225
78,22,122,19,26,234,109,233,132,217
78,23,111,204,158,59,85,231,209,151
78,24,39,50,116,157,238,115,55,166
78,25,13,0,130,47,37,98,208,203
78,26,52,214,196,179,54,21,132,165
78,27,33,139,28,178,35,79,177,0
78,28,56,243,250,130,82,59,138,190
78,29,164,126,69,78,36,99,19,221
78,30,151,108,209,130,46,66,143,63
78,31,157,99,70,229,247,83,60,35
78,32,109,173,14,123,85,92,144,140
78,33,133,234,72,56,59,136,102,137
78,34,166,249,143,18,109,11,108,73
78,35,44,191,117,8,185,180,74,97
78,36,79,26,208,226,225,19,149,92
78,37,196,126,254,165,207,25,55,36
78,38,132,52,115,173,180,140,42,206
78,39,99,173,151,22,235,80,106,224
79,0,116,159,220,174,13,240,62,170
79,1,80,23,17,88,162,94,253,10
79,2,146,5,71,19,56,173,83,155
79,3,161,222,247,243,112,134,15,199
79,4,221,152,44,121,148,36,134,175
79,5,251,236,153,115,151,183,210,32
79,6,186,57,157,39,79,161,196,245
79,7,185,223,7,76,192,158,171,169
79,8,133,107,220,148,72,7,164,224
79,9,207,99,44,161,61,68,85,128
79,10,19,234,165,242,132,26,216,246
79,11,225,111,59,220,85,3,204,209
79,12,157,208,39,238,115,116,59,217
79,13,13,47,219,154,210,93,130,37
79,14,52,179,54,214,171,224,106,225
79,15,33,147,71,14,204,233,41,139
79,16,250,252,170,193,51,243,189,80
79,17,164,115,21,20,142,89,69,242
79,18,192,250,72,13,204,244,226,130
79,19,82,85,30,70,124,137,231,226
79,20,133,121,72,107,56,23,191,71
79,21,207,44,131,197,161,208,243,102
79,22,19,234,242,216,122,233,165,146
79,23,201,225,220,158,136,59,85,111
79,24,39,115,157,50,38,238,11,255
79,25,101,13,130,210,19,93,37,97
79,26,171,137,106,64,196,50,214,160
79,27,28,33,147,154,131,217,250,240
79,28,193,243,190,219,170,250,102,82
79,29,164,88,21,94,119,20,61,89
79,30,250,162,63,232,99,139,135,155
79,31,249,183,30,228,34,229,173,99
79,32,125,123,179,47,86,76,140,159
79,33,234,95,132,56,104,36,203,109
79,34,44,240,238,20,108,14,72,162
79,35,190,148,74,191,36,21,17,96
79,36,19,115,227,93,142,39,165,171
79,37,24,16,169,232,54,86,118,141
79,38,169,88,18,140,159,233,117,222
79,39,231,117,173,22,235,100,253,179
80,0,123,196,249,229,105,216,7,16
80,1,225,231,150,27,155,20,136,246
80,2,210,103,162,249,158,109,17,53
80,3,187,133,235,231,152,31,37,84
80,4,13,142,108,236,214,102,15,222
80,5,186,104,193,151,32,204,205,251
80,6,79,167,52,54,153,196,107,157
80,7,36,171,29,76,147,185,23,35
80,8,234,107,164,89,72,133,56,224
80,9,29,94,164,161,207,197,198,215
80,10,130,169,198,234,247,207,216,40
80,11,189,136,145,255,3,111,225,161
80,12,39,74,26,63,65,128,59,160
80,13,43,219,154,13,47,66,147,93
80,14,50,137,52,106,64,51,124,167
80,15,147,162,242,165,148,81,4,200
80,16,252,5,170,80,51,196,152,174
80,17,20,250,115,64,119,89,35,76
80,18,57,192,43,13,179,197,177,50
80,19,75,30,20,226,109,130,183,39
80,20,234,191,80,99,72,56,133,23
80,21,164,29,207,197,94,161,47,44
80,22,198,169,234,130,91,187,124,247
80,23,189,136,161,128,107,206,111,108
80,24,74,63,26,242,160,39,15,193
80,25,147,43,93,134,206,13,130,97
80,26,137,50,20,148,124,51,171,32
80,27,200,81,181,165,162,58,242,87
80,28,133,43,152,5,170,252,213,210
80,29,76,87,119,250,20,172,248,69
80,30,155,179,24,201,43,187,37,32
80,31,109,205,4,201,30,36,39,56
80,32,181,98,131,150,125,160,178,166
80,33,126,236,43,207,27,137,155,88
80,34,84,96,108,207,105,168,165,130
80,35,203,215,231,96,194,140,138,28
80,36,165,212,62,75,199,224,102,112
80,37,65,72,69,61,152,96,2,19
80,38,18,191,99,176,117,209,204,104
80,39,228,173,190,168,198,22,91,137
81,0,132,158,141,190,115,125,47,177
81,1,155,244,197,93,188,182,233,11
81,2,145,29,57,100,123,93,103,10
81,3,187,133,117,174,235,37,119,190
81,4,236,95,142,102,128,222,214,54
81,5,43,90,193,47,158,78,65,79
81,6,153,60,138,196,54,79,206,36
81,7,229,117,23,36,29,35,147,64
81,8,234,116,57,180,77,133,99,239
81,9,164,239,161,197,191,2,255,59
81,10,65,169,247,198,125,196,185,36
81,11,128,206,189,160,108,107,86,161
81,12,254,134,74,93,208,128,39,193
81,13,74,154,147,134,32,182,66,93
81,14,137,64,189,88,125,32,51,148
81,15,148,242,165,243,204,162,200,58
81,16,134,51,252,174,130,133,43,28
81,17,198,0,250,76,87,35,89,37
81,18,163,134,43,179,13,127,197,33
81,19,116,36,20,121,56,109,191,26
81,20,237,99,116,239,234,173,224,56
81,21,164,161,239,191,197,2,255,63
81,22,176,125,243,198,247,185,65,169
81,23,206,128,9,160,86,189,107,108
81,24,235,85,145,93,74,193,254,209
81,25,182,134,154,185,147,32,93,105
81,26,88,137,103,148,47,229,32,17
81,27,181,165,87,242,31,4,58,200
81,28,150,93,75,43,133,134,152,238
81,29,0,76,87,124,250,16,15,20
81,30,195,163,43,134,226,161,13,179
81,31,20,36,116,109,75,154,121,205
81,32,252,112,119,181,53,150,90,160
81,33,184,16,43,93,92,129,164,210
81,34,85,133,26,82,231,92,1,96
81,35,42,84,57,174,72,135,160,204
81,36,83,221,222,75,22,20,192,45
81,37,182,138,39,72,88,104,23,229
81,38,151,64,120,193,239,125,249,209
81,39,162,186,154,190,164,106,205,207
82,0,238,43,252,25,95,147,59,112
82,1,250,224,172,46,147,129,103,19
82,2,29,49,20,27,119,74,140,82
82,3,233,117,26,230,40,119,130,4
82,4,81,92,248,224,229,193,9,95
82,5,43,188,158,78,110,90,127,65
82,6,60,143,138,68,173,206,97,122
82,7,117,65,229,142,111,42,70,35
82,8,104,116,239,173,99,237,180,224
82,9,171,255,160,2,224,113,104,126
82,10,157,65,185,196,247,173,125,115
82,11,181,206,128,47,108,112,193,160
82,12,249,44,199,220,60,74,254,93
82,13,44,134,243,6,182,154,149,32
82,14,137,167,51,125,52,189,32,148
82,15,162,165,148,58,46,243,147,127
82,16,0,252,205,134,170,133,43,174
82,17,15,5,89,87,108,142,76,20
82,18,226,124,203,179,155,192,43,177
82,19,30,109,19,226,191,205,75,86
82,20,237,239,207,224,116,133,175,180
82,21,191,155,207,2,164,127,239,113
82,22,247,157,236,185,125,234,196,199
82,23,181,206,128,111,189,239,162,140
82,24,93,220,39,74,145,254,192,43
82,25,134,6,138,154,182,32,93,66
82,26,137,51,88,52,86,167,148,229
82,27,162,165,181,58,200,46,206,172
82,28,43,170,133,51,252,152,80,0
82,29,5,87,20,158,76,142,89,166
82,30,226,192,43,179,77,163,170,71
82,31,167,30,228,109,226,12,124,137
82,32,223,181,178,119,90,159,206,47
82,33,9,83,74,231,129,93,81,72
82,34,241,1,21,186,252,85,116,141
82,35,160,167,218,22,84,61,183,244
82,36,248,70,98,129,74,68,221,188
82,37,62,58,143,145,105,124,72,229
82,38,147,117,8,176,10,62,179,166
82,39,238,237,95,223,45,50,106,105
83,0,209,206,43,104,95,30,147,105
83,1,47,155,46,188,197,156,118,20
83,2,20,217,41,49,251,172,233,179
83,3,117,119,130,233,118,244,183,225
83,4,195,20,154,5,184,87,150,58
83,5,158,32,153,251,111,79,22,145
83,6,79,102,254,12,26,237,209,230
83,7,185,175,142,199,245,225,140,227
83,8,53,148,133,72,23,35,107,239
83,9,99,203,1,207,166,229,233,243
83,10,116,132,108,23,176,26,43,148
83,11,42,204,111,239,32,98,97,12
83,12,10,137,116,88,176,250,53,163
83,13,208,83,34,212,145,112,165,45
83,14,132,44,248,204,73,173,54,115
83,15,139,74,190,145,238,206,90,227
83,16,191,74,172,45,24,112,195,104
83,17,69,210,102,8,217,1,44,196
83,18,77,91,64,138,152,225,58,224
83,19,212,115,95,59,88,125,204,133
83,20,148,53,133,195,240,85,23,241
83,21,1,99,207,254,229,43,193,211
83,22,160,116,148,132,205,156,108,172
83,23,80,32,141,60,78,44,98,117
83,24,116,176,10,137,250,161,163,244
83,25,145,45,208,34,212,83,183,58
83,26,132,204,248,44,55,115,227,96
83,27,139,235,98,177,147,190,206,1
83,28,74,191,72,47,172,228,26,129
83,29,1,150,69,158,60,204,89,44
83,30,77,138,91,97,225,64,122,126
83,31,212,122,59,95,115,88,125,195
83,32,33,255,47,236,178,104,241,156
83,33,192,81,74,110,177,146,12,5
83,34,16,246,10,37,244,218,247,173
83,35,14,36,202,167,171,220,235,194
83,36,188,153,78,110,154,10,118,244
83,37,199,219,103,124,238,89,235,22
83,38,103,191,159,175,117,206,62,179
83,39,238,174,120,37,223,225,208,140
84,0,32,206,168,95,238,181,255,246
84,1,140,201,46,137,182,176,122,77
84,2,20,49,233,52,153,218,41,231
84,3,117,119,178,204,183,12,118,145
84,4,184,87,150,20,195,66,23,246
84,5,215,32,21,143,111,158,229,25
84,6,230,254,237,7,12,26,212,211
84,7,225,142,174,175,104,148,187,132
84,8,53,148,85,72,121,22,166,241
84,9,99,1,28,225,233,166,81,90
84,10,172,108,250,190,245,176,251,233
84,11,42,194,218,121,44,97,239,117
84,12,137,10,196,50,38,14,21,185
84,13,34,183,170,208,83,248,148,165
84,14,132,73,248,115,101,44,84,173
84,15,139,74,90,238,145,170,28,0
84,16,191,74,234,4,209,112,37,183
84,17,69,210,235,217,244,60,204,173
84,18,77,233,64,209,225,146,94,176
84,19,212,115,190,129,95,59,248,240
84,20,53,148,85,145,72,194,59,240
84,21,99,1,81,233,236,225,254,214
84,22,108,160,197,190,132,205,149,207
84,23,80,230,211,2,44,117,194,229
84,24,137,196,10,185,244,116,141,232
84,25,165,34,183,208,228,121,35,146
84,26,132,73,130,248,252,15,115,1
84,27,139,190,170,206,238,145,74,182
84,28,74,191,4,169,197,183,37,39
84,29,69,150,204,128,151,47,244,249
84,30,77,123,64,195,225,14,45,1
84,31,248,59,95,25,212,240,125,18
84,32,236,33,7,31,80,220,87,54
84,33,192,219,81,72,202,95,64,171
84,34,16,211,246,29,10,87,110,2
84,35,220,235,254,167,73,13,89,53
84,36,110,78,188,57,118,244,154,131
84,37,103,199,13,238,113,237,158,55
84,38,103,148,92,159,233,191,232,147
84,39,238,2,38,189,10,254,235,11
85,0,88,95,140,238,112,43,200,173
85,1,181,47,152,172,127,33,147,20
85,2,20,218,62,52,135,49,82,197
85,3,117,233,76,150,119,190,178,106
85,4,193,9,0,199,62,5,20,224
85,5,158,230,43,68,189,15,160,110
85,6,118,7,53,124,230,89,160,143
85,7,185,142,47,145,76,136,155,57
85,8,239,133,116,237,173,104,23,72
85,9,53,255,207,1,200,197,113,85
85,10,115,196,215,122,234,157,231,76
85,11,181,239,111,42,51,183,88,160
85,12,62,220,199,39,193,53,213,164
85,13,219,44,93,212,138,154,251,113
85,14,52,167,64,54,137,51,204,106
85,15,162,165,147,206,242,148,181,228
85,16,170,32,252,231,0,229,174,152
85,17,89,69,115,5,20,211,1,16
85,18,77,204,138,197,43,192,91,226
85,19,212,30,59,122,4,183,75,109
85,20,133,148,239,72,180,195,207,53
85,21,207,99,251,203,1,117,131,67
85,22,116,234,236,122,157,196,165,156
85,23,80,107,111,60,147,239,12,108
85,24,39,220,116,193,251,65,163,102
85,25,219,93,130,6,145,139,95,113
85,26,52,167,137,214,138,54,67,131
85,27,162,206,110,165,100,233,3,228
85,28,170,72,167,24,20,51,43,47
85,29,5,158,89,20,8,26,69,1
85,30,192,226,77,91,170,155,16,139
85,31,30,137,167,228,124,226,166,59
85,32,223,178,206,47,158,60,194,119
85,33,74,190,81,9,40,41,244,49
85,34,116,82,21,1,252,85,141,34
85,35,167,244,224,202,36,183,218,214
85,36,70,248,129,188,74,239,153,68
85,37,104,58,124,143,105,57,21,145
85,38,148,27,92,212,84,127,79,94
85,39,110,243,38,248,58,12,242,78
86,0,29,86,41,236,191,20,62,70
86,1,124,95,245,118,211,52,109,19
86,2,60,49,193,11,217,253,139,255
86,3,199,177,25,30,159,219,197,157
86,4,154,149,54,88,192,152,132,165
86,5,115,153,213,2,251,158,188,155
86,6,14,157,79,209,156,102,183,171
86,7,32,76,35,185,171,229,142,158
86,8,116,220,133,224,173,148,61,171
86,9,5,207,98,198,197,99,120,61
86,10,122,17,196,234,157,165,132,178
86,11,111,181,209,85,47,101,15,3
86,12,191,166,193,39,116,220,134,237
86,13,219,154,113,28,168,44,145,20
86,14,52,167,54,47,106,131,204,93
86,15,116,162,110,233,147,206,238,195
86,16,170,20,0,231,138,181,185,32
86,17,89,158,15,101,78,142,8,69
86,18,130,226,77,192,204,159,91,16
86,19,4,99,30,75,59,137,226,124
86,20,133,157,148,53,171,224,4,180
86,21,207,151,120,5,99,61,251,156
86,22,17,122,157,63,116,234,165,247
86,23,209,111,195,181,107,60,14,56
86,24,166,191,39,220,210,15,237,116
86,25,219,6,155,113,145,93,199,208
86,26,52,167,67,54,138,137,214,131
86,27,206,116,110,233,100,162,139,121
86,28,201,138,20,170,51,72,10,152
86,29,158,78,89,101,69,142,20,28
86,30,130,237,226,192,77,221,91,139
86,31,99,30,137,14,226,237,124,247
86,32,206,19,178,75,197,14,47,157
86,33,161,74,103,5,81,18,40,59
86,34,11,227,141,213,21,18,63,107
86,35,167,244,214,77,202,43,36,10
86,36,129,48,188,251,24,10,153,74
86,37,58,105,147,57,14,124,162,21
86,38,92,124,79,127,212,94,84,132
86,39,189,242,2,77,78,213,188,58
87,0,199,124,134,62,231,151,161,211
87,1,49,17,234,245,88,206,211,44
87,2,21,71,43,83,253,97,77,3
87,3,213,159,25,199,11,79,39,251
87,4,54,154,44,152,250,192,245,121
87,5,115,2,153,251,236,120,155,183
87,6,157,57,79,14,161,39,49,209
87,7,223,199,185,76,35,229,32,158
87,8,159,133,220,224,184,53,173,148
87,9,207,197,5,99,98,198,61,255
87,10,19,122,234,165,8,9,232,242
87,11,85,111,59,3,47,231,209,220
87,12,39,193,208,116,3,210,191,220
87,13,219,154,28,113,93,6,145,168
87,14,167,52,131,106,93,54,231,138
87,15,33,110,162,233,177,71,206,195
87,16,170,190,231,0,205,252,185,32
87,17,164,158,89,78,15,60,142,101
87,18,192,130,250,226,77,204,91,16
87,19,30,4,70,75,137,226,228,59
87,20,159,133,171,220,224,4,180,148
87,21,151,207,5,61,197,99,198,102
87,22,122,19,157,234,63,9,242,165
87,23,85,111,59,3,107,220,145,231
87,24,39,220,191,15,210,128,155,237
87,25,113,219,154,6,32,19,20,155
87,26,167,52,86,131,137,106,67,138
87,27,33,162,233,100,181,110,177,121
87,28,190,170,51,111,167,0,80,152
87,29,158,164,21,20,200,166,89,15
87,30,250,226,192,197,63,16,155,77
87,31,30,228,226,137,14,124,252,183
87,32,76,123,19,85,18,178,150,47
87,33,234,74,95,56,11,162,81,68
87,34,191,72,21,195,240,141,1,63
87,35,97,191,167,43,185,79,202,10
87,36,142,98,248,125,26,74,188,92
87,37,126,58,78,105,229,21,124,16
87,38,92,119,88,0,212,94,127,84
87,39,189,129,122,197,58,158,44,244
88,0,11,146,226,96,93,247,171,80
88,1,16,2,169,133,81,234,195,107
88,2,71,253,43,21,249,254,83,149
88,3,188,221,170,150,228,148,134,169
88,4,105,154,119,60,20,5,8,192
88,5,61,2,120,183,236,198,153,194
88,6,157,16,49,14,156,57,79,161
88,7,199,76,35,158,28,185,101,108
88,8,112,159,184,53,173,61,157,116
88,9,206,120,5,207,197,98,19,198
88,10,229,122,163,19,63,234,178,196
88,11,18,111,85,3,142,181,14,145
88,12,106,193,67,210,191,237,137,220
88,13,200,28,219,113,20,123,199,205
88,14,52,252,167,146,138,131,26,132
88,15,241,233,110,206,33,238,139,190
88,16,149,170,185,181,37,32,228,158
88,17,60,158,229,89,8,88,69,236
88,18,192,6,77,63,226,204,91,22
88,19,4,137,14,30,59,124,233,75
88,20,112,53,133,171,148,72,161,224
88,21,206,99,207,151,61,120,251,178
88,22,122,163,116,229,63,82,157,34
88,23,18,56,111,142,107,66,204,181
88,24,106,137,116,67,244,39,237,154
88,25,200,208,146,219,114,145,113,165
88,26,52,138,146,83,38,78,54,67
88,27,100,139,206,241,110,233,190,80
88,28,149,54,72,185,122,165,170,51
88,29,158,236,89,155,69,8,1,165
88,30,6,77,192,13,91,17,226,118
88,31,137,233,67,30,51,14,124,59
88,32,89,17,194,199,47,178,151,156
88,33,81,214,23,74,94,105,68,40
88,34,187,182,54,19,247,58,181,251
88,35,167,202,194,14,79,36,212,68
88,36,188,253,8,10,153,166,0,78
88,37,219,164,103,218,124,89,199,22
88,38,136,92,22,127,212,205,118,175
88,39,16,189,2,70,23,58,213,145
89,0,148,254,120,78,75,191,37,217
89,1,163,1,21,167,243,51,48,215
89,2,228,187,211,216,223,253,175,170
89,3,161,154,249,48,150,228,3,108
89,4,152,134,28,70,38,50,121,229
89,5,0,163,21,120,160,70,122,68
89,6,102,212,129,26,222,159,185,53
89,7,187,225,132,30,96,137,199,183
89,8,53,148,63,225,72,171,133,59
89,9,99,207,134,1,28,61,166,15
89,10,77,109,116,146,233,26,122,20
89,11,97,70,141,14,134,71,204,164
89,12,50,137,47,251,163,10,116,208
89,13,19,0,13,165,208,185,238,166
89,14,44,252,54,132,146,138,96,161
89,15,206,139,12,238,129,3,35,155
89,16,102,59,53,234,195,100,185,72
89,17,60,54,69,8,4,158,10,220
89,18,77,66,209,119,143,118,13,171
89,19,48,137,67,59,219,236,124,47
89,20,53,47,133,72,148,171,161,152
89,21,99,207,252,251,134,61,32,68
89,22,77,122,116,146,20,109,233,205
89,23,70,164,204,56,37,14,92,25
89,24,50,137,55,163,251,166,210,116
89,25,0,13,208,137,202,165,71,238
89,26,196,252,54,132,146,78,138,52
89,27,12,35,206,139,100,130,178,190
89,28,59,53,56,72,234,102,165,158
89,29,54,158,4,170,69,19,35,89
89,30,143,77,66,209,192,116,13,91
89,31,83,219,157,15,55,137,47,37
89,32,235,202,58,173,14,151,47,19
89,33,198,47,81,203,147,74,67,176
89,34,164,166,226,185,143,191,18,121
89,35,101,202,194,97,14,167,68,103
89,36,228,188,103,10,153,78,158,36
89,37,156,219,103,181,89,226,109,199
89,38,204,50,197,55,141,52,92,0
89,39,141,112,226,83,136,58,101,189
90,0,159,8,167,220,94,26,240,19
90,1,56,163,243,21,215,49,255,71
90,2,175,37,42,216,204,193,170,187
90,3,147,163,45,154,196,251,36,243
90,4,175,233,206,28,134,121,152,75
90,5,77,64,251,60,0,71,58,22
90,6,195,102,12,212,168,249,26,11
90,7,175,166,252,187,132,39,183,185
90,8,133,53,148,72,63,121,23,172
90,9,1,32,99,243,44,28,221,207
90,10,77,233,146,250,26,176,116,217
90,11,237,230,97,141,215,37,33,204
90,12,137,50,251,23,10,196,51,91
90,13,185,0,212,194,13,180,34,165
90,14,17,132,44,252,73,248,54,21
90,15,6,139,238,12,190,206,145,151
90,16,234,169,37,191,112,59,102,4
90,17,54,69,60,4,235,144,101,244
90,18,32,116,77,176,209,233,66,146
90,19,48,248,219,67,190,59,212,99
90,20,53,133,148,72,172,171,24,145
90,21,99,32,58,233,1,207,134,68
90,22,77,116,108,233,20,146,82,205
90,23,141,230,92,70,37,71,146,56
90,24,137,50,251,158,163,244,166,116
90,25,0,165,208,194,101,71,145,13
90,26,17,132,252,248,196,54,73,78
90,27,139,12,206,35,134,6,100,190
90,28,234,59,56,191,72,102,53,173
90,29,54,158,69,9,19,60,4,170
90,30,116,77,66,143,32,91,197,192
90,31,157,83,99,137,59,219,47,247
90,32,120,235,173,47,14,151,202,26
90,33,47,203,81,74,250,198,67,167
90,34,128,164,185,191,18,121,143,247
90,35,101,202,167,97,14,254,103,36
90,36,103,188,10,78,153,44,118,74
90,37,103,181,219,162,58,89,124,156
90,38,242,127,92,205,0,118,212,204
90,39,219,189,141,77,99,70,197,44
91,0,62,48,211,70,231,174,124,159
91,1,80,141,123,14,51,56,4,193
91,2,204,111,51,161,168,243,202,240
91,3,147,123,197,232,163,86,51,89
91,4,175,28,221,134,121,206,152,148
91,5,56,77,164,251,64,60,230,83
91,6,195,12,207,26,249,11,102,233
91,7,175,245,246,185,38,166,142,5
91,8,133,148,72,121,63,172,16,53
91,9,1,32,99,44,207,186,243,221
91,10,146,137,176,233,116,250,156,148
91,11,237,141,215,230,32,33,222,220
91,12,137,50,251,23,163,91,208,10
91,13,0,194,212,180,248,13,19,26
91,14,17,204,44,132,253,113,73,136
91,15,12,139,6,235,147,53,190,18
91,16,234,112,172,59,117,72,88,183
91,17,152,69,21,170,1,9,19,126
91,18,116,176,138,77,225,91,182,171
91,19,212,122,48,35,99,88,143,59
91,20,133,53,195,148,23,121,72,172
91,21,1,32,99,251,63,207,193,186
91,22,156,137,116,148,122,146,132,242
91,23,222,60,220,141,32,63,164,44
91,24,50,137,163,176,11,119,55,116
91,25,101,145,192,0,20,212,13,219
91,26,17,146,204,214,182,196,44,138
91,27,139,28,206,110,12,169,26,3
91,28,59,72,193,102,53,224,73,234
91,29,158,21,89,88,19,60,1,35
91,30,197,192,77,116,91,162,63,226
91,31,137,59,157,99,85,4,124,33
91,32,19,140,109,47,179,123,254,151
91,33,139,81,74,102,189,250,181,132
91,34,195,240,191,73,109,44,128,238
91,35,167,97,202,148,190,187,185,2
91,36,142,188,227,26,153,76,248,10
91,37,78,229,58,103,105,124,16,113
91,38,0,92,119,127,215,118,46,242
91,39,189,197,158,129,44,117,122,219
92,0,101,34,35,197,179,79,9,48
92,1,155,62,75,123,20,151,27,47
92,2,164,210,40,38,88,109,158,175
92,3,37,230,130,235,26,211,118,226
92,4,102,15,142,241,154,222,108,160
92,5,186,120,153,235,236,158,188,43
92,6,157,14,79,156,209,196,246,182
92,7,199,185,23,108,40,64,132,14
92,8,35,239,180,83,116,56,164,52
92,9,203,29,207,85,197,99,131,94
92,10,137,26,122,196,178,116,19,63
92,11,174,42,107,111,85,56,14,204
92,12,116,220,163,50,56,137,3,39
92,13,208,219,28,50,145,29,165,78
92,14,132,44,54,248,73,146,52,204
92,15,139,74,169,238,206,147,235,145
92,16,191,181,172,195,100,72,202,74
92,17,69,8,60,1,210,44,10,244
92,18,77,91,225,64,138,30,176,204
92,19,59,115,95,125,4,212,88,99
92,20,148,53,133,195,171,85,161,72
92,21,99,207,254,67,1,236,204,7
92,22,116,160,205,148,132,108,156,168
92,23,80,111,107,60,10,230,44,32
92,24,137,116,244,10,6,237,176,94
92,25,208,145,165,211,130,28,183,37
92,26,132,96,52,248,73,204,54,252
92,27,206,139,177,3,190,249,162,169
92,28,72,195,47,74,191,45,188,122
92,29,8,60,158,69,250,1,151,229
92,30,197,77,205,91,16,64,170,155
92,31,4,59,248,109,137,95,205,20
92,32,98,90,254,247,47,178,156,186
92,33,126,238,143,86,81,215,49,39
92,34,1,116,207,101,180,252,96,235
92,35,235,160,167,202,245,79,198,130
92,36,165,75,233,225,163,199,106,191
92,37,65,232,200,13,61,86,51,180
92,38,117,184,91,138,176,237,159,18
92,39,228,10,173,174,180,208,6,223
93,0,141,235,208,115,221,81,253,192
93,1,62,217,155,152,182,70,197,137
93,2,109,43,95,154,167,128,127,106
93,3,117,230,118,26,219,119,190,233
93,4,102,15,165,142,54,222,45,245
93,5,43,90,188,135,158,65,127,198
93,6,157,14,79,156,182,138,196,173
93,7,117,199,23,229,76,185,64,14
93,8,116,239,35,180,57,4,52,164
93,9,203,116,191,197,2,255,41,131
93,10,196,157,198,122,88,185,125,234
93,11,111,42,128,206,108,107,47,62
93,12,193,220,93,128,39,15,74,3
93,13,29,134,154,74,32,219,28,182
93,14,167,51,52,47,86,137,125,64
93,15,162,172,148,165,181,147,242,58
93,16,170,32,231,5,0,150,134,43
93,17,250,89,87,198,0,166,16,5
93,18,197,170,204,226,43,192,161,205
93,19,116,109,4,205,20,191,30,195
93,20,239,164,4,180,137,133,179,207
93,21,203,116,191,239,207,127,2,35
93,22,198,157,247,169,125,88,167,82
93,23,111,42,107,128,39,189,62,206
93,24,220,93,74,15,54,39,26,235
93,25,134,112,147,32,154,182,6,138
93,26,86,52,51,137,88,54,167,131
93,27,172,162,165,181,58,206,87,31
93,28,43,5,150,170,111,72,51,134
93,29,87,5,250,0,60,89,69,229
93,30,197,77,163,170,205,226,179,16
93,31,109,4,116,205,167,20,30,137
93,32,119,90,223,178,254,186,134,77
93,33,93,83,86,238,81,183,129,215
93,34,1,82,207,96,101,180,132,252
93,35,167,160,57,202,235,36,27,58
93,36,70,222,188,120,248,181,78,98
93,37,229,58,145,219,24,39,103,73
93,38,64,176,92,202,67,150,180,254
93,39,186,190,91,58,189,11,148,109
94,0,38,167,54,193,238,112,94,44
94,1,62,140,217,105,122,117,201,103
94,2,217,154,167,43,209,99,127,153
94,3,26,230,12,233,91,183,130,204
94,4,120,20,144,174,187,159,184,130
94,5,239,255,220,160,230,198,207,90
94,6,212,157,102,237,12,21,230,254
94,7,225,187,132,199,72,175,142,140
94,8,53,148,35,133,85,72,214,171
94,9,99,1,28,203,166,207,233,116
94,10,108,250,26,116,240,183,229,205
94,11,42,230,239,97,111,254,194,143
94,12,137,10,196,116,51,250,176,50
94,13,183,34,208,165,26,185,83,145
94,14,132,73,44,248,101,204,252,84
94,15,139,74,238,145,90,190,227,136
94,16,191,169,112,74,195,183,179,228
94,17,69,60,8,210,244,204,235,101
94,18,77,225,91,64,176,209,233,123
94,19,212,59,115,95,248,190,88,129
94,20,148,53,133,85,71,240,195,72
94,21,99,1,207,254,236,233,214,81
94,22,108,116,205,160,132,236,148,156
94,23,80,230,107,141,111,60,44,10
94,24,137,116,10,196,176,244,143,254
94,25,211,145,165,208,5,34,183,166
94,26,132,73,248,252,204,96,84,78
94,27,139,190,206,145,169,170,191,3
94,28,191,72,169,197,195,74,116,45
94,29,69,60,5,204,151,1,158,150
94,30,77,197,64,91,225,123,226,44
94,31,248,59,95,167,137,88,166,233
94,32,236,223,47,34,178,254,247,96
94,33,81,238,86,91,220,190,93,83
94,34,1,116,186,246,211,207,180,10
94,35,202,167,235,254,58,36,89,160
94,36,188,78,10,70,181,129,119,118
94,37,103,58,22,219,32,31,199,229
94,38,92,148,127,118,212,12,205,43
94,39,189,138,38,2,238,70,58,217
95,0,140,238,43,112,200,173,95,58
95,1,62,217,140,146,155,70,181,152
95,2,167,217,43,121,72,154,11,106
95,3,117,233,236,26,230,226,43,130
95,4,54,45,193,245,144,120,61,205
95,5,90,188,43,135,65,158,166,230
95,6,14,65,157,182,143,138,122,89
95,7,70,117,199,229,22,176,23,185
95,8,239,35,104,116,173,179,52,237
95,9,203,191,197,169,171,116,113,85
95,10,157,88,183,196,238,126,211,125
95,11,111,39,239,42,181,224,82,143
95,12,220,16,193,3,62,0,93,53
95,13,112,29,138,44,145,205,103,154
95,14,86,52,252,54,132,167,248,204
95,15,162,139,36,206,172,110,120,238
95,16,181,170,231,191,228,96,100,24
95,17,60,5,69,166,8,1,89,226
95,18,77,197,170,204,226,91,30,205
95,19,4,59,205,109,51,167,122,248
95,20,239,53,148,35,133,72,195,171
95,21,99,116,203,207,191,134,93,143
95,22,236,157,116,108,205,34,88,82
95,23,42,39,107,111,239,230,134,66
95,24,137,220,116,154,251,244,3,93
95,25,165,29,208,112,145,138,166,6
95,26,132,86,252,52,54,248,73,204
95,27,139,206,162,172,120,190,110,155
95,28,72,43,169,191,195,96,122,173
95,29,5,60,69,1,250,151,204,222
95,30,77,197,170,91,64,225,205,176
95,31,59,167,248,109,137,122,95,88
95,32,223,254,96,47,236,247,186,158
95,33,81,190,238,232,83,86,183,220
95,34,116,1,207,180,246,10,252,101
95,35,167,202,235,36,160,153,2,254
95,36,188,70,181,78,10,153,129,49
95,37,103,58,22,31,135,219,190,67
95,38,92,127,148,118,71,12,212,201
95,39,138,189,2,38,69,70,213,58
96,0,148,120,78,254,16,75,207,217
96,1,163,1,243,167,21,51,193,14
96,2,188,60,228,49,170,187,11,175
96,3,154,249,161,108,3,150,56,48
96,4,152,88,134,38,121,103,101,43
96,5,0,122,248,163,215,70,120,99
96,6,102,212,14,246,41,12,222,173
96,7,199,225,137,132,89,187,30,174
96,8,53,148,225,171,63,59,214,133
96,9,99,134,207,1,166,28,251,233
96,10,77,109,228,116,20,26,233,146
96,11,164,97,70,141,71,107,134,230
96,12,50,137,47,3,163,16,55,251
96,13,19,185,115,155,112,0,238,165
96,14,213,238,252,44,132,105,144,54
96,15,206,155,238,139,35,12,178,110
96,16,181,102,10,169,158,53,107,100
96,17,54,60,69,4,8,126,10,220
96,18,77,209,90,159,66,171,119,154
96,19,48,67,4,137,59,248,219,83
96,20,53,47,225,148,171,133,72,161
96,21,99,207,134,156,252,233,214,151
96,22,77,228,157,116,109,20,205,233
96,23,164,107,70,99,195,134,230,118
96,24,50,251,137,155,116,197,244,163
96,25,165,208,0,115,166,202,145,7
96,26,213,132,252,238,196,54,194,78
96,27,12,35,206,139,100,155,110,26
96,28,181,53,59,56,72,234,191,223
96,29,54,60,4,126,69,132,229,170
96,30,77,66,90,143,18,91,232,209
96,31,157,83,219,15,59,137,47,252
96,32,235,173,202,58,22,254,19,151
96,33,143,198,47,147,203,81,176,84
96,34,164,226,143,166,175,185,191,18
96,35,101,5,94,235,202,167,2,254
96,36,78,67,228,188,103,10,153,158
96,37,156,43,103,219,226,22,214,135
96,38,50,204,197,55,141,127,118,52
96,39,83,112,141,226,101,58,136,138
97,0,159,167,8,220,94,26,240,98
97,1,56,243,163,21,215,255,49,71
97,2,175,37,204,170,42,193,216,223
97,3,147,163,45,251,154,196,110,69
97,4,233,175,206,28,134,152,121,75
97,5,77,64,60,71,58,251,0,164
97,6,195,102,212,12,173,11,168,255
97,7,252,166,175,187,39,145,132,183
97,8,63,133,53,121,148,72,16,172
97,9,99,32,1,134,28,207,243,44
97,10,77,250,233,146,26,70,116,162
97,11,237,97,141,230,164,37,33,71
97,12,137,50,251,23,196,51,189,10
97,13,185,0,194,212,13,165,180,208
97,14,17,132,44,252,73,248,101,21
97,15,6,238,139,12,206,190,151,155
97,16,169,234,37,191,4,60,228,202
97,17,54,60,69,235,4,101,244,8
97,18,32,233,176,146,66,209,116,77
97,19,48,248,67,190,59,219,37,99
97,20,53,72,133,148,172,91,171,242
97,21,32,99,233,58,134,81,207,214
97,22,77,108,116,233,229,194,228,20
97,23,164,230,141,70,134,217,118,174
97,24,137,50,251,158,196,244,11,195
97,25,165,0,208,194,71,166,40,101
97,26,132,17,213,252,73,248,84,194
97,27,12,206,139,35,6,134,145,100
97,28,234,181,191,102,56,59,169,72
97,29,60,54,69,151,132,19,204,4
97,30,116,77,66,90,91,232,176,64
97,31,59,199,137,157,248,83,228,252
97,32,235,254,173,120,48,22,236,47
97,33,47,203,81,143,107,250,167,198
97,34,128,175,185,143,195,191,18,164
97,35,101,5,94,167,235,2,202,85
97,36,67,78,103,188,246,10,152,44
97,37,103,43,135,22,60,161,162,181
97,38,127,118,163,242,201,212,234,30
97,39,138,219,70,77,141,1,215,116
98,0,62,48,211,174,231,201,70,203
98,1,80,141,123,14,235,193,109,121
98,2,204,111,51,161,168,243,240,202
98,3,147,123,197,232,163,86,51,45
98,4,175,28,221,152,206,134,148,44
98,5,56,77,164,230,60,58,251,64
98,6,195,12,26,102,212,207,213,246
98,7,175,246,38,245,185,5,142,183
98,8,133,16,63,72,148,121,53,50
98,9,1,99,32,44,207,28,186,134
98,10,146,137,233,116,26,250,242,156
98,11,141,222,237,164,220,230,97,215
98,12,137,50,251,163,23,91,10,208
98,13,26,212,185,0,19,194,13,145
98,14,17,132,73,44,213,204,136,252
98,15,139,6,12,238,206,235,191,145
98,16,234,112,183,102,169,88,59,60
98,17,69,60,21,152,9,19,126,1
98,18,209,77,176,90,123,91,116,225
98,19,212,248,99,59,48,122,85,137
98,20,53,133,148,172,72,195,171,23
98,21,99,1,32,81,214,63,68,207
98,22,137,242,228,108,205,116,146,148
98,23,222,164,220,107,218,70,174,230
98,24,137,11,50,251,116,3,158,163
98,25,101,145,165,71,0,183,26,208
98,26,132,213,73,252,204,54,194,248
98,27,139,206,28,169,134,249,3,177
98,28,72,181,169,191,102,4,195,178
98,29,60,69,21,222,132,1,151,204
98,30,77,90,91,64,188,232,225,71
98,31,59,199,248,95,137,85,88,54
98,32,254,48,247,236,109,123,47,22
98,33,139,107,189,81,143,102,250,181
98,34,240,175,252,195,67,220,10,56
98,35,5,94,235,167,85,2,202,89
98,36,78,246,152,188,67,195,248,142
98,37,103,135,22,43,161,60,32,67
98,38,127,201,234,118,9,163,30,119
98,39,1,250,246,138,92,215,70,203
99,0,78,62,148,223,75,211,186,120
99,1,123,143,37,14,162,1,182,193
99,2,62,228,110,207,92,150,107,40
99,3,251,201,155,22,200,157,112,16
99,4,152,71,148,94,134,70,36,216
99,5,164,122,210,0,77,84,70,58
99,6,92,102,82,235,125,123,212,12
99,7,228,187,225,132,243,246,4,174
99,8,53,47,148,72,85,121,7,59
99,9,99,28,63,134,1,96,207,81
99,10,109,250,233,207,190,245,217,7
99,11,216,153,15,230,186,165,44,137
99,12,137,50,55,47,21,10,244,143
99,13,185,165,0,145,183,34,166,14
99,14,132,73,101,248,17,44,252,194
99,15,0,74,178,248,139,206,190,197
99,16,230,4,169,191,183,195,234,82
99,17,69,244,210,58,222,60,19,169
99,18,108,176,53,123,64,77,233,225
99,19,60,248,190,240,129,212,59,25
99,20,47,53,38,145,148,7,72,85
99,21,99,32,96,214,63,81,28,231
99,22,108,0,245,233,207,190,109,140
99,23,216,153,15,230,61,116,92,59
99,24,137,47,244,196,50,24,158,55
99,25,0,165,183,208,34,180,194,100
99,26,132,73,101,248,252,177,84,31
99,27,248,139,178,74,206,90,145,18
99,28,230,4,169,191,183,235,54,37
99,29,69,151,204,236,190,244,47,222
99,30,69,123,176,64,225,77,45,212
99,31,248,240,95,59,60,34,157,233
99,32,195,7,236,86,248,146,31,58
99,33,133,37,97,250,36,94,75,176
99,34,212,255,249,80,10,246,19,187
99,35,121,180,129,49,103,166,38,136
99,36,21,78,188,8,138,147,228,10
99,37,244,214,103,219,22,109,68,110
99,38,177,141,156,222,252,18,237,115
99,39,127,83,209,142,138,112,251,66
100,0,52,234,26,167,210,17,54,240
100,1,143,37,182,39,151,72,255,198
100,2,92,33,150,110,62,86,53,5
100,3,201,22,251,163,155,51,157,56
100,4,94,152,206,71,36,134,38,43
100,5,164,64,58,122,77,136,95,8
100,6,235,92,125,195,102,123,12,237
100,7,228,181,225,187,40,243,132,4
100,8,53,148,133,72,121,85,7,16
100,9,99,28,63,134,186,1,81,96
100,10,250,218,207,233,217,26,190,245
100,11,216,153,114,15,230,97,44,163
100,12,137,3,21,10,50,99,143,11
100,13,185,38,183,165,145,194,14,180
100,14,132,73,252,101,230,17,177,248
100,15,248,0,139,74,206,108,70,238
100,16,169,230,181,4,37,183,191,162
100,17,144,60,244,218,197,69,210,79
100,18,123,141,176,108,233,69,77,64
100,19,248,190,60,114,233,129,240,94
100,20,172,53,38,148,145,57,7,171
100,21,214,99,58,81,96,71,221,28
100,22,108,76,0,102,245,207,140,218
100,23,153,216,92,230,15,217,61,40
100,24,137,196,24,105,106,158,244,99
100,25,165,180,216,194,34,209,64,208
100,26,132,73,252,177,248,101,31,136
100,27,139,74,248,206,151,145,6,90
100,28,169,191,230,4,37,183,235,54
100,29,69,204,151,244,65,47,236,100
100,30,123,176,69,77,45,64,225,91
100,31,248,240,95,114,190,59,233,186
100,32,195,236,31,7,146,64,86,220
100,33,97,37,94,133,36,21,118,217
100,34,212,187,211,246,255,10,70,19
100,35,129,49,103,202,167,254,89,196
100,36,234,78,8,188,34,0,10,92
100,37,103,90,22,219,32,226,68,94
100,38,127,22,118,205,59,69,191,189
100,39,23,16,68,36,45,222,10,224
101,0,181,82,107,251,68,39,83,246
101,1,183,40,96,166,39,209,9,237
101,2,112,33,7,191,242,197,178,125
101,3,51,169,14,158,138,100,105,195
101,4,156,152,20,182,145,216,7,227
101,5,174,19,142,122,0,232,84,123
101,6,123,125,194,235,92,149,204,59
101,7,228,4,225,187,195,243,132,169
101,8,53,148,85,38,59,157,213,112
101,9,99,28,199,214,81,30,166,233
101,10,68,226,250,108,245,190,207,251
101,11,64,216,130,207,163,252,230,40
101,12,137,106,10,196,21,99,185,91
101,13,164,34,216,195,183,230,185,208
101,14,132,73,248,101,136,113,216,180
101,15,74,139,145,0,90,120,170,241
101,16,169,191,183,4,149,179,37,162
101,17,101,26,210,244,69,112,65,60
101,18,123,176,64,225,77,55,233,162
101,19,237,190,248,233,34,186,129,212
101,20,53,157,148,72,50,145,65,133
101,21,99,214,201,81,1,236,43,231
101,22,108,68,245,82,197,229,95,140
101,23,180,64,216,230,40,92,61,82
101,24,137,196,167,91,106,105,58,251
101,25,216,34,165,180,164,183,246,200
101,26,132,216,136,12,248,73,130,252
101,27,139,183,74,190,90,151,238,191
101,28,191,169,38,14,183,147,63,60
101,29,69,101,26,100,204,65,244,99
101,30,123,176,55,77,45,172,64,225
101,31,248,237,190,240,92,186,95,138
101,32,7,31,224,64,236,197,115,220
101,33,179,156,201,72,217,21,118,206
101,34,217,211,49,70,246,10,213,196
101,35,224,129,39,202,254,167,194,58
101,36,255,78,188,24,34,10,239,82
101,37,103,50,219,22,90,32,199,55
101,38,146,127,106,118,205,189,32,105
101,39,10,85,177,36,13,114,70,45
102,0,233,109,24,65,29,163,218,86
102,1,22,236,226,163,21,14,243,85
102,2,139,221,83,178,112,185,242,5
102,3,14,2,201,51,251,113,247,22
102,4,152,243,132,180,155,134,43,188
102,5,213,19,122,31,67,123,84,70
102,6,18,125,102,245,100,123,114,204
102,7,61,169,187,225,11,228,132,4
102,8,242,38,148,53,157,7,171,213
102,9,99,28,81,233,30,207,229,214
102,10,250,226,233,17,251,108,235,117
102,11,151,216,97,79,156,164,17,217
102,12,137,10,32,196,91,99,217,50
102,13,185,34,183,238,165,216,222,208
102,14,132,72,101,73,248,21,113,189
102,15,74,0,139,170,90,116,79,145
102,16,169,191,4,183,201,162,131,37
102,17,101,244,210,69,235,99,60,151
102,18,237,233,66,123,153,77,225,176
102,19,67,248,190,237,114,27,206,34
102,20,53,38,242,157,59,148,57,7
102,21,99,214,233,201,81,20,146,58
102,22,109,233,108,245,82,17,28,197
102,23,151,217,180,164,216,162,40,209
102,24,137,196,91,251,50,99,184,167
102,25,216,0,34,165,208,115,230,166
102,26,216,132,196,12,248,73,130,113
102,27,79,139,183,238,151,35,206,16
102,28,191,201,169,183,147,38,144,13
102,29,69,101,244,126,99,204,151,114
102,30,237,176,123,77,66,214,51,73
102,31,248,67,190,236,186,83,92,25
102,32,75,7,31,220,173,139,236,64
102,33,198,182,203,161,59,206,72,224
102,34,205,164,211,227,94,246,166,29
102,35,39,167,254,58,129,202,106,14
102,36,78,55,251,252,188,148,172,10
102,37,103,15,219,22,92,196,32,94
102,38,124,127,52,106,118,32,205,189
102,39,27,45,72,166,36,224,10,120
103,0,218,250,65,29,212,136,41,86
103,1,157,88,241,101,14,227,206,230
103,2,83,192,131,45,139,147,112,72
103,3,53,2,14,239,22,45,213,189
103,4,152,155,215,239,122,180,134,243
103,5,67,122,14,254,95,0,145,12
103,6,102,18,175,152,129,195,2,136
103,7,161,145,187,169,174,88,132,225
103,8,53,242,148,38,171,72,59,49
103,9,99,32,28,214,81,233,231,199
103,10,250,233,31,226,159,117,108,190
103,11,79,17,151,216,109,194,217,97
103,12,137,50,196,91,10,105,185,143
103,13,185,0,195,13,34,183,159,201
103,14,132,101,73,235,17,248,21,44
103,15,139,74,44,146,170,127,90,208
103,16,169,234,4,191,183,235,37,186
103,17,235,69,49,101,210,244,213,144
103,18,123,237,153,67,225,233,176,77
103,19,248,190,67,48,34,38,91,240
103,20,53,172,148,72,47,91,242,171
103,21,99,214,32,81,233,58,143,204
103,22,108,245,102,95,250,159,109,82
103,23,28,151,180,40,230,109,215,194
103,24,137,196,91,50,185,105,158,102
103,25,216,194,0,34,165,208,183,149
103,26,132,73,235,248,216,17,252,113
103,27,139,44,127,141,82,238,190,178
103,28,63,38,191,169,183,138,177,235
103,29,69,249,213,101,99,244,204,47
103,30,123,176,172,66,151,77,14,99
103,31,248,114,186,173,236,83,190,34
103,32,31,64,75,236,7,173,220,157
103,33,5,59,203,28,118,161,72,103
103,34,205,227,211,246,11,94,18,223
103,35,129,235,39,254,132,167,99,14
103,36,251,78,92,188,49,148,10,154
103,37,103,244,219,15,22,55,200,127
103,38,127,173,124,205,118,164,101,185
103,39,166,27,45,72,167,183,10,120
104,0,50,234,188,111,144,92,172,250
104,1,157,88,44,198,133,235,251,158
104,2,94,205,218,127,83,131,183,112
104,3,53,14,194,22,76,251,186,189
104,4,152,239,149,221,155,188,243,215
104,5,122,77,9,56,95,82,29,0
104,6,18,2,100,129,175,102,213,204
104,7,161,145,169,225,187,174,183,88
104,8,53,242,148,38,72,16,59,7
104,9,99,32,28,81,233,199,1,130
104,10,250,233,82,226,108,95,217,245
104,11,79,17,216,151,28,230,215,143
104,12,137,91,50,32,196,10,51,23
104,13,185,216,0,180,194,34,195,165
104,14,132,73,17,101,35,248,189,72
104,15,139,44,6,82,74,141,0,238
104,16,228,169,183,234,191,63,4,154
104,17,49,69,144,101,235,112,210,249
104,18,123,151,99,66,67,195,233,176
104,19,248,190,67,186,48,239,114,189
104,20,50,172,53,72,148,157,242,145
104,21,214,99,210,58,32,98,71,143
104,22,82,95,108,93,238,102,192,245
104,23,28,224,180,90,92,40,61,51
104,24,105,137,91,196,102,158,213,184
104,25,216,194,34,0,180,205,165,221
104,26,216,132,113,73,17,136,31,101
104,27,82,139,141,183,190,74,238,191
104,28,63,191,228,169,183,201,38,235
104,29,69,101,204,249,100,47,99,151
104,30,123,66,77,172,199,176,99,14
104,31,248,34,95,59,114,240,190,186
104,32,31,7,236,146,14,86,64,197
104,33,103,203,59,118,36,206,81,72
104,34,11,227,246,211,18,10,94,90
104,35,129,202,103,254,11,13,167,196
104,36,48,78,188,251,10,118,92,154
104,37,103,22,162,55,219,238,32,94
104,38,127,124,118,205,106,32,173,131
104,39,77,70,224,45,30,116,177,13
105,0,70,62,211,223,222,192,199,139
105,1,14,193,49,101,230,48,42,72
105,2,83,3,94,143,115,112,235,199
105,3,22,53,111,14,89,251,201,45
105,4,44,152,134,188,175,28,36,38
105,5,122,177,70,58,56,19,82,7
105,6,237,240,152,125,100,96,199,149
105,7,169,225,145,132,38,228,187,175
105,8,50,53,148,72,16,181,133,59
105,9,99,58,1,210,28,231,81,186
105,10,108,82,226,242,93,95,195,172
105,11,28,218,215,104,61,82,224,230
105,12,137,91,78,105,88,10,184,51
105,13,216,234,194,149,242,212,145,221
105,14,136,132,73,35,216,17,31,113
105,15,108,141,82,74,53,139,28,6
105,16,169,183,162,112,248,193,37,191
105,17,144,69,125,101,25,210,249,33
105,18,123,99,195,35,151,30,199,176
105,19,248,114,239,212,186,190,85,138
105,20,172,50,53,148,72,181,145,127
105,21,210,58,214,71,201,99,221,81
105,22,82,95,11,195,93,192,216,108
105,23,28,180,215,24,104,41,40,224
105,24,105,137,88,167,196,158,78,91
105,25,216,221,234,34,194,165,64,19
105,26,216,132,73,136,203,113,101,35
105,27,139,183,74,82,6,28,108,141
105,28,63,162,169,4,191,193,183,235
105,29,69,99,21,88,151,249,244,9
105,30,123,99,162,77,91,151,64,73
105,31,34,114,248,59,28,236,240,190
105,32,7,236,123,86,179,104,31,34
105,33,139,28,95,118,36,104,132,11
105,34,240,44,238,211,10,246,90,70
105,35,148,190,235,103,129,202,254,191
105,36,78,227,188,142,147,26,115,110
105,37,103,78,27,22,55,169,94,219
105,38,215,251,119,127,131,173,118,169
105,39,158,122,117,45,10,165,222,103
106,0,18,233,185,40,117,171,22,121
106,1,13,43,133,81,169,223,66,107
106,2,107,22,164,242,112,218,31,131
106,3,14,53,201,150,148,76,111,19
106,4,139,8,228,122,152,55,105,65
106,5,18,114,14,61,122,0,58,223
106,6,114,3,125,123,90,59,178,43
106,7,187,4,228,108,44,169,174,225
106,8,122,53,148,85,213,7,59,171
106,9,178,217,99,227,81,19,214,207
106,10,250,163,207,245,108,7,62,31
106,11,216,142,116,247,109,18,241,122
106,12,67,137,21,10,32,186,217,12
106,13,200,183,34,140,165,238,208,156
106,14,38,132,73,101,113,194,248,157
106,15,120,74,0,170,197,139,103,238
106,16,169,4,191,183,37,149,235,195
106,17,244,69,88,210,58,236,155,22
106,18,123,162,6,233,225,64,176,77
106,19,248,34,240,233,190,129,186,59
106,20,53,148,85,172,7,145,50,241
106,21,178,217,99,214,81,231,1,243
106,22,108,62,163,251,190,121,245,250
106,23,142,247,109,207,61,82,40,18
106,24,137,196,12,113,106,67,51,186
106,25,1,165,183,200,216,34,254,174
106,26,132,38,101,73,113,248,157,194
106,27,120,139,74,170,197,66,241,183
106,28,13,183,191,211,122,142,169,4
106,29,69,190,213,222,65,58,236,244
106,30,123,186,6,225,77,11,91,212
106,31,34,248,59,3,231,240,88,233
106,32,96,236,186,7,116,199,31,34
106,33,151,11,28,118,21,58,81,72
106,34,12,205,180,246,10,196,101,70
106,35,153,99,14,103,202,129,116,254
106,36,49,78,188,8,10,158,181,253
106,37,103,193,22,15,31,219,32,199
106,38,239,127,118,139,80,189,22,136
106,39,9,68,241,72,244,16,103,183
107,0,57,56,165,127,59,110,102,153
107,1,119,135,134,179,222,63,220,137
107,2,239,238,89,234,181,127,174,22
107,3,70,42,55,171,19,194,90,76
107,4,122,254,138,74,139,17,133,215
107,5,249,114,24,18,14,11,169,3
107,6,90,243,114,178,194,3,166,186
107,7,187,56,225,19,16,230,131,3
107,8,122,85,53,120,65,148,214,50
107,9,148,217,96,99,214,58,227,81
107,10,46,24,108,250,121,189,31,226
107,11,210,93,207,214,82,41,154,109
107,12,137,12,105,51,113,77,244,67
107,13,1,34,216,205,208,100,174,141
107,14,31,73,132,101,154,38,113,248
107,15,74,120,108,197,203,136,0,141
107,16,162,175,4,169,191,37,38,235
107,17,88,244,235,249,69,210,22,58
107,18,123,162,67,60,53,188,233,63
107,19,248,34,240,190,138,245,199,186
107,20,53,120,172,7,85,65,148,145
107,21,148,214,99,58,210,231,81,217
107,22,108,121,24,46,251,189,44,53
107,23,210,40,82,207,183,148,230,215
107,24,137,113,12,78,196,88,24,105
107,25,216,165,1,183,166,254,34,252
107,26,132,101,73,31,194,76,157,113
107,27,203,139,74,70,108,170,183,66
107,28,211,162,169,191,183,13,161,4
107,29,69,190,214,222,99,58,204,251
107,30,123,186,188,77,225,11,176,172
107,31,199,248,59,231,88,114,91,186
107,32,18,221,48,236,31,7,102,115
107,33,96,107,151,28,121,21,224,58
107,34,208,175,70,64,56,10,211,246
107,35,85,94,99,2,235,132,194,129
107,36,195,152,246,78,188,158,67,202
107,37,103,56,161,43,60,22,135,219
107,38,195,201,127,234,9,163,118,30
107,39,246,1,138,250,92,215,203,45
108,0,234,144,172,122,188,111,92,186
108,1,111,251,198,3,71,14,255,79
108,2,234,150,239,15,110,230,89,86
108,3,42,22,201,95,116,132,218,251
108,4,152,94,71,112,12,134,78,104
108,5,18,122,3,123,0,232,84,136
108,6,178,243,235,174,204,125,73,2
108,7,187,132,174,225,108,181,11,243
108,8,53,85,148,65,213,246,214,59
108,9,96,99,19,245,67,28,214,58
108,10,250,7,46,108,31,235,251,9
108,11,153,207,130,210,116,114,241,230
108,12,137,206,12,51,10,113,196,244
108,13,1,34,165,183,238,208,216,166
108,14,132,101,73,154,220,248,194,72
108,15,0,74,248,203,103,145,197,190
108,16,4,78,178,191,38,183,169,37
108,17,244,69,208,210,58,100,236,173
108,18,123,162,233,67,188,11,69,64
108,19,54,34,248,133,3,186,233,91
108,20,53,65,68,148,122,145,172,85
108,21,96,99,245,19,81,214,243,231
108,22,108,251,0,46,121,190,9,218
108,23,210,153,130,114,207,15,40,109
108,24,137,196,12,51,24,106,113,244
108,25,1,165,183,200,34,254,216,174
108,26,101,132,65,38,163,252,194,73
108,27,139,248,103,134,228,206,241,78
108,28,78,183,15,185,54,191,178,169
108,29,69,208,65,120,236,177,222,99
108,30,6,69,123,77,225,45,176,171
108,31,3,133,28,233,59,248,54,88
108,32,195,137,146,31,236,194,34,162
108,33,97,117,94,36,37,75,28,217
108,34,212,187,54,10,19,23,246,255
108,35,116,14,194,7,103,93,68,167
108,36,78,0,57,8,234,188,10,158
108,37,103,84,219,22,164,199,95,206
108,38,136,22,127,239,118,106,47,139
108,39,16,23,68,145,45,70,103,222
109,0,62,124,211,50,223,231,174,198
109,1,153,48,40,14,165,49,193,68
109,2,13,95,94,178,45,227,143,237
109,3,132,247,201,22,251,197,111,81
109,4,152,180,188,134,175,36,121,37
109,5,3,4,42,115,19,111,58,222
109,6,178,12,161,33,172,145,243,102
109,7,187,246,225,174,183,132,167,129
109,8,53,148,50,85,252,59,72,145
109,9,99,28,81,186,1,231,58,166
109,10,108,251,250,233,235,45,226,121
109,11,121,230,241,217,82,218,194,201
109,12,137,10,12,196,31,50,198,168
109,13,180,34,194,216,165,183,212,185
109,14,132,17,163,73,248,113,101,115
109,15,190,139,238,0,74,206,197,138
109,16,178,183,112,15,234,191,88,60
109,17,69,96,208,152,144,249,44,219
109,18,123,176,77,195,99,151,250,141
109,19,54,133,212,239,85,3,114,44
109,20,72,133,172,53,195,148,50,135
109,21,99,1,245,32,243,210,214,58
109,22,108,251,135,233,45,190,38,226
109,23,121,201,59,230,117,61,63,0
109,24,137,198,50,158,148,11,10,109
109,25,0,183,19,216,71,165,101,1
109,26,163,132,17,248,101,115,6,252
109,27,139,28,134,190,228,0,145,170
109,28,193,15,183,178,235,4,219,196
109,29,88,69,21,61,96,9,151,94
109,30,162,99,225,151,19,123,64,250
109,31,34,85,3,59,88,133,114,43
109,32,179,125,85,236,140,86,123,7
109,33,102,132,56,28,139,104,36,181
109,34,44,238,73,195,121,143,72,240
109,35,190,148,74,191,187,129,80,116
109,36,115,227,138,26,165,39,142,235
109,37,27,169,16,6,78,165,202,160
109,38,169,239,119,251,159,5,93,215
109,39,117,231,103,80,158,235,122,179
110,0,123,229,249,196,7,105,216,104
110,1,225,231,150,27,155,20,246,106
110,2,4,17,103,227,162,210,163,26
110,3,152,187,133,235,31,231,84,37
110,4,236,13,142,108,102,222,167,15
110,5,104,186,6,193,204,161,207,41
110,6,167,153,123,125,178,93,246,43
110,7,199,29,187,23,185,225,108,132
110,8,89,234,53,148,85,59,41,171
110,9,29,94,99,164,28,207,233,81
110,10,130,250,169,207,26,235,190,108
110,11,189,216,107,97,170,159,174,248
110,12,63,137,26,3,10,21,32,116
110,13,43,183,147,97,208,83,170,29
110,14,132,20,124,248,73,44,101,189
110,15,139,74,0,81,190,145,170,206
110,16,5,183,195,196,191,37,100,169
110,17,69,172,210,60,8,58,61,250
110,18,77,57,187,179,225,0,233,123
110,19,130,59,190,115,240,88,6,25
110,20,234,53,85,148,72,89,195,171
110,21,29,94,99,164,81,207,126,105
110,22,130,169,207,113,250,198,245,132
110,23,189,161,107,44,97,134,174,216
110,24,63,26,128,74,160,3,15,116
110,25,43,147,97,208,165,130,50,183
110,26,20,132,124,248,148,73,252,84
110,27,200,139,81,170,206,169,74,190
110,28,133,195,196,5,4,72,43,151
110,29,76,151,172,250,204,60,61,69
110,30,179,64,187,91,205,77,123,225
110,31,59,4,205,109,130,88,95,12
110,32,98,186,99,247,47,254,236,181
110,33,238,126,28,143,86,183,73,81
110,34,84,101,96,207,180,62,246,10
110,35,235,160,202,203,167,133,254,134
110,36,78,165,188,119,98,70,110,181
110,37,65,103,6,226,61,144,232,19
110,38,117,159,184,176,182,18,207,191
110,39,228,180,10,48,198,208,148,164
111,0,141,235,115,190,221,253,47,125
111,1,93,155,244,46,21,68,182,152
111,2,10,57,145,103,121,34,123,53
111,3,230,12,162,26,190,78,3,204
111,4,67,236,144,142,95,179,91,127
111,5,47,90,193,188,135,176,43,192
111,6,215,153,167,60,246,173,143,121
111,7,199,23,185,176,117,29,229,64
111,8,239,116,234,180,89,52,57,4
111,9,126,191,116,94,164,197,85,131
111,10,248,169,198,130,36,196,120,26
111,11,233,189,107,161,36,111,174,185
111,12,93,3,63,26,74,15,128,134
111,13,29,147,43,134,33,154,97,95
111,14,86,124,51,147,54,47,20,214
111,15,162,81,200,206,147,139,129,181
111,16,5,156,196,170,32,151,152,133
111,17,172,60,250,8,61,166,69,76
111,18,179,187,77,57,128,205,91,161
111,19,4,205,109,59,137,12,120,191
111,20,239,234,53,148,212,180,133,179
111,21,207,94,126,116,164,191,29,99
111,22,236,198,169,130,248,116,178,157
111,23,189,42,107,111,36,56,140,128
111,24,93,63,15,74,26,116,220,3
111,25,6,147,43,134,33,29,208,130
111,26,86,51,52,124,96,54,138,132
111,27,206,162,200,81,3,100,181,139
111,28,43,5,133,72,156,195,170,32
111,29,172,250,76,5,229,8,87,89
111,30,179,16,77,187,205,91,163,17
111,31,109,137,4,205,59,116,124,12
111,32,119,223,186,47,156,181,178,247
111,33,238,93,183,86,73,81,83,232
111,34,82,207,96,180,101,1,84,62
111,35,167,160,202,57,153,212,235,36
111,36,70,181,98,248,188,119,34,120
111,37,58,31,103,219,22,43,229,175
111,38,92,148,118,127,64,12,95,212
111,39,189,186,138,38,238,70,2,69
112,0,38,167,193,54,238,94,112,44
112,1,46,105,122,137,47,117,58,20
112,2,128,121,172,179,20,241,53,233
112,3,26,230,233,12,210,117,143,183
112,4,144,145,20,179,81,187,236,246
112,5,145,220,239,255,32,85,90,106
112,6,230,96,254,98,118,206,21,199
112,7,225,187,72,230,142,145,174,132
112,8,53,148,85,72,133,239,59,15
112,9,99,28,1,30,166,186,81,233
112,10,108,176,250,23,134,115,240,245
112,11,230,42,239,214,97,44,217,33
112,12,137,10,196,21,250,176,116,201
112,13,34,180,183,83,208,170,14,212
112,14,132,73,248,44,204,173,17,253
112,15,139,190,74,235,238,145,227,90
112,16,191,234,74,112,172,24,183,104
112,17,69,210,44,152,192,1,217,196
112,18,77,91,102,64,225,224,138,47
112,19,212,115,95,59,125,190,1,88
112,20,148,53,133,195,72,85,240,145
112,21,99,1,214,254,207,236,204,233
112,22,108,116,205,132,236,160,147,41
112,23,80,230,32,141,42,111,107,10
112,24,137,196,10,116,195,50,244,43
112,25,34,5,145,165,183,208,119,64
112,26,132,73,252,248,204,130,54,238
112,27,139,190,206,208,170,145,169,134
112,28,191,72,169,183,197,47,158,195
112,29,69,5,204,60,1,151,222,125
112,30,77,123,225,64,91,205,45,97
112,31,59,248,95,88,135,240,233,122
112,32,236,96,223,186,47,255,247,254
112,33,238,81,73,86,190,232,72,28
112,34,116,246,207,180,10,186,101,252
112,35,167,202,254,235,89,212,153,160
112,36,188,181,78,70,119,10,248,49
112,37,58,103,31,22,219,105,209,238
112,38,92,148,127,118,12,201,212,43
112,39,189,238,138,38,70,2,69,36
113,0,140,43,238,112,173,200,95,58
113,1,46,137,47,249,188,20,213,181
113,2,121,140,165,186,20,128,174,53
113,3,233,26,117,230,236,210,103,12
113,4,245,144,145,179,249,246,62,199
113,5,230,85,239,220,255,248,145,90
113,6,96,118,63,98,81,217,179,181
113,7,176,199,72,225,109,22,15,230
113,8,239,53,73,35,59,148,166,213
113,9,126,113,30,99,154,88,174,163
113,10,166,115,183,22,29,161,121,76
113,11,181,41,253,133,214,28,82,162
113,12,137,212,102,154,83,88,3,51
113,13,142,168,6,208,34,205,145,238
113,14,132,73,248,147,180,213,204,104
113,15,139,120,74,206,190,238,145,223
113,16,181,191,169,195,183,112,156,186
113,17,69,60,8,5,244,235,1,210
113,18,77,91,225,159,123,30,176,233
113,19,59,4,248,190,212,115,88,205
113,20,53,148,85,35,133,195,72,171
113,21,99,207,217,81,233,134,93,214
113,22,236,116,108,132,62,205,157,161
113,23,42,140,230,111,107,134,27,10
113,24,137,116,10,244,143,220,196,102
113,25,165,208,29,145,166,142,6,211
113,26,132,73,96,238,180,248,84,204
113,27,139,206,120,177,190,3,249,170
113,28,122,195,72,4,191,47,96,88
113,29,5,69,60,1,204,151,132,8
113,30,77,91,64,205,225,159,16,97
113,31,59,95,233,88,240,43,137,130
113,32,223,96,98,47,247,186,236,156
113,33,190,81,232,238,183,86,73,41
113,34,116,207,180,246,101,10,196,84
113,35,167,202,153,36,212,224,160,235
113,36,181,188,70,78,119,153,129,10
113,37,58,103,31,22,43,90,147,135
113,38,92,148,127,71,118,201,12,212
113,39,189,2,138,38,69,70,36,213
114,0,172,188,92,111,66,63,199,144
114,1,198,124,91,187,255,128,191,14
114,2,60,110,58,188,150,255,230,219
114,3,116,30,157,177,202,95,218,55
114,4,152,71,54,94,98,12,88,112
114,5,27,11,249,183,2,153,18,251
114,6,166,52,235,183,14,73,55,19
114,7,56,187,199,185,181,132,225,32
114,8,65,35,53,164,173,148,85,52
114,9,96,207,156,215,120,99,227,98
114,10,24,161,218,26,132,9,46,178
114,11,247,130,114,210,195,255,153,170
114,12,43,191,116,56,3,15,155,128
114,13,168,29,38,113,145,142,208,28
114,14,132,180,248,96,54,204,86,230
114,15,139,3,206,171,120,169,147,110
114,16,181,47,170,191,195,72,147,54
114,17,8,69,218,197,236,1,166,89
114,18,77,91,69,159,171,232,22,71
114,19,59,115,233,122,108,212,4,199
114,20,148,53,65,133,35,195,161,212
114,21,99,215,207,120,96,178,239,148
114,22,116,205,218,108,157,24,9,132
114,23,247,130,114,195,210,111,107,153
114,24,116,191,43,244,137,154,15,10
114,25,208,29,38,165,211,145,142,166
114,26,132,96,180,204,73,248,52,67
114,27,206,139,177,3,203,190,249,169
114,28,47,72,54,191,231,195,116,122
114,29,218,1,69,236,204,8,102,89
114,30,77,91,69,97,204,64,175,73
114,31,59,233,137,95,248,88,240,28
114,32,195,156,47,194,247,221,146,236
114,33,97,81,37,217,244,6,94,96
114,34,188,212,54,19,255,246,187,81
114,35,196,167,202,212,36,235,254,103
114,36,188,234,78,0,153,8,119,10
114,37,103,22,90,209,199,238,219,220
114,38,127,22,118,86,212,0,79,58
114,39,16,36,145,23,70,116,30,34
115,0,29,41,86,65,223,218,62,2
115,1,153,98,48,33,245,14,221,40
115,2,84,56,193,139,201,178,115,5
115,3,148,251,154,2,201,15,177,22
115,4,152,149,37,134,216,132,121,38
115,5,213,81,251,153,122,70,0,183
115,6,52,102,245,204,237,172,12,212
115,7,187,185,174,225,132,175,240,183
115,8,148,53,242,133,85,72,181,15
115,9,99,207,120,1,61,28,215,166
115,10,250,117,17,132,116,108,26,233
115,11,170,151,209,97,137,230,15,255
115,12,137,166,176,116,10,244,143,59
115,13,208,145,165,212,174,183,238,83
115,14,132,73,204,248,44,96,194,54
115,15,139,3,206,238,116,145,190,235
115,16,191,138,54,47,169,154,195,13
115,17,69,8,78,238,49,1,244,204
115,18,77,237,91,232,73,83,171,64
115,19,59,212,115,108,60,70,248,95
115,20,148,53,242,133,161,171,85,241
115,21,99,120,207,1,215,214,84,98
115,22,17,108,117,5,116,233,132,205
115,23,209,151,170,10,249,141,145,59
115,24,157,137,244,166,116,43,178,176
115,25,208,165,211,145,166,174,34,199
115,26,132,73,248,96,204,194,84,93
115,27,139,206,74,145,3,177,170,116
115,28,191,138,116,169,72,33,54,56
115,29,78,69,204,1,102,222,151,47
115,30,77,237,175,91,97,64,66,225
115,31,59,95,88,70,240,248,115,135
115,32,75,197,236,14,47,156,255,206
115,33,161,103,5,81,72,18,244,63
115,34,227,11,246,143,10,188,18,213
115,35,167,202,244,129,235,196,36,14
115,36,55,188,78,48,251,129,153,10
115,37,103,22,162,163,238,219,199,147
115,38,127,118,124,79,185,52,132,212
115,39,77,70,116,224,34,203,30,13
116,0,62,211,124,231,50,217,134,20
116,1,37,157,206,14,134,44,245,80
116,2,229,235,121,131,75,83,192,104
116,3,76,22,197,15,251,2,243,201
116,4,152,44,134,221,175,38,216,121
116,5,145,164,122,177,0,207,58,210
116,6,82,102,204,245,154,125,172,52
116,7,187,174,246,132,225,167,5,27
116,8,53,148,85,72,16,50,242,171
116,9,99,28,81,207,1,58,254,61
116,10,250,108,81,207,216,5,233,7
116,11,170,10,15,59,151,44,97,230
116,12,137,176,10,116,210,143,178,186
116,13,145,212,183,174,165,208,194,166
116,14,132,73,204,248,96,44,194,54
116,15,139,238,206,145,74,235,90,16
116,16,169,191,112,183,230,126,166,202
116,17,69,19,1,47,204,8,244,49
116,18,77,91,123,108,250,225,176,175
116,19,59,212,248,60,115,95,114,88
116,20,53,148,171,172,85,242,133,195
116,21,99,254,207,98,1,81,214,204
116,22,216,108,233,5,9,132,245,7
116,23,10,170,59,15,116,44,151,222
116,24,157,116,178,244,196,210,176,128
116,25,211,208,165,174,155,166,145,19
116,26,132,73,204,248,96,194,93,196
116,27,139,206,3,130,248,145,169,1
116,28,230,190,191,193,82,72,56,169
116,29,225,204,88,21,1,151,47,19
116,30,77,91,250,64,151,162,232,50
116,31,59,95,157,34,88,85,28,18
116,32,146,57,12,236,76,179,140,7
116,33,56,162,75,139,104,81,189,181
116,34,195,44,72,238,10,246,73,143
116,35,148,202,235,190,167,129,74,136
116,36,188,227,78,92,26,147,115,39
116,37,78,22,103,27,229,238,208,113
116,38,127,118,119,87,215,251,0,135
116,39,158,70,122,99,44,75,165,129
117,0,69,93,98,226,96,117,198,80
117,1,2,81,195,96,169,120,13,57
117,2,121,63,75,118,235,208,229,131
117,3,221,170,255,15,148,53,91,2
117,4,152,119,55,8,20,105,182,37
117,5,61,27,9,0,122,210,2,194
117,6,204,82,172,52,125,154,245,90
117,7,181,187,132,174,225,185,167,240
117,8,112,53,148,85,242,184,59,214
117,9,99,120,206,19,28,207,81,178
117,10,229,163,81,250,108,207,216,5
117,11,18,170,145,255,151,97,142,15
117,12,106,137,67,10,176,116,196,178
117,13,200,183,165,208,145,116,166,238
117,14,132,73,38,204,248,194,44,84
117,15,139,241,99,145,238,74,190,90
117,16,191,54,149,183,112,195,13,169
117,17,69,236,8,210,44,204,244,217
117,18,77,6,69,91,225,64,232,45
117,19,59,95,190,233,115,212,51,248
117,20,53,112,148,85,184,159,65,242
117,21,99,254,120,206,178,19,81,1
117,22,108,163,229,245,132,172,7,5
117,23,18,142,145,130,10,247,2,153
117,24,196,106,10,137,178,116,67,176
117,25,200,211,208,165,145,183,174,148
117,26,132,73,248,38,204,115,90,84
117,27,139,241,99,145,74,206,16,170
117,28,54,149,191,185,116,183,169,122
117,29,236,65,204,69,102,1,222,155
117,30,77,45,6,64,175,91,176,225
117,31,95,240,59,233,51,88,221,115
117,32,89,17,236,199,7,247,194,255
117,33,105,214,94,23,117,244,81,217
117,34,246,187,58,54,10,12,19,252
117,35,129,202,235,7,132,220,167,14
117,36,253,188,78,8,0,57,10,92
117,37,103,22,164,199,238,158,90,163
117,38,127,22,118,136,79,189,86,212
117,39,70,248,145,16,116,30,23,34
118,0,62,222,70,211,76,44,72,90
118,1,14,153,193,48,49,98,42,204
118,2,3,143,13,71,193,254,5,182
118,3,22,243,167,201,251,23,255,138
118,4,152,175,28,134,36,38,44,197
118,5,164,111,58,122,70,145,177,8
118,6,57,125,39,204,240,237,26,30
118,7,225,223,175,38,169,5,187,104
118,8,148,53,72,85,16,181,50,59
118,9,99,1,254,81,28,186,231,130
118,10,172,19,242,226,108,250,245,190
118,11,218,164,44,201,230,85,117,97
118,12,137,10,196,250,176,178,21,143
118,13,19,145,183,212,170,208,148,83
118,14,132,73,204,248,115,90,157,101
118,15,139,28,74,235,141,227,145,50
118,16,191,209,183,104,169,190,89,112
118,17,69,164,192,210,214,1,217,44
118,18,77,72,152,225,64,91,123,175
118,19,85,95,212,115,59,221,248,101
118,20,53,148,85,72,171,145,195,214
118,21,254,99,81,231,98,1,236,214
118,22,172,19,242,108,132,226,7,126
118,23,218,201,44,10,164,59,93,230
118,24,196,11,137,178,10,116,244,205
118,25,211,165,183,19,166,148,140,145
118,26,132,73,204,248,203,96,115,194
118,27,28,33,139,206,1,130,249,3
118,28,193,102,219,116,183,190,191,78
118,29,88,164,21,225,1,61,151,222
118,30,162,77,91,64,63,232,225,151
118,31,59,95,34,85,88,43,28,18
118,32,123,236,179,140,57,254,125,246
118,33,234,95,132,104,143,11,162,81
118,34,44,238,240,10,246,62,67,28
118,35,148,190,202,235,129,74,167,254
118,36,188,142,227,115,78,39,147,153
118,37,78,27,22,103,238,229,101,199
118,38,119,215,251,118,127,135,46,169
118,39,158,122,70,31,244,129,117,58
119,0,27,35,101,166,133,169,135,108
119,1,26,11,139,132,216,146,20,34
119,2,249,210,146,164,31,162,90,38
119,3,226,106,211,37,29,46,150,146
119,4,65,14,240,242,167,118,15,222
119,5,10,161,235,186,191,6,142,204
119,6,167,52,245,255,204,215,125,154
119,7,2,187,199,185,132,169,240,108
119,8,35,53,89,148,242,179,59,85
119,9,241,180,94,99,215,207,233,98
119,10,216,250,88,1,26,205,248,5
119,11,20,170,151,39,255,97,10,185
119,12,137,59,116,176,26,160,10,56
119,13,29,178,208,222,145,183,112,165
119,14,132,73,204,96,248,18,44,194
119,15,139,36,3,206,238,235,145,190
119,16,96,191,47,195,202,72,186,169
119,17,94,69,8,1,225,204,61,166
119,18,77,148,91,170,232,171,225,212
119,19,130,59,212,115,70,95,88,190
119,20,148,53,35,133,212,23,161,171
119,21,99,241,180,207,1,254,236,215
119,22,83,88,116,108,253,205,26,1
119,23,20,39,170,10,17,203,44,151
119,24,67,116,160,244,178,176,15,56
119,25,178,211,208,29,165,174,145,166
119,26,132,204,73,248,96,18,194,252
119,27,206,139,3,166,1,134,36,169
119,28,96,191,47,195,72,122,73,45
119,29,94,1,204,69,61,102,151,229
119,30,77,170,148,91,85,64,175,225
119,31,130,59,95,88,240,28,115,27
119,32,99,158,60,254,236,47,46,156
119,33,33,190,232,41,81,143,205,166
119,34,82,161,97,246,10,34,247,206
119,35,202,24,167,14,39,235,36,228
119,36,188,207,78,153,49,10,154,119
119,37,104,103,22,199,238,219,190,163
119,38,135,71,118,127,27,212,12,175
119,39,69,243,110,70,12,36,78,96
120,0,191,254,148,120,78,75,217,189
120,1,60,240,193,28,1,51,167,108
120,2,188,223,170,87,187,47,175,8
120,3,154,0,242,112,22,196,80,227
120,4,152,160,233,132,134,129,121,28
120,5,153,71,58,0,60,70,213,197
120,6,51,102,255,74,33,212,204,228
120,7,187,225,2,62,132,100,61,185
120,8,53,148,133,59,171,213,85,16
120,9,245,207,99,204,1,20,243,166
120,10,108,253,77,32,250,53,193,235
120,11,170,11,97,50,188,19,230,25
120,12,137,55,2,176,244,116,51,146
120,13,112,178,208,100,22,238,174,254
120,14,132,73,204,248,72,203,44,104
120,15,3,206,139,52,190,238,2,122
120,16,191,154,173,33,160,183,169,65
120,17,69,94,8,54,238,46,18,1
120,18,77,32,91,171,148,232,73,233
120,19,54,59,15,99,3,115,212,83
120,20,148,53,133,171,161,241,252,59
120,21,207,99,245,204,241,214,134,119
120,22,253,108,77,53,229,5,109,28
120,23,11,99,170,141,118,230,72,10
120,24,244,55,87,2,178,176,137,174
120,25,178,211,208,212,165,112,0,82
120,26,132,143,248,62,232,194,22,31
120,27,206,139,51,160,79,156,238,221
120,28,65,191,173,15,67,37,158,92
120,29,18,69,54,225,126,94,162,239
120,30,77,66,19,85,208,32,1,108
120,31,15,54,99,83,49,95,100,56
120,32,202,235,121,25,70,133,3,174
120,33,147,72,47,251,157,81,30,135
120,34,226,179,183,185,166,235,182,191
120,35,24,101,202,116,252,63,64,194
120,36,188,228,196,167,55,22,78,148
120,37,156,170,198,100,181,103,29,34
120,38,204,50,243,46,43,55,67,159
120,39,21,164,201,45,141,101,90,148
121,0,27,94,133,213,23,103,44,35
121,1,60,139,240,30,24,51,176,130
121,2,108,113,129,24,2,25,190,45
121,3,106,69,93,65,0,124,139,189
121,4,185,150,134,97,184,211,24,22
121,5,143,230,162,95,180,122,57,215
121,6,12,237,212,233,102,254,211,139
121,7,187,225,175,185,245,132,72,104
121,8,53,148,133,72,85,22,241,181
121,9,99,1,166,241,233,207,63,243
121,10,176,116,108,217,250,23,134,78
121,11,230,97,42,44,60,141,32,10
121,12,137,10,176,116,250,143,163,50
121,13,34,180,208,83,183,145,170,248
121,14,132,44,73,204,248,253,17,115
121,15,139,235,190,12,238,227,145,74
121,16,191,234,112,172,72,74,117,104
121,17,69,1,152,44,192,209,211,8
121,18,77,138,91,209,225,32,123,125
121,19,212,95,115,59,125,122,88,83
121,20,148,53,133,195,240,72,23,241
121,21,99,1,254,207,204,214,236,193
121,22,108,116,160,148,156,132,205,147
121,23,80,141,32,60,10,44,230,162
121,24,137,10,116,176,244,196,143,163
121,25,34,145,211,5,208,165,45,183
121,26,132,204,248,44,96,194,78,252
121,27,139,190,206,235,145,3,227,56
121,28,191,74,72,47,228,45,197,129
121,29,69,150,1,125,204,158,60,185
121,30,77,91,122,225,123,97,175,64
121,31,248,95,115,59,125,212,67,88
121,32,33,47,255,236,43,31,104,219
121,33,192,146,81,72,33,196,229,177
121,34,16,246,10,244,247,211,123,185
121,35,171,202,24,36,14,167,194,79
121,36,188,153,154,78,10,110,50,245
121,37,199,103,219,238,100,124,163,1
121,38,103,144,57,159,205,198,206,46
121,39,42,148,159,164,41,134,227,22
122,0,252,25,205,42,180,12,39,100
122,1,60,28,160,217,240,119,154,180
122,2,108,113,24,129,47,30,203,182
122,3,112,154,2,0,22,149,151,165
122,4,132,189,89,233,173,75,57,152
122,5,77,136,58,95,153,91,81,177
122,6,12,237,102,51,74,33,144,204
122,7,187,225,132,203,185,174,252,120
122,8,148,53,133,85,59,251,16,171
122,9,99,243,204,1,207,245,15,20
122,10,108,250,32,233,244,217,229,98
122,11,72,97,170,230,141,48,10,109
122,12,137,176,10,149,244,2,110,32
122,13,208,180,0,174,13,165,201,83
122,14,132,44,73,204,248,143,232,252
122,15,139,238,3,190,206,74,145,169
122,16,191,169,112,183,138,195,202,186
122,17,69,8,238,1,54,46,208,4
122,18,77,91,66,151,176,32,19,225
122,19,59,212,115,49,54,88,248,249
122,20,53,148,133,50,172,23,241,24
122,21,99,207,32,1,58,134,214,98
122,22,108,229,253,244,233,77,98,110
122,23,170,72,169,141,10,70,164,97
122,24,157,244,119,50,178,33,166,176
122,25,178,0,212,222,208,165,71,174
122,26,132,143,194,204,96,203,73,248
122,27,206,139,51,79,3,39,146,145
122,28,102,193,138,219,191,37,56,4
122,29,94,69,1,162,88,54,151,213
122,30,77,19,66,91,162,151,73,64
122,31,59,34,3,83,95,88,49,27
122,32,125,179,3,235,140,47,236,202
122,33,47,247,90,72,103,81,240,167
122,34,183,241,246,44,191,143,10,206
122,35,24,202,167,116,129,14,101,210
122,36,188,78,153,115,10,39,251,154
122,37,100,103,163,101,199,229,22,248
122,38,57,7,61,0,118,199,127,198
122,39,40,74,70,163,57,108,176,112
123,0,209,213,154,197,51,145,219,48
123,1,139,6,53,216,41,168,160,116
123,2,113,18,96,108,180,111,99,24
123,3,59,0,8,88,136,78,189,110
123,4,241,240,131,230,129,10,4,151
123,5,213,103,230,197,255,235,131,153
123,6,51,255,33,74,102,106,207,18
123,7,187,61,135,225,19,68,168,185
123,8,53,148,106,59,10,93,199,152
123,9,69,204,207,99,61,245,119,141
123,10,253,1,77,250,108,53,229,5
123,11,170,174,97,72,70,241,50,169
123,12,166,55,119,33,110,178,116,213
123,13,178,13,238,98,222,22,169,121
123,14,44,203,132,222,96,95,72,104
123,15,3,206,213,130,171,139,76,34
123,16,47,33,195,154,186,185,180,189
123,17,94,8,69,216,39,83,238,117
123,18,77,148,91,171,19,66,151,232
123,19,59,83,161,152,137,54,151,211
123,20,53,148,133,171,157,161,38,24
123,21,69,207,99,214,67,98,252,204
123,22,253,229,53,5,1,78,77,108
123,23,170,99,72,209,116,10,97,69
123,24,178,244,119,157,190,155,116,67
123,25,178,22,165,222,211,208,82,174
123,26,132,73,96,232,194,248,22,235
123,27,206,139,23,3,146,177,51,169
123,28,122,195,138,4,45,201,37,33
123,29,69,102,1,204,151,78,162,8
123,30,77,19,175,91,64,66,73,97
123,31,59,95,240,88,3,34,83,27
123,32,236,235,255,47,14,179,7,75
123,33,103,126,47,72,81,247,104,146
123,34,183,10,227,246,44,11,191,143
123,35,24,202,167,129,14,116,210,235
123,36,188,78,2,251,48,154,153,10
123,37,103,163,100,22,199,162,219,229
123,38,127,118,124,12,119,215,79,175
123,39,70,30,77,40,116,31,34,62
124,0,62,124,231,144,188,211,234,203
124,1,80,195,163,141,193,30,245,131
124,2,111,113,207,40,180,24,42,108
124,3,197,147,189,22,139,201,51,137
124,4,152,44,10,134,148,175,28,221
124,5,164,60,58,122,50,251,210,0
124,6,82,125,237,102,212,74,33,26
124,7,246,187,225,185,175,132,5,183
124,8,148,53,85,16,133,72,184,181
124,9,99,1,254,207,81,134,28,15
124,10,207,250,81,108,132,233,116,7
124,11,97,145,44,59,10,230,15,137
124,12,137,10,196,116,21,178,176,186
124,13,183,83,145,212,208,201,165,170
124,14,132,73,204,248,44,21,173,84
124,15,139,145,50,74,1,141,206,14
124,16,191,230,183,112,195,72,172,82
124,17,69,1,225,233,8,210,58,222
124,18,77,91,176,225,175,123,117,151
124,19,59,212,115,60,95,101,88,240
124,20,53,148,85,133,159,241,195,23
124,21,99,254,1,81,207,98,236,195
124,22,233,216,207,132,108,245,253,5
124,23,10,44,59,145,170,15,116,222
124,24,116,178,55,244,157,196,10,119
124,25,211,178,208,183,165,19,0,174
124,26,132,73,204,248,203,96,194,21
124,27,139,206,1,145,130,3,169,134
124,28,193,230,219,116,82,190,191,56
124,29,88,225,1,94,61,21,204,151
124,30,77,91,162,64,250,225,232,175
124,31,157,95,59,34,88,85,183,60
124,32,146,12,179,236,125,140,57,76
124,33,189,56,162,198,139,143,132,104
124,34,52,195,44,238,62,72,191,10
124,35,202,24,235,167,148,129,190,74
124,36,188,92,78,39,115,227,26,147
124,37,100,113,78,208,103,22,101,238
124,38,243,215,118,119,127,251,135,0
124,39,158,40,70,129,122,44,31,224
125,0,91,145,51,179,9,209,249,118
125,1,139,64,199,216,59,75,87,194
125,2,88,34,146,252,114,40,175,164
125,3,211,59,37,142,146,77,46,135
125,4,241,131,230,170,240,181,151,15
125,5,235,186,6,83,224,192,103,212
125,6,51,167,33,245,154,255,82,204
125,7,187,29,185,23,132,225,135,5
125,8,89,53,148,59,85,105,171,114
125,9,69,228,29,99,207,94,215,195
125,10,248,130,216,1,250,26,132,5
125,11,170,97,20,174,72,134,255,230
125,12,63,10,26,137,116,222,59,160
125,13,208,43,145,183,83,165,222,238
125,14,132,44,73,204,248,124,20,96
125,15,139,3,206,235,145,238,190,81
125,16,191,72,196,5,47,195,187,24
125,17,8,69,61,172,1,51,47,89
125,18,77,91,187,57,148,125,128,151
125,19,59,130,212,115,95,90,88,101
125,20,53,148,33,133,161,171,23,241
125,21,69,99,29,207,39,254,94,132
125,22,216,130,116,1,108,205,113,5
125,23,170,20,36,10,116,151,44,107
125,24,15,116,244,160,128,157,63,178
125,25,211,208,43,33,165,145,82,183
125,26,132,147,248,96,204,73,86,200
125,27,23,206,139,3,169,1,37,130
125,28,151,193,156,212,72,219,191,195
125,29,225,88,21,151,61,204,1,8
125,30,77,64,91,232,162,250,175,148
125,31,12,59,95,135,120,137,240,88
125,32,156,236,57,254,179,159,47,140
125,33,126,143,132,162,81,104,90,56
125,34,62,44,240,238,91,220,67,252
125,35,74,202,167,148,235,196,190,2
125,36,2,188,115,78,39,142,227,98
125,37,27,101,78,103,22,209,113,16
125,38,127,119,118,251,46,168,215,121
125,39,31,158,129,122,70,117,139,138
126,0,108,230,182,135,59,79,71,58
126,1,70,75,152,139,128,62,193,227
126,2,34,88,18,40,68,8,59,48
126,3,87,211,83,146,58,149,26,71
126,4,129,118,222,242,15,108,14,90
126,5,161,10,44,103,58,182,153,218
126,6,167,31,51,255,14,215,75,52
126,7,2,185,187,40,23,199,109,44
126,8,89,35,180,4,86,33,213,179
126,9,180,94,98,156,197,29,85,49
126,10,193,63,216,88,248,1,253,120
126,11,20,203,39,19,99,170,195,236
126,12,26,56,160,63,138,59,128,193
126,13,29,43,97,211,28,116,112,10
126,14,86,132,18,124,96,200,248,83
126,15,36,3,39,206,139,81,99,129
126,16,96,181,196,47,191,5,24,195
126,17,61,8,225,172,69,89,166,132
126,18,77,148,91,170,22,90,197,57
126,19,59,130,212,115,4,95,205,153
126,20,148,53,35,133,161,212,23,171
126,21,180,99,94,207,1,29,254,229
126,22,116,205,236,88,253,26,83,132
126,23,203,39,20,42,141,195,10,223
126,24,116,15,67,176,244,160,190,143
126,25,211,29,145,208,112,165,174,45
126,26,132,204,86,248,78,146,44,180
126,27,139,166,206,1,172,134,36,190
126,28,96,191,47,72,129,73,197,195
126,29,1,102,69,229,132,89,46,8
126,30,77,170,85,91,16,64,148,175
126,31,95,59,130,240,248,137,88,233
126,32,149,158,47,99,254,96,236,255
126,33,232,190,126,81,86,143,238,220
126,34,116,161,91,97,10,246,34,247
126,35,202,14,167,171,2,39,36,85
126,36,188,153,49,10,2,207,78,70
126,37,22,103,190,199,124,58,67,43
126,38,118,127,71,212,175,92,201,163
126,39,138,70,189,69,2,248,213,9
127,0,62,211,191,222,70,254,231,137
127,1,145,100,193,167,14,180,124,153
127,2,188,223,170,3,13,157,187,76
127,3,197,201,243,69,22,93,149,126
127,4,152,28,175,134,121,88,43,90
127,5,164,58,60,251,71,0,77,95
127,6,168,102,237,125,212,12,43,30
127,7,246,175,185,132,225,252,187,183
127,8,148,53,85,133,16,181,72,145
127,9,1,99,28,134,130,254,186,225
127,10,116,108,146,109,233,134,132,54
127,11,97,141,37,44,230,32,223,117
127,12,137,10,176,50,250,196,244,116
127,13,212,0,83,145,180,45,165,208
127,14,132,44,73,204,248,115,21,253
127,15,139,190,227,1,238,235,145,12
127,16,191,112,56,183,82,117,72,24
127,17,69,1,4,19,152,217,196,204
127,18,77,91,66,123,225,176,138,152
127,19,212,59,95,115,48,101,247,248
127,20,53,148,133,23,240,145,72,47
127,21,1,99,254,207,32,193,229,134
127,22,109,108,233,116,148,146,132,205
127,23,141,10,37,60,223,44,248,253
127,24,119,176,116,50,244,137,166,157
127,25,0,145,211,20,208,212,189,83
127,26,132,204,73,248,78,232,252,194
127,27,139,206,1,12,18,134,145,190
127,28,191,56,234,59,129,197,72,219
127,29,4,69,1,19,126,125,204,98
127,30,77,143,209,66,151,91,225,219
127,31,83,157,95,59,85,247,88,212
127,32,144,19,109,14,92,26,47,255
127,33,102,81,250,68,185,146,72,61
127,34,249,18,246,121,191,11,195,73
127,35,202,14,44,129,103,167,171,254
127,36,188,26,153,79,37,10,78,154
127,37,196,219,103,199,214,22,162,30
127,38,132,217,87,156,185,118,127,52
127,39,99,251,77,219,174,44,70,224
128,0,174,159,211,13,116,70,62,69
128,1,222,80,12,193,30,247,141,162
128,2,166,240,132,105,250,98,161,81
128,3,164,149,85,109,22,197,126,69
128,4,221,175,28,148,152,134,44,121
128,5,58,60,77,251,164,0,50,70
128,6,125,12,102,43,210,30,26,212
128,7,175,246,185,183,245,38,225,142
128,8,148,53,133,145,72,85,23,16
128,9,99,1,254,134,28,186,243,166
128,10,108,116,242,146,172,148,233,132
128,11,97,44,141,230,37,220,218,222
128,12,137,10,250,157,176,50,116,196
128,13,180,83,0,14,183,45,174,208
128,14,132,44,73,204,248,115,17,158
128,15,139,235,227,12,238,145,1,190
128,16,191,112,183,158,104,209,234,117
128,17,69,192,217,44,196,21,1,4
128,18,77,176,225,83,91,123,138,66
128,19,95,212,115,85,125,59,248,48
128,20,53,148,133,172,145,195,240,50
128,21,99,1,254,32,193,67,176,207
128,22,108,148,233,242,172,132,116,54
128,23,117,220,37,222,141,10,44,253
128,24,137,157,50,10,116,119,244,11
128,25,101,211,0,183,45,145,165,19
128,26,132,204,73,203,44,96,115,248
128,27,28,1,139,12,235,227,130,206
128,28,219,191,102,72,197,190,193,117
128,29,1,21,69,225,88,94,204,4
128,30,77,91,225,232,64,116,162,152
128,31,95,59,85,88,115,183,135,212
128,32,255,109,236,140,47,254,179,123
128,33,139,102,162,143,189,81,250,253
128,34,195,44,191,246,240,128,175,121
128,35,14,210,202,171,2,129,167,5
128,36,188,153,39,67,10,92,154,142
128,37,22,199,238,208,103,78,43,27
128,38,243,118,119,127,163,175,212,135
128,39,138,70,122,129,244,99,44,215
129,0,27,35,101,169,166,133,108,131
129,1,139,26,11,216,132,123,75,146
129,2,164,88,40,210,90,175,232,37
129,3,106,211,146,37,50,226,29,110
129,4,14,65,15,240,129,242,244,170
129,5,161,235,10,142,132,153,58,202
129,6,215,255,125,102,14,167,201,246
129,7,2,199,185,133,187,132,24,112
129,8,35,148,53,179,216,86,89,59
129,9,241,180,99,207,143,94,6,98
129,10,116,26,205,137,88,193,77,253
129,11,20,174,39,98,97,99,248,197
129,12,160,116,190,176,157,119,10,244
129,13,29,178,222,112,145,20,208,211
129,14,44,132,204,96,238,252,146,86
129,15,36,3,206,139,129,12,235,142
129,16,96,47,228,191,24,129,72,100
129,17,94,69,8,1,225,60,89,185
129,18,77,148,170,91,225,176,171,64
129,19,130,59,212,95,115,88,70,233
129,20,148,53,133,240,23,72,195,161
129,21,1,180,99,241,254,207,193,251
129,22,148,116,88,108,156,132,54,208
129,23,141,20,39,60,223,10,117,63
129,24,67,176,116,250,10,48,247,137
129,25,178,112,145,45,83,212,208,20
129,26,204,132,44,146,21,78,248,216
129,27,139,166,206,1,235,155,227,36
129,28,96,191,72,117,73,228,129,197
129,29,1,94,69,125,89,98,102,165
129,30,77,170,85,91,148,225,122,152
129,31,212,130,95,59,88,115,67,132
129,32,158,255,60,47,99,254,151,236
129,33,33,41,190,232,81,220,72,205
129,34,82,161,97,246,10,34,244,37
129,35,14,24,202,171,36,103,167,129
129,36,188,207,153,10,60,154,78,50
129,37,104,199,22,219,103,124,89,238
129,38,135,175,212,118,127,71,27,198
129,39,110,243,70,12,69,96,78,182
130,0,70,62,211,139,222,124,138,192
130,1,193,32,185,153,144,191,75,14
130,2,188,166,250,193,76,3,157,194
130,3,243,197,22,201,69,149,50,93
130,4,175,152,28,134,38,203,121,197
130,5,58,60,164,77,251,50,0,95
130,6,12,125,30,237,210,212,51,102
130,7,175,185,245,38,246,225,132,187
130,8,148,53,85,72,22,133,16,23
130,9,99,1,254,20,134,28,186,229
130,10,242,148,146,172,116,108,132,233
130,11,97,37,230,44,141,117,218,32
130,12,137,10,119,176,250,116,50,161
130,13,45,83,0,212,183,178,145,208
130,14,132,44,204,115,248,73,253,21
130,15,235,227,12,139,1,145,74,50
130,16,191,117,112,183,209,104,72,82
130,17,69,94,1,192,217,196,44,210
130,18,77,91,225,152,176,64,175,138
130,19,212,95,115,59,88,101,85,48
130,20,148,53,240,195,133,85,23,72
130,21,1,254,99,193,32,229,98,154
130,22,148,132,116,233,242,156,146,172
130,23,141,37,63,117,44,223,59,99
130,24,119,50,10,116,176,157,115,137
130,25,0,178,45,83,145,183,19,211
130,26,204,132,44,115,40,171,248,253
130,27,12,1,28,227,235,139,206,145
130,28,219,72,190,191,82,193,117,228
130,29,94,1,125,88,19,21,62,89
130,30,91,77,225,63,162,143,66,232
130,31,59,132,95,88,85,212,249,157
130,32,123,47,255,140,236,151,109,144
130,33,139,68,162,102,61,203,132,81
130,34,121,44,195,240,191,10,72,246
130,35,14,24,210,202,129,148,171,36
130,36,188,39,153,26,115,67,142,10
130,37,100,78,22,199,124,238,208,123
130,38,243,175,118,119,212,127,251,163
130,39,70,40,122,158,129,138,44,99
131,0,117,185,68,226,11,128,243,171
131,1,13,133,202,81,169,66,232,30
131,2,232,169,122,107,149,253,200,90
131,3,100,221,200,201,126,75,112,72
131,4,8,152,139,55,182,228,89,123
131,5,223,61,0,153,58,146,202,50
131,6,3,125,114,51,102,62,12,212
131,7,185,85,19,131,175,187,2,92
131,8,148,53,16,23,85,133,86,59
131,9,206,19,1,254,99,207,156,229
131,10,163,26,253,132,34,59,108,137
131,11,18,142,174,248,116,97,230,191
131,12,67,119,160,116,55,176,203,155
131,13,200,178,100,239,212,222,45,111
131,14,38,44,204,146,96,180,132,40
131,15,103,12,155,3,241,169,110,206
131,16,232,96,149,72,185,119,32,73
131,17,155,94,89,1,8,88,229,101
131,18,6,91,77,22,188,220,16,225
131,19,212,59,88,233,132,115,137,14
131,20,148,133,53,240,112,23,161,68
131,21,1,206,19,99,229,251,207,178
131,22,59,163,253,225,116,156,34,132
131,23,141,142,18,60,174,34,99,248
131,24,67,176,116,119,48,230,106,163
131,25,178,200,98,145,212,111,100,113
131,26,38,204,146,194,123,40,21,132
131,27,103,241,206,169,110,155,215,100
131,28,232,149,72,73,78,185,122,112
131,29,89,155,1,102,251,137,101,152
131,30,6,91,139,77,85,220,122,165
131,31,132,233,14,59,212,33,241,137
131,32,175,37,17,151,47,199,15,89
131,33,23,214,117,81,94,166,72,142
131,34,182,58,181,12,187,110,28,105
131,35,7,24,36,14,202,71,167,210
131,36,245,188,10,153,60,8,50,158
131,37,164,124,89,219,80,74,123,2
131,38,136,177,212,175,37,112,31,18
131,39,16,23,146,37,173,223,235,22
132,0,122,254,191,81,208,222,139,203
132,1,51,153,9,149,193,48,190,89
132,2,47,223,185,184,232,216,123,170
132,3,100,154,243,196,167,39,109,131
132,4,175,160,28,90,195,233,178,121
132,5,223,153,77,58,50,14,251,252
132,6,12,243,102,114,237,212,26,168
132,7,175,185,38,24,227,225,62,32
132,8,148,23,133,53,16,59,72,63
132,9,1,251,99,207,61,229,189,161
132,10,59,132,156,146,116,225,20,26
132,11,201,141,37,60,71,44,70,231
132,12,176,163,137,116,143,145,48,119
132,13,212,19,93,45,145,126,178,98
132,14,44,204,132,96,54,146,214,21
132,15,12,147,169,3,95,139,190,206
132,16,53,72,112,102,232,191,122,219
132,17,89,1,152,62,69,8,94,229
132,18,91,77,138,229,119,151,66,225
132,19,212,47,59,115,88,122,48,196
132,20,148,133,53,240,23,72,50,11
132,21,1,251,207,229,99,67,98,124
132,22,59,116,225,156,132,26,170,20
132,23,141,71,201,60,37,250,70,236
132,24,116,176,119,55,84,163,7,11
132,25,178,98,0,145,19,97,76,219
132,26,204,146,183,44,214,40,194,240
132,27,12,95,169,1,3,80,79,57
132,28,193,219,72,53,232,102,228,196
132,29,62,94,1,88,89,61,214,21
132,30,91,162,232,229,77,220,50,90
132,31,212,47,59,88,204,132,247,95
132,32,151,144,125,254,47,3,235,28
132,33,47,132,84,143,162,166,253,177
132,34,103,128,175,67,143,44,166,181
132,35,14,24,2,5,7,210,36,94
132,36,67,39,188,245,115,153,12,93
132,37,100,101,43,169,34,74,16,89
132,38,61,175,163,252,169,143,62,18
132,39,40,138,219,163,139,235,129,22
133,0,196,229,105,249,101,118,179,91
133,1,225,231,27,150,246,155,78,106
133,2,34,162,103,17,4,114,88,163
133,3,235,133,152,187,231,84,77,78
133,4,142,108,13,241,222,128,236,15
133,5,104,193,186,6,41,235,142,192
133,6,51,153,167,125,237,62,83,201
133,7,29,185,199,23,187,133,216,214
133,8,89,148,234,53,59,105,85,133
133,9,29,94,99,228,164,1,77,254
133,10,130,169,116,132,137,148,205,12
133,11,189,97,174,98,44,117,134,197
133,12,10,137,63,26,176,160,250,116
133,13,43,222,147,183,208,97,83,174
133,14,132,44,20,73,124,204,248,115
133,15,235,139,81,227,238,145,27,190
133,16,191,196,5,72,202,24,195,117
133,17,69,172,250,61,204,8,217,225
133,18,77,187,0,91,57,179,239,64
133,19,130,115,59,95,212,90,101,88
133,20,53,234,148,89,85,145,133,52
133,21,99,29,164,126,94,254,1,22
133,22,130,169,113,23,172,148,116,198
133,23,161,189,44,117,10,174,197,72
133,24,63,10,26,15,160,74,244,116
133,25,43,211,147,97,45,208,50,183
133,26,132,20,124,204,248,86,148,232
133,27,200,81,1,139,190,3,235,145
133,28,151,133,191,5,43,196,197,72
133,29,76,250,172,225,1,204,36,151
133,30,77,179,64,205,91,187,239,0
133,31,4,59,205,12,95,109,88,130
133,32,98,99,3,181,161,30,10,254
133,33,126,236,39,67,143,137,2,4
133,34,84,96,62,108,211,234,130,46
133,35,203,235,194,202,133,134,209,64
133,36,191,167,60,165,80,196,237,3
133,37,65,8,165,55,137,219,226,61
133,38,117,159,140,239,18,252,191,138
133,39,10,228,235,208,98,148,6,56
134,0,141,235,190,221,115,47,253,125
134,1,93,244,155,46,182,68,152,197
134,2,145,34,10,57,103,123,100,17
134,3,187,235,12,231,133,230,162,77
134,4,142,236,222,67,144,179,95,91
134,5,193,47,90,224,41,186,188,135
134,6,153,215,167,60,52,54,51,246
134,7,199,23,29,185,176,64,117,111
134,8,234,89,239,116,57,180,52,179
134,9,126,116,94,191,164,29,228,9
134,10,130,248,169,36,198,216,196,26
134,11,189,161,233,107,255,98,86,128
134,12,63,74,26,93,128,160,15,3
134,13,147,43,154,97,33,134,222,95
134,14,20,124,86,51,147,47,54,161
134,15,81,200,162,206,238,3,195,181
134,16,5,196,156,151,133,170,0,152
134,17,172,8,250,61,76,89,166,198
134,18,187,179,77,57,128,16,50,205
134,19,12,120,109,205,116,4,191,59
134,20,239,234,33,180,179,148,164,174
134,21,126,116,94,164,191,29,207,131
134,22,130,169,198,248,116,113,36,178
134,23,36,189,107,161,111,42,133,184
134,24,63,93,15,26,74,44,160,242
134,25,104,33,147,6,43,134,107,21
134,26,147,51,86,124,96,148,20,138
134,27,162,200,3,206,37,81,97,139
134,28,151,43,156,5,133,32,72,120
134,29,57,5,76,172,250,87,161,8
134,30,179,187,163,16,205,77,105,232
134,31,12,116,4,109,137,205,248,59
134,32,223,119,245,181,156,186,161,77
134,33,93,86,238,183,210,215,129,143
134,34,82,62,96,132,207,1,74,130
134,35,133,160,27,245,57,215,33,15
134,36,222,70,218,233,25,165,232,219
134,37,234,24,229,252,245,160,118,51
134,38,138,237,180,64,11,184,91,159
134,39,186,190,235,138,127,237,133,22
135,0,38,167,54,193,112,94,238,44
135,1,46,105,47,122,58,137,20,117
135,2,128,186,140,82,145,53,104,241
135,3,26,230,233,117,143,210,78,103
135,4,144,245,81,67,213,145,179,249
135,5,90,188,224,43,109,255,239,47
135,6,215,60,131,96,153,206,187,221
135,7,176,112,70,117,199,231,23,106
135,8,239,104,116,179,33,73,234,57
135,9,126,113,191,116,30,85,56,169
135,10,115,248,166,211,10,215,151,157
135,11,133,233,181,36,41,149,112,140
135,12,212,164,175,44,93,3,137,144
135,13,6,33,142,168,138,2,15,254
135,14,147,86,132,104,248,54,230,204
135,15,139,166,206,190,120,27,3,228
135,16,156,191,151,181,100,47,195,158
135,17,110,69,8,5,57,244,1,166
135,18,77,91,128,64,159,171,232,123
135,19,59,115,12,120,212,190,95,4
135,20,148,53,239,171,133,161,33,241
135,21,99,126,207,204,224,116,113,236
135,22,108,205,116,236,161,157,132,21
135,23,133,36,140,42,10,230,170,69
135,24,137,116,196,43,178,222,244,10
135,25,21,33,208,165,6,142,29,145
135,26,132,96,73,248,147,84,67,194
135,27,206,139,3,145,249,120,169,190
135,28,116,156,191,72,195,122,120,47
135,29,5,151,57,204,47,8,110,132
135,30,77,91,64,71,232,128,16,205
135,31,59,12,248,120,137,135,95,228
135,32,223,245,156,47,96,236,220,158
135,33,232,81,190,73,58,107,93,238
135,34,116,56,186,252,62,82,34,14
135,35,85,167,202,5,2,218,235,66
135,36,181,70,246,188,233,195,152,163
135,37,58,67,252,43,135,161,232,51
135,38,92,148,201,237,55,31,116,143
135,39,138,189,238,235,2,127,38,56
136,0,140,43,238,112,173,200,95,30
136,1,46,47,137,249,181,20,213,188
136,2,140,186,82,20,165,200,53,102
136,3,233,26,117,230,236,103,210,226
136,4,245,144,249,179,199,213,120,246
136,5,85,230,220,255,90,239,145,106
136,6,96,118,230,89,63,206,81,179
136,7,176,109,112,225,72,199,237,24
136,8,239,53,148,166,85,35,59,195
136,9,126,99,113,53,1,207,88,28
136,10,240,115,183,166,29,11,215,211
136,11,41,230,181,133,28,253,57,42
136,12,137,212,10,51,176,102,83,116
136,13,208,34,142,145,183,6,212,165
136,14,132,73,147,248,204,44,173,213
136,15,139,190,74,235,145,238,120,1
136,16,191,112,156,183,151,195,88,37
136,17,69,210,192,44,1,217,209,244
136,18,77,64,91,225,123,224,152,175
136,19,212,115,95,59,248,125,190,12
136,20,53,148,133,171,72,145,195,241
136,21,99,1,214,211,254,84,204,236
136,22,108,116,205,132,148,41,147,172
136,23,80,230,32,44,140,42,141,10
136,24,137,196,10,244,116,43,50,176
136,25,34,183,165,208,121,145,21,33
136,26,132,73,248,96,204,252,115,78
136,27,139,190,206,145,3,249,74,169
136,28,191,72,183,116,74,169,122,54
136,29,69,204,47,5,151,158,1,65
136,30,77,64,91,45,225,97,128,123
136,31,248,59,95,240,120,135,88,137
136,32,236,245,47,156,158,223,194,220
136,33,81,190,72,232,244,41,143,107
136,34,116,246,10,211,56,252,97,34
136,35,202,167,235,5,85,196,56,212
136,36,188,78,181,153,246,70,195,34
136,37,103,58,22,135,67,161,219,60
136,38,92,127,201,148,118,30,9,234
136,39,138,189,2,92,38,69,70,36
137,0,172,188,111,92,63,66,144,199
137,1,198,124,91,187,255,128,14,191
137,2,60,110,255,219,150,188,79,234
137,3,116,30,95,202,157,148,218,55
137,4,71,94,152,54,98,244,12,112
137,5,27,11,194,249,183,2,153,18
137,6,235,52,166,55,172,19,73,14
137,7,187,109,181,56,199,132,185,7
137,8,216,35,65,53,85,148,171,142
137,9,120,207,96,215,227,61,99,156
137,10,24,26,218,9,161,114,178,63
137,11,133,247,130,114,170,255,153,210
137,12,212,43,59,56,116,191,137,244
137,13,142,38,145,21,208,2,254,6
137,14,132,147,73,248,180,230,86,96
137,15,139,3,166,206,190,45,37,120
137,16,156,191,54,47,195,181,100,147
137,17,8,110,69,236,57,197,204,218
137,18,77,91,232,69,64,171,60,156
137,19,59,115,12,120,95,190,108,212
137,20,148,53,65,216,161,133,171,35
137,21,99,215,120,178,96,113,239,207
137,22,108,205,116,218,21,132,81,0
137,23,247,133,130,10,170,114,2,230
137,24,43,137,196,212,244,178,116,176
137,25,21,208,165,142,38,29,145,166
137,26,132,73,96,248,194,147,84,72
137,27,139,206,3,190,74,145,249,170
137,28,191,116,54,72,231,47,195,122
137,29,204,47,218,236,151,1,69,222
137,30,77,91,64,71,69,97,171,73
137,31,59,248,95,120,240,137,135,233
137,32,195,156,245,236,47,194,221,146
137,33,81,97,244,37,217,6,94,96
137,34,188,212,54,19,255,187,246,81
137,35,167,202,196,235,212,36,56,214
137,36,188,0,234,78,8,153,239,129
137,37,103,90,22,147,220,199,209,21
137,38,127,22,118,86,79,212,230,189
137,39,36,16,23,145,70,116,30,62
138,0,29,41,86,65,223,62,218,75
138,1,153,98,48,245,14,221,40,33
138,2,56,84,193,139,201,178,115,5
138,3,148,2,201,15,251,154,218,177
138,4,152,149,134,216,37,4,38,121
138,5,213,81,251,153,82,80,117,27
138,6,102,52,245,204,237,172,12,213
138,7,187,225,174,132,185,240,183,175
138,8,148,53,242,85,216,133,72,181
138,9,207,99,120,1,61,28,53,166
138,10,250,117,17,116,31,108,233,5
138,11,170,151,164,209,133,97,137,230
138,12,212,166,137,116,176,228,244,10
138,13,208,21,145,165,238,212,142,254
138,14,132,73,204,248,96,44,72,84
138,15,139,3,206,190,238,74,116,2
138,16,191,101,138,33,54,195,212,154
138,17,69,8,238,244,1,204,78,49
138,18,77,91,237,232,64,73,83,176
138,19,59,115,212,50,95,190,248,12
138,20,148,53,216,242,133,85,161,171
138,21,99,120,53,207,214,215,84,1
138,22,108,17,117,5,21,245,101,132
138,23,209,151,170,10,133,2,230,140
138,24,212,137,244,196,157,43,178,106
138,25,208,34,165,21,199,238,174,151
138,26,132,73,248,96,194,232,190,84
138,27,139,74,206,170,145,190,3,16
138,28,191,116,138,54,183,72,4,13
138,29,78,47,204,69,222,1,213,151
138,30,77,237,91,175,64,11,171,97
138,31,59,95,240,88,135,248,120,50
138,32,75,236,197,245,47,156,14,246
138,33,161,5,103,81,72,244,28,146
138,34,227,11,246,188,109,10,143,213
138,35,167,202,235,244,129,196,36,103
138,36,78,188,48,55,129,251,10,153
138,37,103,162,22,147,199,163,219,32
138,38,127,118,124,79,230,219,189,52
138,39,70,77,116,34,13,30,62,203
139,0,62,211,124,163,138,50,231,232
139,1,202,182,37,72,44,14,206,193
139,2,229,235,121,104,224,0,193,75
139,3,76,243,197,22,201,53,156,23
139,4,152,134,175,44,28,206,38,36
139,5,58,164,60,145,0,83,122,222
139,6,82,125,102,168,154,237,12,43
139,7,225,246,187,185,132,175,183,3
139,8,148,53,16,85,133,72,166,181
139,9,99,1,28,254,81,207,199,186
139,10,207,250,108,190,233,217,7,132
139,11,15,44,97,59,230,10,137,223
139,12,137,21,10,116,250,176,178,38
139,13,183,21,170,165,145,208,174,201
139,14,132,73,248,204,101,173,157,44
139,15,74,139,170,190,145,235,97,19
139,16,191,230,183,195,169,37,4,172
139,17,69,210,225,58,233,169,244,19
139,18,77,91,123,176,108,175,225,64
139,19,115,59,240,60,248,95,101,212
139,20,148,53,85,171,72,133,145,233
139,21,99,254,214,81,58,1,28,68
139,22,108,233,245,7,207,197,149,132
139,23,15,44,230,59,10,17,37,223
139,24,244,21,137,196,176,178,116,10
139,25,183,211,165,34,145,0,208,232
139,26,132,73,248,35,154,96,232,204
139,27,74,139,206,170,190,16,90,130
139,28,191,230,183,212,219,190,82,169
139,29,225,47,69,222,1,204,128,88
139,30,77,91,151,176,225,64,143,250
139,31,157,95,59,34,88,85,240,43
139,32,57,146,12,236,245,76,7,120
139,33,56,162,75,146,28,139,72,54
139,34,195,246,72,5,10,143,121,109
139,35,129,202,235,167,220,36,14,103
139,36,78,92,188,147,153,10,79,227
139,37,208,103,163,113,22,78,199,158
139,38,127,243,135,118,198,215,189,219
139,39,99,44,243,70,77,129,75,158
140,0,135,78,51,211,220,116,19,75
140,1,32,185,10,1,144,162,173,139
140,2,125,252,76,240,16,228,61,55
140,3,201,121,22,247,8,157,251,16
140,4,152,203,134,28,240,181,14,103
140,5,83,0,84,235,70,58,150,122
140,6,82,102,125,123,255,92,19,212
140,7,187,225,228,4,132,137,174,185
140,8,148,53,47,33,85,225,171,38
140,9,132,99,28,81,1,207,180,134
140,10,250,109,207,190,233,245,7,31
140,11,136,216,167,36,15,97,230,40
140,12,242,21,203,115,47,137,178,51
140,13,165,208,145,33,199,201,155,238
140,14,132,73,171,248,21,101,204,220
140,15,74,170,97,139,190,178,0,177
140,16,230,191,195,156,183,10,4,202
140,17,210,69,110,169,119,58,244,204
140,18,77,64,53,128,176,112,175,91
140,19,115,249,240,129,60,59,95,248
140,20,53,148,47,38,85,161,33,241
140,21,99,132,81,254,214,28,113,207
140,22,108,245,207,233,7,109,190,140
140,23,136,216,167,44,36,15,59,51
140,24,242,47,115,137,21,62,244,178
140,25,208,165,183,0,34,145,172,166
140,26,132,73,171,248,144,96,35,21
140,27,74,139,97,190,170,178,206,145
140,28,191,230,158,183,82,190,169,212
140,29,119,47,204,128,69,222,126,244
140,30,77,64,151,18,162,171,143,91
140,31,95,34,249,59,135,18,88,43
140,32,12,248,236,58,140,179,76,87
140,33,167,133,176,56,162,250,143,104
140,34,15,249,80,238,195,143,72,246
140,35,8,106,129,235,202,46,167,250
140,36,21,78,188,228,92,17,147,55
140,37,214,244,208,103,113,110,22,92
140,38,43,141,243,177,135,52,197,127
140,39,37,5,209,112,142,201,113,83
141,0,240,98,209,69,241,14,210,54
141,1,185,32,144,173,255,154,21,14
141,2,125,61,76,16,205,240,252,78
141,3,121,22,153,247,53,169,201,111
141,4,203,152,175,134,221,28,38,173
141,5,83,58,60,164,222,77,0,111
141,6,82,125,102,54,154,123,237,212
141,7,225,4,185,187,175,132,246,228
141,8,148,53,85,133,16,38,72,106
141,9,99,1,28,254,186,199,134,130
141,10,250,207,190,233,132,116,217,245
141,11,136,216,97,44,59,15,134,61
141,12,21,10,137,242,115,176,178,116
141,13,170,183,212,165,208,145,201,83
141,14,132,73,171,248,204,44,31,101
141,15,74,139,170,190,173,0,3,2
141,16,191,112,230,195,183,37,72,92
141,17,69,210,119,169,58,8,1,204
141,18,77,91,141,175,64,176,99,123
141,19,212,249,115,59,60,248,129,114
141,20,148,53,38,172,133,85,240,145
141,21,99,214,1,58,207,254,98,233
141,22,108,216,207,102,132,116,233,149
141,23,136,170,24,201,162,59,116,216
141,24,178,102,242,244,116,51,11,157
141,25,208,145,34,19,101,165,183,194
141,26,132,96,73,248,171,31,35,204
141,27,139,74,206,3,190,117,170,146
141,28,191,190,230,219,193,169,82,102
141,29,47,88,21,128,69,204,119,99
141,30,77,64,162,232,250,151,91,63
141,31,34,95,59,18,249,240,135,88
141,32,146,179,236,12,7,245,76,57
141,33,56,133,162,139,104,167,75,36
141,34,238,195,44,72,5,246,10,109
141,35,148,190,129,235,202,167,74,220
141,36,188,227,147,78,142,115,92,26
141,37,78,103,27,22,199,193,238,94
141,38,127,215,119,118,243,251,80,230
141,39,158,44,70,122,99,244,239,188
142,0,49,51,22,153,247,85,11,18
142,1,223,169,177,5,87,13,81,227
142,2,16,35,252,205,242,200,44,146
142,3,98,97,27,238,160,153,146,135
142,4,14,167,65,240,181,201,67,170
142,5,235,67,191,161,192,224,252,120
142,6,54,215,82,245,52,204,125,167
142,7,44,187,176,185,225,132,4,108
142,8,33,53,148,85,242,212,59,171
142,9,132,207,99,215,22,115,94,195
142,10,248,216,250,26,116,207,165,178
142,11,36,20,170,151,133,50,255,98
142,12,160,116,59,242,178,176,137,10
142,13,33,142,208,29,21,165,254,145
142,14,132,147,73,248,204,44,6,96
142,15,139,3,74,190,166,206,235,145
142,16,156,191,195,72,47,33,100,54
142,17,110,238,69,8,253,1,204,199
142,18,77,128,112,91,232,175,64,176
142,19,115,59,212,120,95,12,240,88
142,20,148,33,53,133,161,85,195,171
142,21,99,132,120,207,214,1,254,28
142,22,108,248,5,245,116,207,205,41
142,23,36,20,2,170,230,162,136,10
142,24,137,43,196,178,116,244,222,10
142,25,33,142,208,165,34,145,5,183
142,26,132,73,147,248,96,204,227,154
142,27,139,74,206,170,145,190,3,90
142,28,191,156,116,72,183,195,4,231
142,29,110,47,69,204,1,222,151,141
142,30,77,128,112,64,91,176,71,175
142,31,59,95,240,12,120,248,135,88
142,32,113,238,194,236,158,47,156,206
142,33,73,41,81,244,72,232,94,146
142,34,161,97,188,246,19,10,252,34
142,35,167,202,235,196,244,129,36,212
142,36,188,78,181,129,239,153,248,10
142,37,103,22,199,147,90,237,163,219
142,38,127,118,22,79,86,230,189,12
142,39,145,16,70,116,62,30,203,34
143,0,62,211,144,124,163,234,92,59
143,1,193,59,11,98,153,198,14,64
143,2,76,193,16,92,150,157,86,110
143,3,201,22,251,243,112,87,15,157
143,4,152,134,94,38,36,203,43,28
143,5,115,58,122,222,251,210,0,70
143,6,82,19,125,92,12,102,237,26
143,7,225,132,181,185,174,187,104,243
143,8,148,53,85,159,72,133,145,246
143,9,99,81,28,1,120,207,186,168
143,10,9,81,207,116,190,250,161,108
143,11,145,153,238,15,230,59,97,44
143,12,115,10,137,196,210,116,250,55
143,13,183,142,208,145,170,165,15,116
143,14,132,73,248,204,44,171,173,104
143,15,139,248,74,145,170,190,235,169
143,16,191,54,230,195,186,72,183,212
143,17,69,210,8,236,47,78,235,217
143,18,77,69,64,232,91,112,225,233
143,19,115,59,60,190,51,95,248,101
143,20,53,148,159,85,72,145,171,24
143,21,99,120,81,233,225,98,84,254
143,22,9,108,250,81,0,207,132,190
143,23,238,153,15,145,2,130,44,202
143,24,137,196,115,10,222,210,106,116
143,25,208,165,183,145,116,155,199,166
143,26,132,73,248,84,93,96,101,130
143,27,139,248,145,206,170,190,249,233
143,28,191,230,54,116,183,186,26,190
143,29,69,236,204,151,47,244,222,65
143,30,77,64,69,45,73,112,91,142
143,31,51,95,240,190,233,248,59,135
143,32,162,146,7,236,195,194,220,247
143,33,181,189,56,81,97,37,75,94
143,34,72,19,212,246,255,10,211,195
143,35,167,202,244,49,129,254,44,36
143,36,78,188,129,234,34,153,154,92
143,37,103,22,219,147,145,84,199,213
143,38,127,118,22,79,12,189,198,230
143,39,16,254,70,62,23,145,242,165
144,0,247,226,96,171,11,93,80,146
144,1,195,81,96,2,169,40,222,220
144,2,92,128,251,86,118,16,63,56
144,3,221,170,188,201,237,122,155,95
144,4,20,152,119,8,134,216,43,203
144,5,61,194,2,210,0,23,58,122
144,6,82,16,19,125,92,49,154,52
144,7,181,132,225,187,243,185,174,227
144,8,112,159,148,53,85,184,59,72
144,9,120,99,206,28,1,81,179,207
144,10,229,163,81,108,9,207,253,190
144,11,18,145,238,130,153,142,97,15
144,12,137,10,106,196,115,102,176,250
144,13,200,183,254,116,142,208,165,145
144,14,132,73,248,204,101,140,165,95
144,15,139,74,190,145,170,248,241,235
144,16,191,54,149,13,112,183,195,209
144,17,69,210,236,235,192,244,217,51
144,18,77,64,225,69,233,6,176,45
144,19,115,212,190,233,51,95,248,59
144,20,53,148,112,85,145,72,159,24
144,21,99,120,206,1,81,233,254,84
144,22,108,163,197,190,245,250,149,132
144,23,18,130,230,153,2,194,142,205
144,24,196,137,106,10,244,176,116,210
144,25,200,34,165,183,199,208,145,166
144,26,132,73,248,130,252,101,84,115
144,27,139,190,233,170,241,74,206,145
144,28,191,54,183,185,149,169,26,122
144,29,69,236,65,204,47,151,222,244
144,30,77,45,6,64,123,69,176,97
144,31,51,233,240,95,190,248,59,88
144,32,89,194,7,236,17,199,162,206
144,33,214,94,23,72,81,217,91,135
144,34,187,182,19,54,211,246,10,213
144,35,244,167,202,224,129,254,36,220
144,36,78,188,253,129,0,8,10,239
144,37,103,164,22,219,147,199,213,145
144,38,127,22,118,136,79,106,12,86
144,39,16,145,62,70,254,34,116,203
145,0,124,50,62,222,161,231,138,211
145,1,153,98,245,131,14,48,204,49
145,2,193,120,211,143,3,251,128,205
145,3,22,201,87,251,243,23,247,197
145,4,152,134,8,175,38,121,43,157
145,5,250,81,42,95,9,86,0,19
145,6,49,82,161,84,74,168,237,125
145,7,187,225,174,246,132,183,227,4
145,8,53,72,148,85,40,145,151,133
145,9,99,81,28,1,207,187,186,130
145,10,250,190,108,251,245,45,217,235
145,11,194,230,121,59,44,15,218,217
145,12,137,10,196,210,143,244,38,31
145,13,170,199,183,165,185,208,137,34
145,14,132,73,248,101,84,113,115,189
145,15,139,74,170,90,145,146,111,238
145,16,191,228,4,183,230,166,82,56
145,17,69,210,19,235,208,244,58,204
145,18,250,77,64,123,225,233,236,32
145,19,115,190,43,240,248,25,212,95
145,20,53,85,148,121,72,172,145,24
145,21,99,233,81,20,225,98,187,1
145,22,250,190,245,108,233,210,135,159
145,23,194,201,218,59,230,15,44,85
145,24,210,196,10,137,11,115,128,12
145,25,183,137,19,208,166,165,155,170
145,26,132,73,101,196,248,84,72,171
145,27,139,170,190,28,206,145,74,127
145,28,193,191,228,56,82,219,190,183
145,29,19,88,21,151,204,222,69,244
145,30,77,64,162,250,73,91,151,123
145,31,157,43,34,95,135,190,59,249
145,32,12,146,179,140,236,162,85,14
145,33,56,198,75,81,139,162,189,104
145,34,195,18,44,11,73,143,246,121
145,35,185,167,202,191,244,148,68,190
145,36,26,188,125,78,92,44,129,57
145,37,103,162,22,126,196,113,208,213
145,38,127,243,118,87,79,106,52,132
145,39,99,44,77,254,70,224,161,203
146,0,174,124,62,231,204,13,211,161
146,1,162,49,23,10,141,60,245,193
146,2,115,252,38,207,23,142,20,200
146,3,22,197,201,2,53,132,38,81
146,4,148,152,221,44,134,180,132,188
146,5,250,23,0,9,84,19,81,111
146,6,161,49,125,185,84,240,159,212
146,7,246,187,225,132,174,104,227,16
146,8,53,148,85,72,59,22,143,246
146,9,99,28,1,81,130,176,199,254
146,10,250,108,190,233,226,31,172,45
146,11,194,202,222,59,220,97,15,121
146,12,137,196,10,210,185,143,38,116
146,13,183,185,34,14,208,201,165,170
146,14,132,73,248,44,115,101,17,130
146,15,139,74,127,190,238,227,90,145
146,16,191,183,112,193,169,166,195,234
146,17,69,210,235,21,217,150,51,244
146,18,250,77,64,209,233,225,151,123
146,19,248,190,212,115,59,95,85,83
146,20,148,53,121,72,194,68,158,171
146,21,99,98,225,1,81,233,236,207
146,22,108,250,216,197,233,226,132,116
146,23,201,220,59,194,202,85,162,2
146,24,11,115,10,196,128,116,210,137
146,25,101,19,183,37,140,208,165,21
146,26,132,171,203,248,96,73,115,44
146,27,3,206,139,177,190,249,145,28
146,28,120,193,47,191,219,72,102,195
146,29,21,88,151,1,119,61,204,94
146,30,77,250,64,162,91,232,16,63
146,31,95,249,137,59,43,248,135,183
146,32,245,123,85,140,254,179,156,47
146,33,56,95,132,139,81,102,104,143
146,34,44,238,247,240,191,246,72,20
146,35,202,148,167,190,226,171,191,14
146,36,188,10,153,227,142,115,78,119
146,37,103,199,78,27,22,229,113,124
146,38,127,215,119,118,251,175,212,230
146,39,158,129,31,70,122,117,197,239
147,0,135,108,79,59,182,230,61,207
147,1,75,152,62,70,139,97,162,128
147,2,88,59,210,38,121,8,107,17
147,3,87,211,83,26,58,146,226,8
147,4,129,15,118,222,67,65,14,242
147,5,10,161,44,235,204,188,186,191
147,6,54,167,215,52,31,14,61,93
147,7,2,112,185,199,40,64,23,109
147,8,35,86,89,179,239,180,56,4
147,9,180,94,98,207,29,203,156,215
147,10,216,248,193,130,88,26,1,169
147,11,133,203,39,136,20,170,42,99
147,12,26,56,63,160,222,116,59,128
147,13,29,21,208,43,5,112,211,50
147,14,132,44,86,248,96,204,73,18
147,15,139,36,172,3,37,190,177,235
147,16,191,47,181,96,120,24,72,129
147,17,69,8,1,102,199,166,204,47
147,18,77,91,197,170,148,64,90,71
147,19,59,212,115,95,233,130,248,196
147,20,148,53,133,35,161,195,54,23
147,21,99,1,180,203,251,211,207,233
147,22,116,205,108,88,156,236,132,26
147,23,133,39,230,141,203,130,60,98
147,24,137,176,116,10,48,244,67,15
147,25,21,208,145,5,29,112,34,165
147,26,132,78,204,248,44,96,146,194
147,27,139,206,166,190,172,36,215,145
147,28,191,47,72,129,96,197,120,173
147,29,69,1,102,204,5,89,8,47
147,30,77,170,91,64,85,122,97,176
147,31,248,67,95,59,137,212,233,195
147,32,158,149,47,245,236,194,98,255
147,33,190,81,72,126,41,63,232,146
147,34,116,246,247,161,97,211,34,10
147,35,202,167,14,36,171,254,103,58
147,36,188,10,153,78,2,154,119,239
147,37,219,103,199,22,124,58,89,32
147,38,127,118,92,175,212,148,198,205
147,39,189,2,70,38,213,36,69,85
148,0,29,163,211,232,78,62,191,120
148,1,144,32,185,193,167,208,153,14
148,2,188,157,228,139,170,223,79,60
148,3,201,154,196,23,22,16,251,157
148,4,152,134,28,36,121,239,189,175
148,5,0,23,251,210,71,122,58,153
148,6,102,212,25,125,12,237,159,168
148,7,185,175,225,214,183,187,5,142
148,8,148,53,47,133,59,144,72,29
148,9,99,1,28,160,207,225,90,211
148,10,109,233,116,148,146,205,108,132
148,11,97,37,141,146,204,54,32,230
148,12,10,137,47,176,166,50,244,250
148,13,0,34,208,20,145,238,248,183
148,14,132,44,144,204,248,73,115,21
148,15,139,190,178,12,235,238,177,18
148,16,191,56,138,234,82,183,154,129
148,17,4,69,51,8,49,1,162,209
148,18,77,66,209,116,91,102,138,171
148,19,48,83,59,67,115,125,212,248
148,20,148,47,133,53,252,145,152,161
148,21,99,1,32,207,22,251,134,204
148,22,109,116,233,148,205,146,132,156
148,23,141,146,37,162,99,204,60,197
148,24,50,166,47,244,116,119,176,239
148,25,0,208,145,222,34,20,42,165
148,26,78,132,144,204,248,196,55,26
148,27,139,79,178,18,206,12,190,112
148,28,191,56,234,59,10,173,72,138
148,29,4,126,69,1,185,165,245,170
148,30,77,209,143,66,18,116,151,141
148,31,83,55,37,157,67,195,219,95
148,32,26,92,19,248,120,14,78,58
148,33,250,176,161,81,133,54,72,146
148,34,249,80,15,18,109,166,246,164
148,35,8,121,106,202,136,36,14,176
148,36,188,148,21,55,153,228,10,17
148,37,219,214,196,199,110,103,121,126
148,38,156,20,197,149,141,52,185,175
148,39,251,224,66,209,167,83,132,112
149,0,136,209,98,52,240,220,80,156
149,1,208,185,32,144,79,197,155,165
149,2,139,21,96,176,214,142,83,223
149,3,211,154,201,72,69,196,100,23
149,4,152,121,239,134,175,206,36,28
149,5,0,77,67,64,23,58,222,210
149,6,102,237,195,12,168,212,151,125
149,7,185,175,187,225,161,213,142,245
149,8,148,53,133,23,59,72,241,85
149,9,99,1,160,32,28,90,166,243
149,10,233,109,146,116,148,217,108,115
149,11,37,97,54,230,141,32,41,204
149,12,137,10,166,176,50,13,143,161
149,13,34,0,180,208,185,20,165,248
149,14,44,132,17,73,248,204,115,21
149,15,139,190,238,12,235,74,177,208
149,16,191,234,112,138,183,131,202,82
149,17,69,4,51,8,162,49,217,209
149,18,77,66,102,116,91,64,171,123
149,19,67,83,48,1,125,115,59,212
149,20,148,53,172,133,145,47,247,152
149,21,99,32,1,214,22,204,233,58
149,22,109,116,233,148,205,108,217,132
149,23,141,37,146,162,253,54,211,97
149,24,137,50,166,244,116,176,239,10
149,25,34,0,208,145,165,121,194,212
149,26,132,17,78,248,204,115,227,252
149,27,139,190,79,12,206,18,45,92
149,28,234,191,56,72,138,173,59,197
149,29,4,69,126,1,204,60,185,9
149,30,77,143,66,116,151,209,91,130
149,31,83,157,67,219,95,248,59,247
149,32,19,14,26,47,144,120,28,92
149,33,250,161,5,72,133,81,203,54
149,34,109,18,15,249,164,227,205,246
149,35,8,202,106,36,121,167,129,103
149,36,148,188,55,153,48,10,78,21
149,37,219,196,103,199,110,156,22,126
149,38,20,52,127,185,217,118,242,124
149,39,224,167,77,27,201,219,55,107
150,0,62,50,211,144,188,232,92,234
150,1,157,44,206,198,163,80,21,14
150,2,21,97,96,235,192,139,215,123
150,3,72,100,213,123,154,111,22,201
150,4,221,239,149,152,175,134,28,206
150,5,77,80,58,0,164,251,22,64
150,6,102,12,125,212,237,11,168,213
150,7,175,225,185,161,183,142,104,214
150,8,148,53,133,85,72,23,144,16
150,9,99,1,28,32,22,101,130,166
150,10,109,233,116,148,146,217,205,156
150,11,97,37,230,141,44,32,222,204
150,12,137,10,176,50,38,166,250,161
150,13,34,0,180,185,248,183,174,208
150,14,44,132,248,17,204,73,115,253
150,15,139,235,238,190,12,74,208,227
150,16,191,234,112,183,24,82,197,172
150,17,69,49,4,21,51,44,1,192
150,18,77,66,209,138,116,91,64,102
150,19,212,115,48,59,247,125,95,60
150,20,133,148,53,172,195,145,47,72
150,21,99,1,32,214,134,207,204,84
150,22,109,148,116,205,146,233,132,156
150,23,222,37,32,60,197,141,220,10
150,24,50,137,10,157,119,116,244,166
150,25,0,101,34,145,208,183,165,42
150,26,132,17,204,171,248,115,73,78
150,27,139,12,28,235,206,145,190,98
150,28,191,197,219,234,59,72,56,102
150,29,69,4,204,19,9,1,88,60
150,30,77,143,151,116,66,232,64,91
150,31,83,157,85,59,95,67,88,135
150,32,140,109,14,47,26,245,236,255
150,33,203,198,143,189,103,81,161,162
150,34,109,164,18,191,121,246,211,249
150,35,44,129,202,187,79,5,171,226
150,36,188,48,153,154,78,50,10,240
150,37,196,103,199,22,30,219,180,76
150,38,217,185,132,118,173,127,191,52
150,39,224,77,167,99,70,219,151,26
151,0,116,159,69,220,240,239,170,198
151,1,166,253,230,206,44,69,80,88
151,2,56,142,241,152,1,235,200,96
151,3,9,72,243,162,100,22,138,204
151,4,221,175,152,28,134,44,43,38
151,5,77,58,111,164,0,153,80,177
151,6,12,125,102,43,212,30,237,152
151,7,175,142,225,185,38,246,104,214
151,8,53,148,133,85,72,23,59,145
151,9,1,99,28,101,254,211,243,86
151,10,242,148,116,146,172,233,217,147
151,11,97,230,220,32,44,37,141,218
151,12,137,10,157,250,196,201,116,176
151,13,34,183,0,248,21,180,208,170
151,14,132,44,73,248,115,204,84,253
151,15,235,139,238,74,227,12,145,190
151,16,191,197,24,183,234,112,82,190
151,17,69,21,51,62,209,125,192,1
151,18,77,151,91,64,225,123,209,66
151,19,85,59,115,95,212,248,48,125
151,20,148,53,133,172,145,152,50,195
151,21,99,32,1,254,84,28,98,204
151,22,116,242,108,205,137,233,146,148
151,23,220,174,218,37,44,197,133,59
151,24,50,10,157,119,137,116,11,183
151,25,101,21,0,140,19,183,208,145
151,26,132,96,171,203,92,73,204,248
151,27,28,3,206,139,249,169,190,12
151,28,219,193,102,72,191,196,120,197
151,29,88,21,94,61,204,151,69,1
151,30,77,232,64,16,162,91,63,225
151,31,59,95,183,85,137,88,135,248
151,32,125,245,179,140,254,123,109,47
151,33,203,198,139,189,143,132,95,162
151,34,240,44,67,164,238,195,128,169
151,35,202,210,167,79,148,2,5,129
151,36,188,67,39,115,142,134,153,26
151,37,103,101,27,78,199,22,43,113
151,38,119,163,251,118,169,127,212,175
151,39,138,231,122,117,215,58,70,158
152,0,123,229,196,105,249,7,216,104
152,1,225,231,150,27,246,20,54,136
152,2,162,200,103,51,232,163,4,214
152,3,152,231,235,133,187,77,84,200
152,4,142,13,108,128,15,102,236,222
152,5,193,104,186,41,235,99,6,56
152,6,153,167,52,215,102,12,54,83
152,7,29,199,185,23,187,216,64,132
152,8,89,234,53,148,59,152,168,105
152,9,29,94,99,164,228,207,215,143
152,10,169,130,26,116,137,132,205,248
152,11,189,174,161,97,133,98,134,248
152,12,63,10,26,160,15,74,116,137
152,13,43,147,97,208,21,183,50,222
152,14,20,44,132,124,50,86,204,224
152,15,139,235,81,200,238,147,3,206
152,16,5,191,196,47,24,202,100,72
152,17,69,250,172,8,119,61,1,76
152,18,77,57,187,179,138,91,0,50
152,19,130,59,115,205,212,109,6,4
152,20,234,148,53,133,195,89,233,52
152,21,29,164,94,99,207,22,251,1
152,22,116,169,130,198,205,113,148,132
152,23,189,161,174,44,54,60,98,56
152,24,242,160,63,26,15,74,32,128
152,25,43,147,97,222,50,145,37,45
152,26,20,92,132,124,44,148,51,204
152,27,200,81,206,3,162,139,169,190
152,28,133,196,5,72,195,43,32,191
152,29,119,76,172,250,69,61,1,87
152,30,77,205,179,187,64,91,16,0
152,31,135,4,205,109,95,59,130,88
152,32,98,181,186,99,47,161,254,236
152,33,238,86,126,215,183,143,81,73
152,34,84,96,207,180,101,62,252,10
152,35,202,160,235,220,167,57,203,36
152,36,188,70,78,181,248,153,118,120
152,37,65,103,31,58,199,245,86,96
152,38,117,159,253,237,240,70,191,51
152,39,228,10,2,182,148,235,159,38
153,0,141,190,235,221,115,253,47,125
153,1,93,244,46,155,197,68,182,47
153,2,145,57,103,123,10,100,93,34
153,3,187,235,12,231,162,133,230,179
153,4,144,142,236,67,128,91,95,222
153,5,193,90,224,47,41,188,186,135
153,6,215,153,60,54,206,167,52,75
153,7,176,23,199,29,185,117,64,216
153,8,116,239,234,57,180,89,99,52
153,9,116,126,191,164,94,131,9,85
153,10,248,169,36,198,130,196,213,216
153,11,161,189,133,233,140,136,107,111
153,12,63,74,26,93,242,128,15,160
153,13,147,43,154,134,97,33,95,61
153,14,124,51,20,50,86,47,161,147
153,15,81,162,200,206,3,189,181,238
153,16,5,196,133,152,156,170,47,32
153,17,172,250,61,76,89,8,119,166
153,18,187,57,179,77,50,16,0,161
153,19,205,109,116,4,191,130,59,20
153,20,234,239,179,180,89,212,133,207
153,21,116,164,94,29,207,191,126,85
153,22,130,169,198,116,113,236,178,195
153,23,189,161,111,42,107,128,36,56
153,24,63,74,26,93,15,160,44,242
153,25,43,147,6,134,130,97,61,107
153,26,20,51,124,148,54,86,132,167
153,27,162,200,206,81,181,3,58,177
153,28,43,5,133,196,72,170,195,156
153,29,172,76,87,250,119,8,1,89
153,30,179,187,77,205,16,91,163,226
153,31,109,116,4,205,135,59,12,124
153,32,119,181,223,186,47,178,90,77
153,33,93,86,238,183,129,83,215,81
153,34,96,82,207,1,180,62,84,252
153,35,160,167,202,57,36,235,153,27
153,36,70,188,181,98,248,222,120,153
153,37,58,31,229,103,175,39,143,124
153,38,64,92,148,237,180,175,67,36
153,39,186,189,190,38,11,151,133,178
154,0,38,167,54,193,94,44,112,238
154,1,46,105,47,58,122,137,20,249
154,2,128,186,82,140,53,85,145,200
154,3,26,230,233,103,117,210,78,143
154,4,144,81,67,245,213,45,91,179
154,5,90,188,224,43,193,109,47,78
154,6,215,60,206,131,96,153,187,173
154,7,176,70,231,117,112,54,199,23
154,8,239,104,116,73,179,33,57,100
154,9,126,113,116,191,30,56,169,85
154,10,115,248,166,211,100,10,215,212
154,11,133,140,41,233,213,181,155,36
154,12,212,44,175,34,93,144,164,62
154,13,6,33,142,138,168,61,3,15
154,14,147,86,50,104,93,132,47,167
154,15,166,206,139,190,120,189,3,56
154,16,156,181,170,151,212,152,191,47
154,17,69,5,8,110,166,57,1,89
154,18,77,159,91,171,128,22,187,232
154,19,115,59,4,205,120,12,212,122
154,20,148,239,53,234,133,195,247,171
154,21,116,99,207,191,126,22,1,166
154,22,236,161,205,157,116,34,132,248
154,23,140,42,111,189,36,60,134,54
154,24,137,116,176,138,10,44,87,43
154,25,6,145,208,142,33,29,166,165
154,26,132,204,73,96,84,252,248,147
154,27,139,206,3,177,249,169,190,235
154,28,72,156,195,47,191,43,197,24
154,29,5,1,69,204,172,151,132,250
154,30,77,91,187,205,179,64,175,16
154,31,59,95,135,12,109,88,115,240
154,32,223,47,186,96,119,236,178,255
154,33,81,86,238,73,232,93,183,190
154,34,116,207,186,180,96,246,84,10
154,35,202,167,160,36,235,14,153,57
154,36,70,188,181,78,248,153,119,10
154,37,58,31,103,22,124,190,199,143
154,38,92,127,148,118,212,175,12,95
154,39,189,38,238,70,248,78,2,69
155,0,140,43,112,238,173,200,95,30
155,1,46,47,249,137,20,188,181,213
155,2,186,82,140,165,200,20,102,85
155,3,233,117,26,230,103,236,210,78
155,4,144,245,249,199,62,246,213,179
155,5,85,220,224,230,145,255,132,83
155,6,96,118,230,206,89,160,63,239
155,7,176,109,112,225,72,237,199,145
155,8,239,53,148,35,85,195,73,166
155,9,126,99,113,53,1,28,88,207
155,10,240,115,215,183,29,231,93,22
155,11,133,41,253,230,181,28,249,82
155,12,137,212,10,51,176,88,83,116
155,13,34,142,6,208,145,168,183,15
155,14,132,147,248,73,204,44,173,29
155,15,139,74,190,145,235,238,170,228
155,16,191,156,195,112,151,172,183,104
155,17,69,44,210,192,1,58,249,209
155,18,77,91,225,224,64,138,102,123
155,19,115,212,95,59,125,1,133,180
155,20,148,195,53,133,85,145,72,24
155,21,99,1,43,214,211,7,243,193
155,22,148,108,147,172,132,217,21,160
155,23,80,32,140,117,44,121,10,223
155,24,137,10,116,176,250,244,161,201
155,25,34,145,45,208,183,121,5,58
155,26,132,204,130,248,44,227,73,188
155,27,139,235,190,98,177,101,206,90
155,28,191,47,197,172,72,183,74,96
155,29,69,5,1,204,44,60,150,158
155,30,77,91,225,64,175,97,159,205
155,31,95,59,115,88,212,240,233,135
155,32,255,96,236,223,47,186,98,158
155,33,190,232,81,238,86,73,183,41
155,34,116,246,10,207,180,196,82,161
155,35,202,167,14,36,220,235,224,103
155,36,188,78,70,181,153,10,129,119
155,37,58,103,31,22,199,124,190,147
155,38,92,127,148,71,118,212,175,12
155,39,189,38,2,70,69,248,78,213
156,0,144,92,111,186,188,62,234,232
156,1,195,83,95,198,193,208,14,215
156,2,60,92,157,58,118,188,79,11
156,3,30,197,157,177,202,251,201,58
156,4,94,98,152,88,71,43,54,154
156,5,23,153,115,251,0,147,210,2
156,6,55,92,14,43,183,52,125,235
156,7,181,185,187,132,199,76,158,225
156,8,53,148,247,85,133,220,171,59
156,9,22,156,120,99,207,5,229,166
156,10,207,9,132,178,116,161,205,34
156,11,153,54,98,181,15,130,27,195
156,12,138,191,116,155,137,206,31,10
156,13,168,145,15,113,28,219,208,6
156,14,44,132,204,96,248,84,161,18
156,15,177,248,235,139,206,249,3,123
156,16,181,170,26,24,47,72,230,191
156,17,8,69,1,89,204,236,197,169
156,18,77,69,159,22,91,71,130,64
156,19,59,135,115,95,60,129,212,233
156,20,148,53,247,171,133,35,161,195
156,21,99,22,156,207,240,229,166,90
156,22,116,9,205,207,0,157,140,132
156,23,54,153,195,15,49,69,99,60
156,24,116,106,191,138,244,155,176,15
156,25,145,208,15,29,37,28,165,155
156,26,83,132,96,67,204,44,252,180
156,27,248,177,206,139,3,169,103,249
156,28,230,47,78,197,24,72,185,54
156,29,1,89,236,102,69,204,65,8
156,30,69,77,97,91,64,130,204,45
156,31,135,59,233,137,95,60,88,240
156,32,195,146,86,47,162,199,247,194
156,33,97,37,75,81,94,36,217,135
156,34,255,212,187,246,90,10,54,19
156,35,49,202,167,36,14,103,220,129
156,36,188,119,234,153,10,8,78,129
156,37,103,199,22,124,219,238,220,134
156,38,127,118,22,212,0,175,79,102
156,39,16,23,145,70,34,30,116,224
157,0,212,218,46,40,65,157,63,202
157,1,209,183,40,96,166,98,234,48
157,2,2,95,232,97,35,96,247,178
157,3,9,200,162,55,247,95,72,41
157,4,123,180,98,2,138,145,71,104
157,5,23,19,31,213,67,254,178,100
157,6,55,43,200,157,241,92,39,235
157,7,61,66,187,108,32,79,101,76
157,8,247,157,53,65,246,152,103,173
157,9,240,22,207,120,5,156,99,98
157,10,220,46,205,207,171,178,63,114
157,11,93,54,49,158,156,195,69,201
157,12,138,206,157,116,242,191,106,31
157,13,37,15,168,28,164,208,113,50
157,14,44,132,83,96,248,228,84,146
157,15,177,116,139,206,249,3,190,238
157,16,191,195,185,72,47,26,31,158
157,17,104,8,216,204,135,1,69,47
157,18,77,91,97,65,225,69,64,109
157,19,225,59,135,115,249,212,95,129
157,20,157,53,148,247,133,171,161,152
157,21,240,22,99,207,254,90,1,229
157,22,205,220,116,132,172,232,207,108
157,23,93,54,158,10,156,44,49,136
157,24,116,244,10,176,71,178,11,87
157,25,164,145,208,37,165,166,183,28
157,26,132,96,73,83,204,203,227,194
157,27,177,116,206,139,3,190,169,235
157,28,201,193,72,47,24,197,191,228
157,29,88,1,216,204,104,21,89,61
157,30,77,232,91,162,97,204,50,197
157,31,135,59,95,225,88,137,115,183
157,32,116,86,47,179,156,254,236,140
157,33,18,206,182,81,143,36,104,59
157,34,238,44,205,246,90,10,152,141
157,35,202,167,148,36,190,14,103,235
157,36,188,227,153,251,115,10,39,119
157,37,78,103,22,199,124,27,238,169
157,38,0,118,127,215,124,212,119,61
157,39,158,122,70,224,182,197,159,129
158,0,101,35,197,242,108,79,214,9
158,1,27,62,97,231,150,155,20,70
158,2,72,97,96,232,247,210,117,35
158,3,211,37,72,226,106,236,9,84
158,4,222,105,142,251,102,118,15,54
158,5,236,204,188,161,178,69,44,218
158,6,157,182,167,43,14,52,79,200
158,7,2,23,79,199,76,29,14,185
158,8,247,35,89,239,164,86,180,179
158,9,22,180,29,94,203,85,207,98
158,10,207,88,169,157,178,196,220,216
158,11,54,42,20,98,111,93,255,203
158,12,138,116,220,56,26,191,193,63
158,13,29,15,28,113,112,219,111,50
158,14,44,132,83,204,18,52,47,248
158,15,36,177,139,235,206,39,129,238
158,16,181,96,191,24,47,195,72,228
158,17,69,8,166,60,204,1,102,51
158,18,77,91,197,204,170,64,22,148
158,19,59,115,130,135,95,205,212,190
158,20,53,148,35,247,133,171,212,195
158,21,99,22,180,1,203,29,207,254
158,22,88,236,116,108,205,132,207,172
158,23,42,39,20,10,54,226,203,230
158,24,137,116,10,244,67,176,220,250
158,25,145,112,29,165,208,15,34,45
158,26,132,73,204,44,96,248,227,84
158,27,139,172,145,206,36,120,177,190
158,28,96,191,197,72,24,47,195,5
158,29,69,1,204,5,250,132,60,98
158,30,77,170,91,64,197,225,175,205
158,31,95,59,130,88,240,212,115,109
158,32,98,255,236,47,158,96,99,186
158,33,126,190,232,86,238,81,220,72
158,34,116,246,10,161,207,180,1,252
158,35,14,36,202,220,103,167,153,235
158,36,188,153,78,10,181,70,154,207
158,37,103,22,199,31,238,219,124,58
158,38,127,71,118,212,92,175,148,239
158,39,70,189,2,69,248,38,213,25
159,0,211,222,62,70,138,191,37,195
159,1,193,153,32,167,14,185,144,75
159,2,193,188,3,216,170,157,223,58
159,3,243,197,56,69,149,22,201,196
159,4,28,175,134,152,43,197,132,121
159,5,71,58,164,60,251,77,0,122
159,6,168,12,102,125,30,210,26,237
159,7,175,185,38,225,245,246,132,142
159,8,53,148,72,133,145,121,85,22
159,9,1,99,254,28,186,134,176,101
159,10,148,242,172,116,146,108,132,156
159,11,97,37,44,218,141,117,230,32
159,12,137,10,176,250,157,119,196,116
159,13,83,183,20,45,34,0,211,180
159,14,132,44,204,248,73,115,253,158
159,15,235,139,227,1,145,74,12,238
159,16,191,117,183,104,209,112,172,197
159,17,69,192,1,44,217,210,196,225
159,18,77,225,91,64,152,224,176,66
159,19,212,95,115,85,59,248,125,127
159,20,53,148,195,133,240,85,145,172
159,21,1,99,254,193,32,98,238,67
159,22,148,242,172,108,233,132,228,54
159,23,117,44,10,99,70,164,218,63
159,24,137,10,116,157,11,50,196,244
159,25,211,20,0,145,45,183,148,34
159,26,132,204,73,213,196,190,115,44
159,27,130,139,28,1,227,235,145,206
159,28,191,197,102,190,181,160,183,56
159,29,1,225,69,204,62,21,98,19
159,30,77,91,225,152,90,232,64,175
159,31,95,59,85,88,115,212,240,199
159,32,255,123,236,19,109,48,47,57
159,33,139,68,61,102,143,162,107,95
159,34,175,240,10,246,121,72,67,128
159,35,129,14,5,94,202,2,53,235
159,36,188,26,142,246,153,67,78,154
159,37,43,22,199,135,238,103,161,60
159,38,127,163,119,201,118,234,9,30
159,39,1,246,138,92,250,215,70,122
160,0,211,62,174,70,231,234,144,163
160,1,193,30,23,141,76,164,80,61
160,2,232,110,150,14,253,169,149,207
160,3,100,200,155,191,244,109,50,149
160,4,148,94,28,152,134,175,221,44
160,5,58,60,111,23,50,0,115,202
160,6,235,125,92,57,210,12,30,43
160,7,223,175,181,243,185,225,40,246
160,8,148,53,85,72,16,59,246,22
160,9,96,99,254,1,120,101,28,229
160,10,218,108,19,172,81,132,9,34
160,11,153,97,15,130,114,230,44,223
160,12,10,137,11,55,116,250,176,168
160,13,116,211,183,38,83,208,145,45
160,14,132,73,180,204,248,230,44,6
160,15,248,139,1,227,235,74,145,50
160,16,191,54,230,183,209,181,78,169
160,17,69,65,217,204,210,47,1,192
160,18,69,77,225,152,45,64,176,223
160,19,95,233,60,212,101,51,151,59
160,20,53,148,240,195,85,72,133,145
160,21,99,254,1,96,193,22,176,214
160,22,172,108,218,0,9,54,21,132
160,23,153,117,223,10,44,237,130,78
160,24,137,106,14,196,10,116,176,244
160,25,211,34,200,145,148,183,83,208
160,26,132,73,204,230,115,163,248,158
160,27,139,50,248,1,227,145,241,235
160,28,191,209,183,230,78,185,54,160
160,29,69,65,204,1,98,47,236,192
160,30,152,77,45,225,223,69,83,123
160,31,95,212,59,240,233,88,51,248
160,32,146,195,255,236,31,109,162,199
160,33,189,97,37,94,181,61,51,36
160,34,212,246,255,10,187,54,19,254
160,35,53,129,14,194,67,202,49,16
160,36,188,154,234,78,10,153,8,4
160,37,103,199,219,22,213,238,1,52
160,38,127,22,118,175,239,243,69,230
160,39,16,70,145,23,30,34,116,25
161,0,211,70,174,62,37,146,222,26
161,1,193,153,48,40,237,220,17,30
161,2,2,3,143,71,220,140,96,247
161,3,50,100,243,217,247,201,179,22
161,4,175,28,123,152,180,184,134,189
161,5,164,19,58,222,80,95,82,60
161,6,125,12,57,39,240,120,30,43
161,7,223,225,175,246,38,245,104,227
161,8,53,148,72,85,181,16,145,133
161,9,99,1,28,254,101,186,20,81
161,10,172,226,19,242,108,81,245,190
161,11,218,117,230,194,97,217,44,121
161,12,137,14,10,250,38,196,176,148
161,13,145,83,212,55,148,165,45,14
161,14,132,163,73,204,248,115,4,95
161,15,139,28,190,1,227,50,235,27
161,16,209,191,183,160,112,158,1,104
161,17,69,42,192,217,164,44,225,210
161,18,152,123,223,241,77,18,35,239
161,19,174,95,212,85,101,248,203,238
161,20,53,148,72,240,195,145,181,85
161,21,99,254,1,81,243,176,43,225
161,22,172,19,226,242,135,38,78,148
161,23,117,218,92,34,194,121,201,37
161,24,14,137,10,131,148,109,11,90
161,25,34,0,83,211,148,183,165,212
161,26,132,163,204,73,115,85,232,62
161,27,139,28,1,33,227,145,130,50
161,28,209,78,191,183,102,160,197,176
161,29,69,225,164,204,1,99,192,217
161,30,152,77,225,91,83,64,223,63
161,31,95,212,240,59,85,115,88,238
161,32,109,123,236,255,31,86,57,7
161,33,234,36,61,95,162,189,87,102
161,34,246,10,240,121,238,72,90,43
161,35,14,129,202,171,220,49,53,254
161,36,188,154,78,153,10,147,119,118
161,37,199,103,22,219,238,52,213,165
161,38,175,127,118,230,113,239,69,219
161,39,165,70,216,31,224,129,34,122
162,0,117,96,146,226,11,233,171,187
162,1,13,169,43,96,81,2,120,104
162,2,249,56,69,206,146,149,118,248
162,3,170,105,247,201,50,85,221,98
162,4,123,119,55,152,8,67,182,180
162,5,146,19,82,23,58,0,83,85
162,6,125,92,235,43,57,237,59,16
162,7,181,225,133,132,185,237,243,175
162,8,53,148,112,85,171,174,59,214
162,9,19,99,254,109,1,28,22,132
162,10,108,163,19,172,81,86,207,218
162,11,36,18,117,130,97,116,230,223
162,12,137,10,14,11,196,250,168,99
162,13,200,183,179,33,148,83,245,254
162,14,132,73,204,248,115,158,38,84
162,15,139,99,235,1,74,227,190,50
162,16,191,209,183,78,160,112,104,202
162,17,69,192,210,196,217,209,1,44
162,18,77,152,224,225,6,223,241,175
162,19,212,115,95,174,233,221,127,101
162,20,53,148,195,112,145,174,240,133
162,21,1,99,254,193,132,19,214,176
162,22,172,108,148,163,126,147,54,132
162,23,117,130,18,10,36,44,223,230
162,24,137,106,10,196,176,250,244,14
162,25,34,145,200,212,183,208,165,45
162,26,132,204,163,73,44,248,115,158
162,27,139,235,99,227,241,190,145,1
162,28,191,209,183,185,160,197,149,54
162,29,69,192,65,204,1,236,209,222
162,30,77,45,225,152,6,91,175,128
162,31,212,115,59,95,240,88,233,248
162,32,236,255,17,89,31,199,194,7
162,33,105,94,214,23,72,146,135,41
162,34,246,54,187,10,19,58,211,213
162,35,129,14,202,36,220,171,254,53
162,36,154,188,153,253,78,10,118,119
162,37,219,199,22,103,52,238,164,1
162,38,127,22,118,175,136,217,239,230
162,39,34,16,145,70,116,30,13,23
163,0,70,211,139,151,44,207,222,62
163,1,91,95,193,153,187,98,173,14
163,2,56,13,143,3,61,71,76,194
163,3,167,243,22,201,105,247,149,109
163,4,152,134,175,28,203,38,132,76
163,5,111,58,82,60,108,164,222,136
163,6,12,30,237,125,39,240,212,57
163,7,223,225,183,133,175,104,174,72
163,8,53,148,72,133,85,145,59,143
163,9,99,28,1,101,199,211,130,254
163,10,172,242,148,19,108,226,147,217
163,11,218,117,32,44,97,230,166,223
163,12,137,10,157,38,176,240,250,168
163,13,34,248,170,215,192,208,183,194
163,14,132,73,248,115,253,204,44,17
163,15,139,235,28,190,74,208,238,223
163,16,191,104,209,190,183,112,176,254
163,17,69,192,44,164,209,196,217,210
163,18,77,209,92,18,129,72,123,241
163,19,99,115,85,212,180,95,144,114
163,20,53,148,195,133,145,72,172,85
163,21,99,1,254,98,32,84,28,48
163,22,172,148,242,19,135,226,38,147
163,23,218,117,201,32,44,59,166,10
163,24,50,10,11,157,119,116,115,38
163,25,34,192,0,145,19,183,208,45
163,26,132,204,73,171,163,44,115,62
163,27,28,235,139,33,1,145,227,177
163,28,190,183,193,102,197,219,147,209
163,29,164,1,69,204,88,21,128,192
163,30,63,151,225,77,91,232,83,64
163,31,59,85,95,88,249,34,18,240
163,32,109,123,236,179,140,255,246,104
163,33,234,104,11,95,102,132,143,61
163,34,62,72,44,240,10,67,246,121
163,35,129,202,74,187,191,148,36,14
163,36,188,142,153,26,115,39,227,154
163,37,27,78,22,103,199,219,238,169
163,38,251,119,118,127,169,80,175,215
163,39,158,122,244,70,31,75,117,197
164,0,226,68,146,117,185,171,243,11
164,1,133,169,13,66,81,202,104,43
164,2,249,225,107,254,22,226,169,71
164,3,221,161,201,170,180,240,121,252
164,4,8,152,182,55,139,123,228,2
164,5,61,223,0,146,3,95,142,58
164,6,3,125,114,39,57,240,102,16
164,7,133,131,132,33,187,225,19,185
164,8,53,148,85,59,171,214,112,246
164,9,206,19,99,90,254,28,233,207
164,10,163,19,226,172,108,205,251,154
164,11,18,142,97,117,116,194,211,248
164,12,106,10,119,67,137,157,196,250
164,13,200,183,192,34,148,37,100,208
164,14,132,38,73,115,180,254,204,248
164,15,241,103,235,139,74,99,28,2
164,16,149,232,183,191,209,147,78,54
164,17,155,192,209,69,65,128,217,47
164,18,6,77,63,209,225,91,45,64
164,19,233,115,59,83,101,248,10,95
164,20,53,68,112,148,133,171,145,195
164,21,206,99,19,28,48,90,43,238
164,22,163,154,205,148,172,226,132,156
164,23,18,142,130,10,60,44,230,207
164,24,106,10,137,67,176,168,183,87
164,25,200,192,208,145,100,183,165,148
164,26,132,38,204,73,228,83,227,115
164,27,139,241,190,103,206,235,213,223
164,28,149,185,197,232,191,183,78,72
164,29,69,155,65,204,1,128,236,102
164,30,6,77,45,91,64,225,83,97
164,31,233,59,240,95,248,115,88,137
164,32,17,175,37,199,236,255,89,47
164,33,214,117,23,94,81,146,72,57
164,34,58,182,187,246,54,10,19,247
164,35,7,202,14,36,129,103,254,167
164,36,188,245,8,153,10,154,78,253
164,37,219,103,164,199,22,124,89,158
164,38,136,239,22,127,175,118,198,212
164,39,16,23,68,145,70,34,225,161
165,0,82,181,107,122,251,39,68,83
165,1,166,89,9,202,237,220,190,149
165,2,185,125,47,225,99,196,181,9
165,3,121,3,158,137,161,134,227,100
165,4,152,182,133,184,7,23,134,35
165,5,174,223,142,3,0,232,58,83
165,6,12,102,194,125,212,237,124,16
165,7,195,225,133,132,187,104,68,175
165,8,53,148,68,85,133,72,59,241
165,9,99,28,166,1,90,206,238,211
165,10,68,108,23,217,205,176,78,172
165,11,64,42,61,97,214,44,230,32
165,12,137,10,196,244,176,83,143,21
165,13,34,180,170,164,248,183,208,58
165,14,132,73,248,173,44,115,101,154
165,15,139,74,190,90,170,238,235,145
165,16,191,74,172,234,112,183,4,166
165,17,69,210,44,58,217,235,244,233
165,18,102,77,224,64,225,58,94,123
165,19,115,212,129,127,190,1,95,125
165,20,148,53,195,85,72,145,133,98
165,21,99,1,214,233,81,150,176,243
165,22,108,149,197,160,190,147,68,207
165,23,80,32,64,61,230,179,105,33
165,24,137,21,10,196,13,198,254,124
165,25,34,170,58,183,164,174,208,180
165,26,132,248,164,130,73,1,15,17
165,27,139,190,170,74,61,29,92,124
165,28,191,74,112,172,183,197,232,169
165,29,69,150,233,26,204,44,128,244
165,30,77,123,176,225,92,175,195,55
165,31,212,237,95,180,133,115,25,59
165,32,255,241,236,33,224,31,7,204
165,33,192,201,179,156,110,72,219,174
165,34,16,246,218,211,10,217,49,123
165,35,235,194,14,53,220,7,129,224
165,36,78,188,110,255,245,154,10,244
165,37,219,103,199,22,50,52,163,238
165,38,146,127,239,118,175,230,212,106
165,39,85,13,177,34,70,30,10,116
166,0,29,41,109,86,163,2,136,24
166,1,236,144,32,185,14,193,208,190
166,2,139,221,157,77,96,83,47,42
166,3,211,201,154,167,22,23,72,113
166,4,152,243,239,134,132,121,28,43
166,5,0,67,223,58,23,77,122,111
166,6,102,237,125,149,151,212,12,25
166,7,161,104,185,33,142,187,225,245
166,8,53,148,59,72,241,233,144,133
166,9,99,160,90,32,28,1,166,211
166,10,233,109,146,154,148,116,11,115
166,11,97,37,54,201,164,70,141,32
166,12,10,166,137,176,50,23,244,38
166,13,34,0,230,183,13,208,100,248
166,14,132,44,248,115,204,253,73,227
166,15,139,235,190,12,177,168,35,130
166,16,191,183,197,154,129,112,234,225
166,17,69,51,4,209,44,253,1,162
166,18,77,66,55,102,209,97,123,109
166,19,83,48,67,115,195,125,248,59
166,20,47,148,53,133,195,152,81,32
166,21,99,53,32,214,1,28,204,251
166,22,109,116,154,233,148,205,146,156
166,23,164,70,141,37,146,197,201,60
166,24,55,166,50,10,119,176,239,137
166,25,230,0,34,208,192,121,13,145
166,26,132,196,78,204,248,188,227,228
166,27,139,35,178,190,206,12,112,231
166,28,56,232,191,53,138,197,59,72
166,29,4,69,126,165,253,204,248,1
166,30,143,66,77,151,209,130,55,116
166,31,83,157,219,195,37,55,99,67
166,32,173,26,14,92,120,219,28,37
166,33,250,161,133,72,5,54,81,146
166,34,166,109,249,18,15,94,211,164
166,35,8,106,202,121,136,36,254,176
166,36,148,55,188,21,17,153,228,154
166,37,219,196,156,110,214,199,121,176
166,38,20,52,185,239,43,132,204,217
166,39,224,167,201,185,66,175,10,251
167,0,50,211,62,41,163,232,138,72
167,1,44,157,227,80,236,206,88,193
167,2,21,97,96,48,142,192,197,215
167,3,72,100,213,123,9,216,22,204
167,4,221,239,149,243,175,134,152,227
167,5,77,58,0,80,164,22,223,82
167,6,12,102,125,149,30,212,249,237
167,7,175,225,142,183,5,104,161,252
167,8,53,148,133,72,144,85,241,181
167,9,99,1,28,32,166,22,176,130
167,10,148,109,233,146,116,217,154,172
167,11,97,37,230,44,32,201,141,218
167,12,137,10,157,38,176,50,196,161
167,13,34,0,180,185,183,248,170,192
167,14,132,44,115,248,73,204,253,254
167,15,235,139,190,74,12,145,90,227
167,16,191,112,104,197,183,234,25,63
167,17,69,192,62,49,44,209,217,51
167,18,77,66,102,209,64,123,144,125
167,19,115,212,125,48,67,92,129,95
167,20,148,53,133,47,195,172,145,152
167,21,99,1,32,214,84,154,68,204
167,22,148,154,109,205,108,147,146,233
167,23,32,201,218,164,222,44,61,197
167,24,137,50,10,11,166,157,119,113
167,25,34,0,101,230,192,145,183,208
167,26,132,204,254,17,188,73,196,1
167,27,139,28,12,235,190,145,178,10
167,28,191,193,102,197,183,219,176,82
167,29,69,88,204,62,128,4,47,19
167,30,151,77,63,232,143,162,225,66
167,31,85,83,157,59,88,18,249,135
167,32,236,140,179,109,173,26,104,125
167,33,203,198,143,104,132,103,189,4
167,34,109,62,94,164,44,246,166,177
167,35,74,44,129,187,7,202,148,190
167,36,115,48,188,153,245,154,61,109
167,37,196,30,101,80,127,49,165,180
167,38,217,90,132,191,111,98,142,185
167,39,224,167,10,99,235,77,153,151
168,0,116,159,69,220,240,211,170,174
168,1,253,166,230,69,80,206,44,236
168,2,56,142,241,81,96,35,9,119
168,3,9,72,162,243,100,138,204,45
168,4,221,175,243,44,134,152,38,28
168,5,3,58,223,0,252,77,111,164
168,6,125,149,12,43,102,243,30,192
168,7,133,38,33,225,104,132,5,175
168,8,53,148,59,121,93,144,213,214
168,9,99,28,1,254,211,90,179,86
168,10,154,242,172,148,226,205,115,197
168,11,97,117,201,218,220,44,223,10
168,12,10,137,157,119,196,250,38,168
168,13,34,183,192,37,148,170,35,208
168,14,132,73,115,248,254,44,204,173
168,15,139,74,170,235,28,145,190,223
168,16,191,209,183,25,193,104,1,225
168,17,69,249,192,210,217,209,21,204
168,18,77,151,225,239,64,123,224,175
168,19,115,95,85,190,240,212,125,1
168,20,53,148,145,85,89,233,24,195
168,21,99,254,231,225,98,101,238,211
168,22,108,172,242,148,23,113,154,81
168,23,201,117,44,10,218,123,220,194
168,24,10,11,137,196,128,205,116,119
168,25,97,222,183,19,34,148,140,83
168,26,132,73,204,44,20,96,254,84
168,27,28,169,74,3,1,145,139,206
168,28,193,219,196,191,116,183,168,102
168,29,21,88,61,1,94,204,119,222
168,30,77,232,91,225,0,64,162,63
168,31,59,95,12,88,4,85,115,205
168,32,236,125,123,109,3,179,254,161
168,33,132,139,198,143,95,90,102,189
168,34,62,240,44,20,10,238,94,67
168,35,129,74,148,202,235,171,190,36
168,36,188,153,115,142,119,39,93,227
168,37,58,22,101,199,27,169,103,219
168,38,92,127,118,169,61,251,175,212
168,39,231,189,70,117,129,182,122,163
169,0,123,229,249,196,105,7,216,104
169,1,225,231,150,27,20,246,136,74
169,2,162,103,90,4,146,51,214,26
169,3,152,133,187,235,231,84,77,212
169,4,13,142,236,108,128,167,222,102
169,5,104,186,193,6,204,41,207,99
169,6,167,125,153,43,93,215,62,241
169,7,29,185,199,23,216,133,108,132
169,8,89,53,234,148,59,105,24,209
169,9,29,94,99,228,164,179,233,28
169,10,130,169,248,205,113,132,148,207
169,11,189,161,248,185,97,98,174,107
169,12,10,137,63,26,116,250,176,160
169,13,43,183,208,222,97,34,147,29
169,14,132,20,44,204,248,73,124,115
169,15,139,235,74,81,227,238,27,190
169,16,191,5,183,24,195,196,117,100
169,17,69,172,210,192,1,204,209,44
169,18,77,187,225,179,91,57,0,64
169,19,115,130,59,95,88,205,117,12
169,20,53,148,234,33,195,85,247,89
169,21,29,99,126,164,94,22,211,233
169,22,130,169,113,248,132,23,198,108
169,23,36,189,161,42,10,44,98,117
169,24,63,26,137,10,116,74,160,176
169,25,43,33,147,145,208,104,34,50
169,26,20,132,147,73,124,96,204,248
169,27,139,200,81,235,206,169,145,37
169,28,156,5,72,191,133,195,47,197
169,29,172,204,250,76,1,151,222,69
169,30,77,179,187,91,205,64,225,175
169,31,12,59,95,130,115,88,109,240
169,32,98,236,99,186,247,96,47,255
169,33,126,86,232,238,183,73,143,190
169,34,84,207,180,96,10,246,62,196
169,35,202,153,220,36,235,160,254,167
169,36,188,70,181,153,78,119,10,118
169,37,103,58,22,31,199,219,190,158
169,38,92,127,118,148,71,230,212,15
169,39,189,2,70,38,69,213,248,78
170,0,107,82,32,181,83,251,106,246
170,1,73,132,242,170,86,128,200,237
170,2,255,10,80,238,121,219,243,60
170,3,92,131,219,169,227,119,252,217
170,4,242,118,79,254,255,74,89,247
170,5,174,147,161,159,10,97,249,255
170,6,183,166,164,149,194,90,208,122
170,7,195,2,185,225,101,187,109,44
170,8,53,148,234,85,125,59,57,142
170,9,151,217,99,156,207,233,98,224
170,10,161,68,228,62,132,155,205,37
170,11,64,195,27,69,181,98,230,49
170,12,137,10,191,116,144,197,176,196
170,13,164,142,15,168,208,34,183,86
170,14,132,180,73,213,238,248,204,147
170,15,139,190,74,235,90,120,170,145
170,16,181,191,14,183,195,158,4,186
170,17,26,69,210,204,101,59,209,244
170,18,77,55,225,123,64,159,91,45
170,19,190,237,59,115,95,88,129,212
170,20,148,53,35,195,145,85,233,98
170,21,99,217,143,254,233,235,90,7
170,22,197,68,228,108,34,132,161,245
170,23,64,27,211,2,195,69,44,230
170,24,137,196,10,116,106,185,244,191
170,25,164,208,34,165,29,183,174,50
170,26,132,238,130,73,248,115,84,1
170,27,139,145,90,36,190,116,206,120
170,28,191,197,195,149,183,185,122,72
170,29,26,69,204,65,151,101,128,1
170,30,77,55,64,45,159,225,91,97
170,31,237,95,240,59,233,88,18,248
170,32,224,42,236,199,7,87,197,47
170,33,201,179,156,217,57,72,81,135
170,34,217,49,196,10,246,213,211,144
170,35,224,220,202,210,14,36,129,167
170,36,255,188,24,57,78,153,119,154
170,37,50,103,219,158,22,199,238,124
170,38,146,127,118,212,79,239,230,175
170,39,85,13,70,30,177,116,34,10
171,0,24,211,109,70,62,199,151,60
171,1,22,226,193,236,85,163,243,14
171,2,3,221,58,77,5,193,222,254
171,3,167,243,204,56,197,234,69,196
171,4,175,243,28,152,134,187,38,132
171,5,164,58,0,60,122,91,99,50
171,6,149,12,125,30,102,237,212,152
171,7,38,225,246,175,104,142,185,132
171,8,53,148,133,59,72,85,16,241
171,9,99,1,28,254,101,90,211,134
171,10,172,242,228,148,226,147,205,233
171,11,218,97,164,93,44,230,117,223
171,12,137,10,196,38,51,13,201,11
171,13,34,183,19,230,0,248,115,211
171,14,213,132,115,238,73,44,204,248
171,15,235,139,74,227,238,28,190,90
171,16,191,190,183,197,169,24,102,37
171,17,62,69,51,59,47,217,214,204
171,18,77,123,90,64,225,55,209,91
171,19,115,85,59,248,95,129,212,190
171,20,148,53,152,133,195,172,233,171
171,21,99,98,214,84,134,28,7,254
171,22,242,228,108,205,132,21,233,116
171,23,218,164,93,237,70,2,211,230
171,24,137,11,10,116,196,244,176,50
171,25,208,34,230,183,21,165,71,174
171,26,132,213,73,248,96,84,227,130
171,27,139,206,28,249,145,190,3,169
171,28,191,181,195,197,183,102,72,26
171,29,204,69,62,132,151,1,47,59
171,30,77,64,90,232,188,91,225,71
171,31,59,95,199,85,240,88,248,228
171,32,123,236,48,109,22,254,245,47
171,33,139,107,198,143,95,189,102,72
171,34,175,94,10,240,252,67,64,220
171,35,94,5,2,129,202,235,85,167
171,36,188,246,152,26,67,195,248,78
171,37,103,135,43,22,161,56,60,199
171,38,127,201,163,9,234,30,118,87
171,39,246,1,250,138,92,215,203,70
172,0,172,234,92,144,188,111,4,62
172,1,61,198,43,164,76,193,14,66
172,2,110,92,200,150,23,232,230,40
172,3,30,201,116,166,200,45,22,252
172,4,152,94,71,228,12,134,216,89
172,5,58,0,249,115,18,23,122,95
172,6,235,125,92,149,12,102,43,55
172,7,181,185,4,40,132,108,187,225
172,8,148,53,85,246,59,65,212,171
172,9,99,120,96,28,1,207,229,166
172,10,218,9,250,49,132,207,81,108
172,11,130,153,114,230,15,97,195,44
172,12,10,137,11,116,196,96,250,89
172,13,116,208,38,183,34,15,174,238
172,14,132,180,73,248,44,115,204,84
172,15,139,248,74,90,145,235,227,39
172,16,191,54,186,181,13,147,183,169
172,17,47,218,69,236,51,197,217,244
172,18,77,69,64,232,123,225,45,91
172,19,190,59,233,248,95,115,135,51
172,20,53,148,65,133,171,152,145,54
172,21,99,96,120,81,214,84,233,239
172,22,108,218,9,197,132,0,250,81
172,23,130,153,2,230,114,15,202,211
172,24,137,196,222,10,106,244,116,176
172,25,208,183,165,116,34,200,38,174
172,26,132,73,130,248,115,84,252,254
172,27,139,248,190,145,206,36,215,90
172,28,191,183,54,186,169,185,26,230
172,29,69,47,204,236,151,65,218,1
172,30,77,69,45,64,123,225,91,1
172,31,51,95,248,233,240,59,88,135
172,32,195,146,236,194,7,31,199,220
172,33,97,75,37,217,94,81,72,36
172,34,212,187,19,54,255,10,246,211
172,35,167,244,202,129,49,196,220,36
172,36,188,78,0,234,8,129,153,10
172,37,103,22,219,199,213,147,220,238
172,38,22,127,118,79,106,12,230,205
172,39,16,145,23,70,116,34,254,30
173,0,124,62,211,223,231,174,50,199
173,1,153,98,40,48,245,60,221,126
173,2,193,132,173,201,120,115,95,93
173,3,197,243,15,138,201,247,22,154
173,4,152,180,134,37,189,175,43,132
173,5,19,23,0,58,95,164,235,222
173,6,161,12,49,125,237,102,185,204
173,7,4,246,225,104,132,167,175,187
173,8,148,53,59,85,246,22,143,213
173,9,99,28,1,254,130,81,90,101
173,10,250,233,108,5,54,232,190,149
173,11,202,97,59,137,230,194,17,2
173,12,10,196,137,210,222,157,116,176
173,13,183,34,185,165,83,208,25,201
173,14,132,73,248,115,44,130,204,101
173,15,139,74,238,90,227,190,249,145
173,16,191,186,183,169,190,195,4,112
173,17,69,210,47,217,244,235,98,222
173,18,250,123,225,64,77,233,151,45
173,19,190,248,85,95,59,92,60,212
173,20,53,148,68,171,172,145,59,72
173,21,99,98,81,225,20,84,233,214
173,22,108,197,242,250,34,233,132,226
173,23,85,194,2,202,59,218,116,211
173,24,196,137,119,10,157,185,210,11
173,25,183,71,19,208,165,37,116,254
173,26,132,130,73,248,115,101,252,15
173,27,139,28,90,177,145,190,104,206
173,28,191,190,183,193,26,102,195,169
173,29,21,88,151,204,69,47,222,1
173,30,250,64,77,162,151,225,63,232
173,31,95,85,59,88,34,240,248,135
173,32,236,179,7,76,140,85,123,87
173,33,56,95,104,139,36,102,11,28
173,34,72,44,238,10,240,195,246,182
173,35,191,148,74,190,220,202,129,187
173,36,188,78,227,115,147,142,26,153
173,37,78,103,27,22,113,126,199,213
173,38,215,119,251,127,118,139,135,169
173,39,158,122,70,165,244,72,254,14
174,0,117,18,171,185,198,96,226,80
174,1,81,133,13,169,162,2,232,104
174,2,113,149,107,2,254,220,24,251
174,3,221,170,240,2,201,188,111,53
174,4,8,123,139,55,152,105,180,228
174,5,23,114,19,61,95,123,0,81
174,6,16,3,114,125,161,49,204,92
174,7,228,4,131,132,19,187,167,11
174,8,148,112,53,85,246,35,22,194
174,9,99,19,178,206,253,90,28,60
174,10,163,250,197,7,108,226,31,205
174,11,18,142,2,116,97,17,202,109
174,12,67,10,106,196,137,206,198,210
174,13,200,183,222,208,100,34,83,174
174,14,132,38,73,130,180,248,115,235
174,15,103,241,139,90,74,99,145,158
174,16,179,191,78,183,201,149,4,186
174,17,155,69,128,217,65,235,244,210
174,18,64,225,77,6,162,233,123,63
174,19,233,190,92,129,95,18,51,34
174,20,53,148,112,68,98,35,54,171
174,21,99,19,206,178,81,20,233,225
174,22,197,163,108,245,159,88,229,34
174,23,18,142,2,211,130,40,229,230
174,24,137,196,106,10,110,198,67,185
174,25,112,34,211,200,183,165,208,151
174,26,132,130,248,73,1,101,38,115
174,27,139,103,190,36,90,166,170,145
174,28,191,179,78,183,197,38,185,169
174,29,69,204,128,102,244,155,65,47
174,30,77,123,6,225,45,83,64,1
174,31,95,240,190,233,25,212,59,88
174,32,137,89,7,17,236,136,194,162
174,33,23,72,214,117,219,220,118,196
174,34,29,58,10,246,211,187,110,12
174,35,14,194,129,39,7,103,254,68
174,36,78,188,253,57,10,154,34,92
174,37,103,219,164,22,158,199,90,15
174,38,136,239,106,127,118,22,69,139
174,39,16,36,23,72,45,34,70,145
175,0,218,233,65,212,86,29,157,59
175,1,119,190,166,98,153,28,164,14
175,2,13,5,177,83,139,45,247,211
175,3,2,201,22,114,167,180,240,132
175,4,123,152,180,133,134,171,215,132
175,5,172,213,31,67,23,0,160,232
175,6,129,245,114,2,125,240,102,243
175,7,61,225,187,169,11,228,142,135
175,8,242,53,148,59,157,72,85,168
175,9,99,81,233,15,163,28,166,231
175,10,10,250,17,226,233,117,108,190
175,11,151,17,209,156,97,109,207,217
175,12,137,196,10,198,110,185,114,176
175,13,211,34,183,201,165,185,148,246
175,14,132,72,73,101,248,130,21,235
175,15,79,90,116,74,136,139,20,44
175,16,179,201,191,183,4,169,219,138
175,17,244,225,235,210,101,69,217,99
175,18,237,153,123,225,77,233,14,64
175,19,190,67,248,91,34,236,27,206
175,20,53,242,148,157,59,74,54,132
175,21,99,20,233,81,214,236,231,15
175,22,109,233,197,245,10,108,17,159
175,23,151,2,209,99,40,217,146,28
175,24,137,196,131,198,110,10,50,119
175,25,211,0,151,183,165,208,65,34
175,26,132,130,73,72,101,1,248,196
175,27,79,139,190,130,228,90,170,104
175,28,191,179,201,183,38,138,10,78
175,29,225,126,69,101,244,204,99,128
175,30,237,77,66,123,83,176,143,212
175,31,83,67,190,25,95,245,38,248
175,32,57,75,137,7,173,116,220,236
175,33,182,203,162,59,161,206,72,28
175,34,205,11,249,29,121,246,227,211
175,35,254,39,14,103,68,220,16,202
175,36,251,188,78,55,153,49,148,134
175,37,103,15,22,219,193,199,196,132
175,38,124,127,52,106,118,205,139,32
175,39,27,72,36,45,166,224,70,77
176,0,136,250,41,65,29,218,86,212
176,1,88,157,101,154,241,14,133,227
176,2,83,139,192,218,63,45,250,131
176,3,213,2,22,53,156,201,166,218
176,4,215,152,239,123,180,134,132,164
176,5,172,67,82,95,213,14,0,254
176,6,2,129,152,102,240,178,243,125
176,7,161,145,187,169,104,174,56,225
176,8,242,53,148,85,251,72,59,143
176,9,99,81,28,211,207,233,183,173
176,10,250,233,226,31,10,159,108,190
176,11,151,17,109,217,97,230,241,44
176,12,137,10,196,198,166,12,50,119
176,13,185,201,34,183,148,165,211,238
176,14,132,73,101,72,235,248,56,254
176,15,74,44,139,79,170,90,238,145
176,16,169,191,4,179,183,201,38,234
176,17,235,101,49,69,244,210,213,249
176,18,237,123,153,77,64,63,162,176
176,19,190,67,248,34,38,91,236,240
176,20,53,148,242,172,72,157,85,197
176,21,99,81,214,122,143,233,71,204
176,22,233,245,108,102,17,159,109,250
176,23,151,109,209,28,90,40,61,230
176,24,137,196,104,10,166,50,185,12
176,25,149,0,211,34,208,181,183,165
176,26,132,73,235,248,196,35,101,72
176,27,139,44,79,190,170,141,238,74
176,28,191,38,183,63,138,13,201,147
176,29,69,213,204,101,225,244,78,99
176,30,123,77,237,66,83,176,151,225
176,31,114,83,190,95,236,67,25,157
176,32,57,75,236,7,137,220,173,31
176,33,203,5,161,28,72,133,59,162
176,34,205,227,29,246,211,223,11,5
176,35,39,132,14,235,58,254,129,194
176,36,251,78,188,49,148,252,55,92
176,37,103,244,15,193,115,144,20,199
176,38,164,185,124,205,5,204,93,32
176,39,27,166,72,167,183,235,161,45
177,0,50,188,234,111,172,144,92,250
177,1,157,88,44,198,158,235,251,133
177,2,94,218,127,205,83,183,239,192
177,3,53,194,22,186,156,251,213,201
177,4,152,149,239,215,221,134,188,164
177,5,172,95,9,4,82,122,0,56
177,6,2,129,199,178,102,195,212,152
177,7,145,161,225,169,174,227,104,187
177,8,53,242,148,72,121,59,133,85
177,9,99,28,81,243,32,86,233,1
177,10,233,250,10,226,217,245,190,134
177,11,230,17,151,28,249,215,44,121
177,12,137,10,50,196,198,91,51,12
177,13,185,194,34,0,180,165,201,183
177,14,132,73,17,101,35,248,72,235
177,15,139,44,74,238,228,141,90,6
177,16,179,228,183,191,234,169,38,88
177,17,49,69,144,210,249,235,101,21
177,18,123,151,153,99,146,77,75,66
177,19,190,248,67,114,186,48,239,92
177,20,172,53,197,50,148,145,121,72
177,21,99,32,71,214,81,143,20,98
177,22,10,108,82,233,245,102,28,216
177,23,28,40,61,123,116,215,90,149
177,24,196,137,198,10,50,158,185,119
177,25,101,0,64,211,146,34,183,205
177,26,132,130,101,248,1,72,17,62
177,27,139,90,44,79,104,228,74,145
177,28,179,191,63,102,219,78,197,183
177,29,128,225,69,49,244,204,21,47
177,30,77,64,151,123,60,225,66,145
177,31,95,18,190,85,34,240,88,114
177,32,137,57,7,146,236,87,140,246
177,33,203,162,103,72,135,75,196,132
177,34,246,10,227,29,109,121,250,110
177,35,220,14,129,103,202,16,254,53
177,36,188,78,154,134,57,147,153,119
177,37,199,103,158,219,22,78,170,121
177,38,135,251,239,93,5,119,127,159
177,39,129,122,165,158,70,224,14,117
178,0,27,35,101,166,135,108,169,133
178,1,26,11,139,132,216,146,34,219
178,2,210,235,83,35,218,121,54,115
178,3,226,106,211,37,29,46,146,80
178,4,14,65,240,167,242,118,171,170
178,5,10,172,161,235,142,6,191,186
178,6,129,167,199,255,2,215,125,243
178,7,2,228,66,169,187,11,253,133
178,8,89,35,242,148,53,85,59,213
178,9,241,180,99,233,94,143,83,140
178,10,10,77,88,197,250,154,28,226
178,11,39,20,17,174,151,97,2,201
178,12,198,160,10,137,196,110,119,87
178,13,178,211,112,222,29,183,100,148
178,14,130,132,72,6,248,35,235,101
178,15,36,79,90,139,104,223,158,145
178,16,179,96,201,191,219,183,23,169
178,17,94,225,128,69,217,235,204,199
178,18,148,77,170,225,64,47,233,60
178,19,130,190,67,115,153,18,95,129
178,20,148,53,98,68,158,35,59,171
178,21,99,241,180,236,233,7,214,1
178,22,197,10,77,83,245,105,108,192
178,23,39,20,2,24,211,28,72,229
178,24,137,196,67,10,233,110,244,251
178,25,34,211,178,112,205,174,208,183
178,26,132,130,1,15,73,188,248,101
178,27,139,190,36,90,104,145,74,252
178,28,191,96,179,183,197,112,169,187
178,29,69,128,94,204,102,244,225,1
178,30,77,170,85,148,225,123,64,145
178,31,95,212,240,130,59,88,18,115
178,32,60,158,236,99,137,7,254,87
178,33,203,33,190,72,41,232,30,196
178,34,82,161,97,10,246,211,34,116
178,35,24,14,79,194,220,129,53,39
178,36,188,78,134,57,207,154,10,132
178,37,158,219,104,103,199,22,94,37
178,38,135,239,71,127,27,175,118,102
178,39,243,110,12,69,70,58,14,96
179,0,211,70,29,62,222,28,148,66
179,1,193,14,191,100,28,153,145,204
179,2,188,143,228,87,193,194,79,91
179,3,201,22,197,93,69,126,16,154
179,4,134,28,152,175,36,43,147,132
179,5,58,222,60,0,172,232,122,164
179,6,12,237,30,51,240,2,102,152
179,7,175,225,246,227,5,104,245,183
179,8,148,53,133,72,181,16,213,59
179,9,99,1,28,243,130,134,186,90
179,10,197,226,233,217,172,38,135,205
179,11,117,17,2,121,44,230,97,63
179,12,137,10,51,198,119,13,55,38
179,13,34,211,180,221,178,183,174,215
179,14,132,73,248,35,115,21,164,163
179,15,139,90,74,235,190,221,238,145
179,16,191,201,183,179,197,56,1,112
179,17,69,217,128,210,225,94,101,204
179,18,77,209,225,123,64,66,129,237
179,19,115,190,129,212,95,18,99,85
179,20,148,53,68,172,195,133,72,24
179,21,99,1,32,101,233,98,236,214
179,22,197,233,245,135,226,38,205,154
179,23,63,211,99,2,117,61,146,72
179,24,131,50,119,10,198,137,244,110
179,25,34,178,211,0,183,208,145,174
179,26,132,130,1,15,248,188,227,73
179,27,79,139,90,104,190,170,9,28
179,28,191,197,219,179,254,56,183,102
179,29,69,225,94,128,204,19,62,101
179,30,77,225,64,145,66,143,83,91
179,31,95,83,18,59,212,88,85,115
179,32,109,236,57,137,157,87,7,92
179,33,162,84,139,61,68,146,161,30
179,34,121,246,249,191,10,29,109,72
179,35,24,220,14,44,202,194,53,254
179,36,78,188,79,57,154,92,11,15
179,37,208,199,113,103,100,196,158,22
179,38,243,132,175,239,135,127,205,87
179,39,129,40,99,77,70,224,44,122
180,0,51,145,91,249,179,197,5,9
180,1,139,87,64,216,227,0,239,59
180,2,146,163,19,164,52,166,175,14
180,3,59,211,146,142,161,8,46,78
180,4,240,241,131,170,230,151,181,129
180,5,172,232,142,252,175,226,235,149
180,6,51,2,255,199,186,240,125,243
180,7,225,133,228,142,11,104,85,156
180,8,148,89,53,213,59,85,62,214
180,9,99,69,228,253,86,15,233,30
180,10,197,226,154,10,250,233,245,205
180,11,17,2,248,117,174,211,97,151
180,12,10,137,198,196,119,131,110,250
180,13,34,183,211,148,208,201,170,246
180,14,132,73,115,248,72,101,1,130
180,15,74,90,139,170,79,145,223,227
180,16,191,179,201,4,183,219,186,24
180,17,210,69,128,217,244,204,225,101
180,18,77,239,225,64,151,14,96,123
180,19,190,129,115,95,49,18,240,236
180,20,148,53,85,68,158,24,33,12
180,21,99,69,81,132,233,31,78,236
180,22,197,245,108,154,7,28,226,250
180,23,24,72,2,36,211,251,201,151
180,24,131,10,198,137,196,110,119,233
180,25,34,211,104,183,221,208,151,232
180,26,130,132,1,101,147,197,15,72
180,27,23,139,90,97,190,187,240,104
180,28,179,191,78,151,63,197,156,183
180,29,128,225,204,244,69,249,62,99
180,30,77,123,145,64,74,151,47,88
180,31,12,234,190,255,18,95,240,79
180,32,137,57,7,245,236,54,87,246
180,33,126,162,161,72,28,132,64,90
180,34,29,103,223,177,120,211,70,10
180,35,129,78,44,49,154,0,7,8
180,36,147,34,2,57,165,55,78,132
180,37,158,103,15,59,193,240,36,102
180,38,5,139,100,159,205,251,93,32
180,39,165,158,224,27,208,129,73,222
181,0,233,117,58,226,171,96,80,153
181,1,13,43,158,120,227,169,81,183
181,2,107,34,52,22,59,166,68,70
181,3,255,98,170,27,48,161,2,238
181,4,67,123,55,119,105,180,152,8
181,5,172,232,3,95,0,23,142,89
181,6,2,129,114,125,90,197,174,51
181,7,44,181,11,133,66,108,225,69
181,8,112,33,148,242,53,85,22,42
181,9,132,240,99,19,178,253,15,233
181,10,250,108,197,163,10,7,31,216
181,11,36,2,151,97,18,230,109,17
181,12,198,10,196,137,110,242,185,203
181,13,33,34,222,183,37,83,148,200
181,14,132,130,147,115,72,248,1,73
181,15,99,139,90,136,104,158,223,227
181,16,191,78,156,201,183,169,151,100
181,17,110,217,128,47,249,69,204,98
181,18,128,77,225,64,123,153,60,171
181,19,12,190,221,120,27,18,95,191
181,20,148,53,174,33,98,39,158,171
181,21,99,132,19,214,7,15,43,238
181,22,197,108,34,163,86,33,10,245
181,23,36,2,211,40,143,24,18,76
181,24,242,196,137,198,110,201,141,244
181,25,104,33,208,205,174,153,183,34
181,26,130,132,101,147,232,110,1,248
181,27,97,99,190,139,90,104,187,74
181,28,120,191,78,63,156,183,158,197
181,29,110,204,244,128,69,249,120,151
181,30,128,77,123,1,74,47,60,112
181,31,190,12,221,255,240,10,248,95
181,32,137,238,245,7,158,17,236,54
181,33,105,41,72,28,137,64,168,7
181,34,34,211,97,29,70,246,223,58
181,35,39,129,132,14,7,254,8,68
181,36,253,78,188,34,57,165,92,82
181,37,158,103,219,15,237,22,90,121
181,38,106,136,139,127,43,205,32,239
181,39,72,36,23,45,201,27,16,10
182,0,233,65,218,29,44,163,212,223
182,1,95,166,190,154,21,217,163,153
182,2,61,13,83,139,76,159,52,222
182,3,2,201,53,22,132,255,113,180
182,4,203,152,180,155,132,149,189,182
182,5,172,67,213,31,122,0,123,3
182,6,245,2,19,129,178,114,240,102
182,7,61,225,187,11,66,133,169,145
182,8,38,242,148,53,7,59,168,40
182,9,99,81,233,15,28,163,183,86
182,10,233,250,226,108,10,17,245,134
182,11,151,216,17,97,217,238,143,79
182,12,137,198,196,32,10,110,185,217
182,13,21,34,148,201,238,185,183,208
182,14,132,72,101,73,115,248,171,21
182,15,74,79,90,0,64,97,136,170
182,16,191,201,4,168,169,100,219,183
182,17,210,244,101,217,173,235,69,213
182,18,237,66,153,74,77,233,123,225
182,19,190,67,49,27,249,240,255,206
182,20,38,53,242,148,7,216,214,108
182,21,99,201,233,15,81,231,20,176
182,22,233,245,197,109,108,82,182,10
182,23,151,2,211,216,70,40,133,241
182,24,131,198,137,110,196,50,10,242
182,25,21,34,0,87,240,65,208,205
182,26,132,130,248,171,92,232,1,196
182,27,79,97,139,90,190,35,104,64
182,28,191,120,201,63,183,134,218,138
182,29,69,101,126,128,204,215,114,245
182,30,237,66,143,77,74,67,60,123
182,31,83,249,67,55,10,190,186,245
182,32,75,245,92,139,173,137,7,52
182,33,161,203,198,182,59,137,185,224
182,34,205,164,166,227,108,15,223,29
182,35,106,39,254,103,64,13,18,37
182,36,55,252,148,251,78,172,15,47
182,37,15,103,115,196,92,219,10,121
182,38,124,106,93,139,115,32,78,173
182,39,27,72,166,36,120,235,224,175
183,0,218,250,65,212,29,136,41,86
183,1,157,88,241,206,227,14,3,71
183,2,83,45,131,192,139,72,147,203
183,3,53,2,213,239,189,22,114,132
183,4,215,155,152,221,244,239,180,134
183,5,67,14,122,0,145,231,254,172
183,6,2,102,175,129,18,152,136,19
183,7,145,161,225,187,174,142,11,104
183,8,53,242,148,216,38,72,59,241
183,9,99,28,210,243,32,211,53,90
183,10,233,250,108,176,217,226,146,23
183,11,79,17,44,216,217,61,141,230
183,12,137,10,50,91,23,196,79,38
183,13,34,180,170,194,0,201,83,248
183,14,132,73,248,101,17,173,189,21
183,15,139,74,190,0,170,90,145,111
183,16,74,191,234,183,4,195,172,235
183,17,69,210,58,235,244,196,233,44
183,18,77,58,176,94,233,225,53,64
183,19,115,129,127,190,133,240,212,95
183,20,53,148,85,59,241,145,252,81
183,21,99,81,143,1,243,195,105,214
183,22,108,160,245,149,190,207,197,147
183,23,80,140,32,230,61,216,88,229
183,24,137,21,10,196,198,12,124,62
183,25,34,170,58,165,183,246,208,174
183,26,132,248,59,73,130,15,29,101
183,27,74,139,170,190,145,29,90,104
183,28,191,74,4,172,187,66,70,218
183,29,69,150,213,244,204,36,251,169
183,30,172,123,77,180,47,60,237,59
183,31,154,186,235,25,236,249,153,225
183,32,245,137,7,75,101,157,251,54
183,33,203,5,161,182,28,59,137,64
183,34,205,108,227,29,110,70,98,223
183,35,222,64,133,37,11,170,220,13
183,36,252,55,92,80,75,165,15,172
183,37,10,244,61,207,240,127,12,115
183,38,164,5,17,42,93,8,78,191
183,39,120,27,235,166,183,167,72,223
184,0,50,234,188,111,144,172,250,92
184,1,157,88,44,198,158,251,235,227
184,2,94,205,218,127,83,131,192,183
184,3,53,194,22,76,186,132,189,45
184,4,244,221,239,152,149,155,203,4
184,5,29,172,122,77,82,9,95,0
184,6,2,129,18,178,175,240,100,19
184,7,145,161,225,174,187,104,227,88
184,8,53,216,242,148,38,121,72,59
184,9,99,28,86,233,183,81,210,211
184,10,233,250,82,108,226,10,245,159
184,11,151,17,216,79,164,140,136,230
184,12,137,198,10,196,32,50,185,91
184,13,34,201,21,183,0,185,238,148
184,14,132,73,101,248,115,229,72,92
184,15,74,139,90,190,145,0,97,170
184,16,191,201,168,183,4,179,169,100
184,17,69,210,49,101,119,244,128,217
184,18,123,151,66,233,60,14,153,77
184,19,190,67,153,255,49,92,236,220
184,20,216,53,148,59,158,24,127,214
184,21,99,143,236,43,58,7,231,210
184,22,197,108,245,215,82,28,210,233
184,23,123,90,230,211,2,61,216,24
184,24,137,198,242,131,196,233,10,244
184,25,34,21,246,174,254,205,153,238
184,26,130,132,232,1,248,101,15,188
184,27,190,90,97,139,104,74,64,252
184,28,191,120,63,158,168,197,176,38
184,29,69,128,94,204,49,244,217,101
184,30,77,74,123,60,151,145,225,47
184,31,249,165,50,18,95,10,186,152
184,32,137,245,7,87,162,43,236,52
184,33,203,30,5,198,132,161,103,75
184,34,109,227,5,128,223,29,110,164
184,35,220,14,254,103,53,11,202,206
184,36,188,78,57,154,165,15,29,11
184,37,158,219,199,170,103,172,207,102
184,38,239,135,159,175,93,191,46,42
184,39,129,235,165,115,117,41,196,253
185,0,27,35,101,166,135,108,169,133
185,1,139,26,11,132,216,219,148,136
185,2,235,83,200,161,115,35,218,205
185,3,106,226,211,46,29,146,250,8
185,4,14,65,242,244,240,211,96,171
185,5,10,172,231,21,175,239,220,131
185,6,255,215,199,129,221,163,2,37
185,7,2,112,133,199,225,207,106,94
185,8,216,35,53,148,144,156,59,21
185,9,241,99,180,143,195,210,83,26
185,10,78,136,127,43,144,160,123,236
185,11,42,80,58,45,135,24,39,226
185,12,10,137,79,126,91,196,24,176
185,13,34,208,83,174,114,183,170,52
185,14,132,248,73,173,204,101,115,150
185,15,139,74,90,170,145,235,190,0
185,16,191,74,172,24,195,183,104,112
185,17,69,210,169,58,44,204,1,233
185,18,77,224,91,64,225,58,175,125
185,19,115,212,129,59,95,88,127,240
185,20,195,148,85,53,133,72,152,241
185,21,99,1,214,233,237,28,207,22
185,22,108,149,160,245,147,132,207,197
185,23,80,32,10,44,105,216,230,98
185,24,21,10,116,161,137,88,176,244
185,25,34,145,45,183,170,208,58,238
185,26,132,204,248,73,227,1,130,55
185,27,74,139,190,170,235,98,239,177
185,28,74,191,172,176,47,112,72,6
185,29,69,150,204,169,233,244,122,231
185,30,77,180,216,123,171,127,74,176
185,31,154,95,165,212,220,238,166,25
185,32,60,137,52,245,115,63,236,7
185,33,33,30,72,187,190,64,41,28
185,34,29,34,82,223,97,177,161,211
185,35,24,14,220,194,53,7,11,44
185,36,188,78,57,154,207,15,165,245
185,37,158,219,199,103,104,22,92,172
185,38,239,135,175,27,159,136,205,202
185,39,110,243,12,96,175,224,41,46
186,0,211,62,29,28,70,151,217,192
186,1,132,11,34,26,191,28,193,55
186,2,61,188,143,76,79,91,47,228
186,3,22,201,197,243,180,132,173,53
186,4,203,134,152,147,197,43,175,157
186,5,58,232,128,122,0,95,172,164
186,6,12,240,237,2,30,51,212,213
186,7,142,225,133,175,187,104,246,183
186,8,148,53,72,22,59,213,214,181
186,9,99,1,28,211,183,243,68,101
186,10,197,233,226,38,217,250,172,205
186,11,2,117,230,211,121,97,136,223
186,12,10,137,198,242,196,131,119,244
186,13,34,183,21,208,180,215,148,170
186,14,132,115,248,73,92,173,56,1
186,15,139,97,90,190,74,238,145,235
186,16,191,201,88,1,183,197,234,176
186,17,69,210,217,119,128,51,101,94
186,18,77,123,225,66,151,64,209,49
186,19,115,190,249,129,95,125,127,1
186,20,148,53,68,145,24,98,195,72
186,21,99,32,101,1,143,236,7,68
186,22,197,233,245,38,135,154,226,205
186,23,2,211,117,136,146,201,166,230
186,24,10,131,242,50,198,137,119,244
186,25,34,0,208,178,71,183,83,21
186,26,132,130,248,92,1,188,171,15
186,27,97,139,90,79,74,190,61,145
186,28,191,193,219,88,176,183,168,197
186,29,94,119,61,88,69,184,204,128
186,30,77,225,162,64,0,99,232,129
186,31,249,4,95,49,34,59,88,183
186,32,109,125,92,161,140,179,236,157
186,33,132,162,250,161,104,102,139,47
186,34,44,109,121,20,166,238,10,94
186,35,44,74,220,148,128,134,190,129
186,36,78,115,93,188,92,39,79,57
186,37,100,101,208,199,103,169,113,25
186,38,61,243,251,239,196,143,159,169
186,39,163,117,40,129,139,18,169,112
187,0,196,229,105,249,118,101,179,197
187,1,225,231,27,150,155,244,20,11
187,2,163,227,103,4,100,162,34,52
187,3,133,235,187,152,231,31,84,78
187,4,13,142,236,241,108,222,128,230
187,5,104,193,6,186,41,207,204,253
187,6,167,153,125,54,93,43,62,83
187,7,29,23,185,216,199,225,108,187
187,8,89,234,148,53,59,105,93,57
187,9,29,94,99,164,228,115,35,84
187,10,130,169,248,113,216,69,250,108
187,11,189,161,97,248,202,185,180,107
187,12,10,63,26,15,74,28,116,128
187,13,43,34,183,147,97,222,208,238
187,14,132,20,124,44,248,115,51,73
187,15,139,81,200,238,74,190,235,145
187,16,191,5,196,24,195,202,100,183
187,17,172,250,69,51,61,76,8,209
187,18,77,187,57,179,0,60,14,50
187,19,130,115,59,205,190,117,4,88
187,20,234,148,53,89,85,24,212,180
187,21,99,29,164,94,233,126,207,7
187,22,169,130,113,198,108,34,83,86
187,23,189,161,42,44,2,98,97,230
187,24,63,137,10,74,26,160,15,116
187,25,43,147,208,50,97,254,34,246
187,26,132,20,130,124,248,73,148,15
187,27,200,139,170,74,81,145,190,90
187,28,133,191,5,195,196,72,43,32
187,29,76,250,172,204,69,151,61,1
187,30,77,179,64,187,205,91,225,22
187,31,59,205,109,4,95,88,130,115
187,32,98,236,99,186,181,47,34,161
187,33,126,86,238,183,28,232,215,135
187,34,84,96,207,180,62,10,101,246
187,35,235,160,57,202,128,203,220,71
187,36,78,70,181,188,120,92,165,220
187,37,65,31,58,190,103,19,86,96
187,38,148,71,92,21,95,159,239,18
187,39,2,38,69,189,217,228,182,88
188,0,141,235,190,47,115,221,253,177
188,1,93,244,155,46,182,68,197,213
188,2,100,145,103,57,93,123,10,34
188,3,187,235,133,231,230,117,77,190
188,4,222,236,142,128,95,91,211,108
188,5,193,90,47,41,135,65,79,224
188,6,153,215,60,167,206,196,43,138
188,7,29,23,185,64,199,117,78,216
188,8,234,116,57,239,180,99,77,89
188,9,164,116,191,94,126,85,84,41
188,10,169,130,198,125,36,248,196,65
188,11,161,189,128,86,107,206,233,98
188,12,134,128,74,26,63,93,15,39
188,13,147,43,134,32,154,97,95,130
188,14,20,51,44,124,47,161,64,54
188,15,81,200,162,147,242,206,181,238
188,16,5,133,196,170,174,202,43,32
188,17,89,250,76,172,198,61,69,8
188,18,77,179,187,57,50,0,43,204
188,19,109,116,191,205,20,4,130,183
188,20,234,239,133,179,180,83,72,15
188,21,164,94,116,29,207,191,126,85
188,22,130,169,198,113,116,247,125,178
188,23,189,161,128,107,111,86,206,62
188,24,74,63,26,15,93,160,44,128
188,25,43,134,147,6,130,97,95,107
188,26,20,51,148,124,54,167,214,137
188,27,200,81,162,181,206,58,147,31
188,28,43,133,5,196,170,7,32,72
188,29,172,87,76,250,0,89,61,1
188,30,179,187,77,205,163,16,226,91
188,31,109,116,4,205,59,191,20,122
188,32,181,119,178,90,223,47,186,161
188,33,93,86,129,238,183,83,215,207
188,34,96,82,207,1,132,180,62,21
188,35,160,57,167,202,235,42,36,64
188,36,70,222,120,98,181,153,188,248
188,37,229,58,39,2,124,86,24,19
188,38,64,62,180,67,202,16,21,206
188,39,186,190,95,11,91,235,182,151
189,0,38,167,54,193,112,94,44,238
189,1,46,47,105,58,122,20,137,213
189,2,100,82,140,186,145,128,53,85
189,3,26,230,233,117,103,78,210,118
189,4,81,45,144,245,213,91,0,145
189,5,90,188,43,193,224,47,109,135
189,6,60,215,206,153,121,68,173,143
189,7,176,117,23,70,229,54,231,199
189,8,239,116,104,234,73,179,57,180
189,9,126,191,116,113,171,56,239,197
189,10,115,248,157,151,238,36,195,100
189,11,133,233,140,86,47,155,181,39
189,12,44,93,54,74,62,212,175,85
189,13,6,33,15,61,134,168,206,142
189,14,86,147,51,47,50,167,41,148
189,15,162,166,181,189,200,195,190,206
189,16,156,133,170,152,181,43,151,0
189,17,5,166,69,8,110,89,57,76
189,18,77,159,179,187,91,226,204,22
189,19,59,115,205,4,109,120,122,88
189,20,234,239,148,53,133,212,195,180
189,21,116,207,191,99,126,164,94,29
189,22,236,161,157,116,248,60,63,205
189,23,140,189,42,111,36,134,193,195
189,24,116,137,93,44,138,43,15,39
189,25,6,208,29,145,33,142,165,15
189,26,132,86,147,96,52,84,248,54
189,27,206,162,3,139,200,181,110,169
189,28,43,72,156,195,133,47,5,170
189,29,5,172,1,76,8,250,69,89
189,30,77,187,179,91,226,205,16,64
189,31,59,109,205,12,115,137,167,88
189,32,223,47,119,178,181,186,34,247
189,33,86,93,183,238,73,83,129,232
189,34,116,207,186,96,1,84,180,82
189,35,167,160,202,235,57,36,153,224
189,36,181,70,188,78,153,120,129,119
189,37,58,103,31,22,124,190,199,147
189,38,92,127,118,148,212,12,175,79
189,39,189,38,70,238,78,2,182,248
190,0,140,43,112,238,173,200,95,30
190,1,46,47,137,213,181,188,249,20
190,2,186,140,82,165,20,200,85,53
190,3,233,117,26,230,236,103,210,118
190,4,245,144,199,249,120,213,246,179
190,5,230,188,90,248,220,85,255,145
190,6,118,96,206,89,230,179,63,81
190,7,176,109,225,112,145,221,103,72
190,8,239,53,148,73,59,166,85,35
190,9,113,126,99,53,30,1,88,207
190,10,115,240,183,166,231,11,215,100
190,11,181,41,253,51,28,215,155,149
190,12,137,10,212,102,83,4,51,176
190,13,34,6,142,208,15,168,145,170
190,14,132,73,248,147,173,204,29,88
190,15,139,74,190,170,235,238,145,228
190,16,191,172,151,183,112,156,195,181
190,17,69,210,44,58,233,1,244,249
190,18,77,224,91,225,159,102,123,58
190,19,115,59,212,1,95,129,88,117
190,20,148,85,53,195,133,24,246,241
190,21,99,1,233,217,207,28,68,53
190,22,108,147,236,132,245,149,161,190
190,23,80,140,42,230,32,44,111,105
190,24,137,10,116,21,176,43,161,250
190,25,34,145,183,168,208,6,45,165
190,26,132,248,130,204,73,227,44,238
190,27,139,190,206,90,134,170,169,177
190,28,191,47,72,195,197,24,172,176
190,29,69,5,1,204,60,158,8,151
190,30,77,91,225,64,175,97,226,159
190,31,59,95,115,240,88,212,233,122
190,32,236,47,223,255,96,158,247,98
190,33,190,86,232,81,238,74,183,41
190,34,116,10,246,207,252,247,196,1
190,35,14,167,202,36,235,254,220,224
190,36,188,78,181,70,153,10,129,118
190,37,103,58,31,22,199,124,190,147
190,38,92,127,148,118,71,212,12,79
190,39,189,38,70,2,69,248,78,213
191,0,211,124,62,222,231,4,72,192
191,1,153,193,124,49,60,14,42,125
191,2,3,60,71,58,193,254,157,219
191,3,243,22,56,201,167,157,112,251
191,4,152,134,175,160,88,43,197,28
191,5,81,153,58,251,0,115,236,60
191,6,39,57,102,14,125,157,12,161
191,7,223,185,187,225,183,175,132,246
191,8,53,148,133,72,85,59,195,252
191,9,99,207,1,28,81,254,204,243
191,10,19,242,228,132,26,122,165,250
191,11,85,111,59,218,15,44,230,97
191,12,116,137,210,21,10,176,3,208
191,13,199,168,208,145,212,165,37,183
191,14,132,73,238,204,54,248,21,52
191,15,139,177,74,33,190,206,170,147
191,16,190,181,191,230,26,183,72,172
191,17,69,164,8,1,44,204,60,158
191,18,77,204,250,91,176,108,22,171
191,19,59,85,115,122,88,4,95,70
191,20,53,148,195,133,85,171,72,35
191,21,207,99,98,151,156,243,233,119
191,22,157,242,19,228,147,132,207,165
191,23,111,85,218,195,59,158,231,93
191,24,116,191,11,220,155,210,244,137
191,25,155,37,208,168,165,22,19,29
191,26,132,52,73,86,213,96,204,238
191,27,206,177,33,28,3,139,162,169
191,28,190,181,195,111,102,47,72,170
191,29,164,1,132,21,8,19,158,204
191,30,77,204,250,63,91,226,192,90
191,31,59,85,146,157,88,43,183,95
191,32,123,19,140,76,48,47,85,22
191,33,234,56,95,74,205,11,166,81
191,34,72,240,191,195,175,64,67,220
191,35,2,5,167,202,43,235,191,187
191,36,142,67,188,26,153,78,125,227
191,37,43,78,115,22,103,229,169,77
191,38,0,119,163,215,118,127,88,93
191,39,122,248,215,44,70,244,183,142
-29,0,188,92,112,238,66,106,43,144
-28,0,136,14,241,56,228,78,15,95
-27,0,134,36,2,41,151,115,29,136
-26,0,2,134,139,41,13,151,36,131
-25,0,175,70,134,13,55,204,31,151
-24,0,226,117,11,96,233,128,187,93
-23,0,136,241,78,56,68,14,44,33
-22,0,139,134,175,36,151,81,55,222
-21,0,186,144,242,111,234,187,35,188
-20,0,136,78,241,56,68,18,33,89
-19,0,41,36,2,134,86,136,65,163
-18,0,222,151,134,55,65,203,81,211
-17,0,175,13,151,31,178,177,204,55
-16,0,96,117,186,187,11,185,121,242
-15,0,181,82,107,251,39,83,68,255
-14,0,109,24,139,151,81,47,222,203
-13,0,117,171,226,11,146,185,128,187
-12,0,41,2,86,115,223,203,237,163
-11,0,177,222,2,74,151,217,31,203
-10,0,55,13,178,204,159,116,199,175
-9,0,142,97,166,113,123,205,150,210
-8,0,66,6,106,46,22,212,65,218
-7,0,144,186,111,242,234,155,92,188
-6,0,96,194,117,52,198,226,93,187
-5,0,233,40,110,127,147,157,46,250
-4,0,222,203,5,234,144,188,186,31
-3,0,13,175,204,222,203,177,31,213
-2,0,234,186,111,144,92,188,223,155
-1,0,123,249,229,196,216,105,7,101
-29,1,214,112,19,86,167,198,128,224
-28,1,234,40,96,209,134,205,94,171
-27,1,205,254,101,234,22,245,33,70
-26,1,206,254,101,89,149,40,9,205
-25,1,254,44,111,251,206,69,245,21
-24,1,169,133,107,81,2,232,66,13
-23,1,166,95,190,165,205,119,6,82
-22,1,254,22,245,190,101,154,49,50
-21,1,66,43,97,133,239,205,251,198
-20,1,166,183,40,209,234,96,16,6
-19,1,164,254,76,245,83,101,22,61
-18,1,101,245,44,254,131,206,230,49
-17,1,49,235,254,245,17,88,206,23
-16,1,169,81,66,133,13,232,43,123
-15,1,166,119,89,9,88,138,205,20
-14,1,236,226,70,76,164,190,61,22
-13,1,66,43,223,13,133,158,232,169
-12,1,98,39,151,153,72,221,245,37
-11,1,8,178,245,206,44,175,101,153
-10,1,44,49,10,80,23,245,174,69
-9,1,34,11,26,187,132,59,75,87
-8,1,112,223,250,191,86,205,189,118
-7,1,189,198,3,251,255,135,205,79
-6,1,195,96,209,183,40,2,81,251
-5,1,98,81,190,95,119,234,166,205
-4,1,153,245,79,59,49,56,198,42
-3,1,49,232,174,141,23,245,80,61
-2,1,144,198,182,143,66,32,255,185
-1,1,11,225,244,231,155,27,93,118
-29,2,11,60,92,217,58,49,187,255
-28,2,39,106,36,158,80,20,217,226
-27,2,39,158,139,182,95,106,120,194
-26,2,235,17,158,145,114,139,77,57
-25,2,77,235,15,75,4,158,17,93
-24,2,36,39,158,208,118,200,169,148
-23,2,13,158,36,39,159,22,125,135
-22,2,13,3,36,182,158,159,77,211
-21,2,107,158,150,230,212,110,200,92
-20,2,120,253,39,158,55,209,21,142
-19,2,83,158,120,63,182,77,139,208
-18,2,235,3,158,120,83,75,253,183
-17,2,50,4,158,46,183,3,141,132
-16,2,200,246,22,158,46,90,208,107
-15,2,158,13,56,160,125,81,137,1
-14,2,13,3,160,158,185,71,47,125
-13,2,107,158,70,26,249,22,90,59
-12,2,158,115,56,201,83,139,178,173
-11,2,235,83,158,173,93,75,199,33
-10,2,57,173,116,122,31,71,55,124
-9,2,210,158,249,103,109,146,39,149
-8,2,22,87,198,158,121,76,10,217
-7,2,76,64,92,158,150,230,239,16
-6,2,148,224,246,35,251,158,108,173
-5,2,120,158,174,39,84,173,10,13
-4,2,58,89,193,158,179,3,84,216
-3,2,252,38,200,207,208,71,19,158
-2,2,23,110,249,150,230,158,173,207
-1,2,158,4,103,179,109,210,100,17
-29,3,25,225,162,199,214,191,159,197
-28,3,25,173,199,225,159,166,75,76
-27,3,36,25,159,224,199,225,167,94
-26,3,239,36,25,44,199,21,76,215
-25,3,137,44,25,48,199,159,19,12
-24,3,221,188,44,81,91,25,122,170
-23,3,188,44,67,105,109,25,19,199
-22,3,167,44,36,81,188,105,132,109
-21,3,19,44,155,159,25,81,199,66
-20,3,19,50,44,150,229,228,188,199
-19,3,44,36,19,218,199,202,66,101
-18,3,44,0,36,199,218,159,61,197
-17,3,44,90,199,159,218,239,206,240
-16,3,44,221,199,90,86,170,72,94
-15,3,9,158,199,49,65,50,195,86
-14,3,44,36,0,167,61,224,9,218
-13,3,44,221,170,199,122,195,218,97
-12,3,159,15,218,36,199,202,215,44
-11,3,36,159,199,66,243,218,215,94
-10,3,121,236,94,166,199,66,15,218
-9,3,31,37,211,46,199,135,84,146
-8,3,25,76,199,146,202,159,31,19
-7,3,159,25,155,44,199,94,197,66
-6,3,216,25,199,170,105,86,159,122
-5,3,236,202,25,216,199,159,95,19
-4,3,44,197,228,218,199,243,157,155
-3,3,44,153,53,86,36,205,159,78
-2,3,155,66,202,116,218,199,207,228
-1,3,133,37,187,199,231,235,152,230
-29,4,88,98,195,154,233,94,172,87
-28,4,98,192,195,253,89,88,154,156
-27,4,51,192,154,149,253,160,60,70
-26,4,192,2,149,154,253,51,160,44
-25,4,44,253,51,221,154,192,148,218
-24,4,192,55,218,154,119,253,60,2
-23,4,2,253,192,55,133,60,218,154
-22,4,2,253,51,154,233,192,178,30
-21,4,192,94,154,112,71,60,218,98
-20,4,253,192,156,60,2,154,98,159
-19,4,60,149,253,154,51,93,192,212
-18,4,190,51,253,178,44,30,154,137
-17,4,44,51,154,202,253,148,30,27
-16,4,55,202,139,60,2,180,8,182
-15,4,82,133,60,154,25,202,2,139
-14,4,178,180,243,30,51,117,82,202
-13,4,2,139,60,65,8,55,82,123
-12,4,149,60,51,192,30,93,169,154
-11,4,192,149,60,51,44,154,158,137
-10,4,44,213,192,221,148,154,51,158
-9,4,161,154,65,167,14,13,33,170
-8,4,65,118,242,154,67,98,122,192
-7,4,94,192,98,216,112,51,154,60
-6,4,192,55,119,98,60,71,94,216
-5,4,122,60,192,119,98,133,154,172
-4,4,178,51,30,137,154,125,94,80
-3,4,148,202,60,51,30,44,221,93
-2,4,12,71,94,30,164,158,60,93
-1,4,154,142,222,13,108,30,167,15
-29,5,110,15,60,64,166,159,56,13
-28,5,159,165,110,174,166,158,153,251
-27,5,165,66,52,40,213,153,115,251
-26,5,165,228,168,137,158,52,96,40
-25,5,165,19,158,168,228,96,77,64
-24,5,61,165,19,151,27,158,110,168
-23,5,63,174,149,165,250,168,1,24
-22,5,63,24,149,168,228,144,250,165
-21,5,61,165,158,115,168,69,110,194
-20,5,250,174,165,151,158,52,168,61
-19,5,213,250,48,115,168,151,165,66
-18,5,48,81,168,14,250,228,60,89
-17,5,228,48,81,89,168,250,68,102
-16,5,48,61,81,194,89,102,52,168
-15,5,174,48,68,142,94,232,3,194
-14,5,48,232,3,102,228,94,223,133
-13,5,81,48,61,168,165,102,194,3
-12,5,213,115,165,102,158,48,202,245
-11,5,102,48,165,52,40,115,133,245
-10,5,165,115,52,110,236,40,202,102
-9,5,104,186,235,165,161,6,151,205
-8,5,67,254,100,14,161,165,158,151
-7,5,165,115,2,158,52,66,40,202
-6,5,194,165,2,144,69,61,250,158
-5,5,250,31,61,151,2,236,69,114
-4,5,81,151,228,48,168,40,102,33
-3,5,151,236,48,102,168,115,52,81
-2,5,115,151,236,81,93,33,48,66
-1,5,151,104,193,6,186,236,235,66
-29,6,110,138,46,40,24,91,254,173
-28,6,138,79,196,77,232,133,65,22
-27,6,232,245,196,77,25,171,148,79
-26,6,232,196,245,168,148,126,177,25
-25,6,196,126,232,79,245,59,227,171
-24,6,196,126,79,59,232,245,52,90
-23,6,59,128,196,77,126,174,148,232
-22,6,59,128,250,77,196,174,100,69
-21,6,59,196,3,128,79,232,250,92
-20,6,232,196,59,126,172,69,16,174
-19,6,245,196,232,100,172,25,144,71
-18,6,168,100,71,108,245,174,25,172
-17,6,174,126,100,71,25,245,196,172
-16,6,174,3,16,196,126,25,100,114
-15,6,174,108,196,71,32,58,85,232
-14,6,174,108,57,85,32,187,71,9
-13,6,174,16,3,196,108,126,114,104
-12,6,186,232,245,196,114,115,108,243
-11,6,232,168,115,245,186,196,227,172
-10,6,232,186,245,57,157,196,161,115
-9,6,232,167,196,245,79,59,186,52
-8,6,167,196,2,79,59,178,232,126
-7,6,19,2,92,232,200,79,196,52
-6,6,19,196,79,232,2,200,92,52
-5,6,49,157,196,79,232,200,172,19
-4,6,82,174,48,168,52,126,172,171
-3,6,57,172,232,104,49,196,25,157
-2,6,61,235,232,48,196,107,92,73
-1,6,61,167,196,157,107,153,245,123
-29,7,221,191,112,200,142,39,241,141
-28,7,147,36,35,221,116,229,75,191
-27,7,35,120,147,1,220,37,239,116
-26,7,120,35,208,65,239,7,167,37
-25,7,35,37,120,116,130,147,71,38
-24,7,147,36,181,35,116,37,131,108
-23,7,147,71,37,217,36,133,239,90
-22,7,38,71,37,130,90,239,252,133
-21,7,181,131,90,147,116,36,35,171
-20,7,1,90,36,239,71,147,220,7
-19,7,1,7,220,239,71,169,219,120
-18,7,71,16,1,220,130,146,120,7
-17,7,71,220,1,130,7,146,167,6
-16,7,243,220,94,71,146,131,219,202
-15,7,94,220,130,146,202,147,1,36
-14,7,130,94,223,220,146,122,38,133
-13,7,44,146,220,122,131,36,147,37
-12,7,220,1,240,167,183,35,171,7
-11,7,220,1,183,167,239,35,122,240
-10,7,183,223,220,240,167,35,171,1
-9,7,147,29,36,91,35,171,220,184
-8,7,44,147,91,171,36,37,35,76
-7,7,171,181,76,35,243,37,239,90
-6,7,181,171,76,147,35,1,36,239
-5,7,1,79,239,7,101,171,76,36
-4,7,220,122,130,109,146,1,71,95
-3,7,1,223,167,239,220,7,4,122
-2,7,1,4,239,219,167,243,79,16
-1,7,239,1,29,79,147,4,10,199
-29,8,123,217,175,17,127,139,223,78
-28,8,123,157,191,107,180,110,52,4
-27,8,222,123,132,190,107,3,34,164
-26,8,222,123,190,207,164,132,107,80
-25,8,222,190,164,3,123,107,48,207
-24,8,112,191,222,107,164,190,4,123
-23,8,157,222,112,190,207,107,191,164
-22,8,222,207,190,88,123,3,28,107
-21,8,159,222,107,190,164,3,207,191
-20,8,157,222,207,159,190,107,191,184
-19,8,222,207,184,123,107,157,88,28
-18,8,207,222,128,68,183,88,123,232
-17,8,207,222,183,128,109,232,107,3
-16,8,183,207,68,222,248,112,164,107
-15,8,68,183,207,248,222,9,73,123
-14,8,183,68,9,215,128,26,248,73
-13,8,207,222,183,112,107,167,215,28
-12,8,183,107,19,164,207,222,3,242
-11,8,184,19,183,3,248,107,222,124
-10,8,110,222,107,159,19,84,183,3
-9,8,164,33,191,107,222,4,19,84
-8,8,33,4,107,191,164,110,69,194
-7,8,222,159,19,80,184,190,34,207
-6,8,112,207,159,222,164,107,19,184
-5,8,107,207,159,164,222,88,4,56
-4,8,222,88,183,207,107,9,215,128
-3,8,222,207,184,88,107,201,183,68
-2,8,88,107,222,201,207,184,124,132
-1,8,88,107,164,56,207,234,4,201
-29,9,72,210,246,95,122,232,12,194
-28,9,95,156,45,120,47,198,161,73
-27,9,95,234,47,5,237,4,102,128
-26,9,95,234,47,54,192,237,44,11
-25,9,95,237,234,44,47,86,43,247
-24,9,95,19,237,47,178,44,234,206
-23,9,237,95,234,192,19,105,227,110
-22,9,95,237,234,22,128,192,54,44
-21,9,47,95,120,237,146,86,102,234
-20,9,95,234,105,120,5,47,146,4
-19,9,95,5,234,128,4,146,86,204
-18,9,95,234,128,24,192,44,110,65
-17,9,24,95,128,234,105,65,204,44
-16,9,24,19,95,178,206,139,105,5
-15,9,52,139,95,24,19,234,244,206
-14,9,52,139,24,95,128,75,65,196
-13,9,24,239,95,178,105,19,237,22
-12,9,47,95,5,102,120,107,24,4
-11,9,4,95,102,86,24,107,146,220
-10,9,47,95,102,86,107,44,8,146
-9,9,95,39,47,132,94,29,102,197
-8,9,95,47,240,132,102,156,217,197
-7,9,47,95,102,146,197,5,198,107
-6,9,47,95,120,234,19,102,146,197
-5,9,217,47,95,197,146,5,234,120
-4,9,24,234,95,65,75,128,0,204
-3,9,24,5,234,95,146,4,128,0
-2,9,5,96,145,14,95,0,234,24
-1,9,29,94,95,197,145,164,11,234
-29,10,175,120,14,183,179,249,100,203
-28,10,247,187,234,68,124,91,243,12
-27,10,117,143,91,187,12,247,171,17
-26,10,91,143,216,165,187,81,119,117
-25,10,216,81,91,12,111,242,234,187
-24,10,216,163,247,91,12,111,187,143
-23,10,12,73,68,92,91,85,143,223
-22,10,92,12,143,91,73,85,223,124
-21,10,9,81,143,91,247,187,12,253
-20,10,12,68,143,91,246,85,124,234
-19,10,143,246,12,117,31,85,17,91
-18,10,159,31,246,85,12,170,143,216
-17,10,85,246,12,216,7,143,31,242
-16,10,163,85,7,181,12,246,59,31
-15,10,68,181,154,128,59,124,85,143
-14,10,181,154,146,119,19,85,239,170
-13,10,85,163,246,216,12,7,124,143
-12,10,117,253,17,187,143,81,247,124
-11,10,232,143,146,117,204,15,247,66
-10,10,216,19,253,234,187,81,232,247
-9,10,216,247,187,130,124,198,143,234
-8,10,161,247,253,62,187,124,234,31
-7,10,9,91,234,187,247,143,8,161
-6,10,91,163,9,234,143,161,187,247
-5,10,62,63,222,91,171,247,143,114
-4,10,85,146,119,228,7,143,97,8
-3,10,143,19,228,81,232,85,31,246
-2,10,31,218,143,9,171,232,252,63
-1,10,63,198,169,130,247,171,143,194
-29,11,180,41,246,96,149,143,152,46
-28,11,27,64,107,213,3,153,130,88
-27,11,209,208,103,101,107,151,231,200
-26,11,231,154,84,3,10,101,209,222
-25,11,10,220,3,222,37,231,101,107
-24,11,107,18,142,10,3,255,98,116
-23,11,64,154,10,107,84,130,143,18
-22,11,154,84,10,37,147,115,201,30
-21,11,142,3,153,107,130,101,255,66
-20,11,64,250,3,130,225,207,107,145
-19,11,209,250,103,208,207,3,151,109
-18,11,37,109,250,115,84,212,201,94
-17,11,250,222,220,84,157,115,225,59
-16,11,142,18,2,116,250,212,225,115
-15,11,64,131,201,212,2,208,107,55
-14,11,37,212,131,201,2,240,30,157
-13,11,250,142,18,84,225,20,115,212
-12,11,3,209,103,142,151,208,101,137
-11,11,59,231,3,111,103,137,37,101
-10,11,220,3,59,85,103,222,231,111
-9,11,20,107,3,36,128,111,255,98
-8,11,49,20,109,36,195,107,3,98
-7,11,3,153,238,137,103,98,145,95
-6,11,3,18,238,153,111,145,250,147
-5,11,3,111,66,145,238,207,27,101
-4,11,231,84,59,157,37,2,225,164
-3,11,222,59,103,3,220,231,84,250
-2,11,103,114,116,153,250,109,209,200
-1,11,189,103,111,238,145,236,14,250
-29,12,4,124,68,24,167,52,77,216
-28,12,221,60,169,39,68,16,1,199
-27,12,166,181,208,221,107,194,1,121
-26,12,166,194,208,128,55,121,221,1
-25,12,208,194,39,221,107,219,121,157
-24,12,1,39,128,221,194,67,219,68
-23,12,121,194,221,205,147,107,68,1
-22,12,121,205,147,208,194,18,84,107
-21,12,39,194,128,1,205,67,68,107
-20,12,107,39,57,132,121,194,46,205
-19,12,166,132,46,157,246,121,39,65
-18,12,46,57,208,107,132,166,121,246
-17,12,57,46,208,121,230,125,107,132
-16,12,57,67,89,128,230,125,46,73
-15,12,57,107,230,73,65,36,125,89
-14,12,57,208,230,246,107,69,98,36
-13,12,57,67,121,205,107,128,65,160
-12,12,166,39,128,95,181,1,55,59
-11,12,208,39,166,181,107,227,157,61
-10,12,157,39,208,52,59,181,128,3
-9,12,39,128,63,26,74,1,107,15
-8,12,39,128,1,63,74,12,26,15
-7,12,39,128,191,208,194,181,79,219
-6,12,39,79,128,132,191,154,194,1
-5,12,43,132,39,128,19,65,79,191
-4,12,57,208,59,210,125,107,50,55
-3,12,132,55,210,208,121,57,59,125
-2,12,132,7,56,208,95,206,55,19
-1,12,74,26,128,19,63,132,65,39
-29,13,231,119,132,221,167,177,161,64
-28,13,42,47,202,154,219,141,243,175
-27,13,47,18,42,154,133,175,36,151
-26,13,47,154,42,18,175,36,202,32
-25,13,47,154,18,175,127,226,202,190
-24,13,47,154,200,175,66,127,219,130
-23,13,47,42,154,18,175,133,200,127
-22,13,47,18,42,133,30,224,181,226
-21,13,47,154,175,224,18,30,133,100
-20,13,47,42,18,137,224,175,154,181
-19,13,18,47,42,224,137,124,175,122
-18,13,47,122,249,124,18,42,224,137
-17,13,47,124,122,18,137,181,41,224
-16,13,200,47,122,224,41,124,249,238
-15,13,47,164,122,154,224,249,239,100
-14,13,47,122,249,27,174,224,17,230
-13,13,47,224,200,124,137,122,41,18
-12,13,100,47,154,175,18,224,142,228
-11,13,47,228,249,154,136,18,175,122
-10,13,47,154,175,100,18,219,228,130
-9,13,47,43,175,154,33,147,224,134
-8,13,47,33,175,142,154,43,15,125
-7,13,47,175,154,142,15,6,127,226
-6,13,47,175,18,154,142,200,15,6
-5,13,18,154,123,137,47,175,28,224
-4,13,19,18,47,122,239,137,181,226
-3,13,18,47,228,123,181,19,175,122
-2,13,18,47,123,137,228,38,70,48
-1,13,47,43,123,18,154,137,147,175
-29,14,217,57,244,211,123,136,181,191
-28,14,166,88,137,189,51,244,71,57
-27,14,37,14,16,186,61,159,64,51
-26,14,37,60,186,159,52,109,16,28
-25,14,37,24,52,160,186,61,137,51
-24,14,137,51,37,52,64,160,224,31
-23,14,37,61,186,178,88,51,160,109
-22,14,37,186,178,61,160,156,166,219
-21,14,51,37,61,137,52,160,224,159
-20,14,37,61,156,186,172,88,178,60
-19,14,235,156,186,75,172,37,129,60
-18,14,172,156,235,232,186,129,37,16
-17,14,232,172,235,156,178,37,186,152
-16,14,232,156,152,38,172,16,51,235
-15,14,51,88,14,232,156,137,159,225
-14,14,232,152,129,156,172,70,219,1
-13,14,38,156,172,232,178,235,16,186
-12,14,14,203,51,38,16,40,160,156
-11,14,14,174,232,52,206,156,16,129
-10,14,14,52,16,160,224,51,137,159
-9,14,137,51,124,88,52,224,14,160
-8,14,137,51,147,224,160,52,124,14
-7,14,75,159,52,16,60,14,37,61
-6,14,75,156,60,186,37,52,61,16
-5,14,75,186,52,60,156,37,16,139
-4,14,156,169,232,129,11,16,172,235
-3,14,156,235,169,75,206,14,186,232
-2,14,169,75,156,206,186,11,14,246
-1,14,52,137,75,224,124,51,60,160
-29,15,225,247,218,191,117,82,83,48
-28,15,228,150,229,248,61,165,148,225
-27,15,18,113,148,22,61,250,242,71
-26,15,18,61,22,174,250,148,220,63
-25,15,250,148,18,6,22,204,154,4
-24,15,148,250,241,99,242,165,87,204
-23,15,148,241,22,219,99,113,101,239
-22,15,22,101,113,219,239,84,250,148
-21,15,148,248,250,22,87,242,204,84
-20,15,22,148,239,241,233,84,219,71
-19,15,22,116,71,26,44,135,18,209
-18,15,22,18,209,239,44,152,245,102
-17,15,22,209,239,71,44,18,219,245
-16,15,209,103,241,239,22,17,18,148
-15,15,22,148,209,87,63,71,239,154
-14,15,209,22,18,17,239,118,142,95
-13,15,240,22,239,209,219,148,44,103
-12,15,240,116,148,22,250,54,71,33
-11,15,22,209,234,71,177,142,192,54
-10,15,71,22,250,54,33,228,63,148
-9,15,148,250,22,228,81,87,65,61
-8,15,148,250,63,58,22,61,174,54
-7,15,250,22,248,123,192,37,174,63
-6,15,22,113,71,148,192,219,84,239
-5,15,233,22,71,113,192,207,148,84
-4,15,209,22,71,239,157,63,152,220
-3,15,22,71,209,192,135,33,113,63
-2,15,22,233,192,135,71,26,13,113
-1,15,22,233,87,192,181,148,220,81
-29,16,89,245,88,166,203,16,107,227
-28,16,130,252,75,247,28,229,60,166
-27,16,130,233,154,152,21,138,51,28
-26,16,130,233,252,138,46,53,0,51
-25,16,130,252,51,190,233,59,28,46
-24,16,130,233,252,28,229,149,46,170
-23,16,130,233,46,149,161,167,229,252
-22,16,233,130,161,46,167,53,247,249
-21,16,130,233,252,46,170,152,51,28
-20,16,233,130,46,167,90,149,252,152
-19,16,167,233,154,130,46,0,90,138
-18,16,233,22,167,53,130,59,140,82
-17,16,233,167,190,90,130,224,82,46
-16,16,233,130,30,78,167,8,179,0
-15,16,233,130,46,40,167,252,152,7
-14,16,233,30,241,53,59,82,167,130
-13,16,233,167,130,46,0,90,8,184
-12,16,130,170,152,21,252,233,138,0
-11,16,21,82,170,233,167,140,252,152
-10,16,170,252,130,0,152,46,233,246
-9,16,130,252,233,5,170,152,28,46
-8,16,130,252,152,156,233,170,28,51
-7,16,252,170,152,230,46,233,130,0
-6,16,46,233,167,152,0,90,136,249
-5,16,46,0,188,167,233,136,170,152
-4,16,233,167,118,59,42,95,53,90
-3,16,167,233,95,42,190,90,186,118
-2,16,167,186,188,95,21,233,99,31
-1,16,233,5,170,0,152,167,46,196
-29,17,96,106,26,171,25,150,125,86
-28,17,248,35,185,64,125,241,20,226
-27,17,35,185,64,206,78,56,115,147
-26,17,35,185,64,201,115,56,17,191
-25,17,35,201,64,17,185,20,21,115
-24,17,35,64,115,87,155,20,17,201
-23,17,185,56,17,35,130,64,65,201
-22,17,185,130,56,35,32,214,17,201
-21,17,35,17,64,115,56,197,20,236
-20,17,185,35,23,56,17,115,64,191
-19,17,35,185,115,56,49,50,101,206
-18,17,35,23,185,213,231,19,191,235
-17,17,23,35,115,56,21,191,185,180
-16,17,35,155,180,206,242,23,115,231
-15,17,35,64,115,26,147,211,255,71
-14,17,180,164,206,231,35,62,45,27
-13,17,155,35,56,23,115,231,147,191
-12,17,35,206,64,78,115,147,226,20
-11,17,35,206,115,147,19,231,78,28
-10,17,35,164,64,147,21,115,20,77
-9,17,35,87,64,115,147,20,172,17
-8,17,35,110,64,17,87,20,147,201
-7,17,35,197,17,20,56,242,147,50
-6,17,50,56,35,115,236,17,242,147
-5,17,50,115,35,88,56,92,147,191
-4,17,23,35,19,115,191,188,231,137
-3,17,115,164,50,21,56,188,23,191
-2,17,115,50,88,206,78,49,229,197
-1,17,115,35,250,61,50,242,64,147
-29,18,100,201,174,94,44,32,141,75
-28,18,126,13,199,217,155,134,161,69
-27,18,13,87,237,190,126,238,177,251
-26,18,13,130,177,251,87,9,245,25
-25,18,13,126,34,135,116,134,251,211
-24,18,13,126,6,134,251,2,161,177
-23,18,13,9,25,28,126,211,251,165
-22,18,13,72,25,126,9,28,211,113
-21,18,13,126,251,192,69,211,161,12
-20,18,28,13,165,251,87,192,9,25
-19,18,165,251,190,13,72,192,238,12
-18,18,28,165,87,13,21,251,70,12
-17,18,28,21,87,13,165,1,251,72
-16,18,13,28,6,1,165,87,235,21
-15,18,13,251,87,165,70,2,134,127
-14,18,87,235,116,70,1,165,28,13
-13,18,28,13,6,21,87,1,165,251
-12,18,251,13,190,70,87,237,192,238
-11,18,70,219,251,190,13,192,238,87
-10,18,251,13,250,190,126,192,70,161
-9,18,13,126,57,134,251,148,163,161
-8,18,13,126,112,251,192,135,2,57
-7,18,192,103,12,13,69,251,2,126
-6,18,165,12,192,13,103,251,190,249
-5,18,12,192,103,13,205,190,165,251
-4,18,12,165,13,251,219,28,238,106
-3,18,12,165,251,238,135,190,250,246
-2,18,12,165,190,238,251,188,70,246
-1,18,57,192,205,13,197,12,50,2
-29,19,41,204,221,142,44,207,238,173
-28,19,173,221,207,35,26,36,41,75
-27,19,35,107,75,40,42,111,251,31
-26,19,35,107,75,111,42,247,66,40
-25,19,35,75,107,66,36,151,26,114
-24,19,151,35,36,107,20,75,42,66
-23,19,151,107,35,175,40,106,66,111
-22,19,144,107,106,35,175,75,40,66
-21,19,35,51,107,111,40,75,42,36
-20,19,40,35,175,111,106,51,107,71
-19,19,40,111,35,14,107,42,71,206
-18,19,40,175,247,35,38,253,111,216
-17,19,40,175,132,111,253,35,106,107
-16,19,35,132,175,216,40,70,71,16
-15,19,111,35,40,215,42,237,132,75
-14,19,216,132,247,35,179,40,175,114
-13,19,151,175,106,40,35,111,179,107
-12,19,42,70,75,111,230,247,251,228
-11,19,247,251,230,70,111,75,216,80
-10,19,42,75,70,26,36,111,230,85
-9,19,20,36,75,42,130,109,111,26
-8,19,42,75,107,162,111,120,199,12
-7,19,111,42,113,51,228,107,60,40
-6,19,111,51,40,107,39,113,42,175
-5,19,111,51,252,113,40,39,42,107
-4,19,111,247,40,175,48,14,71,35
-3,19,111,40,42,71,113,85,35,14
-2,19,111,113,42,178,71,40,170,252
-1,19,111,130,252,26,39,113,162,42
-29,20,17,127,175,217,18,223,11,92
-28,20,116,197,173,191,127,217,23,175
-27,20,222,190,242,6,124,34,80,3
-26,20,222,190,80,19,48,141,218,132
-25,20,190,222,3,191,56,19,172,48
-24,20,112,222,190,191,4,28,115,23
-23,20,222,190,112,157,109,28,191,232
-22,20,222,190,202,109,28,84,218,56
-21,20,159,222,4,191,190,3,232,19
-20,20,222,186,207,157,232,28,107,19
-19,20,222,207,242,184,159,28,109,107
-18,20,222,183,248,128,232,6,207,28
-17,20,183,222,207,215,107,28,82,186
-16,20,183,68,112,222,215,82,248,207
-15,20,222,183,248,186,124,115,19,207
-14,20,215,183,248,9,68,167,44,73
-13,20,222,112,215,207,183,33,109,28
-12,20,19,242,222,110,248,4,3,183
-11,20,248,184,19,3,201,47,6,222
-10,20,19,110,191,56,159,242,106,222
-9,20,33,191,4,164,19,23,56,222
-8,20,33,191,222,190,52,4,28,19
-7,20,159,19,201,222,184,88,28,4
-6,20,222,201,107,88,207,159,112,19
-5,20,107,88,207,201,222,4,186,212
-4,20,222,183,88,207,201,56,215,19
-3,20,222,88,201,184,107,121,207,56
-2,20,88,201,107,242,207,222,184,19
-1,20,234,107,88,115,56,191,207,19
-29,21,72,246,184,232,210,113,194,127
-28,21,95,184,232,72,18,156,209,210
-27,21,95,128,234,44,47,204,5,237
-26,21,95,234,54,192,47,237,110,44
-25,21,95,237,234,44,197,47,128,32
-24,21,95,197,234,44,237,19,192,47
-23,21,95,234,192,237,128,206,19,24
-22,21,95,192,234,128,237,252,54,22
-21,21,95,47,44,234,197,192,128,24
-20,21,95,234,192,128,24,4,105,43
-19,21,95,234,24,4,128,44,192,86
-18,21,95,128,52,200,4,24,234,110
-17,21,24,95,128,44,139,105,234,204
-16,21,95,24,19,139,52,206,178,234
-15,21,95,128,4,24,52,44,197,234
-14,21,52,95,139,24,128,196,44,244
-13,21,239,95,24,234,162,192,178,128
-12,21,95,44,102,5,47,239,107,197
-11,21,95,4,102,44,5,128,133,190
-10,21,44,95,102,47,5,107,197,86
-9,21,95,44,197,39,29,47,132,102
-8,21,95,47,240,44,102,132,197,237
-7,21,47,95,44,5,146,102,234,197
-6,21,234,5,192,24,95,11,120,47
-5,21,217,95,234,197,11,5,47,145
-4,21,24,95,234,5,4,128,43,146
-3,21,146,95,234,24,5,102,4,43
-2,21,96,95,146,5,0,145,14,190
-1,21,29,44,197,95,47,94,164,146
-29,22,120,175,100,50,82,192,231,90
-28,22,182,243,176,65,133,124,145,187
-27,22,117,40,143,124,17,122,91,12
-26,22,143,40,124,187,122,109,17,12
-25,22,124,12,40,242,187,91,143,122
-24,22,124,163,91,73,143,223,185,243
-23,22,12,73,124,92,68,223,143,91
-22,22,73,92,12,143,124,223,91,40
-21,22,9,124,91,143,0,187,253,122
-20,22,12,68,246,85,143,124,128,122
-19,22,143,17,12,117,246,40,122,124
-18,22,159,246,40,12,47,146,170,124
-17,22,246,85,12,122,242,40,216,124
-16,22,163,85,40,124,181,170,128,7
-15,22,143,68,124,128,185,176,194,160
-14,22,146,181,40,154,19,122,128,119
-13,22,163,85,143,124,246,40,73,253
-12,22,253,117,124,17,40,143,187,122
-11,22,122,40,146,124,232,216,143,19
-10,22,216,253,124,19,40,122,187,212
-9,22,198,130,124,185,247,143,248,187
-8,22,161,124,91,143,253,167,187,247
-7,22,0,124,9,161,143,40,122,91
-6,22,143,63,91,163,124,122,161,167
-5,22,63,62,143,124,40,122,114,91
-4,22,146,228,122,85,40,143,246,119
-3,22,143,19,122,228,146,31,40,81
-2,22,31,122,0,216,40,143,218,63
-1,22,198,169,124,130,122,63,40,216
-29,23,180,41,87,96,213,152,92,132
-28,23,204,112,88,213,138,150,221,89
-27,23,208,209,50,107,151,137,200,59
-26,23,231,222,209,204,3,107,225,157
-25,23,222,220,107,59,157,3,10,204
-24,23,18,142,107,143,3,130,149,160
-23,23,64,143,149,101,154,18,138,142
-22,23,154,37,201,59,157,147,231,218
-21,23,3,153,142,66,107,130,106,111
-20,23,64,250,3,107,130,208,131,252
-19,23,209,208,151,103,3,14,250,59
-18,23,37,109,222,131,212,157,158,94
-17,23,222,220,59,157,85,250,201,231
-16,23,131,18,142,130,177,54,212,107
-15,23,64,131,80,208,106,160,162,200
-14,23,131,37,201,212,59,157,14,30
-13,23,142,18,20,212,94,130,107,131
-12,23,209,3,151,208,231,59,50,238
-11,23,231,59,111,3,113,103,158,222
-10,23,220,85,3,231,59,151,201,50
-9,23,128,20,206,36,3,143,62,107
-8,23,20,36,3,95,109,49,13,128
-7,23,3,238,153,66,95,59,106,111
-6,23,3,66,238,101,18,162,153,205
-5,23,66,247,111,208,250,106,101,147
-4,23,231,157,59,164,84,103,225,37
-3,23,222,231,220,103,59,85,84,164
-2,23,116,103,114,15,208,59,84,250
-1,23,189,111,62,206,128,3,106,136
-29,24,53,216,124,4,167,24,62,58
-28,24,221,60,199,16,126,167,1,216
-27,24,1,194,221,107,166,181,165,157
-26,24,1,194,55,221,166,39,157,68
-25,24,1,157,221,39,50,194,55,219
-24,24,1,221,194,68,107,121,39,147
-23,24,1,121,194,221,107,147,246,18
-22,24,1,147,194,121,221,84,107,100
-21,24,1,221,107,39,194,46,121,181
-20,24,1,107,221,46,57,194,121,125
-19,24,1,166,221,46,107,194,121,65
-18,24,1,46,55,166,107,57,121,125
-17,24,1,57,46,65,107,55,11,221
-16,24,1,125,67,57,230,107,89,36
-15,24,107,1,221,57,113,36,125,53
-14,24,1,57,55,230,107,50,36,98
-13,24,1,57,67,107,121,65,125,194
-12,24,1,39,166,157,181,59,107,55
-11,24,39,166,1,157,210,221,50,55
-10,24,1,39,157,128,15,115,3,59
-9,24,1,74,63,26,39,221,15,160
-8,24,1,39,15,43,221,194,44,219
-7,24,39,1,15,79,181,191,194,132
-6,24,132,107,57,79,121,1,65,222
-5,24,1,132,138,65,19,206,39,121
-4,24,57,11,65,59,210,1,50,132
-3,24,11,65,132,59,1,55,181,210
-2,24,1,65,132,128,95,7,121,56
-1,24,74,63,26,1,160,39,242,15
-29,25,167,52,236,132,221,231,119,242
-28,25,180,44,233,251,167,132,89,66
-27,25,47,42,155,175,224,202,154,74
-26,25,47,42,127,155,224,175,66,74
-25,25,47,101,42,0,154,74,130,175
-24,25,47,127,133,26,200,175,190,173
-23,25,47,42,133,122,127,200,181,239
-22,25,47,42,133,18,181,30,224,74
-21,25,47,224,175,249,122,133,181,100
-20,25,47,42,122,249,137,18,36,133
-19,25,47,224,42,181,18,137,122,74
-18,25,47,249,122,42,181,224,74,155
-17,25,47,101,137,42,224,74,124,18
-16,25,47,122,200,117,74,224,239,249
-15,25,47,249,122,164,18,48,181,74
-14,25,47,230,249,48,74,0,122,244
-13,25,47,122,18,137,181,224,249,100
-12,25,47,175,154,249,224,74,155,130
-11,25,47,228,0,175,154,74,249,130
-10,25,47,101,175,130,154,224,254,74
-9,25,47,134,147,154,43,175,182,33
-8,25,47,175,33,154,6,142,130,224
-7,25,47,175,123,154,155,224,168,21
-6,25,47,18,123,142,30,137,175,249
-5,25,47,18,123,137,175,154,48,224
-4,25,47,18,137,123,239,122,99,155
-3,25,47,18,101,137,123,228,51,48
-2,25,47,137,123,18,38,228,224,48
-1,25,47,43,147,61,154,134,130,123
-29,26,217,57,81,136,181,244,211,150
-28,26,166,88,12,137,71,159,244,189
-27,26,37,159,137,236,160,64,16,166
-26,26,37,159,160,106,61,137,109,16
-25,26,137,37,160,159,24,61,166,178
-24,26,37,137,160,178,38,186,61,31
-23,26,37,178,186,160,235,38,61,166
-22,26,37,178,61,160,186,64,137,224
-21,26,160,137,37,61,178,172,156,186
-20,26,172,156,37,160,16,186,159,244
-19,26,160,172,16,37,60,156,232,186
-18,26,172,160,156,232,16,225,27,142
-17,26,232,160,172,156,137,16,152,224
-16,26,232,152,38,160,156,16,91,27
-15,26,232,152,14,16,229,160,172,156
-14,26,152,160,232,89,16,218,172,156
-13,26,38,178,160,232,37,16,156,186
-12,26,14,16,160,137,224,232,254,106
-11,26,14,206,16,160,174,137,232,139
-10,26,160,137,14,16,224,171,47,52
-9,26,137,51,124,160,147,20,16,148
-8,26,37,160,137,147,61,51,16,22
-7,26,160,16,139,137,37,61,75,60
-6,26,186,37,156,16,29,178,160,75
-5,26,160,75,37,83,186,169,156,16
-4,26,156,169,232,11,129,203,186,152
-3,26,169,156,203,186,206,75,213,160
-2,26,169,160,75,224,220,206,156,129
-1,26,137,160,20,171,148,124,32,52
-29,27,247,191,225,218,83,82,108,48
-28,27,85,150,228,225,61,204,255,139
-27,27,85,250,18,113,61,22,152,63
-26,27,85,18,250,21,152,174,61,63
-25,27,85,250,101,148,54,28,63,22
-24,27,85,99,101,219,241,218,152,250
-23,27,85,101,219,99,152,22,113,241
-22,27,85,101,22,113,84,250,239,71
-21,27,85,248,22,71,233,209,250,218
-20,27,85,22,209,71,132,49,219,9
-19,27,209,85,22,71,116,135,219,9
-18,27,209,18,22,85,152,63,112,71
-17,27,209,85,22,17,71,239,49,148
-16,27,209,85,17,103,241,220,166,218
-15,27,209,85,22,17,103,87,118,190
-14,27,209,18,17,85,22,112,33,118
-13,27,240,209,85,101,219,22,103,239
-12,27,240,250,85,54,209,63,71,116
-11,27,209,177,22,5,85,18,71,190
-10,27,228,85,240,33,54,63,71,250
-9,27,65,250,85,81,181,58,228,218
-8,27,85,250,54,218,71,181,239,63
-7,27,248,250,192,85,71,22,218,135
-6,27,22,233,113,192,71,209,250,49
-5,27,113,233,71,192,22,85,13,135
-4,27,13,209,22,71,18,192,113,142
-3,27,13,33,192,135,22,142,113,71
-2,27,192,22,142,13,135,113,248,63
-1,27,181,165,200,250,87,85,23,174
-29,28,158,107,166,88,93,218,18,89
-28,28,152,252,229,130,247,166,60,28
-27,28,130,51,152,247,138,233,143,80
-26,28,130,56,252,138,51,152,213,80
-25,28,130,252,190,152,51,28,170,80
-24,28,130,149,54,51,152,200,28,233
-23,28,130,149,167,176,147,51,110,8
-22,28,130,200,167,176,249,51,190,147
-21,28,130,54,167,46,230,51,233,0
-20,28,130,167,8,30,0,149,247,222
-19,28,130,167,138,233,8,51,158,30
-18,28,130,56,233,53,167,8,222,140
-17,28,130,190,167,233,51,193,30,224
-16,28,130,30,149,78,179,233,51,8
-15,28,130,30,222,233,179,232,51,140
-14,28,130,30,233,241,179,193,59,82
-13,28,130,167,8,200,179,30,46,96
-12,28,130,138,51,170,152,56,21,179
-11,28,130,56,82,138,51,246,222,233
-10,28,130,190,193,51,170,212,82,246
-9,28,130,156,5,170,212,152,96,51
-8,28,130,156,170,168,253,252,249,152
-7,28,130,230,170,54,51,167,168,213
-6,28,130,167,54,0,118,46,55,231
-5,28,167,130,188,99,0,46,118,42
-4,28,130,99,167,42,118,53,95,59
-3,28,130,99,167,188,181,71,31,21
-2,28,130,21,186,167,230,193,99,233
-1,28,130,133,170,43,5,39,28,252
-29,29,106,96,171,25,86,125,112,42
-28,29,248,64,20,201,100,185,79,241
-27,29,64,185,35,78,201,238,248,147
-26,29,201,64,35,185,25,242,56,17
-25,29,64,201,185,17,21,125,35,56
-24,29,130,64,155,56,32,35,248,236
-23,29,130,185,56,23,32,64,191,155
-22,29,214,185,56,23,64,32,17,21
-21,29,64,236,23,56,231,17,191,218
-20,29,185,23,231,191,242,147,56,50
-19,29,78,185,23,231,56,147,242,35
-18,29,19,213,185,23,231,62,173,235
-17,29,180,23,185,21,88,56,231,64
-16,29,180,155,232,115,35,236,137,231
-15,29,26,180,232,231,155,64,243,240
-14,29,180,62,232,164,88,71,115,231
-13,29,155,130,231,56,23,147,32,50
-12,29,78,147,230,64,137,231,142,139
-11,29,19,147,64,35,231,78,28,4
-10,29,164,64,88,21,147,91,115,20
-9,29,64,172,147,20,17,230,194,142
-8,29,110,17,64,213,147,230,142,20
-7,29,49,20,236,147,187,139,142,64
-6,29,236,56,50,23,115,139,147,92
-5,29,115,50,56,236,23,139,92,7
-4,29,115,19,23,56,229,21,50,206
-3,29,115,164,50,229,21,139,92,206
-2,29,49,115,88,173,206,187,92,21
-1,29,64,250,76,87,20,172,119,35
-29,30,31,174,75,94,32,160,141,217
-28,30,13,134,126,72,161,176,199,177
-27,30,13,72,177,66,237,251,134,87
-26,30,13,130,72,135,177,66,219,164
-25,30,13,135,126,25,250,63,192,9
-24,30,13,6,9,25,126,135,242,177
-23,30,9,13,25,72,87,165,173,234
-22,30,13,9,28,72,63,25,151,21
-21,30,13,69,192,28,9,165,251,21
-20,30,72,13,28,165,9,21,87,190
-19,30,13,28,72,165,9,1,237,87
-18,30,28,13,165,87,72,9,151,21
-17,30,28,1,151,63,192,13,165,21
-16,30,235,6,13,1,122,165,28,145
-15,30,55,235,13,165,70,122,28,87
-14,30,235,63,50,151,28,209,13,1
-13,30,1,9,6,231,28,206,235,25
-12,30,251,13,237,221,1,66,135,192
-11,30,141,219,13,251,66,151,192,70
-10,30,250,251,162,13,63,151,50,99
-9,30,148,135,251,187,128,163,103,12
-8,30,135,112,251,71,13,192,177,103
-7,30,69,192,12,13,251,103,2,135
-6,30,12,103,192,165,221,251,9,6
-5,30,103,12,165,13,190,205,106,9
-4,30,165,90,12,13,103,190,1,251
-3,30,90,12,190,165,103,13,188,251
-2,30,165,162,50,12,238,151,13,70
-1,30,179,192,134,187,2,13,135,43
-29,31,35,145,57,241,30,77,117,75
-28,31,162,75,221,35,41,207,20,36
-27,31,35,40,75,107,60,42,66,162
-26,31,35,66,247,40,107,162,111,254
-25,31,35,66,107,106,151,40,162,42
-24,31,35,106,7,40,175,107,162,66
-23,31,35,175,102,7,107,40,162,66
-22,31,35,144,175,40,107,162,106,66
-21,31,35,51,40,175,162,111,106,107
-20,31,35,40,175,111,107,216,162,38
-19,31,40,35,175,107,111,162,14,216
-18,31,40,35,175,247,38,216,111,253
-17,31,35,132,175,40,253,111,162,106
-16,31,132,35,16,216,14,233,162,8
-15,31,237,132,35,16,216,14,8,40
-14,31,35,216,247,132,16,40,175,14
-13,31,106,35,40,216,107,179,175,102
-12,31,35,42,70,96,111,107,247,40
-11,31,247,35,70,42,111,96,230,113
-10,31,35,42,70,162,96,111,183,228
-9,31,107,35,42,111,130,12,96,162
-8,31,42,107,12,35,225,162,228,96
-7,31,51,111,35,42,113,162,107,106
-6,31,111,51,107,113,40,162,35,106
-5,31,111,252,40,107,35,106,175,162
-4,31,111,252,146,35,40,247,113,108
-3,31,111,252,35,146,113,170,40,107
-2,31,111,35,28,252,113,38,170,60
-1,31,20,42,205,109,35,162,130,75
-29,32,195,252,146,221,112,223,139,148
-28,32,224,252,68,27,112,197,178,71
-27,32,14,75,144,197,27,28,50,61
-26,32,14,27,61,217,197,212,50,101
-25,32,109,76,123,159,179,61,86,144
-24,32,17,89,61,217,212,27,8,199
-23,32,224,217,61,212,197,65,89,81
-22,32,212,217,179,61,18,123,65,86
-21,32,195,146,162,61,194,178,217,21
-20,32,224,61,197,21,217,206,212,89
-19,32,61,28,197,14,217,75,120,66
-18,32,61,14,217,171,176,142,28,66
-17,32,76,61,179,171,109,246,18,86
-16,32,17,171,199,194,176,61,175,37
-15,32,224,171,101,176,197,175,37,232
-14,32,171,179,144,176,28,26,57,246
-13,32,17,61,217,176,194,21,212,171
-12,32,92,14,197,144,75,50,21,206
-11,32,14,85,144,92,50,21,57,117
-10,32,76,179,85,123,125,21,57,27
-9,32,113,238,159,99,21,178,158,217
-8,32,238,116,159,113,158,192,117,55
-7,32,195,146,86,120,178,40,117,247
-6,32,17,194,217,89,40,178,206,61
-5,32,96,186,217,116,61,21,40,199
-4,32,85,22,48,21,12,120,18,217
-3,32,85,48,21,28,144,18,40,102
-2,32,86,179,40,146,21,27,195,120
-1,32,98,99,192,178,134,131,49,68
-29,33,127,189,37,97,181,96,55,92
-28,33,127,63,72,217,156,71,18,16
-27,33,127,161,103,63,5,72,250,185
-26,33,127,103,84,72,5,68,219,63
-25,33,127,189,139,198,11,102,95,68
-24,33,105,127,214,94,23,29,159,117
-23,33,63,127,156,159,18,40,105,142
-22,33,151,127,11,139,104,132,84,29
-21,33,75,97,127,37,94,49,6,189
-20,33,63,127,156,18,40,12,10,206
-19,33,103,5,127,59,18,133,12,63
-18,33,237,68,103,59,12,84,11,127
-17,33,139,11,142,127,56,104,250,36
-16,33,117,214,23,142,94,127,10,173
-15,33,201,117,179,142,156,10,127,40
-14,33,68,234,104,132,142,10,127,162
-13,33,214,23,94,127,217,12,29,10
-12,33,103,54,5,250,127,181,40,161
-11,33,68,103,127,54,5,133,250,181
-10,33,234,95,56,162,127,11,181,104
-9,33,41,190,127,232,72,40,122,49
-8,33,127,182,232,41,28,107,244,58
-7,33,75,133,37,97,6,127,49,181
-6,33,49,23,214,94,40,127,159,122
-5,33,49,11,58,238,182,116,127,122
-4,33,56,49,139,107,143,224,162,181
-3,33,234,49,224,107,56,162,143,253
-2,33,133,36,75,97,37,104,49,6
-1,33,127,86,183,39,126,238,28,73
-29,34,63,212,9,226,109,255,51,186
-28,34,51,152,63,105,204,234,54,251
-27,34,227,109,152,11,249,102,51,29
-26,34,11,18,227,152,155,102,48,204
-25,34,48,240,51,72,44,238,195,149
-24,34,51,187,149,12,58,61,54,170
-23,34,152,149,54,155,51,213,58,202
-22,34,48,240,44,28,238,51,56,72
-21,34,212,187,255,51,19,54,235,225
-20,34,152,54,188,235,102,213,155,225
-19,34,227,152,5,11,235,225,188,213
-18,34,18,225,48,152,11,235,102,72
-17,34,48,44,240,28,72,195,238,153
-16,34,153,58,187,54,47,28,114,19
-15,34,153,49,217,47,58,28,114,202
-14,34,48,44,94,28,240,238,103,72
-13,34,58,188,12,54,149,187,51,102
-12,34,227,109,143,102,11,5,188,18
-11,34,11,18,143,102,227,202,222,8
-10,34,72,44,240,102,51,222,238,20
-9,34,88,97,161,21,51,102,34,62
-8,34,51,97,161,205,9,252,21,56
-7,34,212,255,5,51,90,238,21,222
-6,34,177,187,19,54,21,102,51,188
-5,34,180,205,101,196,102,202,95,19
-4,34,175,195,48,143,64,28,220,240
-3,34,240,175,64,95,220,72,48,195
-2,34,44,238,212,255,28,5,90,173
-1,34,51,84,96,207,252,228,26,1
-29,35,44,43,97,22,129,49,135,121
-28,35,112,129,135,203,84,22,210,225
-27,35,44,223,3,10,83,60,22,229
-26,35,114,223,3,10,92,250,229,97
-25,35,185,148,190,61,223,92,10,250
-24,35,60,206,10,223,22,80,83,145
-23,35,60,206,10,80,83,184,223,3
-22,35,114,218,148,60,190,223,61,10
-21,35,49,63,3,223,10,60,61,214
-20,35,63,214,3,60,223,184,73,40
-19,35,184,63,223,214,3,10,60,73
-18,35,117,63,191,184,223,3,10,255
-17,35,184,71,185,255,148,190,191,74
-16,35,71,7,255,184,152,159,0,231
-15,35,71,224,255,152,7,159,184,0
-14,35,255,190,148,184,71,74,117,63
-13,35,196,60,184,255,131,3,40,161
-12,35,214,184,3,35,196,255,136,244
-11,35,3,35,214,244,66,111,184,229
-10,35,61,196,185,191,3,148,35,190
-9,35,61,3,218,212,35,184,92,60
-8,35,218,61,132,22,223,20,3,108
-7,35,49,136,61,145,212,18,3,106
-6,35,61,214,145,184,3,63,49,60
-5,35,145,61,184,153,255,63,3,218
-4,35,2,61,85,185,94,184,5,136
-3,35,2,85,94,61,5,185,3,20
-2,35,148,190,49,74,61,97,3,63
-1,35,203,102,57,29,181,179,245,137
-29,36,73,45,234,0,212,35,147,136
-28,36,73,212,239,24,214,251,186,255
-27,36,55,251,48,14,193,73,214,194
-26,36,48,214,73,196,242,193,194,198
-25,36,142,125,39,227,14,242,202,26
-24,36,253,0,193,63,73,8,66,242
-23,36,193,239,24,251,196,198,139,244
-22,36,211,142,227,39,202,115,248,193
-21,36,0,193,234,8,244,66,73,58
-20,36,193,239,24,251,244,139,117,58
-19,36,193,48,251,239,24,244,40,139
-18,36,193,44,37,244,48,139,79,142
-17,36,147,227,142,115,39,211,244,125
-16,36,25,253,0,16,210,245,7,31
-15,36,25,255,245,24,57,16,31,210
-14,36,115,39,142,227,244,147,25,7
-13,36,193,0,253,139,239,8,42,116
-12,36,48,193,203,129,239,251,139,11
-11,36,44,48,37,203,193,166,125,129
-10,36,142,115,39,193,202,203,248,227
-9,36,207,193,248,203,202,239,181,66
-8,36,246,211,202,248,152,181,120,14
-7,36,234,227,147,193,126,169,98,166
-6,36,0,193,8,253,210,98,239,167
-5,36,193,98,211,8,210,0,244,181
-4,36,67,202,246,125,37,195,152,142
-3,36,202,67,195,246,142,152,248,125
-2,36,227,115,147,39,234,225,11,193
-1,36,62,219,70,248,165,66,111,230
-29,37,72,62,219,109,193,220,145,105
-28,37,219,50,209,48,28,90,14,72
-27,37,48,162,126,196,14,28,209,97
-26,37,48,162,28,14,97,20,55,57
-25,37,48,174,27,196,78,67,143,166
-24,37,220,184,164,84,93,37,112,166
-23,37,50,14,112,227,90,209,37,97
-22,37,67,174,27,78,143,193,48,161
-21,37,84,145,220,209,57,55,227,166
-20,37,50,14,90,209,87,57,241,147
-19,37,14,87,162,57,147,55,50,45
-18,37,14,162,87,196,57,45,97,55
-17,37,78,27,193,102,221,196,175,87
-16,37,102,84,164,221,220,87,26,209
-15,37,102,50,221,14,87,54,91,158
-14,37,27,78,221,87,102,55,101,54
-13,37,87,84,220,93,209,90,164,57
-12,37,162,57,14,87,55,241,147,48
-11,37,162,14,55,126,241,57,227,36
-10,37,27,126,78,55,169,127,101,175
-9,37,84,241,209,48,143,67,57,90
-8,37,48,143,174,67,161,135,60,83
-7,37,145,241,175,193,227,55,78,209
-6,37,84,145,241,220,57,250,147,164
-5,37,84,143,31,241,87,220,57,93
-4,37,60,161,43,135,174,209,55,56
-3,37,60,43,161,135,174,126,55,227
-2,37,27,78,15,193,241,55,127,227
-1,37,182,95,65,58,123,163,48,86
-29,38,120,209,115,43,132,125,22,144
-28,38,209,146,86,79,97,84,44,33
-27,38,209,97,75,44,132,52,84,124
-26,38,209,185,97,84,52,75,126,228
-25,38,209,80,30,215,101,132,173,97
-24,38,209,95,136,59,228,22,97,101
-23,38,209,146,59,228,4,44,86,97
-22,38,209,30,80,215,9,101,44,234
-21,38,209,75,86,44,97,22,4,3
-20,38,209,146,44,86,75,97,244,4
-19,38,209,75,124,3,244,4,97,157
-18,38,209,75,3,244,97,157,33,52
-17,38,209,215,157,80,75,101,119,244
-16,38,209,136,157,4,22,244,131,72
-15,38,157,146,4,209,244,99,131,3
-14,38,209,157,88,215,80,75,173,119
-13,38,209,44,244,86,157,97,136,59
-12,38,209,97,244,250,124,79,44,157
-11,38,209,97,185,254,79,250,173,52
-10,38,209,169,80,97,173,119,250,215
-9,38,209,250,44,71,97,86,30,9
-8,38,209,30,9,101,234,44,97,201
-7,38,209,87,215,250,44,126,251,97
-6,38,250,209,44,75,97,86,22,126
-5,38,209,75,244,250,44,86,157,97
-4,38,234,201,209,30,163,87,119,44
-3,38,234,201,209,163,30,9,119,44
-2,38,215,209,251,119,250,75,139,44
-1,38,209,148,92,179,71,202,143,70
-29,39,23,108,224,241,70,16,185,68
-28,39,78,85,13,177,62,52,34,181
-27,39,224,77,181,52,78,62,251,177
-26,39,167,77,181,62,52,108,78,177
-25,39,158,239,244,92,183,44,250,72
-24,39,23,248,16,52,188,241,145,213
-23,39,181,52,85,177,13,62,188,15
-22,39,244,183,92,158,250,239,9,72
-21,39,23,241,145,16,52,62,181,254
-20,39,177,52,62,13,85,181,61,254
-19,39,52,13,177,181,62,254,61,14
-18,39,52,77,254,181,62,61,14,239
-17,39,158,244,9,183,239,14,231,91
-16,39,146,16,145,182,14,23,213,61
-15,39,85,13,177,14,182,61,52,213
-14,39,158,244,239,231,9,197,75,14
-13,39,61,145,52,23,62,16,181,36
-12,39,62,77,78,181,52,61,242,13
-11,39,77,62,44,78,52,181,242,167
-10,39,158,244,231,239,179,183,122,18
-9,39,62,92,52,145,36,72,69,181
-8,39,250,246,1,248,92,9,15,125
-7,39,158,251,72,165,36,224,127,188
-6,39,241,16,145,23,52,181,62,146
-5,39,145,52,62,9,181,241,61,146
-4,39,250,246,138,1,92,215,44,239
-3,39,246,250,1,248,92,215,239,125
-2,39,158,72,36,254,231,197,239,75
-1,39,248,2,189,38,69,159,169,148
0,0,177,47,235,115,132,158,81,187
0,1,112,250,224,11,244,233,155,172
0,2,158,100,10,93,145,109,29,179
0,3,225,37,214,25,117,199,244,133
0,4,222,154,142,15,108,102,195,160
0,5,193,158,65,205,151,43,186,127
0,6,79,138,196,153,167,157,60,232
0,7,147,36,117,35,37,76,29,116
0,8,4,164,191,107,234,239,56,222
0,9,2,95,164,239,197,8,47,191
0,10,198,169,247,234,187,91,130,125
0,11,189,108,238,3,206,128,111,106
0,12,39,74,26,63,93,65,194,160
0,13,47,43,147,134,175,154,66,15
0,14,137,52,159,50,124,51,224,160
0,15,250,87,165,81,174,63,22,162
0,16,252,170,5,233,130,80,46,43
0,17,250,20,64,35,87,115,17,119
0,18,57,197,192,13,2,134,126,179
0,19,42,26,109,20,116,111,177,36
0,20,191,80,190,19,56,115,222,234
0,21,47,2,44,164,95,197,29,102
0,22,198,169,187,124,234,91,122,65
0,23,206,128,189,108,3,136,106,86
0,24,74,242,93,102,26,63,1,79
0,25,47,134,182,147,130,175,43,234
0,26,137,160,148,103,50,32,159,124
0,27,165,87,58,229,183,62,162,147
0,28,229,130,233,225,43,252,210,80
0,29,248,87,0,22,201,64,20,124
0,30,134,163,43,197,111,13,3,15
0,31,20,36,116,75,109,26,162,215
0,32,112,119,134,90,160,252,2,106
0,33,127,93,92,43,52,116,220,183
0,34,26,85,1,51,225,63,171,92
0,35,57,42,72,145,203,22,102,63
0,36,14,120,20,70,75,66,83,171
0,37,182,190,104,72,39,184,152,61
0,38,209,103,151,27,75,148,249,95
0,39,162,154,38,190,110,217,249,46
1,0,77,37,173,184,138,238,26,43
1,1,112,214,172,250,147,224,129,19
1,2,49,219,217,158,29,11,60,153
1,3,224,6,61,87,69,159,94,26
1,4,233,192,200,27,195,163,108,154
1,5,65,110,71,188,158,86,127,43
1,6,143,138,133,169,203,22,60,254
1,7,35,208,125,184,229,65,183,245
1,8,141,224,29,191,98,72,222,173
1,9,20,2,255,8,36,121,243,18
1,10,243,157,65,185,247,125,198,188
1,11,89,150,128,206,108,160,204,47
1,12,145,221,60,220,209,1,0,39
1,13,89,182,202,66,44,243,134,78
1,14,103,189,137,28,88,125,32,51
1,15,229,185,165,58,244,242,148,46
1,16,163,60,38,28,252,75,35,229
1,17,248,208,64,87,22,5,198,167
1,18,134,213,43,2,203,197,254,217
1,19,121,36,195,167,20,56,201,41
1,20,175,224,141,173,99,116,223,50
1,21,18,170,2,200,122,95,155,121
1,22,243,65,48,185,125,176,35,247
1,23,150,239,128,160,206,143,16,13
1,24,145,60,0,221,53,235,85,209
1,25,243,182,185,202,89,149,44,212
1,26,103,88,28,137,229,12,189,41
1,27,229,185,242,165,46,87,183,228
1,28,163,229,75,205,92,57,60,28
1,29,22,248,46,87,241,208,167,247
1,30,134,126,43,201,15,203,89,213
1,31,36,121,26,20,201,167,154,172
1,32,112,250,53,2,136,95,43,90
1,33,127,52,164,92,9,219,83,43
1,34,63,26,85,186,92,1,113,105
1,35,43,42,72,57,84,22,86,138
1,36,45,75,14,212,201,120,83,20
1,37,72,206,138,23,182,211,190,233
1,38,209,103,249,120,151,104,248,200
1,39,238,162,222,21,10,228,159,148
2,0,115,81,132,158,177,47,206,208
2,1,112,19,250,224,172,233,86,11
2,2,106,129,41,11,29,158,49,8
2,3,37,214,25,225,199,124,159,41
2,4,58,154,129,88,165,195,127,219
2,5,218,65,127,71,86,88,205,251
2,6,7,138,169,65,22,226,143,122
2,7,229,208,14,184,35,36,147,117
2,8,180,191,4,164,224,99,107,56
2,9,239,2,59,197,255,95,8,164
2,10,196,185,65,125,243,157,247,87
2,11,160,108,99,206,19,128,89,86
2,12,60,145,221,223,193,93,220,209
2,13,103,182,134,89,243,202,220,154
2,14,103,189,28,137,32,125,64,51
2,15,229,58,185,46,242,165,6,23
2,16,163,28,38,60,252,130,43,238
2,17,46,87,248,64,0,35,5,208
2,18,43,134,254,195,213,197,253,203
2,19,121,36,116,20,195,26,167,109
2,20,224,116,141,173,191,115,56,77
2,21,239,2,197,255,170,95,18,191
2,22,243,125,65,185,176,25,35,150
2,23,206,19,128,160,108,86,233,9
2,24,60,151,221,93,145,85,235,209
2,25,182,103,243,202,134,185,89,220
2,26,103,88,105,226,28,137,189,149
2,27,242,185,165,58,87,46,229,31
2,28,17,61,229,60,238,40,163,35
2,29,46,0,87,111,198,248,37,22
2,30,134,43,163,15,89,254,85,253
2,31,121,57,20,116,36,26,154,166
2,32,112,119,90,53,252,181,95,160
2,33,43,92,52,210,127,93,164,129
2,34,26,85,92,132,133,1,82,51
2,35,72,42,84,57,18,119,204,160
2,36,45,20,222,73,83,221,192,56
2,37,72,182,39,138,88,69,233,206
2,38,120,249,151,103,209,109,200,193
2,39,162,238,107,170,21,211,222,221
3,0,238,43,30,173,200,95,140,112
3,1,19,112,86,224,147,129,250,172
3,2,49,11,219,60,106,153,217,188
3,3,38,159,94,69,25,99,163,6
3,4,88,154,192,195,58,108,129,235
3,5,158,86,65,110,205,127,88,218
3,6,138,143,226,169,22,68,60,203
3,7,35,14,125,229,208,203,36,117
3,8,191,99,224,77,180,173,20,72
3,9,2,59,255,20,36,243,170,197
3,10,65,243,185,125,196,247,27,157
3,11,160,206,108,128,89,150,106,47
3,12,223,145,221,220,199,60,128,74
3,13,134,182,202,66,89,243,175,154
3,14,137,189,103,28,51,32,64,125
3,15,165,229,87,185,242,58,4,46
3,16,60,163,229,252,43,28,9,75
3,17,87,0,64,248,35,5,15,20
3,18,134,197,163,43,13,254,204,2
3,19,20,167,116,109,121,36,195,215
3,20,116,56,239,115,224,77,19,4
3,21,2,197,191,255,170,164,203,239
3,22,125,243,65,176,36,150,185,196
3,23,206,9,128,160,108,86,74,47
3,24,151,221,93,220,145,60,74,107
3,25,182,134,154,202,32,66,147,243
3,26,103,137,159,32,51,10,105,88
3,27,87,165,58,172,242,185,181,162
3,28,229,43,233,80,150,111,9,252
3,29,0,87,124,248,16,201,64,250
3,30,134,163,197,43,226,13,195,15
3,31,20,116,109,75,205,167,26,154
3,32,90,252,119,112,134,192,2,53
3,33,92,43,83,93,127,210,52,16
3,34,26,1,85,186,86,132,92,133
3,35,42,57,72,84,160,145,204,108
3,36,83,120,20,70,221,14,73,45
3,37,72,182,190,138,104,88,29,65
3,38,209,151,75,148,103,249,223,102
3,39,238,228,46,38,243,35,87,217
4,0,200,140,81,115,158,208,132,206
4,1,233,182,19,82,211,250,155,11
4,2,172,106,217,49,95,119,41,153
4,3,199,214,233,117,25,236,37,41
4,4,154,58,192,195,102,30,142,129
4,5,158,65,43,205,88,127,110,165
4,6,138,79,22,65,143,196,60,254
4,7,117,35,147,36,229,14,23,64
4,8,77,239,56,180,4,191,164,88
4,9,2,203,36,239,197,191,8,59
4,10,243,65,196,157,91,247,185,187
4,11,108,106,128,206,160,107,42,62
4,12,220,93,145,221,223,39,74,53
4,13,134,182,138,154,175,160,66,202
4,14,52,137,51,32,64,159,148,167
4,15,165,87,162,148,242,58,22,250
4,16,233,252,229,170,43,28,80,46
4,17,64,0,87,5,201,35,20,115
4,18,197,204,13,134,43,87,163,177
4,19,20,109,215,116,167,111,26,39
4,20,239,115,186,190,222,56,116,19
4,21,2,203,197,191,13,47,200,156
4,22,243,125,150,91,157,176,198,65
4,23,128,206,106,107,9,39,108,189
4,24,220,93,107,221,53,151,74,1
4,25,182,134,202,48,138,175,154,112
4,26,37,137,159,32,61,103,51,178
4,27,87,165,22,172,21,58,181,162
4,28,229,43,233,46,111,80,9,200
4,29,201,0,87,5,16,248,250,32
4,30,163,134,197,43,21,170,15,111
4,31,116,20,66,39,106,109,40,215
4,32,119,106,90,134,13,2,191,88
4,33,93,92,29,220,83,116,165,183
4,34,225,82,85,26,1,171,86,114
4,35,145,22,63,57,59,42,34,0
4,36,120,14,70,83,168,145,193,66
4,37,182,190,104,184,31,37,83,58
4,38,27,75,151,213,71,148,95,5
4,39,69,110,15,254,38,12,243,154
5,0,43,106,66,238,99,236,147,191
5,1,19,86,242,112,224,211,128,124
5,2,49,133,11,60,217,188,219,255
5,3,44,19,214,202,234,246,206,172
5,4,30,88,154,80,149,192,160,27
5,5,158,44,60,24,88,110,211,205
5,6,69,68,138,65,183,208,143,158
5,7,37,35,1,207,90,71,6,10
5,8,222,190,56,84,4,186,253,180
5,9,156,237,234,128,192,47,105,13
5,10,91,157,196,73,243,142,194,171
5,11,10,107,27,154,108,160,106,69
5,12,1,145,220,107,194,121,155,65
5,13,182,30,138,18,226,224,70,175
5,14,37,61,178,159,51,24,186,32
5,15,22,87,250,165,154,101,219,239
5,16,46,233,205,66,161,252,28,249
5,17,201,17,56,248,18,130,211,20
5,18,113,15,9,211,25,122,158,174
5,19,151,106,107,66,40,26,215,164
5,20,222,190,186,202,115,239,19,84
5,21,156,128,192,252,234,237,2,43
5,22,73,91,143,243,92,157,35,150
5,23,29,107,254,9,188,115,200,94
5,24,145,107,18,140,194,121,1,219
5,25,182,244,30,18,202,48,226,118
5,26,178,37,159,61,103,186,137,225
5,27,87,22,101,11,188,219,84,242
5,28,200,46,9,205,233,40,111,229
5,29,32,201,211,130,56,10,18,23
5,30,122,25,87,9,127,158,223,165
5,31,106,215,164,66,40,155,16,121
5,32,191,8,106,88,2,217,134,13
5,33,161,29,92,116,220,5,165,12
5,34,61,114,6,109,227,93,9,149
5,35,22,34,30,206,60,159,145,115
5,36,136,63,29,31,14,235,59,120
5,37,184,219,37,36,205,190,109,83
5,38,241,95,31,213,67,112,59,228
5,39,15,129,115,224,189,213,2,146
6,0,254,120,191,244,163,16,45,81
6,1,143,255,167,153,21,215,182,3
6,2,129,42,187,223,5,135,237,133
6,3,163,36,108,234,44,159,224,63
6,4,30,206,198,233,117,80,178,146
6,5,24,158,64,149,89,113,60,44
6,6,250,254,69,223,21,71,162,195
6,7,37,245,130,120,83,35,71,38
6,8,202,222,19,232,207,186,164,248
6,9,252,8,117,192,234,43,128,35
6,10,73,92,42,91,20,201,143,25
6,11,254,154,135,94,106,200,7,10
6,12,18,107,121,73,84,140,65,89
6,13,244,118,30,122,239,224,70,18
6,14,178,186,37,61,219,225,66,60
6,15,22,101,188,219,95,239,84,87
6,16,233,161,200,46,40,90,167,60
6,17,10,130,56,201,32,23,214,17
6,18,25,9,28,87,127,211,116,21
6,19,106,118,175,40,107,215,144,132
6,20,222,202,186,190,115,13,72,19
6,21,192,252,128,234,13,117,24,197
6,22,73,92,20,42,91,143,201,35
6,23,254,154,71,135,9,106,94,107
6,24,18,140,107,84,65,1,121,50
6,25,244,118,18,30,48,202,182,124
6,26,178,37,61,103,225,186,89,159
6,27,87,95,22,84,188,88,165,21
6,28,200,233,9,46,114,167,90,111
6,29,10,201,32,214,16,248,205,160
6,30,127,134,197,81,21,116,87,209
6,31,99,164,39,118,66,215,121,40
6,32,209,191,28,106,134,78,13,8
6,33,225,29,92,116,197,52,151,4
6,34,6,163,120,86,171,191,61,99
6,35,9,22,145,20,34,57,181,97
6,36,120,14,29,136,134,39,31,63
6,37,190,137,184,109,226,65,101,175
6,38,242,18,195,115,95,196,24,75
6,39,75,219,129,132,115,134,235,15
7,0,142,97,166,113,205,123,210,10
7,1,239,111,0,117,118,34,249,62
7,2,217,133,40,31,164,25,175,111
7,3,211,37,48,234,31,59,42,46
7,4,30,161,222,198,251,154,195,17
7,5,158,24,44,149,88,211,218,46
7,6,69,250,59,8,65,142,187,128
7,7,37,23,91,10,1,90,64,71
7,8,222,56,84,207,109,186,190,88
7,9,39,13,203,29,47,237,105,59
7,10,91,73,196,157,92,72,42,39
7,11,107,154,10,106,42,254,174,128
7,12,220,205,194,121,65,107,18,84
7,13,18,138,30,134,48,175,226,122
7,14,37,61,178,51,159,32,52,60
7,15,22,87,165,88,250,239,213,162
7,16,233,46,167,161,249,229,90,43
7,17,17,201,56,5,87,205,50,250
7,18,197,21,211,28,113,135,251,12
7,19,40,109,20,107,111,106,39,167
7,20,186,222,190,239,207,115,13,184
7,21,203,13,105,2,24,39,156,47
7,22,91,35,143,243,73,157,72,198
7,23,107,128,147,42,106,250,154,3
7,24,220,46,194,65,107,219,1,84
7,25,18,48,30,182,134,249,202,175
7,26,37,61,178,32,137,172,159,175
7,27,22,165,87,88,84,21,172,239
7,28,167,46,9,43,233,136,229,249
7,29,201,16,50,87,23,5,231,0
7,30,21,81,197,211,70,28,135,165
7,31,39,40,164,251,109,20,66,181
7,32,106,134,90,191,192,91,131,119
7,33,183,116,92,238,126,190,38,83
7,34,86,171,207,180,88,26,235,225
7,35,145,22,57,20,153,63,40,42
7,36,120,14,207,70,181,211,202,193
7,37,190,65,145,143,31,182,83,72
7,38,75,213,209,148,71,18,92,101
7,39,15,243,2,46,254,228,69,134
8,0,81,115,158,132,208,235,177,61
8,1,182,211,233,239,155,117,11,152
8,2,217,87,133,198,64,121,123,167
8,3,214,236,37,199,82,230,117,234
8,4,154,142,30,102,95,222,129,54
8,5,158,88,44,65,110,43,205,193
8,6,69,138,65,250,79,22,196,15
8,7,117,23,37,90,64,147,10,35
8,8,239,180,84,77,116,56,4,190
8,9,2,239,191,8,13,203,197,148
8,10,91,125,157,65,247,243,185,198
8,11,108,206,128,107,106,160,189,62
8,12,93,220,145,1,74,223,128,221
8,13,134,154,182,138,175,220,224,160
8,14,137,52,32,51,167,159,61,37
8,15,87,165,162,250,58,22,148,172
8,16,233,252,43,170,229,28,205,60
8,17,87,0,250,5,201,17,20,64
8,18,197,163,13,134,161,170,43,87
8,19,20,109,116,215,167,205,39,160
8,20,239,186,116,115,4,190,56,19
8,21,191,197,2,203,13,239,164,47
8,22,125,243,150,176,198,169,35,91
8,23,128,206,107,106,189,86,42,9
8,24,220,93,151,107,74,53,221,54
8,25,134,182,48,154,147,175,70,138
8,26,32,137,51,159,61,10,37,103
8,27,87,165,181,162,22,58,172,31
8,28,43,233,46,80,167,9,229,61
8,29,0,87,250,16,201,5,50,198
8,30,163,21,197,170,179,81,70,211
8,31,116,39,109,20,205,251,40,164
8,32,119,134,106,90,192,131,91,191
8,33,93,183,116,238,92,129,38,49
8,34,82,86,207,171,85,180,26,235
8,35,57,145,22,20,42,153,63,72
8,36,120,14,70,181,211,83,202,193
8,37,190,104,31,182,145,143,58,87
8,38,27,148,71,75,213,92,3,101
8,39,69,110,243,38,12,15,254,217
9,0,57,238,110,127,56,43,147,120
9,1,242,112,19,211,117,86,224,249
9,2,217,133,33,49,11,255,188,60
9,3,70,19,171,214,191,172,220,119
9,4,154,88,74,30,54,80,122,254
9,5,158,144,24,44,88,169,110,248
9,6,69,65,183,250,208,68,142,42
9,7,37,1,10,90,7,71,101,239
9,8,207,222,186,56,84,248,164,239
9,9,148,217,13,105,197,156,47,237
9,10,91,73,24,72,114,143,92,171
9,11,210,147,27,107,154,106,239,66
9,12,121,84,107,18,57,65,194,53
9,13,18,30,48,118,124,41,133,175
9,14,156,178,37,235,61,60,75,186
9,15,22,87,71,203,239,219,88,101
9,16,167,233,46,161,90,0,249,73
9,17,56,23,50,17,205,231,130,201
9,18,28,21,165,12,251,87,211,135
9,19,40,175,111,106,253,39,181,107
9,20,207,186,222,184,13,115,183,190
9,21,148,105,24,4,13,89,231,156
9,22,143,85,24,35,114,72,91,246
9,23,107,147,27,210,250,208,154,212
9,24,65,132,84,181,57,155,219,46
9,25,18,48,30,249,175,124,22,181
9,26,37,61,156,178,172,60,186,175
9,27,22,203,71,88,239,250,84,87
9,28,167,46,161,249,136,90,233,211
9,29,50,214,23,231,17,201,16,205
9,30,21,81,159,28,135,211,189,165
9,31,91,39,251,181,40,107,175,66
9,32,106,221,201,192,91,61,212,48
9,33,96,58,116,151,121,38,107,28
9,34,226,171,208,56,95,175,235,32
9,35,22,85,99,20,218,236,63,92
9,36,1,117,195,14,211,202,246,152
9,37,67,143,56,161,174,83,45,60
9,38,101,195,201,9,213,234,50,30
9,39,246,1,15,215,37,250,92,183
10,0,250,84,102,228,14,186,239,210
10,1,72,211,128,65,255,29,117,118
10,2,133,217,33,49,87,230,80,240
10,3,177,19,202,214,44,199,30,70
10,4,154,98,112,30,88,122,192,74
10,5,169,144,44,11,27,158,248,18
10,6,69,142,172,166,73,250,42,183
10,7,37,1,101,7,90,71,10,252
10,8,122,186,207,164,4,84,159,190
10,9,128,217,156,105,4,98,237,97
10,10,91,114,72,171,168,143,194,222
10,11,27,147,107,247,66,239,250,114
10,12,155,65,46,132,43,169,181,145
10,13,18,48,70,177,30,254,224,133
10,14,37,61,178,172,218,75,156,186
10,15,22,88,154,239,129,87,203,250
10,16,46,205,249,233,136,28,60,90
10,17,56,17,50,201,205,248,71,23
10,18,113,165,211,200,12,177,21,28
10,19,40,107,39,111,178,66,106,164
10,20,222,186,190,184,159,4,13,115
10,21,156,105,217,128,4,234,24,237
10,22,114,72,91,143,62,35,85,171
10,23,27,107,66,208,200,147,247,255
10,24,46,65,132,57,155,194,68,121
10,25,18,48,30,249,133,122,36,181
10,26,37,172,178,61,186,156,89,206
10,27,22,239,88,71,21,113,219,154
10,28,46,167,205,90,55,249,136,211
10,29,23,201,16,206,231,56,7,93
10,30,165,81,28,135,70,177,103,12
10,31,39,111,91,40,41,107,164,66
10,32,106,96,201,61,217,185,21,186
10,33,58,6,116,151,97,11,238,54
10,34,9,180,95,212,32,171,196,255
10,35,22,153,145,92,20,63,3,61
10,36,14,117,193,0,234,8,196,202
10,37,84,220,83,87,97,126,48,241
10,38,75,250,44,97,126,3,39,213
10,39,241,9,23,146,15,68,10,254
11,0,157,212,57,218,250,110,33,59
11,1,79,222,206,203,157,117,63,242
11,2,84,120,117,173,33,238,101,108
11,3,48,85,202,42,214,105,90,177
11,4,254,172,74,17,138,122,215,27
11,5,178,31,158,44,250,18,169,144
11,6,69,147,42,142,107,73,166,208
11,7,37,1,90,71,35,7,208,101
11,8,157,120,186,207,190,65,253,222
11,9,217,96,200,72,105,121,47,54
11,10,68,46,91,228,243,72,123,187
11,11,64,42,93,10,239,12,204,160
11,12,68,91,46,57,77,79,65,132
11,13,164,161,114,18,44,255,234,139
11,14,156,14,232,52,218,129,159,174
11,15,22,209,71,87,135,239,118,72
11,16,233,167,74,30,243,140,8,170
11,17,231,147,174,71,115,255,240,36
11,18,70,87,206,21,165,190,231,13
11,19,215,251,216,40,160,111,225,71
11,20,248,215,207,183,13,186,46,115
11,21,4,13,52,128,24,133,89,242
11,22,15,160,143,85,128,181,68,97
11,23,80,212,111,131,107,113,106,240
11,24,107,57,46,221,220,227,172,181
11,25,249,48,122,18,13,164,41,193
11,26,174,232,79,152,225,14,172,22
11,27,209,22,118,87,7,43,203,234
11,28,222,233,140,167,30,21,74,8
11,29,150,231,104,240,26,23,3,206
11,30,70,165,158,159,87,28,231,253
11,31,225,40,251,38,66,148,111,154
11,32,224,42,197,106,61,21,217,142
11,33,18,121,156,116,206,40,224,38
11,34,217,49,196,175,225,95,213,102
11,35,22,92,85,63,2,210,94,3
11,36,255,24,14,196,251,193,67,239
11,37,48,50,14,97,83,28,87,43
11,38,75,124,97,146,44,3,126,39
11,39,177,13,78,15,85,254,52,62
12,0,134,175,70,55,31,177,231,36
12,1,85,105,122,42,101,22,245,33
12,2,3,117,84,77,33,120,234,133
12,3,44,167,81,36,90,202,42,220
12,4,44,30,51,74,192,154,160,218
12,5,158,178,165,144,49,117,202,60
12,6,69,126,79,177,42,147,59,191
12,7,37,245,38,35,71,1,208,32
12,8,222,207,84,186,109,220,190,56
12,9,47,105,237,128,234,197,54,231
12,10,242,91,228,81,187,234,85,246
12,11,10,93,147,3,218,107,250,164
12,12,68,208,194,219,65,205,107,186
12,13,30,13,19,18,181,113,70,226
12,14,37,61,159,175,178,156,218,186
12,15,22,250,71,239,21,84,129,109
12,16,46,233,80,253,190,66,8,249
12,17,201,17,104,56,230,213,23,214
12,18,135,90,21,177,87,251,113,25
12,19,66,253,40,225,107,111,39,31
12,20,222,190,186,207,115,13,19,86
12,21,105,237,54,234,24,200,14,128
12,22,91,228,242,85,143,187,72,81
12,23,93,10,147,212,107,255,3,85
12,24,65,219,68,132,11,181,194,155
12,25,18,48,30,230,19,124,137,226
12,26,37,203,61,172,178,175,213,191
12,27,22,21,239,71,154,118,250,49
12,28,46,186,211,190,167,21,249,90
12,29,201,104,206,23,173,214,228,7
12,30,165,135,73,70,28,190,90,103
12,31,40,111,225,66,41,71,107,91
12,32,246,21,106,109,48,201,61,91
12,33,189,107,198,139,95,116,248,224
12,34,175,95,240,48,64,72,28,171
12,35,85,94,2,185,20,22,61,236
12,36,202,246,195,152,67,117,142,79
12,37,174,161,60,83,43,48,67,126
12,38,201,9,30,234,101,44,163,126
12,39,246,1,138,250,92,15,215,141
13,0,186,234,188,144,242,92,111,155
13,1,43,198,107,232,255,117,105,29
13,2,23,110,84,150,86,117,230,92
13,3,155,202,116,66,44,177,188,148
13,4,71,12,30,94,192,60,112,172
13,5,178,158,169,2,194,165,18,66
13,6,235,69,147,172,73,142,107,84
13,7,37,1,169,181,220,239,7,243
13,8,190,65,201,159,222,122,103,164
13,9,96,128,5,105,231,14,237,121
13,10,91,7,218,114,46,9,171,72
13,11,114,153,10,116,66,210,200,255
13,12,206,46,132,65,136,57,95,94
13,13,18,48,70,38,224,254,226,30
13,14,37,218,219,119,42,61,233,172
13,15,22,154,20,129,239,100,113,250
13,16,46,233,21,90,180,249,147,77
13,17,206,197,71,56,247,50,106,17
13,18,165,113,38,242,70,12,9,211
13,19,91,40,151,71,111,178,106,238
13,20,222,186,190,65,201,159,184,68
13,21,4,96,105,192,14,24,234,128
13,22,143,114,0,91,218,72,85,7
13,23,66,200,208,114,153,102,255,212
13,24,46,206,57,65,68,95,181,121
13,25,18,48,249,30,132,38,70,36
13,26,37,172,156,178,186,206,61,218
13,27,22,225,239,113,209,154,71,248
13,28,21,46,186,233,167,140,222,90
13,29,23,206,231,56,49,240,50,218
13,30,165,28,70,69,12,103,9,87
13,31,111,40,91,107,71,251,106,102
13,32,195,61,21,146,106,86,217,91
13,33,6,97,36,37,217,116,189,224
13,34,90,95,212,28,255,188,171,137
13,35,20,196,22,99,61,236,145,49
13,36,202,117,211,234,193,0,14,147
13,37,83,220,193,84,174,143,209,45
13,38,44,126,101,39,213,75,250,23
13,39,23,15,241,224,252,68,170,235
14,0,110,57,165,127,146,157,59,71
14,1,40,96,234,183,209,166,63,67
14,2,94,84,101,120,178,224,33,173
14,3,70,148,202,20,42,105,50,122
14,4,138,71,60,37,156,12,164,2
14,5,24,144,158,19,178,66,194,250
14,6,84,147,136,174,142,235,172,59
14,7,37,243,1,133,169,146,7,239
14,8,222,65,190,186,120,184,84,122
14,9,148,105,4,237,14,234,231,128
14,10,73,92,91,85,7,143,42,171
14,11,210,154,250,147,10,255,254,84
14,12,121,84,57,65,205,147,46,132
14,13,18,30,48,124,122,133,239,118
14,14,37,178,156,186,172,61,218,235
14,15,22,239,203,219,71,101,209,84
14,16,167,161,46,90,233,249,6,253
14,17,23,56,50,130,231,17,83,191
14,18,165,28,9,12,21,25,251,113
14,19,40,175,106,111,107,253,102,91
14,20,222,186,184,202,13,201,124,190
14,21,148,192,105,4,234,128,24,113
14,22,73,143,92,85,91,42,31,100
14,23,154,210,147,112,250,208,34,254
14,24,84,121,57,107,65,18,46,36
14,25,18,48,30,122,249,36,156,181
14,26,178,37,156,172,186,235,61,218
14,27,22,203,209,49,239,113,71,17
14,28,21,167,161,46,176,249,211,40
14,29,23,231,214,206,56,50,191,240
14,30,165,28,70,103,206,12,87,190
14,31,91,40,111,251,107,175,102,41
14,32,61,21,106,221,201,217,102,100
14,33,96,151,168,6,116,36,58,224
14,34,95,28,90,56,81,208,171,235
14,35,99,20,22,39,218,61,236,196
14,36,211,49,117,202,193,227,147,39
14,37,193,15,83,67,143,174,87,161
14,38,101,44,234,9,30,126,39,213
14,39,72,15,244,92,250,183,36,252
15,0,157,233,84,223,86,2,137,46
15,1,111,65,13,117,40,96,234,245
15,2,212,94,120,15,84,107,178,252
15,3,44,66,247,14,241,177,195,148
15,4,180,30,37,60,188,231,74,58
15,5,19,144,27,3,158,250,168,253
15,6,172,136,147,142,84,69,114,245
15,7,37,1,7,169,10,239,133,95
15,8,190,222,84,186,10,164,44,3
15,9,128,4,105,234,200,237,121,97
15,10,91,114,95,143,72,85,46,171
15,11,250,84,147,209,103,210,200,10
15,12,46,121,65,132,205,194,57,18
15,13,18,30,48,254,70,224,199,133
15,14,37,178,61,186,172,156,218,175
15,15,22,239,84,129,154,88,219,113
15,16,46,193,233,249,167,80,90,205
15,17,247,56,17,78,23,201,71,50
15,18,165,113,50,151,9,12,38,200
15,19,40,91,106,41,111,107,253,175
15,20,186,222,190,115,207,13,31,201
15,21,105,156,192,234,4,200,128,24
15,22,91,216,143,72,85,35,114,191
15,23,116,107,208,193,200,147,250,212
15,24,128,65,46,205,121,3,57,68
15,25,18,30,48,97,249,154,70,202
15,26,37,172,178,32,61,156,186,218
15,27,22,225,88,71,113,84,154,87
15,28,46,167,193,233,9,90,0,249
15,29,49,23,88,78,61,231,173,16
15,30,165,50,162,81,28,70,12,73
15,31,39,111,40,175,41,107,38,252
15,32,106,75,179,125,61,21,86,131
15,33,161,104,116,6,5,132,198,162
15,34,28,44,227,238,205,249,171,177
15,35,148,190,20,61,74,145,161,236
15,36,39,202,115,227,211,147,193,126
15,37,126,27,143,193,190,83,78,15
15,38,44,75,169,215,126,250,157,101
15,39,158,231,75,179,15,175,27,72
16,0,22,51,153,49,85,170,18,227
16,1,223,13,206,227,158,111,169,136
16,2,75,16,235,227,26,229,0,65
16,3,98,97,31,160,238,27,135,76
16,4,167,14,65,30,85,27,61,251
16,5,67,158,235,66,161,191,44,3
16,6,167,136,172,147,245,69,107,142
16,7,44,37,1,10,19,90,240,239
16,8,33,164,190,122,212,57,186,86
16,9,132,94,13,98,96,237,97,156
16,10,248,114,91,171,216,191,214,72
16,11,20,36,147,200,107,193,255,38
16,12,246,132,22,181,154,65,128,121
16,13,18,33,142,254,29,48,70,224
16,14,37,147,218,61,75,156,172,178
16,15,22,113,132,239,225,154,240,141
16,16,46,156,140,90,147,167,222,233
16,17,110,56,23,206,50,231,11,165
16,18,112,165,12,113,128,9,103,70
16,19,40,111,91,120,107,175,39,71
16,20,33,222,186,184,201,248,88,13
16,21,4,132,105,128,192,24,5,234
16,22,143,91,114,85,248,72,171,95
16,23,20,36,200,208,101,113,255,212
16,24,46,132,57,121,65,181,95,206
16,25,18,249,48,142,33,30,36,199
16,26,156,37,172,206,186,75,147,178
16,27,22,113,71,209,239,49,225,192
16,28,21,156,46,167,186,222,99,249
16,29,110,23,231,206,50,56,240,92
16,30,112,165,103,70,128,12,28,190
16,31,91,111,120,40,107,251,102,175
16,32,238,113,61,21,106,158,40,91
16,33,73,41,232,58,224,116,151,122
16,34,34,97,161,28,95,56,235,171
16,35,20,99,61,39,22,218,236,161
16,36,202,193,49,181,211,117,152,147
16,37,193,15,67,174,83,143,161,60
16,38,44,234,30,9,126,213,250,101
16,39,72,92,15,183,250,36,244,138
17,0,157,233,165,85,49,110,228,93
17,1,203,189,98,242,173,117,135,79
17,2,76,16,108,10,61,133,121,117
17,3,236,214,148,42,171,55,117,228
17,4,122,119,133,254,172,98,242,67
17,5,18,114,194,250,158,169,27,44
17,6,19,107,147,73,142,69,172,42
17,7,37,44,101,1,10,7,56,176
17,8,159,33,122,216,103,184,164,57
17,9,217,132,121,105,156,145,4,128
17,10,62,161,114,91,253,171,72,84
17,11,238,66,20,247,36,49,147,40
17,12,132,43,65,212,115,46,136,181
17,13,18,142,48,33,254,70,30,249
17,14,37,218,147,172,75,61,42,156
17,15,22,120,239,129,225,88,113,20
17,16,140,46,156,88,90,167,233,100
17,17,23,56,110,50,231,83,205,34
17,18,165,112,12,28,9,206,200,1
17,19,40,111,175,107,39,106,253,71
17,20,222,186,184,248,13,201,33,183
17,21,217,105,4,24,192,128,89,253
17,22,62,143,91,161,114,85,72,31
17,23,238,42,66,101,250,27,255,200
17,24,132,46,65,57,121,206,107,219
17,25,18,249,48,142,30,122,199,36
17,26,172,156,37,178,186,206,220,61
17,27,22,49,209,71,113,239,120,154
17,28,46,167,21,222,90,99,211,55
17,29,23,231,206,50,240,110,56,7
17,30,165,112,70,103,81,12,28,9
17,31,40,111,91,107,225,39,251,175
17,32,96,61,106,186,21,201,217,42
17,33,58,116,11,232,238,151,122,12
17,34,180,196,225,235,95,34,188,9
17,35,63,145,153,20,92,71,161,73
17,36,193,181,0,117,8,11,244,42
17,37,84,220,31,221,87,83,97,190
17,38,75,44,250,157,244,213,3,39
17,39,241,254,9,146,145,68,15,52
18,0,181,82,107,251,68,83,39,99
18,1,203,85,117,122,92,243,79,137
18,2,117,89,165,243,28,108,141,251
18,3,227,85,105,169,131,214,53,134
18,4,254,17,172,74,30,133,122,255
18,5,174,18,158,159,250,147,68,32
18,6,107,69,19,147,149,42,239,108
18,7,37,1,220,7,90,239,146,79
18,8,68,207,222,186,184,201,248,65
18,9,4,217,121,105,96,24,5,145
18,10,68,228,246,31,161,171,72,114
18,11,64,250,238,208,200,207,109,66
18,12,132,46,57,65,206,246,115,155
18,13,18,164,249,230,48,142,254,199
18,14,172,37,218,156,232,42,178,61
18,15,22,239,209,120,225,129,154,9
18,16,167,140,90,46,222,233,21,204
18,17,26,23,206,231,50,56,240,83
18,18,165,70,28,12,231,55,1,9
18,19,40,237,111,71,175,132,106,253
18,20,248,222,183,186,65,184,68,201
18,21,4,217,105,52,128,24,234,236
18,22,228,68,31,85,128,143,170,97
18,23,64,250,131,208,212,101,200,109
18,24,46,132,57,36,107,65,121,206
18,25,249,18,164,48,122,36,30,199
18,26,172,156,238,37,220,174,206,152
18,27,22,209,17,118,49,7,219,113
18,28,222,21,140,186,167,8,30,46
18,29,26,240,23,231,206,173,180,50
18,30,165,70,55,231,238,87,12,157
18,31,40,237,216,111,71,251,38,107
18,32,224,42,61,176,171,217,197,101
18,33,179,201,156,217,12,10,142,40
18,34,49,217,196,225,28,235,188,70
18,35,63,210,224,214,73,131,92,161
18,36,255,24,193,42,57,239,244,139
18,37,50,14,87,83,221,57,97,147
18,38,146,75,44,244,3,4,250,157
18,39,254,177,85,13,62,61,52,181
19,0,24,109,65,55,222,76,175,151
19,1,226,236,85,22,50,32,245,117
19,2,58,221,71,3,117,77,193,254
19,3,44,66,167,202,90,16,177,101
19,4,30,243,190,51,82,27,125,44
19,5,81,195,48,147,14,115,102,18
19,6,57,149,147,42,107,142,69,178
19,7,16,1,223,37,220,146,219,95
19,8,68,207,222,88,186,183,201,12
19,9,4,14,234,145,105,24,5,128
19,10,31,19,228,159,85,143,246,114
19,11,250,109,212,84,113,238,143,200
19,12,132,46,57,65,206,210,155,12
19,13,18,230,249,48,199,137,254,124
19,14,172,218,156,37,232,230,22,238
19,15,22,33,239,225,154,49,44,9
19,16,140,190,21,222,46,14,167,22
19,17,206,164,240,231,23,50,71,11
19,18,165,12,70,190,162,231,73,11
19,19,40,111,71,43,38,238,112,253
19,20,248,183,222,201,186,88,68,242
19,21,4,14,234,128,105,145,96,89
19,22,31,19,228,159,143,114,85,51
19,23,250,109,231,200,238,85,208,218
19,24,46,206,132,155,65,57,95,59
19,25,249,18,230,48,155,70,199,162
19,26,172,156,220,206,22,218,37,169
19,27,22,33,197,71,49,7,113,105
19,28,222,21,190,167,186,140,99,55
19,29,206,164,240,231,173,23,213,235
19,30,165,70,11,190,28,90,63,231
19,31,40,111,71,91,38,252,107,112
19,32,22,61,21,48,18,176,76,201
19,33,234,237,224,95,116,11,107,68
19,34,28,175,94,225,95,64,240,72
19,35,191,63,85,2,94,99,20,71
19,36,202,195,246,39,142,117,147,67
19,37,60,161,83,43,193,174,126,78
19,38,75,234,201,44,119,30,88,215
19,39,246,92,215,1,254,15,224,158
20,0,49,127,146,18,85,153,59,227
20,1,232,228,29,17,43,57,235,117
20,2,249,46,183,127,239,23,142,169
20,3,90,116,53,20,240,171,203,131
20,4,12,215,82,30,27,190,202,172
20,5,169,249,102,81,250,11,195,68
20,6,57,136,107,147,149,42,108,37
20,7,56,16,220,1,37,95,161,146
20,8,120,207,88,183,248,65,186,68
20,9,4,14,145,18,105,96,121,128
20,10,31,24,114,19,159,51,143,168
20,11,114,250,238,212,200,26,143,113
20,12,46,206,132,65,22,155,57,95
20,13,249,18,199,48,230,38,254,137
20,14,172,218,156,22,37,91,12,169
20,15,22,33,154,128,225,239,9,129
20,16,140,222,180,46,21,204,167,90
20,17,206,240,197,231,50,23,11,71
20,18,165,70,190,12,231,188,11,29
20,19,40,91,111,71,178,43,83,39
20,20,120,248,242,183,186,46,201,68
20,21,4,14,128,228,52,234,96,145
20,22,31,114,24,159,90,19,143,51
20,23,114,250,109,208,200,238,113,212
20,24,206,46,132,65,29,57,95,36
20,25,249,18,48,38,70,1,133,199
20,26,172,220,156,72,218,206,37,22
20,27,22,33,7,105,197,209,49,71
20,28,222,21,140,167,99,46,186,233
20,29,206,240,231,218,23,120,50,7
20,30,165,190,70,103,231,11,73,188
20,31,40,71,111,91,28,107,252,238
20,32,221,21,102,61,176,201,101,18
20,33,224,121,107,168,122,237,253,116
20,34,81,95,208,64,55,235,28,225
20,35,99,39,2,63,20,61,161,40
20,36,202,117,195,152,49,193,246,139
20,37,161,60,83,174,193,15,209,87
20,38,234,44,9,30,75,39,126,213
20,39,92,72,250,15,244,254,36,252
21,0,186,144,234,188,111,92,155,242
21,1,11,59,221,126,198,29,132,188
21,2,230,23,150,110,236,86,239,212
21,3,90,155,44,66,202,53,240,157
21,4,71,30,94,12,82,60,112,190
21,5,81,66,115,236,18,195,33,187
21,6,136,235,200,142,147,107,37,42
21,7,243,220,1,181,16,239,37,95
21,8,88,248,124,186,222,65,201,103
21,9,96,14,4,145,5,237,128,121
21,10,9,114,31,143,51,218,58,168
21,11,153,208,114,250,103,200,238,113
21,12,46,132,95,206,65,121,57,227
21,13,18,199,48,249,137,38,70,51
21,14,172,206,218,156,169,186,220,232
21,15,22,113,34,129,44,71,9,100
21,16,21,46,222,180,140,167,233,204
21,17,206,197,240,88,71,231,23,92
21,18,165,12,113,190,103,70,238,206
21,19,111,40,91,178,71,151,157,39
21,20,186,242,88,65,12,222,201,149
21,21,96,4,14,128,237,234,145,5
21,22,0,114,143,9,91,218,58,3
21,23,208,114,153,200,250,15,238,103
21,24,206,65,95,46,132,121,19,59
21,25,18,199,249,48,38,70,51,133
21,26,220,186,218,93,172,156,206,37
21,27,113,22,71,142,123,192,105,13
21,28,21,46,167,99,222,186,233,90
21,29,206,56,23,92,7,130,240,231
21,30,165,69,103,12,190,70,9,243
21,31,111,60,71,107,40,102,106,91
21,32,195,162,86,21,61,40,217,146
21,33,181,97,36,37,6,116,224,198
21,34,90,212,255,95,28,235,149,137
21,35,49,145,20,63,61,60,212,64
21,36,147,234,193,117,227,0,11,157
21,37,220,193,83,15,241,84,209,115
21,38,44,126,250,75,139,213,39,255
21,39,23,224,15,241,252,146,127,254
22,0,57,110,165,127,59,56,157,221
22,1,209,40,96,183,166,206,57,98
22,2,213,209,7,20,36,238,243,250
22,3,70,179,217,122,228,240,134,195
22,4,60,138,71,2,30,156,164,123
22,5,24,144,19,66,81,221,27,168
22,6,59,147,136,172,142,235,128,200
22,7,243,1,37,239,220,217,7,95
22,8,186,65,88,222,69,207,201,248
22,9,148,4,14,237,145,96,234,11
22,10,73,85,143,92,114,51,91,31
22,11,210,250,154,84,244,147,254,177
22,12,121,57,84,65,46,132,18,109
22,13,18,30,133,249,124,255,48,199
22,14,156,172,37,178,186,232,61,235
22,15,22,239,209,71,113,219,203,129
22,16,167,74,46,233,90,95,161,224
22,17,23,50,56,231,191,213,83,207
22,18,165,12,21,28,251,9,73,200
22,19,40,111,175,106,43,102,253,132
22,20,222,88,201,186,184,183,124,248
22,21,4,148,24,234,105,145,192,128
22,22,85,143,31,128,51,159,46,91
22,23,210,147,250,80,208,112,84,154
22,24,46,65,132,57,121,107,254,84
22,25,18,48,249,30,123,122,1,36
22,26,172,156,186,37,218,206,178,169
22,27,203,22,113,49,71,192,44,207
22,28,21,46,161,167,99,186,42,90
22,29,214,206,23,231,49,56,240,92
22,30,165,103,190,69,28,12,70,238
22,31,111,28,71,40,60,107,91,152
22,32,21,61,40,86,201,106,43,176
22,33,96,6,36,116,224,151,168,177
22,34,90,95,28,55,238,52,235,137
22,35,49,99,20,22,39,63,212,61
22,36,147,227,193,117,234,39,49,139
22,37,193,15,83,241,209,78,87,45
22,38,44,126,215,250,139,213,39,75
22,39,72,15,158,36,224,252,203,254
23,0,84,2,250,157,218,46,152,194
23,1,111,13,220,237,245,40,117,105
23,2,212,120,15,93,213,107,236,178
23,3,247,66,44,211,63,228,122,179
23,4,180,60,93,30,51,164,231,71
23,5,115,66,19,67,27,144,81,168
23,6,245,114,200,136,59,147,142,235
23,7,1,37,243,239,220,95,167,7
23,8,201,69,222,88,124,248,12,242
23,9,237,96,4,14,234,145,128,190
23,10,117,114,143,1,51,31,168,171
23,11,103,116,209,200,208,151,250,84
23,12,46,65,132,121,57,22,59,19
23,13,249,18,48,30,254,133,70,137
23,14,172,37,206,178,156,186,42,61
23,15,22,113,239,129,128,9,251,71
23,16,193,46,140,233,90,167,222,139
23,17,88,206,78,23,247,71,165,56
23,18,165,113,151,50,12,38,242,28
23,19,40,111,91,151,71,178,175,41
23,20,186,222,88,201,242,139,13,149
23,21,200,234,4,14,192,128,105,237
23,22,216,143,117,91,85,0,114,72
23,23,116,208,200,209,147,250,103,151
23,24,46,65,128,115,121,205,132,57
23,25,18,249,48,30,97,70,19,35
23,26,172,37,218,186,178,156,119,206
23,27,22,113,17,154,44,71,129,192
23,28,46,193,167,21,233,90,94,222
23,29,88,78,49,23,173,56,180,61
23,30,165,50,28,162,9,70,81,12
23,31,40,111,28,38,39,71,132,106
23,32,106,125,179,86,75,61,246,176
23,33,161,5,104,116,6,142,36,132
23,34,28,227,109,44,238,225,90,177
23,35,148,190,63,71,145,74,20,255
23,36,39,227,147,115,14,19,120,25
23,37,27,78,193,126,145,190,169,175
23,38,215,75,119,169,139,251,18,182
23,39,158,231,15,72,254,179,197,224
24,0,123,196,249,229,216,105,7,242
24,1,225,231,155,150,27,93,244,11
24,2,17,4,103,162,227,109,57,129
24,3,133,187,31,37,152,235,84,231
24,4,30,222,142,13,167,236,102,54
24,5,158,104,44,193,6,88,205,90
24,6,69,167,147,142,172,153,107,245
24,7,37,23,29,10,1,216,147,71
24,8,234,84,56,180,207,109,52,83
24,9,29,94,13,197,164,105,59,101
24,10,91,169,216,130,171,72,198,196
24,11,189,107,147,250,102,185,106,94
24,12,65,205,46,26,128,63,121,74
24,13,18,43,30,147,70,202,154,134
24,14,37,61,51,159,178,32,124,137
24,15,87,22,165,162,88,154,250,239
24,16,233,46,5,249,80,167,205,28
24,17,17,250,56,201,87,50,205,76
24,18,179,50,113,187,211,21,197,12
24,19,40,20,109,39,107,111,130,205
24,20,234,186,115,190,222,207,239,4
24,21,13,29,105,94,164,47,203,192
24,22,91,169,35,198,236,143,72,130
24,23,107,189,42,147,128,250,106,94
24,24,74,26,65,63,46,132,220,194
24,25,18,48,147,30,43,134,249,175
24,26,37,61,32,172,178,156,124,137
24,27,22,87,88,165,181,71,84,250
24,28,167,5,46,136,133,249,90,9
24,29,250,50,172,76,23,231,16,201
24,30,21,81,179,187,211,28,70,135
24,31,39,40,251,130,106,181,205,109
24,32,98,134,106,131,99,192,91,61
24,33,183,238,116,232,126,73,38,28
24,34,84,207,180,171,86,96,225,235
24,35,145,57,20,153,22,63,218,92
24,36,120,181,70,211,14,98,202,193
24,37,190,31,143,182,58,65,145,83
24,38,148,75,71,92,213,101,3,95
24,39,2,69,38,189,217,15,254,213
25,0,57,56,127,110,32,147,157,238
25,1,242,86,112,73,117,211,128,122
25,2,33,80,121,133,217,255,60,10
25,3,171,70,191,119,19,172,219,131
25,4,118,74,254,122,88,30,154,54
25,5,144,24,158,44,147,169,11,248
25,6,69,183,208,164,166,137,42,142
25,7,37,90,1,71,56,101,10,7
25,8,207,234,222,186,84,190,184,216
25,9,148,217,105,13,156,197,192,85
25,10,91,24,72,73,114,171,92,196
25,11,27,147,210,107,154,66,195,102
25,12,84,155,121,65,18,132,57,194
25,13,18,30,48,22,70,168,226,41
25,14,37,61,178,156,159,75,172,60
25,15,22,203,239,87,88,71,84,219
25,16,167,46,161,249,233,90,80,136
25,17,56,17,50,23,205,201,231,36
25,18,21,165,28,135,12,177,113,159
25,19,40,111,39,107,175,253,106,42
25,20,207,222,184,186,190,13,201,31
25,21,105,148,4,24,13,231,47,89
25,22,24,143,114,72,91,35,85,81
25,23,107,27,147,210,3,208,250,212
25,24,181,194,219,65,132,46,84,155
25,25,18,48,30,22,181,249,29,175
25,26,37,156,61,178,172,60,206,75
25,27,22,203,71,88,250,84,239,110
25,28,161,167,46,136,249,211,90,8
25,29,50,23,214,231,17,16,201,56
25,30,21,81,159,28,135,211,177,206
25,31,91,39,181,251,40,175,107,111
25,32,201,106,221,192,91,61,212,48
25,33,96,58,151,121,116,107,38,28
25,34,226,171,208,56,175,95,235,32
25,35,22,99,85,20,218,236,92,63
25,36,1,211,195,117,202,246,152,14
25,37,143,56,67,174,161,83,45,48
25,38,101,201,195,9,234,30,213,44
25,39,246,1,215,250,15,92,37,183
26,0,14,84,102,228,127,18,85,49
26,1,29,65,111,72,117,239,160,251
26,2,33,133,80,15,217,240,135,230
26,3,70,116,171,51,20,214,19,55
26,4,112,74,215,30,27,25,79,98
26,5,253,144,169,158,24,11,1,44
26,6,69,42,136,183,73,142,56,174
26,7,1,56,7,37,10,217,71,90
26,8,207,120,222,186,65,190,184,183
26,9,105,4,128,148,237,14,13,192
26,10,114,72,24,91,171,7,31,85
26,11,114,147,27,208,107,210,66,250
26,12,132,155,46,181,65,84,43,206
26,13,18,38,48,41,30,22,168,124
26,14,37,61,156,235,172,178,75,42
26,15,44,22,203,239,71,88,84,154
26,16,46,167,249,90,136,80,180,233
26,17,50,197,56,17,23,201,205,231
26,18,21,28,177,135,211,165,159,113
26,19,40,91,107,111,39,66,175,106
26,20,207,222,184,186,190,120,248,201
26,21,4,105,148,231,55,236,128,14
26,22,24,143,114,85,72,35,81,246
26,23,147,114,107,212,210,208,27,109
26,24,219,181,194,46,57,65,132,227
26,25,48,249,18,30,181,122,41,38
26,26,156,37,178,61,172,206,75,22
26,27,44,22,203,239,71,250,209,84
26,28,161,167,8,249,136,211,46,21
26,29,231,50,23,218,56,206,17,173
26,30,21,28,81,206,211,189,135,165
26,31,91,40,251,181,216,107,245,39
26,32,61,221,91,201,94,212,106,62
26,33,121,96,151,168,116,58,38,171
26,34,81,208,56,95,235,28,171,55
26,35,99,20,218,39,111,73,236,92
26,36,211,202,49,193,139,117,195,42
26,37,143,67,45,174,193,87,83,161
26,38,101,44,3,234,9,30,213,75
26,39,72,244,250,15,92,183,220,252
27,0,144,186,84,188,242,234,137,92
27,1,29,126,221,117,178,111,198,79
27,2,236,230,212,150,33,86,15,94
27,3,19,44,202,155,214,113,234,70
27,4,112,30,94,25,27,192,178,37
27,5,253,144,168,48,81,232,1,5
27,6,136,42,142,174,56,126,9,3
27,7,146,1,243,210,71,181,37,95
27,8,207,222,186,103,190,128,88,248
27,9,4,105,14,236,128,24,231,215
27,10,7,85,114,171,72,143,91,140
27,11,147,153,212,114,107,250,208,69
27,12,57,155,181,65,233,132,12,46
27,13,48,41,38,18,124,30,149,113
27,14,156,235,37,42,218,178,119,0
27,15,22,44,203,71,239,110,103,84
27,16,167,46,233,90,207,249,211,180
27,17,231,50,197,23,206,56,3,205
27,18,21,28,135,162,87,251,165,211
27,19,40,91,181,111,216,71,107,251
27,20,222,207,248,68,184,13,190,186
27,21,236,4,105,231,24,14,128,133
27,22,85,0,128,7,140,97,143,114
27,23,212,147,15,107,116,69,153,113
27,24,57,46,233,181,219,227,121,72
27,25,249,122,48,181,36,30,163,41
27,26,156,22,232,172,178,206,79,89
27,27,209,22,44,118,239,234,236,248
27,28,8,167,140,30,206,249,21,90
27,29,231,23,3,206,49,180,56,128
27,30,28,21,206,189,157,70,165,231
27,31,60,216,40,181,251,71,91,185
27,32,61,162,91,86,94,201,195,171
27,33,36,171,97,38,37,10,116,189
27,34,28,90,235,212,255,171,238,209
27,35,73,20,44,49,99,111,255,236
27,36,234,147,227,193,39,42,139,244
27,37,193,45,83,15,143,78,87,36
27,38,215,3,75,44,101,139,39,213
27,39,224,158,72,15,14,254,61,220
28,0,96,133,226,117,187,185,171,52
28,1,206,209,96,40,117,253,166,221
28,2,114,196,200,123,137,55,141,176
28,3,44,247,222,19,234,252,122,242
28,4,55,2,112,178,182,35,71,139
28,5,3,232,144,48,168,81,225,253
28,6,3,9,136,142,108,174,250,186
28,7,146,243,1,122,94,210,71,133
28,8,207,222,183,112,215,248,68,124
28,9,19,236,4,206,24,105,162,231
28,10,85,97,163,7,140,128,181,200
28,11,212,18,147,130,240,116,153,208
28,12,57,233,234,106,181,121,22,72
28,13,200,122,48,249,41,181,36,163
28,14,232,156,42,119,178,89,218,0
28,15,22,209,241,239,103,118,44,234
28,16,167,140,233,8,149,90,30,78
28,17,231,155,23,3,180,205,45,206
28,18,28,21,70,87,206,157,189,165
28,19,216,181,40,185,91,71,46,245
28,20,248,222,207,68,112,6,128,13
28,21,236,19,17,244,4,24,206,231
28,22,85,128,97,163,200,154,181,7
28,23,212,18,131,101,68,113,130,147
28,24,57,72,233,46,121,227,107,36
28,25,36,122,249,181,48,200,163,30
28,26,232,156,89,38,172,178,22,250
28,27,209,22,118,103,241,236,239,17
28,28,8,30,140,232,90,206,241,149
28,29,231,155,23,128,3,180,205,56
28,30,28,157,189,206,21,70,231,165
28,31,216,40,60,185,71,245,106,66
28,32,61,17,37,171,243,91,199,126
28,33,171,117,10,214,23,94,38,116
28,34,177,28,235,187,58,54,19,146
28,35,73,100,255,7,184,20,63,111
28,36,57,0,253,244,42,8,193,25
28,37,45,220,158,164,84,87,221,7
28,38,244,136,162,3,44,14,22,5
28,39,23,14,16,52,220,61,15,68
29,0,57,110,88,56,59,60,33,157
29,1,166,119,95,190,89,28,165,60
29,2,174,181,99,33,211,19,209,114
29,3,247,70,19,137,90,179,44,72
29,4,35,55,2,0,80,133,139,182
29,5,3,174,144,24,232,225,142,48
29,6,9,115,108,200,186,174,41,201
29,7,146,129,243,1,41,122,217,94
29,8,222,207,68,248,157,109,183,124
29,9,148,236,4,231,105,24,17,192
29,10,128,68,85,154,97,73,7,108
29,11,147,210,212,115,250,207,94,154
29,12,57,121,84,18,107,65,46,145
29,13,164,30,41,122,48,36,124,249
29,14,156,178,37,232,186,172,235,219
29,15,22,239,203,219,101,44,84,209
29,16,167,161,233,46,90,249,207,80
29,17,23,26,231,180,56,50,191,211
29,18,28,21,165,87,9,25,12,157
29,19,40,175,216,106,245,111,181,179
29,20,222,207,183,248,186,6,13,68
29,21,148,236,24,4,231,17,192,105
29,22,128,85,68,97,154,143,73,170
29,23,147,210,64,131,212,250,154,207
29,24,57,121,46,219,84,72,107,234
29,25,36,249,122,164,181,30,48,67
29,26,232,172,156,178,37,89,218,186
29,27,203,22,209,236,118,239,17,49
29,28,30,140,8,232,167,161,90,206
29,29,23,231,26,180,3,128,155,101
29,30,28,157,189,206,70,243,165,231
29,31,216,40,60,245,185,196,46,251
29,32,224,61,197,37,171,243,126,91
29,33,177,171,96,156,10,117,38,248
29,34,177,49,28,235,217,213,90,146
29,35,73,224,100,184,60,63,111,7
29,36,57,255,42,24,193,244,223,58
29,37,45,158,50,87,14,7,221,210
29,38,146,244,162,75,3,14,47,44
29,39,85,14,177,13,220,15,52,61
30,0,180,47,203,55,177,134,222,104
30,1,111,89,9,149,105,190,117,70
30,2,174,181,3,212,157,42,115,141
30,3,44,247,234,16,36,61,90,70
30,4,178,30,35,243,51,169,80,180
30,5,3,232,228,144,48,142,77,5
30,6,9,174,58,250,201,186,25,242
30,7,129,146,130,138,38,1,133,83
30,8,207,128,9,222,248,68,88,232
30,9,236,17,244,105,128,4,52,75
30,10,85,128,154,181,7,146,119,97
30,11,212,147,37,68,201,240,94,157
30,12,57,233,121,234,200,72,107,208
30,13,249,122,30,48,36,41,226,254
30,14,156,119,42,232,89,22,37,219
30,15,22,239,209,118,234,236,71,84
30,16,167,233,140,90,8,206,30,82
30,17,231,23,3,180,62,205,56,50
30,18,28,157,116,21,87,70,189,206
30,19,216,181,40,251,155,189,185,71
30,20,248,207,128,222,13,9,70,6
30,21,236,17,4,244,89,128,52,105
30,22,85,128,154,181,97,146,7,216
30,23,212,147,201,37,131,197,59,116
30,24,57,46,233,128,72,234,205,65
30,25,249,48,36,41,122,30,19,181
30,26,22,172,156,89,218,42,232,174
30,27,22,209,118,44,239,234,84,236
30,28,8,140,167,30,206,222,90,82
30,29,231,62,173,3,23,240,88,180
30,30,21,28,206,231,189,70,157,50
30,31,40,181,251,38,216,185,43,91
30,32,61,91,86,144,109,179,94,131
30,33,132,250,38,171,139,104,10,68
30,34,235,28,48,44,177,171,240,225
30,35,63,73,190,148,20,111,236,114
30,36,79,39,227,147,42,139,211,115
30,37,27,78,45,193,83,87,143,221
30,38,75,215,3,139,44,101,162,119
30,39,158,254,72,14,15,220,44,61
31,0,157,212,57,218,110,33,59,133
31,1,232,158,13,43,117,66,239,133
31,2,107,70,90,146,35,22,26,212
31,3,44,55,234,90,19,247,132,64
31,4,139,190,25,30,180,82,35,80
31,5,178,14,253,31,232,144,48,254
31,6,114,174,42,136,3,9,126,41
31,7,146,16,1,210,129,243,10,37
31,8,207,157,186,68,222,184,248,190
31,9,105,14,4,217,200,236,128,206
31,10,159,85,114,7,31,68,47,246
31,11,109,250,147,212,107,156,64,142
31,12,46,57,67,65,132,155,12,181
31,13,164,48,41,124,254,249,30,70
31,14,38,172,218,156,0,235,22,136
31,15,22,44,239,241,71,103,110,154
31,16,167,46,22,232,233,149,90,180
31,17,155,231,50,23,213,235,65,3
31,18,162,21,28,165,70,181,211,87
31,19,40,225,38,181,253,43,216,71
31,20,248,207,186,157,68,222,183,13
31,21,4,105,206,200,14,236,63,128
31,22,47,159,85,170,68,246,31,114
31,23,109,250,142,212,156,64,147,29
31,24,46,57,67,65,107,12,227,72
31,25,249,164,48,124,122,149,36,30
31,26,22,172,38,156,218,89,178,175
31,27,44,22,209,103,118,239,84,174
31,28,22,222,232,167,140,8,90,30
31,29,231,173,235,104,23,213,155,240
31,30,21,28,70,206,165,231,1,189
31,31,40,225,38,60,71,251,216,181
31,32,70,224,61,142,37,201,116,210
31,33,237,18,156,117,38,63,206,116
31,34,235,225,217,49,28,177,205,152
31,35,63,132,40,73,117,224,7,111
31,36,255,251,145,57,24,193,117,245
31,37,50,14,158,83,87,45,221,7
31,38,124,75,146,3,47,44,244,39
31,39,254,15,177,85,13,27,55,61
32,0,239,250,134,1,151,116,225,136
32,1,85,154,133,137,117,105,102,234
32,2,107,117,70,252,33,64,180,89
32,3,44,234,19,0,113,181,143,247
32,4,190,180,30,80,139,25,27,51
32,5,14,253,144,178,254,67,48,232
32,6,174,114,42,136,178,142,126,56
32,7,146,16,1,133,210,37,83,95
32,8,207,222,68,186,248,128,184,190
32,9,105,14,4,128,236,244,234,231
32,10,159,85,31,47,114,154,170,7
32,11,109,250,147,212,17,201,107,95
32,12,46,57,12,65,194,132,121,205
32,13,48,124,30,41,249,122,36,70
32,14,156,22,42,172,37,218,60,61
32,15,22,239,44,71,84,209,88,174
32,16,22,167,46,233,90,249,140,80
32,17,231,50,213,23,17,3,205,56
32,18,21,28,70,211,206,87,12,231
32,19,40,181,111,251,216,107,189,225
32,20,248,207,184,222,13,201,70,6
32,21,4,236,105,89,244,231,13,43
32,22,47,85,170,159,15,143,246,114
32,23,212,109,201,147,107,250,116,203
32,24,46,57,128,181,7,227,234,72
32,25,249,48,41,36,122,30,124,181
32,26,22,156,174,172,218,232,206,79
32,27,22,118,209,44,234,71,84,239
32,28,167,222,8,140,249,30,22,206
32,29,231,240,213,50,62,23,3,88
32,30,206,70,231,21,189,28,50,211
32,31,181,251,40,185,216,91,225,250
32,32,94,91,131,61,179,86,157,201
32,33,237,132,104,38,248,171,151,36
32,34,235,44,28,171,209,146,56,238
32,35,20,111,148,161,218,145,123,236
32,36,39,139,211,115,202,227,42,147
32,37,143,27,83,87,78,45,67,193
32,38,3,44,75,101,215,39,162,167
32,39,75,158,220,61,252,15,72,244
33,0,97,113,166,142,205,210,67,123
33,1,34,26,117,59,105,187,118,132
33,2,127,64,70,146,90,103,239,59
33,3,211,31,90,46,37,135,84,146
33,4,161,167,65,30,190,14,251,13
33,5,104,253,232,3,190,161,6,5
33,6,174,167,9,142,136,42,56,178
33,7,146,91,1,29,210,23,10,133
33,8,207,33,222,184,56,212,186,248
33,9,39,13,105,94,4,29,14,236
33,10,7,85,114,72,171,143,55,91
33,11,107,147,20,250,212,95,17,69
33,12,57,181,132,46,121,65,194,233
33,13,48,41,18,30,124,70,29,254
33,14,156,218,37,42,61,178,75,129
33,15,22,65,239,71,44,209,135,118
33,16,167,233,46,90,140,207,8,180
33,17,231,50,23,56,205,3,36,166
33,18,70,148,251,21,206,87,165,28
33,19,40,216,251,181,130,111,80,71
33,20,248,207,184,222,33,13,183,6
33,21,4,39,236,231,242,133,24,89
33,22,15,143,85,97,83,140,114,35
33,23,212,20,101,107,147,113,69,250
33,24,57,227,181,46,72,43,233,67
33,25,249,48,122,181,36,41,29,163
33,26,174,22,156,79,146,232,206,172
33,27,22,118,65,234,209,120,43,71
33,28,222,140,8,167,96,206,249,226
33,29,231,240,50,3,23,172,205,206
33,30,148,189,70,206,231,21,211,187
33,31,251,185,181,130,91,40,216,250
33,32,91,99,94,113,61,131,201,238
33,33,190,232,248,38,151,58,104,171
33,34,88,161,56,97,171,235,209,252
33,35,111,20,218,236,99,161,123,145
33,36,207,139,211,202,49,42,117,193
33,37,143,67,174,83,161,87,45,193
33,38,3,44,71,234,9,30,101,39
33,39,72,69,250,92,244,220,183,15
34,0,242,144,186,234,188,66,92,6
34,1,117,191,198,86,189,118,112,90
34,2,230,198,86,150,76,64,87,92
34,3,44,155,19,234,202,177,90,66
34,4,112,30,94,80,71,169,98,118
34,5,48,66,144,18,5,81,165,102
34,6,84,142,3,9,136,200,174,108
34,7,146,1,181,91,243,210,220,41
34,8,184,207,248,159,103,222,183,128
34,9,105,14,237,4,236,128,244,24
34,10,85,143,253,114,9,81,7,66
34,11,153,212,145,142,147,95,250,3
34,12,234,57,181,46,72,233,132,12
34,13,249,48,41,122,30,36,18,136
34,14,156,174,42,218,119,172,22,232
34,15,22,118,209,239,248,142,71,84
34,16,167,222,233,90,206,140,30,8
34,17,231,3,206,236,205,50,23,56
34,18,70,231,189,21,251,28,165,4
34,19,216,71,185,251,40,181,155,51
34,20,248,184,207,13,6,159,222,167
34,21,4,89,244,43,162,236,242,52
34,22,15,0,143,85,9,97,181,253
34,23,153,212,101,66,15,147,142,130
34,24,46,181,173,72,57,172,107,200
34,25,249,48,36,122,30,254,181,136
34,26,174,22,156,89,79,178,172,218
34,27,118,22,209,7,248,234,239,5
34,28,222,8,167,21,206,140,226,54
34,29,231,240,3,206,236,31,205,23
34,30,70,231,189,206,69,21,4,165
34,31,40,185,71,251,58,51,216,106
34,32,195,162,176,61,91,146,86,126
34,33,189,97,38,37,6,94,248,181
34,34,235,212,146,19,52,187,54,255
34,35,131,161,40,123,145,100,111,63
34,36,0,234,42,8,139,193,25,116
34,37,220,87,84,83,45,221,33,7
34,38,3,44,15,14,75,167,39,244
34,39,23,252,61,220,68,16,241,145
35,0,181,82,107,251,39,255,83,246
35,1,234,40,222,117,166,122,179,90
35,2,120,108,173,129,251,128,209,200
35,3,237,105,90,134,109,166,217,190
35,4,82,156,30,60,80,229,20,98
35,5,174,250,68,48,5,194,232,217
35,6,84,108,149,9,134,71,189,115
35,7,1,146,220,195,84,173,94,122
35,8,248,68,184,207,183,215,46,124
35,9,4,242,105,52,162,244,196,139
35,10,68,15,181,239,140,228,219,97
35,11,64,212,31,131,250,207,130,6
35,12,46,57,234,200,36,154,27,246
35,13,249,164,48,230,122,254,41,27
35,14,172,174,42,22,129,152,156,232
35,15,22,209,118,239,142,7,17,241
35,16,167,222,233,30,140,90,241,204
35,17,26,231,3,206,180,50,23,205
35,18,70,231,165,4,28,206,87,235
35,19,237,216,40,251,71,185,179,132
35,20,248,183,215,184,9,207,70,13
35,21,52,4,244,196,128,89,242,139
35,22,68,15,181,143,239,85,128,204
35,23,64,212,131,101,207,250,87,68
35,24,46,57,107,230,172,200,72,181
35,25,249,164,122,48,36,30,254,27
35,26,174,172,22,152,146,89,79,14
35,27,22,118,209,7,239,43,17,5
35,28,222,8,140,30,241,206,21,226
35,29,26,240,3,231,174,31,206,205
35,30,70,231,55,4,189,206,157,11
35,31,237,40,185,58,216,251,230,71
35,32,224,176,61,197,190,126,42,94
35,33,179,201,38,156,217,171,185,12
35,34,49,217,235,146,196,213,90,188
35,35,40,131,224,161,123,73,63,210
35,36,255,24,42,193,239,57,139,25
35,37,50,87,14,45,83,221,158,37
35,38,146,75,244,14,44,3,15,39
35,39,85,61,252,13,220,177,15,254
36,0,70,109,55,24,177,151,60,178
36,1,236,226,117,105,42,22,245,238
36,2,120,108,221,3,58,251,173,129
36,3,44,247,197,234,167,36,16,66
36,4,243,30,169,80,178,137,51,82
36,5,48,5,250,217,225,133,75,66
36,6,84,108,49,9,149,25,115,134
36,7,146,1,220,246,167,95,130,148
36,8,248,68,183,46,201,207,9,128
36,9,4,236,244,17,52,196,43,24
36,10,15,103,228,66,181,239,204,140
36,11,212,59,87,6,8,137,113,94
36,12,46,234,72,210,139,179,200,36
36,13,249,48,230,122,36,177,254,136
36,14,174,22,42,172,119,156,129,0
36,15,22,209,5,118,7,142,18,234
36,16,222,140,167,206,233,21,90,30
36,17,206,231,3,240,45,205,174,36
36,18,70,4,11,219,231,190,157,189
36,19,216,251,185,40,71,230,155,181
36,20,248,13,46,208,176,215,207,201
36,21,52,244,89,236,4,196,43,128
36,22,15,140,204,146,31,7,143,239
36,23,212,87,113,59,231,208,190,85
36,24,46,72,172,234,210,173,181,36
36,25,249,48,36,230,136,137,155,41
36,26,174,22,14,79,172,89,220,203
36,27,7,22,118,5,234,209,239,43
36,28,222,21,190,206,82,140,167,8
36,29,206,240,3,231,205,21,173,128
36,30,70,11,4,231,189,149,157,165
36,31,185,251,71,40,230,216,60,199
36,32,85,246,18,176,48,91,70,76
36,33,198,38,139,107,102,161,56,28
36,34,235,94,240,64,72,171,164,48
36,35,161,185,85,40,1,236,2,131
36,36,202,55,79,246,152,195,117,142
36,37,83,161,60,174,87,45,43,196
36,38,234,39,44,15,9,201,132,30
36,39,246,1,250,248,92,252,220,15
37,0,13,175,242,177,217,174,55,152
37,1,232,12,247,117,15,105,196,141
37,2,30,19,230,150,173,23,86,168
37,3,76,155,7,234,105,2,44,66
37,4,82,94,169,30,12,71,164,63
37,5,217,115,131,5,225,81,66,6
37,6,84,123,108,178,9,49,25,115
37,7,4,243,220,146,1,181,248,41
37,8,248,46,176,124,183,13,201,227
37,9,96,4,5,14,196,190,55,17
37,10,15,31,66,239,7,103,204,9
37,11,212,202,153,186,2,116,103,207
37,12,46,234,72,181,55,179,132,139
37,13,249,48,41,36,254,122,136,100
37,14,174,22,172,42,0,101,119,40
37,15,22,5,7,209,118,142,234,248
37,16,222,21,206,167,140,90,233,26
37,17,206,3,231,240,45,205,197,78
37,18,11,70,4,190,165,21,231,188
37,19,60,216,71,185,251,181,230,40
37,20,248,13,176,68,183,215,46,207
37,21,96,244,52,236,89,4,196,43
37,22,15,0,140,7,31,216,204,239
37,23,212,116,15,2,113,202,186,59
37,24,46,72,233,172,234,181,128,36
37,25,249,48,36,136,122,124,41,137
37,26,174,22,93,220,14,89,172,79
37,27,7,118,5,248,22,234,209,10
37,28,222,230,206,78,21,26,82,241
37,29,3,49,128,240,206,173,88,231
37,30,70,4,231,189,11,151,50,157
37,31,60,185,216,251,71,28,18,230
37,32,86,146,176,179,246,91,70,109
37,33,181,36,97,38,171,37,104,6
37,34,235,28,90,44,238,212,255,146
37,35,49,148,161,190,131,63,73,255
37,36,147,227,39,42,234,115,116,139
37,37,78,83,27,87,15,193,45,221
37,38,215,139,75,39,15,251,157,119
37,39,158,252,72,61,220,122,15,254
38,0,242,96,133,187,117,186,121,27
38,1,117,13,232,81,105,169,40,96
38,2,35,247,19,52,0,252,205,114
38,3,247,234,221,86,44,156,2,170
38,4,180,55,82,123,103,30,63,8
38,5,217,131,225,232,81,5,19,66
38,6,108,3,9,123,178,115,84,114
38,7,243,41,1,4,133,248,131,84
38,8,248,112,176,46,68,227,208,13
38,9,19,206,96,144,4,220,14,190
38,10,163,15,7,140,66,103,239,197
38,11,212,18,2,116,202,142,101,113
38,12,234,46,67,72,106,233,139,172
38,13,249,48,200,36,41,136,122,30
38,14,174,38,172,42,22,152,1,232
38,15,241,22,118,209,5,142,103,239
38,16,222,78,149,167,206,90,21,30
38,17,180,3,155,128,231,45,206,240
38,18,70,4,231,6,189,157,165,235
38,19,216,185,71,251,155,181,46,245
38,20,248,68,112,13,9,207,45,215
38,21,19,244,52,17,236,206,89,43
38,22,163,181,128,140,7,15,143,85
38,23,212,18,131,101,68,142,207,190
38,24,72,233,172,173,107,46,200,36
38,25,36,249,122,48,200,30,181,254
38,26,174,38,89,79,22,178,1,152
38,27,118,241,22,209,7,10,234,43
38,28,222,8,78,30,149,206,241,140
38,29,3,128,231,240,155,174,205,180
38,30,70,231,189,157,6,4,206,165
38,31,216,185,60,40,71,46,251,58
38,32,17,61,199,176,126,37,243,171
38,33,171,117,94,214,38,23,10,248
38,34,146,177,28,187,235,19,58,54
38,35,73,100,131,123,255,92,7,161
38,36,57,42,8,0,253,58,223,139
38,37,87,220,45,158,221,84,7,164
38,38,244,162,15,14,3,157,136,22
38,39,14,23,61,220,16,252,52,68
39,0,181,82,107,251,39,83,245,99
39,1,166,88,119,117,183,89,122,207
39,2,102,160,241,1,247,209,26,233
39,3,5,86,109,41,216,255,217,158
39,4,82,180,30,97,27,135,184,20
39,5,232,174,142,3,225,217,201,5
39,6,108,9,174,219,254,71,189,32
39,7,146,220,94,1,122,130,204,73
39,8,183,207,215,248,68,9,222,73
39,9,52,139,24,244,68,4,222,162
39,10,181,85,128,68,146,97,143,239
39,11,42,212,131,64,37,94,240,157
39,12,57,208,107,230,125,200,172,246
39,13,13,249,122,27,164,174,41,181
39,14,232,156,152,129,172,14,174,235
39,15,209,22,239,71,118,17,142,220
39,16,233,167,30,59,241,8,90,53
39,17,231,180,26,23,206,3,36,147
39,18,87,28,1,21,70,165,231,235
39,19,216,181,175,132,40,179,111,106
39,20,215,183,248,207,222,156,9,13
39,21,52,24,128,139,204,162,4,89
39,22,181,160,128,85,170,246,68,97
39,23,80,131,212,64,115,107,94,157
39,24,57,46,230,125,107,12,36,172
39,25,249,244,122,13,124,48,164,27
39,26,232,152,172,89,225,156,174,16
39,27,209,17,22,118,239,245,188,26
39,28,30,74,8,241,233,222,90,224
39,29,26,180,150,232,231,240,23,3
39,30,70,55,231,235,189,4,157,1
39,31,216,237,40,185,16,179,172,46
39,32,224,197,61,176,126,171,243,190
39,33,201,179,171,38,156,10,117,248
39,34,146,49,217,235,177,28,213,47
39,35,73,224,123,100,131,255,161,92
39,36,255,57,42,24,25,223,58,130
39,37,87,158,50,45,221,14,7,210
39,38,244,146,162,15,3,14,157,75
39,39,14,61,220,85,13,177,252,52
40,0,109,24,151,47,55,225,70,81
40,1,226,236,22,42,117,105,190,70
40,2,3,160,102,247,174,95,143,232
40,3,44,234,247,0,5,36,197,86
40,4,243,169,30,180,51,80,117,178
40,5,232,228,48,217,5,102,17,3
40,6,108,9,152,84,58,219,201,25
40,7,146,38,138,130,95,220,246,113
40,8,68,248,128,207,9,70,222,88
40,9,52,75,17,244,242,105,236,139
40,10,128,181,154,85,119,146,254,239
40,11,212,37,68,201,131,157,94,240
40,12,57,234,107,72,121,36,200,172
40,13,249,122,36,30,230,48,88,41
40,14,219,174,89,156,172,42,232,129
40,15,22,239,118,222,236,209,43,219
40,16,233,167,90,30,140,82,206,8
40,17,23,231,62,180,3,45,214,205
40,18,70,231,87,157,116,28,21,189
40,19,216,247,58,245,40,85,71,155
40,20,248,70,207,13,222,128,68,134
40,21,244,89,91,236,242,52,43,17
40,22,128,154,181,146,254,85,216,242
40,23,212,201,131,37,157,59,197,68
40,24,128,234,72,57,46,172,65,205
40,25,249,230,48,36,122,254,19,88
40,26,174,79,218,89,192,172,22,14
40,27,22,118,7,18,234,9,209,236
40,28,193,222,206,82,8,140,167,233
40,29,62,88,3,231,19,240,31,128
40,30,231,70,189,50,162,21,36,4
40,31,216,58,185,40,251,247,18,43
40,32,179,86,190,144,61,131,176,91
40,33,104,139,68,171,132,38,10,84
40,34,146,44,235,94,48,28,238,240
40,35,73,117,131,123,190,148,100,255
40,36,79,42,39,115,37,44,116,227
40,37,87,27,78,45,196,193,210,7
40,38,244,14,162,215,15,75,3,119
40,39,44,75,14,61,220,77,252,158
41,0,97,113,142,166,123,205,150,215
41,1,34,26,59,117,187,105,199,132
41,2,90,146,26,103,162,70,59,35
41,3,211,146,31,46,37,135,84,234
41,4,161,167,14,65,30,13,82,170
41,5,104,6,161,186,224,5,235,232
41,6,84,167,9,108,178,174,123,142
41,7,91,146,1,29,23,210,220,133
41,8,248,33,207,89,184,164,176,13
41,9,39,94,29,13,4,132,105,86
41,10,130,85,143,31,171,248,216,7
41,11,212,20,107,147,95,203,250,145
41,12,46,57,234,128,26,63,107,181
41,13,249,43,48,30,41,97,255,18
41,14,156,42,172,22,51,124,61,119
41,15,22,65,44,239,71,84,81,142
41,16,167,233,46,196,5,90,249,206
41,17,50,231,23,56,61,3,213,205
41,18,50,12,21,190,70,57,187,211
41,19,111,40,130,251,39,181,107,178
41,20,184,201,207,33,88,115,248,124
41,21,39,4,13,105,29,89,43,94
41,22,130,143,85,35,216,83,114,168
41,23,107,212,203,147,20,250,95,94
41,24,181,128,63,234,46,26,132,65
41,25,48,18,43,41,30,123,249,147
41,26,156,75,61,37,206,22,174,124
41,27,22,65,71,84,118,250,88,9
41,28,167,249,5,136,90,206,99,211
41,29,50,231,23,172,17,3,205,213
41,30,21,211,148,70,81,251,187,135
41,31,251,130,40,181,111,91,107,106
41,32,91,131,99,113,61,201,106,94
41,33,190,232,38,104,116,58,151,28
41,34,88,171,161,97,56,235,34,28
41,35,145,20,74,218,92,99,153,22
41,36,207,211,202,39,139,120,49,193
41,37,27,143,67,190,174,83,15,193
41,38,44,3,71,101,97,250,234,213
41,39,69,244,72,15,183,139,158,165
42,0,22,6,106,153,51,85,49,227
42,1,117,223,250,112,84,156,155,110
42,2,59,16,198,108,10,87,121,163
42,3,98,146,97,31,160,238,27,234
42,4,167,118,14,65,242,30,251,67
42,5,67,161,253,10,186,224,5,100
42,6,167,142,136,84,172,174,9,42
42,7,44,91,1,210,146,10,23,46
42,8,207,33,184,89,56,57,186,212
42,9,13,94,132,105,217,4,14,93
42,10,114,72,62,130,171,91,85,248
42,11,203,20,107,147,250,95,36,238
42,12,132,181,46,65,57,234,12,128
42,13,48,41,18,124,30,43,70,33
42,14,75,156,61,37,119,235,218,178
42,15,22,44,71,88,250,84,110,239
42,16,167,46,233,249,136,90,208,80
42,17,50,56,17,205,193,36,61,213
42,18,21,112,211,190,12,251,113,90
42,19,111,40,107,39,42,251,178,228
42,20,184,207,33,222,201,186,4,88
42,21,13,4,105,47,94,89,217,132
42,22,143,114,62,35,81,85,72,236
42,23,203,107,42,147,20,212,250,3
42,24,181,132,46,65,194,254,219,234
42,25,48,18,30,41,29,249,123,228
42,26,37,156,61,206,178,75,60,22
42,27,22,250,71,84,118,239,88,9
42,28,167,249,136,46,211,21,90,99
42,29,50,172,110,231,56,17,23,205
42,30,21,112,211,70,81,251,187,189
42,31,251,40,91,107,181,106,111,39
42,32,91,96,113,131,201,238,106,186
42,33,73,232,58,38,116,238,41,154
42,34,171,161,180,207,97,34,56,235
42,35,145,20,153,22,92,218,3,99
42,36,181,211,120,117,202,193,139,14
42,37,190,31,143,67,83,174,220,193
42,38,44,213,126,201,97,101,3,250
42,39,241,72,9,15,68,92,183,215
43,0,57,88,110,56,59,60,68,33
43,1,189,117,98,242,173,135,84,164
43,2,76,16,108,33,58,10,198,113
43,3,70,19,194,214,90,105,234,107
43,4,74,242,118,17,133,30,80,254
43,5,24,174,144,5,147,18,44,97
43,6,19,115,42,166,134,142,84,178
43,7,1,129,44,210,146,91,41,220
43,8,207,33,184,248,186,222,201,157
43,9,4,148,217,105,156,14,13,231
43,10,68,228,114,72,143,161,73,171
43,11,147,210,238,208,203,95,27,250
43,12,181,132,155,234,84,206,95,197
43,13,164,18,48,41,124,59,30,70
43,14,156,75,206,218,42,178,61,220
43,15,22,203,71,110,250,239,192,84
43,16,167,180,21,46,249,90,206,136
43,17,26,50,206,205,231,56,3,11
43,18,70,211,12,251,165,190,21,113
43,19,251,111,40,107,71,106,178,181
43,20,184,207,201,124,222,13,248,65
43,21,4,148,89,14,231,105,47,43
43,22,143,68,35,140,228,114,81,252
43,23,210,147,208,212,64,113,230,94
43,24,181,206,132,219,95,8,84,155
43,25,48,164,30,228,18,41,181,249
43,26,206,156,220,61,178,174,75,37
43,27,22,203,123,71,250,234,84,118
43,28,21,167,161,249,206,8,90,211
43,29,26,206,50,23,205,231,3,56
43,30,211,70,21,165,189,251,12,238
43,31,251,106,40,107,185,71,91,60
43,32,224,91,42,61,246,40,217,62
43,33,177,96,38,156,217,84,154,12
43,34,171,49,217,196,235,175,28,90
43,35,210,20,224,214,60,99,85,100
43,36,255,24,193,11,139,239,42,117
43,37,158,50,83,14,241,57,37,45
43,38,146,44,250,126,97,39,3,124
43,39,85,15,177,13,62,52,181,252
44,0,180,175,250,177,151,70,55,139
44,1,117,111,22,245,49,42,65,105
44,2,212,133,76,33,221,16,3,108
44,3,44,234,202,70,167,199,66,172
44,4,243,30,178,60,51,80,125,63
44,5,144,66,5,48,2,81,117,115
44,6,115,19,142,42,200,134,136,172
44,7,1,239,129,210,146,220,167,95
44,8,207,184,222,201,68,88,124,248
44,9,4,128,5,14,105,11,146,47
44,10,228,143,114,167,214,168,171,222
44,11,147,95,103,208,238,231,66,212
44,12,181,132,95,206,234,155,84,197
44,13,48,18,41,55,30,228,123,70
44,14,156,75,206,0,119,42,218,61
44,15,22,203,192,71,250,84,88,110
44,16,180,167,21,46,90,249,136,206
44,17,206,50,197,56,205,231,3,11
44,18,70,12,211,251,165,21,238,190
44,19,111,251,71,178,40,228,91,107
44,20,201,184,207,88,124,13,222,68
44,21,4,89,14,105,47,220,102,146
44,22,143,140,114,35,7,228,252,85
44,23,147,208,212,95,231,103,113,152
44,24,181,206,95,132,84,234,65,155
44,25,48,41,30,18,111,70,228,123
44,26,220,206,156,75,42,61,119,93
44,27,22,123,84,71,234,239,192,142
44,28,21,167,249,206,90,161,136,99
44,29,206,50,56,205,3,231,214,139
44,30,70,165,21,211,81,251,12,90
44,31,251,91,71,199,111,107,181,60
44,32,91,85,48,246,62,201,40,109
44,33,38,107,139,177,6,116,58,224
44,34,171,175,240,95,56,64,28,72
44,35,85,20,44,99,191,114,94,185
44,36,202,195,246,117,152,79,211,67
44,37,83,174,161,60,43,67,143,126
44,38,201,44,234,9,126,30,39,213
44,39,246,1,250,92,215,183,15,72
45,0,242,186,234,177,2,144,152,217
45,1,144,185,32,56,232,35,105,203
45,2,173,230,23,150,110,86,123,212
45,3,236,155,66,116,234,188,159,241
45,4,94,30,71,213,12,93,169,112
45,5,66,115,81,5,253,6,93,33
45,6,115,178,142,19,123,92,200,174
45,7,1,239,243,210,129,220,41,228
45,8,207,201,184,222,124,248,88,12
45,9,4,96,128,14,105,5,47,146
45,10,7,143,114,9,218,167,222,15
45,11,114,95,153,103,147,116,238,2
45,12,181,206,132,95,234,7,46,57
45,13,48,41,38,18,30,70,254,123
45,14,156,75,42,0,206,61,218,178
45,15,22,44,71,84,203,239,250,248
45,16,167,21,90,192,46,136,249,206
45,17,206,50,197,56,205,3,218,231
45,18,211,70,165,21,12,251,113,238
45,19,111,71,251,40,107,60,178,42
45,20,207,201,184,13,248,35,88,68
45,21,96,89,4,14,105,47,55,13
45,22,143,0,7,140,114,85,35,252
45,23,107,147,116,208,212,114,95,3
45,24,181,65,95,206,46,132,234,107
45,25,48,30,41,38,18,123,249,70
45,26,156,178,220,206,75,186,61,172
45,27,22,71,248,84,44,135,239,118
45,28,21,167,90,249,78,206,46,8
45,29,56,206,49,23,50,231,102,205
45,30,165,21,70,28,238,69,211,9
45,31,60,251,71,40,106,107,38,111
45,32,86,91,120,109,246,195,201,61
45,33,181,36,97,6,116,38,37,117
45,34,28,90,212,255,171,206,238,109
45,35,49,20,145,99,190,148,63,71
45,36,147,234,227,39,117,193,115,172
45,37,193,15,83,27,78,145,220,75
45,38,139,44,215,75,126,213,251,157
45,39,158,224,15,72,36,165,254,252
46,0,96,242,187,131,250,27,50,186
46,1,209,206,183,96,13,117,40,253
46,2,176,123,35,142,148,215,19,55
46,3,123,155,100,247,53,234,169,113
46,4,216,55,180,30,213,71,94,82
46,5,66,3,232,253,5,19,236,81
46,6,115,178,200,142,174,92,123,134
46,7,1,4,243,210,239,188,79,220
46,8,207,184,201,222,159,19,103,124
46,9,4,14,105,47,128,240,5,96
46,10,7,143,114,91,9,31,171,81
46,11,250,147,3,186,95,103,116,153
46,12,132,181,206,35,65,46,234,95
46,13,48,124,18,30,41,55,70,254
46,14,235,172,75,156,60,61,178,37
46,15,22,71,135,44,220,84,88,248
46,16,167,90,46,233,78,217,192,136
46,17,56,50,23,236,205,218,206,36
46,18,165,12,21,251,28,9,70,211
46,19,40,111,71,253,51,175,106,38
46,20,207,186,184,222,13,201,115,107
46,21,24,13,89,105,192,4,19,240
46,22,143,85,246,7,159,0,187,31
46,23,107,147,3,153,250,66,109,207
46,24,65,46,57,132,107,181,121,205
46,25,48,18,30,124,249,200,122,13
46,26,172,235,178,156,60,186,16,146
46,27,22,44,71,209,248,239,135,213
46,28,167,73,90,78,46,54,21,8
46,29,173,56,23,49,102,157,236,50
46,30,165,28,21,70,238,81,1,69
46,31,38,40,71,175,106,51,251,107
46,32,157,86,201,61,162,106,195,176
46,33,117,36,6,116,97,38,29,142
46,34,28,225,173,90,212,206,255,171
46,35,63,145,49,20,71,148,184,59
46,36,234,147,227,39,145,117,193,172
46,37,193,15,84,145,27,83,220,95
46,38,75,44,215,139,157,213,126,4
46,39,254,165,158,224,72,15,36,182
47,0,96,117,226,198,171,133,233,242
47,1,96,223,209,117,13,158,12,134
47,2,215,148,19,35,176,112,173,52
47,3,122,247,170,213,216,236,53,255
47,4,55,119,60,216,180,71,123,105
47,5,3,194,66,5,144,253,2,114
47,6,172,178,200,142,42,115,174,2
47,7,1,4,79,210,181,239,220,243
47,8,207,184,112,35,159,222,201,88
47,9,19,105,47,14,178,4,13,240
47,10,163,143,91,72,114,171,7,167
47,11,250,18,3,147,107,145,130,66
47,12,132,35,154,65,121,46,57,107
47,13,124,18,48,200,30,41,254,59
47,14,235,156,172,60,178,29,75,37
47,15,22,71,241,213,239,44,220,219
47,16,167,233,46,90,217,73,0,149
47,17,56,23,231,191,50,205,180,166
47,18,21,28,165,12,6,251,9,87
47,19,40,175,253,106,111,38,51,155
47,20,222,207,112,186,183,215,107,13
47,21,24,105,4,19,253,89,13,128
47,22,246,85,143,163,159,47,170,31
47,23,107,18,147,250,207,131,115,94
47,24,65,46,57,107,121,106,132,27
47,25,18,48,124,30,200,13,249,122
47,26,172,178,235,156,232,186,89,152
47,27,209,22,241,239,245,71,44,99
47,28,167,90,149,46,73,8,185,224
47,29,56,23,173,231,180,236,235,102
47,30,28,165,1,21,6,235,70,9
47,31,40,38,175,106,51,253,71,107
47,32,17,89,142,61,176,212,171,217
47,33,105,214,94,116,23,117,237,28
47,34,225,187,173,58,28,12,54,235
47,35,63,71,184,145,255,7,214,20
47,36,253,145,0,193,57,117,8,244
47,37,220,84,164,145,83,90,221,87
47,38,75,44,136,157,244,86,4,213
47,39,23,254,241,52,16,68,61,15
48,0,233,157,165,85,49,110,10,33
48,1,166,95,203,190,98,119,117,82
48,2,13,112,95,246,238,177,120,178
48,3,55,216,214,234,255,236,204,202
48,4,30,60,122,133,216,123,138,105
48,5,31,178,3,250,114,236,144,5
48,6,42,142,129,172,56,90,174,232
48,7,1,220,79,16,146,4,10,195
48,8,157,207,68,186,184,84,183,88
48,9,14,5,105,200,128,217,24,4
48,10,68,114,246,72,171,143,159,31
48,11,207,93,109,250,64,156,107,208
48,12,65,132,57,35,46,107,246,155
48,13,164,48,230,124,18,30,41,122
48,14,235,172,83,156,218,60,178,232
48,15,22,44,71,241,209,116,239,213
48,16,167,233,90,46,22,149,0,88
48,17,56,23,104,231,180,191,50,71
48,18,165,28,21,63,162,87,1,25
48,19,225,40,175,253,38,106,206,111
48,20,222,157,186,207,183,215,13,248
48,21,24,4,128,253,105,14,234,200
48,22,246,85,68,143,159,31,114,47
48,23,64,207,107,109,208,250,131,101
48,24,57,65,46,107,132,121,125,27
48,25,18,164,48,124,249,122,30,200
48,26,172,178,232,156,235,218,186,89
48,27,209,22,116,239,44,71,213,26
48,28,167,21,8,90,201,30,147,149
48,29,104,173,231,206,23,56,50,180
48,30,165,28,1,70,190,21,238,87
48,31,225,40,38,251,71,175,253,111
48,32,224,197,21,61,176,171,142,217
48,33,18,156,63,12,237,206,116,179
48,34,225,217,49,173,188,152,206,213
48,35,63,184,214,20,255,132,224,223
48,36,145,24,255,239,251,117,193,57
48,37,14,50,90,83,87,241,209,221
48,38,44,75,86,146,124,244,157,126
48,39,254,177,13,62,52,181,85,61
49,0,2,86,65,41,157,219,152,33
49,1,85,202,101,203,72,255,42,117
49,2,117,83,77,182,13,221,63,185
49,3,202,234,66,44,199,58,167,101
49,4,149,30,60,155,74,51,243,93
49,5,178,213,115,48,250,66,195,221
49,6,245,108,100,25,142,42,71,232
49,7,1,220,7,219,32,167,94,169
49,8,207,157,222,183,186,215,242,88
49,9,14,5,24,128,4,204,234,162
49,10,246,117,143,114,17,171,181,85
49,11,208,209,207,103,250,93,151,147
49,12,166,132,65,57,246,46,35,125
49,13,18,230,48,124,100,42,122,30
49,14,232,156,172,235,218,83,37,60
49,15,22,71,209,213,116,44,239,26
49,16,167,90,233,46,0,154,30,21
49,17,56,23,206,50,104,78,191,231
49,18,165,21,28,190,87,251,1,238
49,19,40,111,225,175,71,253,206,216
49,20,222,207,186,215,183,242,157,13
49,21,24,128,4,14,253,234,204,89
49,22,246,17,85,143,117,128,114,72
49,23,208,209,107,131,250,151,147,207
49,24,65,57,166,46,132,1,107,125
49,25,18,48,124,13,230,30,249,122
49,26,172,232,178,156,175,152,220,235
49,27,209,116,22,44,71,239,213,17
49,28,30,138,21,20,167,8,90,0
49,29,78,231,56,180,206,173,23,104
49,30,1,165,28,237,235,70,55,87
49,31,40,38,225,253,175,237,179,111
49,32,197,75,61,21,176,171,217,206
49,33,5,103,18,179,161,12,201,59
49,34,227,225,206,152,188,173,11,213
49,35,63,184,214,255,223,7,60,196
49,36,251,145,24,193,239,48,245,244
49,37,14,50,87,162,221,57,83,102
49,38,75,124,244,157,44,39,4,97
49,39,254,177,13,62,52,181,61,14
50,0,222,203,65,55,151,81,29,211
50,1,101,131,206,44,245,105,254,42
50,2,235,117,3,75,77,83,183,193
50,3,44,234,0,197,213,243,96,66
50,4,44,30,190,178,51,243,137,169
50,5,48,178,81,14,250,5,102,195
50,6,168,108,100,71,245,25,174,42
50,7,220,1,16,130,146,122,219,129
50,8,207,68,183,222,215,128,88,9
50,9,24,105,234,128,65,204,4,44
50,10,159,31,85,246,170,47,143,181
50,11,109,37,250,115,212,94,147,70
50,12,57,46,107,125,121,166,208,36
50,13,13,249,122,124,19,230,30,27
50,14,172,232,156,235,152,129,89,168
50,15,22,209,239,44,245,219,71,220
50,16,22,233,53,167,30,102,224,140
50,17,23,213,231,240,235,191,173,71
50,18,28,21,87,1,165,70,231,13
50,19,40,175,38,253,247,132,216,225
50,20,183,207,215,248,222,68,13,128
50,21,24,200,128,52,4,105,65,204
50,22,47,246,170,159,85,12,146,31
50,23,109,37,212,115,131,29,94,70
50,24,46,57,166,107,97,65,121,125
50,25,13,249,124,126,230,48,42,122
50,26,172,196,232,175,178,89,156,152
50,27,209,245,22,239,35,44,26,18
50,28,224,22,90,56,8,53,233,167
50,29,173,213,235,23,19,62,56,231
50,30,28,165,1,21,151,63,87,70
50,31,40,38,175,253,225,247,179,229
50,32,14,142,61,18,76,246,217,176
50,33,237,11,68,116,28,59,139,103
50,34,225,72,48,94,28,18,173,240
50,35,191,63,184,145,153,117,255,185
50,36,39,145,193,202,44,251,37,142
50,37,14,87,162,83,45,193,27,95
50,38,75,244,157,39,44,132,215,119
50,39,254,9,52,62,181,77,44,61
51,0,110,157,57,56,88,127,68,34
51,1,232,117,66,235,158,133,43,90
51,2,107,117,50,33,127,46,90,4
51,3,90,70,44,171,19,53,240,16
51,4,164,122,74,190,30,82,254,202
51,5,144,24,178,61,81,14,250,169
51,6,42,108,142,174,90,100,25,126
51,7,131,16,1,56,219,71,220,10
51,8,207,65,186,68,247,222,28,183
51,9,217,148,14,105,24,128,192,22
51,10,246,85,31,24,73,143,159,216
51,11,210,207,142,250,109,147,93,208
51,12,132,46,121,67,65,57,55,155
51,13,18,124,48,230,30,122,224,41
51,14,235,172,178,156,186,232,218,38
51,15,22,203,239,44,219,209,245,71
51,16,167,46,233,90,147,224,73,161
51,17,56,23,88,213,231,50,191,71
51,18,28,63,165,21,25,162,9,12
51,19,175,40,106,253,38,111,107,225
51,20,222,186,207,65,13,183,215,44
51,21,148,24,192,128,105,22,253,234
51,22,246,85,24,143,73,159,92,114
51,23,147,210,142,109,154,107,115,207
51,24,57,84,65,67,121,46,43,132
51,25,100,124,48,18,30,122,220,181
51,26,178,156,172,232,235,186,218,220
51,27,209,203,239,22,44,245,71,49
51,28,167,161,224,147,90,8,211,21
51,29,23,56,214,180,231,213,206,173
51,30,28,165,1,21,71,235,103,9
51,31,91,175,40,71,179,253,38,181
51,32,18,201,221,61,246,212,217,76
51,33,96,253,151,58,121,107,116,28
51,34,56,208,175,95,171,252,173,225
51,35,85,218,184,20,99,63,80,223
51,36,211,202,195,246,152,117,1,193
51,37,174,161,67,143,87,83,56,60
51,38,101,201,234,9,30,195,44,157
51,39,246,250,1,92,215,183,15,125
52,0,186,234,242,144,188,84,111,92
52,1,111,198,117,29,65,175,105,126
52,2,230,33,150,89,15,70,117,86
52,3,90,44,155,116,132,53,102,7
52,4,164,94,30,112,71,27,202,82
52,5,81,253,144,169,89,168,48,102
52,6,174,142,126,42,100,200,108,67
52,7,131,16,243,146,217,1,220,181
52,8,207,222,183,65,103,28,201,212
52,9,14,105,24,192,4,148,128,234
52,10,85,7,31,246,159,12,143,171
52,11,250,147,116,114,207,142,210,153
52,12,57,46,132,121,65,67,89,125
52,13,124,41,122,18,48,249,30,74
52,14,156,172,232,235,178,42,22,152
52,15,209,239,22,203,44,213,103,71
52,16,167,233,30,90,224,22,73,184
52,17,23,231,180,56,213,191,206,197
52,18,28,21,165,1,87,25,63,235
52,19,175,40,106,71,132,91,216,253
52,20,183,215,222,207,65,68,13,186
52,21,24,128,52,139,204,234,4,200
52,22,85,0,246,7,128,170,97,159
52,23,147,107,109,131,15,116,142,212
52,24,57,46,107,65,125,36,230,27
52,25,100,124,48,13,122,249,200,30
52,26,232,172,156,152,178,89,220,218
52,27,209,17,239,248,44,22,103,213
52,28,30,8,241,90,21,167,224,207
52,29,180,231,23,49,56,206,213,173
52,30,28,165,1,235,21,70,231,69
52,31,175,40,179,60,91,216,181,71
52,32,86,61,171,246,195,176,146,18
52,33,36,97,6,116,142,37,10,237
52,34,28,90,56,212,238,225,173,255
52,35,184,20,218,255,148,63,71,99
52,36,202,227,193,211,39,234,49,147
52,37,193,174,161,83,87,143,78,67
52,38,157,101,44,234,39,30,9,215
52,39,92,250,72,196,244,158,183,15
53,0,96,68,226,185,117,133,243,171
53,1,40,117,96,202,111,13,122,53
53,2,178,183,131,89,173,94,200,112
53,3,53,221,44,170,90,228,132,195
53,4,139,55,27,182,2,8,239,82
53,5,81,223,48,89,144,253,61,232
53,6,174,3,114,108,126,100,200,58
53,7,131,146,16,220,94,243,122,133
53,8,183,207,215,68,222,112,44,28
53,9,19,206,24,139,105,52,192,236
53,10,85,163,7,181,128,246,59,225
53,11,18,250,115,212,147,45,116,131
53,12,57,230,46,67,107,125,73,36
53,13,200,122,249,124,41,239,27,36
53,14,232,152,172,156,235,38,70,129
53,15,209,241,17,22,103,239,44,213
53,16,30,233,232,149,90,167,241,8
53,17,180,155,45,102,23,231,236,191
53,18,28,6,1,87,235,21,122,165
53,19,132,216,16,175,233,118,40,7
53,20,215,183,68,106,112,9,222,207
53,21,52,139,19,24,206,128,204,65
53,22,163,170,128,181,85,225,59,239
53,23,131,18,101,130,142,115,212,147
53,24,230,57,107,36,125,67,65,27
53,25,244,200,122,13,249,48,27,198
53,26,152,232,38,89,225,172,70,250
53,27,209,17,241,166,103,188,118,22
53,28,30,232,149,90,241,8,233,87
53,29,232,180,155,220,231,23,236,102
53,30,235,122,6,28,165,70,1,87
53,31,16,132,216,40,175,14,233,71
53,32,175,171,17,37,176,199,135,194
53,33,117,214,23,142,116,94,10,197
53,34,153,58,28,114,47,187,182,54
53,35,7,71,255,184,159,0,152,63
53,36,25,245,16,0,7,31,12,225
53,37,102,221,84,164,220,87,37,54
53,38,157,136,4,244,75,22,99,5
53,39,146,23,14,16,182,252,61,68
54,0,181,82,107,251,122,255,39,83
54,1,89,9,166,202,117,28,122,248
54,2,185,125,47,1,99,78,233,137
54,3,90,53,242,33,109,114,255,3
54,4,82,133,27,182,19,30,227,7
54,5,223,174,232,3,68,142,48,94
54,6,108,174,225,58,71,119,85,32
54,7,94,122,146,220,213,195,130,247
54,8,68,215,183,207,248,73,9,26
54,9,52,139,68,24,43,222,244,19
54,10,68,181,128,154,176,239,85,194
54,11,42,64,131,135,45,212,94,56
54,12,57,107,172,36,230,125,89,246
54,13,164,249,122,174,18,136,63,198
54,14,232,156,174,14,152,129,42,206
54,15,22,209,118,166,234,142,7,239
54,16,233,222,140,167,241,30,74,206
54,17,231,240,3,206,174,26,31,147
54,18,70,231,206,87,190,4,165,21
54,19,216,251,185,40,80,179,250,181
54,20,248,215,183,46,70,167,13,156
54,21,52,4,242,162,128,91,133,196
54,22,15,68,128,181,160,239,143,103
54,23,80,212,64,131,113,208,240,30
54,24,172,57,46,107,36,72,230,227
54,25,249,48,122,164,18,193,198,136
54,26,174,152,232,172,79,22,14,89
54,27,209,22,7,118,17,43,186,190
54,28,30,222,241,233,83,140,232,8
54,29,26,232,180,231,240,31,155,220
54,30,235,55,122,70,165,87,231,1
54,31,237,16,216,132,14,40,229,155
54,32,224,171,175,197,176,37,135,199
54,33,201,179,117,156,142,10,38,12
54,34,153,28,49,47,217,114,58,173
54,35,7,255,71,224,184,159,0,34
54,36,25,245,255,16,24,31,57,244
54,37,102,221,50,14,87,37,158,83
54,38,157,4,146,244,99,115,75,3
54,39,85,13,14,177,252,182,61,10
55,0,109,24,139,151,81,47,222,55
55,1,236,226,70,190,105,76,164,42
55,2,185,47,3,125,221,71,181,104
55,3,44,0,234,61,36,167,90,209
55,4,178,30,243,51,27,180,82,202
55,5,223,232,3,48,102,94,77,133
55,6,174,108,57,187,71,9,32,58
55,7,146,223,130,38,220,122,94,133
55,8,183,68,9,215,128,207,73,26
55,9,52,139,24,75,65,128,44,43
55,10,181,146,85,154,119,19,128,170
55,11,131,37,212,201,94,240,70,115
55,12,57,208,230,98,200,107,27,36
55,13,13,249,122,19,27,174,39,244
55,14,232,152,172,129,156,70,219,89
55,15,209,22,17,239,118,95,18,142
55,16,233,30,53,59,102,82,167,241
55,17,180,231,62,164,214,206,23,45
55,18,87,116,28,235,231,70,1,165
55,19,216,247,132,175,40,16,71,155
55,20,215,248,183,207,9,68,13,106
55,21,52,139,128,196,24,204,65,89
55,22,181,146,128,85,19,154,170,239
55,23,131,201,212,37,70,59,94,164
55,24,57,50,230,128,65,11,119,107
55,25,13,230,249,48,19,122,244,124
55,26,172,196,218,152,232,89,156,235
55,27,209,17,22,245,44,239,26,118
55,28,90,193,224,30,167,233,190,8
55,29,180,173,88,62,164,56,23,231
55,30,50,28,235,21,165,1,151,162
55,31,38,175,40,253,216,132,16,106
55,32,179,106,171,212,86,125,176,18
55,33,68,104,132,234,116,142,102,36
55,34,44,28,173,48,206,240,225,94
55,35,148,190,71,63,255,74,59,145
55,36,39,115,227,145,142,147,202,79
55,37,27,95,78,190,193,221,83,15
55,38,75,215,157,119,213,88,169,254
55,39,158,254,231,72,197,14,36,182
56,0,123,196,229,249,216,7,105,242
56,1,225,244,231,93,27,155,117,150
56,2,100,103,4,162,163,145,227,57
56,3,187,133,152,235,37,231,234,31
56,4,142,30,222,13,236,102,167,54
56,5,104,193,253,6,158,186,90,5
56,6,167,153,172,174,142,42,56,69
56,7,29,23,1,10,37,79,210,83
56,8,234,207,56,77,180,89,222,88
56,9,94,29,13,164,105,197,24,192
56,10,169,130,85,143,171,91,246,72
56,11,107,250,147,189,174,94,84,17
56,12,65,26,128,121,205,63,132,57
56,13,124,18,43,30,147,48,224,154
56,14,235,178,172,51,60,37,156,75
56,15,22,87,213,88,71,165,44,84
56,16,167,233,46,5,90,196,243,150
56,17,250,56,50,213,17,23,87,61
56,18,21,50,179,57,12,187,190,251
56,19,130,40,111,39,107,109,253,106
56,20,234,186,207,115,184,222,13,4
56,21,13,29,94,164,197,4,89,102
56,22,130,169,143,91,246,198,85,35
56,23,189,107,250,42,147,128,174,106
56,24,65,74,26,63,132,160,128,15
56,25,18,43,147,48,30,124,134,97
56,26,32,37,124,61,156,172,178,75
56,27,22,71,81,88,87,250,84,181
56,28,167,5,133,46,136,99,249,90
56,29,172,250,50,76,16,231,23,173
56,30,81,179,187,21,211,70,205,135
56,31,39,251,130,40,205,252,181,106
56,32,98,106,131,99,134,201,186,91
56,33,183,238,232,116,126,73,58,86
56,34,84,207,171,180,96,235,86,101
56,35,145,22,153,57,20,63,218,160
56,36,120,181,14,70,211,117,98,202
56,37,190,31,143,145,182,58,83,67
56,38,213,71,148,92,75,3,95,44
56,39,2,69,189,38,217,15,213,146
57,0,57,110,56,127,32,157,33,6
57,1,117,242,86,112,73,122,250,249
57,2,80,33,133,60,255,121,219,10
57,3,70,171,191,19,219,119,131,92
57,4,118,74,254,30,122,242,88,255
57,5,144,24,169,147,161,44,158,5
57,6,183,164,208,69,89,166,119,250
57,7,1,101,56,90,210,37,10,71
57,8,207,234,186,216,184,84,222,190
57,9,148,217,13,105,156,47,128,85
57,10,91,24,72,114,161,73,171,84
57,11,27,147,210,195,66,107,154,95
57,12,155,65,132,84,191,181,138,154
57,13,18,22,168,48,30,41,254,113
57,14,75,61,37,178,213,156,60,235
57,15,22,203,88,87,71,110,250,84
57,16,167,46,136,249,233,161,119,90
57,17,50,56,17,205,11,23,36,201
57,18,159,211,135,12,251,113,21,177
57,19,39,111,40,107,42,228,199,106
57,20,207,184,222,186,234,190,201,115
57,21,148,105,47,13,4,237,156,89
57,22,114,91,24,72,143,35,81,51
57,23,147,27,210,107,208,195,3,66
57,24,132,181,138,65,219,194,191,155
57,25,18,22,48,30,113,29,41,156
57,26,37,156,61,75,178,241,32,206
57,27,203,71,250,88,22,84,113,110
57,28,167,249,46,161,136,99,211,90
57,29,50,214,17,23,16,56,231,139
57,30,81,159,21,135,211,103,71,177
57,31,91,251,39,107,181,111,40,199
57,32,201,221,106,91,192,131,212,48
57,33,96,58,121,151,116,107,38,28
57,34,226,208,171,56,175,95,202,235
57,35,22,85,99,218,20,5,40,151
57,36,1,195,211,117,246,202,152,14
57,37,67,143,56,161,174,83,60,45
57,38,201,101,195,9,234,30,213,44
57,39,246,1,250,215,92,15,183,248
58,0,84,186,144,234,242,111,188,228
58,1,117,198,29,255,111,65,211,135
58,2,230,15,33,133,150,86,240,217
58,3,116,202,19,214,177,155,70,44
58,4,112,30,94,71,60,98,74,27
58,5,169,253,144,66,5,69,102,48
58,6,73,142,172,84,183,56,42,115
58,7,1,210,239,220,101,7,10,146
58,8,207,184,159,201,186,222,103,84
58,9,4,128,14,5,11,13,105,148
58,10,114,72,143,91,171,9,222,161
58,11,114,66,147,153,208,210,195,27
58,12,132,181,155,206,65,84,191,197
58,13,18,22,38,48,41,168,30,235
58,14,75,156,241,235,61,206,218,0
58,15,22,44,203,71,113,88,192,110
58,16,167,136,46,90,249,180,206,21
58,17,197,50,56,205,218,17,231,206
58,18,12,190,211,21,159,113,135,165
58,19,111,91,39,251,107,40,178,42
58,20,184,207,201,159,186,88,222,124
58,21,4,14,105,128,96,89,5,11
58,22,114,143,35,72,0,51,81,84
58,23,208,66,147,114,153,210,195,95
58,24,181,206,132,138,65,95,19,219
58,25,18,48,22,30,41,38,156,123
58,26,37,156,75,206,61,220,178,186
58,27,44,22,71,113,250,123,84,207
58,28,167,99,249,21,136,188,90,161
58,29,50,206,56,139,7,17,23,218
58,30,81,190,103,70,211,12,21,238
58,31,91,251,71,107,111,39,51,252
58,32,195,201,91,62,221,40,106,21
58,33,6,97,37,58,116,38,168,121
58,34,212,95,81,255,171,90,52,70
58,35,99,39,20,145,151,22,196,61
58,36,117,234,49,0,193,8,202,211
58,37,193,15,220,83,84,241,90,209
58,38,44,126,213,250,101,80,97,139
58,39,72,23,244,15,183,36,68,9
59,0,250,2,50,242,133,177,84,223
59,1,40,195,83,117,219,68,96,221
59,2,120,173,212,157,23,236,230,118
59,3,66,213,236,155,202,234,101,44
59,4,239,51,30,60,37,93,213,178
59,5,27,115,144,253,66,250,5,2
59,6,172,142,136,200,73,178,107,59
59,7,1,239,79,210,161,7,10,95
59,8,207,222,88,201,103,69,212,80
59,9,14,128,5,47,105,227,145,4
59,10,114,9,91,72,171,222,117,51
59,11,247,147,95,103,114,208,209,107
59,12,132,43,181,191,7,155,65,95
59,13,18,48,41,38,113,22,30,140
59,14,37,75,156,61,218,159,60,119
59,15,44,22,71,250,203,88,113,84
59,16,46,136,249,167,90,80,253,0
59,17,17,50,56,197,23,218,88,205
59,18,71,135,211,113,12,103,21,251
59,19,111,107,40,39,66,228,199,42
59,20,222,207,190,201,184,69,65,186
59,21,105,237,14,215,47,4,234,89
59,22,114,91,143,72,81,85,0,35
59,23,208,107,247,147,255,66,3,95
59,24,43,181,132,65,219,194,206,138
59,25,140,18,48,30,113,22,51,41
59,26,37,156,220,61,178,83,159,93
59,27,250,71,44,22,21,113,239,84
59,28,249,253,136,21,99,46,161,55
59,29,17,56,206,230,78,23,201,218
59,30,135,71,81,177,103,251,165,28
59,31,91,71,66,107,111,251,199,40
59,32,91,201,106,159,86,246,195,61
59,33,6,244,116,58,107,75,97,54
59,34,56,227,171,28,252,255,5,81
59,35,218,20,92,22,61,145,236,99
59,36,202,211,234,152,39,246,117,248
59,37,143,174,161,48,83,67,126,158
59,38,101,234,30,9,44,213,97,179
59,39,165,15,92,179,250,246,1,235
60,0,96,233,93,117,226,80,171,245
60,1,120,57,230,206,183,2,92,227
60,2,75,65,118,63,244,173,84,174
60,3,122,148,236,21,91,213,170,162
60,4,20,119,60,55,239,71,254,37
60,5,144,27,253,194,250,5,66,61
60,6,172,200,142,90,55,59,73,178
60,7,1,181,56,79,210,239,37,7
60,8,207,222,69,88,103,84,201,190
60,9,47,105,14,54,178,201,237,215
60,10,91,24,171,72,114,81,55,22
60,11,147,247,250,3,255,107,66,210
60,12,43,132,65,194,154,191,181,205
60,13,18,113,140,30,48,70,41,22
60,14,37,159,61,178,60,75,156,119
60,15,22,250,71,135,88,213,44,203
60,16,46,136,167,253,80,90,249,0
60,17,17,56,201,50,230,197,218,101
60,18,135,251,71,165,211,12,113,177
60,19,40,111,107,39,228,42,199,71
60,20,222,184,190,207,19,65,201,186
60,21,47,237,105,24,234,4,128,146
60,22,91,143,187,81,114,24,72,85
60,23,3,107,147,66,255,208,247,196
60,24,43,65,181,219,194,132,206,95
60,25,18,113,48,30,140,175,26,29
60,26,37,156,83,61,178,220,159,186
60,27,250,71,22,203,135,113,213,84
60,28,21,249,46,161,54,253,136,167
60,29,17,206,56,201,218,230,23,236
60,30,135,71,165,177,103,251,28,81
60,31,91,107,71,111,199,66,251,40
60,32,91,89,201,221,17,246,106,159
60,33,105,244,107,58,116,121,96,248
60,34,81,56,171,252,208,95,12,28
60,35,218,22,20,132,92,61,99,236
60,36,202,211,246,152,253,117,193,195
60,37,174,143,161,67,48,158,83,60
60,38,101,234,30,9,44,97,213,126
60,39,246,250,1,248,15,92,203,125
61,0,186,242,144,210,234,155,188,84
61,1,117,42,79,198,84,95,122,105
61,2,230,84,150,86,33,13,92,159
61,3,44,155,148,162,234,213,19,66
61,4,112,94,30,98,192,218,27,71
61,5,165,144,253,202,5,102,48,158
61,6,142,126,59,172,200,232,154,56
61,7,181,243,37,1,35,208,90,239
61,8,207,222,190,19,88,186,69,220
61,9,47,14,54,105,237,215,128,73
61,10,91,81,85,171,114,187,72,207
61,11,153,147,10,255,3,95,250,212
61,12,194,219,132,65,181,205,229,155
61,13,140,113,18,48,30,175,41,38
61,14,37,61,156,119,159,178,218,60
61,15,250,248,22,71,88,84,239,203
61,16,46,253,136,249,80,90,66,167
61,17,17,197,56,201,206,50,88,23
61,18,135,71,21,251,211,177,73,113
61,19,66,107,71,111,40,253,91,42
61,20,222,190,207,186,65,13,19,199
61,21,105,237,14,215,47,54,234,4
61,22,0,85,187,114,91,81,143,72
61,23,153,15,10,3,255,147,212,116
61,24,219,65,181,194,205,206,132,46
61,25,140,18,48,30,113,22,41,19
61,26,37,83,156,178,220,61,218,172
61,27,250,248,71,22,21,84,239,146
61,28,249,46,90,253,21,230,136,207
61,29,56,17,201,206,230,23,236,231
61,30,135,69,177,50,28,251,165,103
61,31,66,71,60,107,40,111,51,106
61,32,86,195,91,201,106,61,146,179
61,33,189,36,37,6,97,116,104,217
61,34,90,212,28,255,44,171,238,95
61,35,22,49,145,190,20,148,92,3
61,36,147,234,39,227,0,115,14,117
61,37,220,27,193,48,78,83,84,143
61,38,215,101,139,44,75,126,251,97
61,39,224,23,158,15,241,72,197,146
62,0,117,226,233,96,171,128,102,93
62,1,40,209,96,13,120,171,94,222
62,2,39,33,169,36,128,120,252,80
62,3,44,91,109,188,234,246,155,66
62,4,55,218,192,98,119,2,71,112
62,5,165,144,194,168,253,158,137,81
62,6,59,142,126,90,200,154,174,3
62,7,181,243,37,208,1,239,133,71
62,8,112,207,222,190,69,84,201,103
62,9,237,19,47,178,105,54,14,215
62,10,91,163,81,85,171,143,114,187
62,11,18,10,147,255,3,153,116,102
62,12,194,205,121,65,132,67,73,181
62,13,18,30,200,113,140,74,48,226
62,14,37,178,186,61,159,60,175,235
62,15,22,101,250,219,99,113,88,84
62,16,46,233,253,167,249,66,90,161
62,17,56,17,50,201,23,130,83,217
62,18,113,12,165,9,28,211,249,21
62,19,111,107,151,40,106,221,175,39
62,20,112,222,186,190,207,88,201,184
62,21,237,19,105,234,192,178,47,14
62,22,91,143,163,73,85,92,81,195
62,23,18,147,3,53,142,153,224,107
62,24,65,194,181,205,132,57,222,200
62,25,18,30,48,140,51,41,254,226
62,26,37,178,83,156,61,186,38,24
62,27,99,250,113,22,71,84,101,253
62,28,249,46,253,90,167,0,207,21
62,29,56,17,201,155,23,230,236,85
62,30,135,165,50,232,103,28,251,211
62,31,107,106,111,71,40,66,51,251
62,32,89,17,91,86,106,21,61,201
62,33,105,116,107,143,6,117,244,214
62,34,28,56,252,12,58,171,90,95
62,35,218,22,20,145,61,132,190,3
62,36,253,202,211,0,246,248,152,117
62,37,220,174,161,143,48,67,83,60
62,38,101,136,234,30,44,9,126,97
62,39,23,241,15,92,248,201,1,246
63,0,110,57,165,50,59,157,44,221
63,1,95,166,190,98,154,253,48,165
63,2,39,33,36,13,169,159,238,251
63,3,70,44,19,246,188,109,166,75
63,4,55,138,2,60,192,218,180,30
63,5,24,144,3,165,168,250,253,158
63,6,59,142,77,174,69,128,42,250
63,7,37,133,1,90,243,10,71,83
63,8,207,222,190,186,84,184,69,19
63,9,148,237,47,105,54,14,234,24
63,10,73,91,92,143,85,81,171,42
63,11,154,210,147,10,255,254,93,94
63,12,121,84,65,205,18,194,208,107
63,13,18,30,48,124,133,148,19,13
63,14,37,178,186,60,61,156,235,75
63,15,22,71,101,219,88,203,135,113
63,16,161,167,46,233,90,249,200,253
63,17,56,130,214,17,201,23,50,205
63,18,113,165,9,21,28,25,211,12
63,19,106,107,175,40,111,144,155,39
63,20,222,186,207,190,184,202,201,13
63,21,148,24,192,234,128,22,237,105
63,22,73,92,143,91,85,114,35,42
63,23,154,147,210,116,201,255,94,212
63,24,84,65,57,132,194,148,181,19
63,25,18,30,48,41,22,51,140,113
63,26,37,178,61,156,203,75,186,83
63,27,203,250,22,113,71,84,88,135
63,28,193,249,46,99,167,136,176,94
63,29,88,214,56,17,173,49,231,50
63,30,50,162,165,81,28,103,135,232
63,31,40,111,107,252,39,251,71,51
63,32,86,106,179,91,201,21,159,131
63,33,96,104,6,116,36,132,151,177
63,34,28,238,44,90,171,95,206,242
63,35,190,148,20,74,22,49,145,61
63,36,39,227,147,115,211,202,234,117
63,37,27,78,143,193,48,83,15,190
63,38,215,139,44,101,119,75,251,97
63,39,158,72,75,15,122,197,179,224
64,0,97,113,166,142,205,210,213,176
64,1,34,111,26,117,62,59,187,105
64,2,162,15,35,135,120,39,59,146
64,3,211,31,37,46,135,84,146,250
64,4,161,167,65,14,30,251,13,170
64,5,104,161,253,144,158,204,236,76
64,6,59,167,142,200,172,126,42,154
64,7,91,29,37,1,10,133,79,23
64,8,207,33,69,56,222,84,186,190
64,9,39,94,13,29,47,237,105,215
64,10,91,171,114,81,85,130,72,187
64,11,20,107,147,255,3,250,236,10
64,12,132,205,26,128,65,194,63,7
64,13,18,113,43,74,140,30,48,28
64,14,37,61,51,75,178,159,60,32
64,15,65,250,88,22,71,213,87,84
64,16,46,167,249,136,233,80,0,5
64,17,56,17,50,61,166,205,193,16
64,18,148,50,187,113,211,12,135,251
64,19,107,111,130,40,39,42,228,178
64,20,33,222,186,207,184,190,115,212
64,21,39,29,94,237,13,47,105,4
64,22,143,91,114,81,72,83,85,130
64,23,20,107,3,147,255,243,208,106
64,24,181,132,65,63,26,222,205,194
64,25,18,48,43,30,29,140,22,113
64,26,37,156,75,61,14,124,178,32
64,27,65,250,71,113,22,88,84,135
64,28,96,99,167,136,5,249,188,46
64,29,50,172,17,56,139,61,23,231
64,30,148,81,103,187,135,70,251,165
64,31,130,251,39,111,107,252,91,40
64,32,99,106,113,201,91,131,21,238
64,33,190,232,104,116,58,41,107,38
64,34,88,97,161,34,56,171,252,55
64,35,20,145,218,99,74,61,22,39
64,36,207,202,39,211,120,49,246,248
64,37,27,190,67,143,174,161,15,60
64,38,71,234,44,30,9,80,97,101
64,39,72,69,92,250,244,15,183,139
65,0,66,6,46,233,63,202,106,110
65,1,112,250,191,117,86,118,158,128
65,2,198,87,121,147,22,134,133,76
65,3,146,202,226,214,19,234,75,255
65,4,155,251,118,242,30,139,65,74
65,5,254,67,100,161,31,18,44,144
65,6,114,200,59,175,142,3,167,42
65,7,91,66,44,2,1,79,10,37
65,8,207,38,49,35,69,186,88,212
65,9,240,13,14,156,237,47,215,98
65,10,114,253,51,171,72,167,222,91
65,11,49,142,79,156,236,20,255,195
65,12,67,19,132,7,181,43,154,206
65,13,18,48,76,22,113,28,142,29
65,14,37,38,241,75,218,156,186,61
65,15,250,76,22,113,71,207,192,88
65,16,136,119,167,46,188,90,249,0
65,17,56,17,50,114,102,88,139,23
65,18,215,214,12,148,190,251,135,103
65,19,107,111,252,40,42,71,228,39
65,20,49,222,35,124,69,190,207,201
65,21,240,47,14,237,105,234,54,4
65,22,114,143,51,253,91,81,72,85
65,23,49,79,156,3,20,255,142,84
65,24,132,194,222,138,19,181,67,65
65,25,76,51,18,48,142,195,113,22
65,26,37,156,241,39,186,75,61,169
65,27,250,76,22,207,71,113,123,21
65,28,119,45,99,167,136,249,21,46
65,29,114,17,50,56,139,23,206,7
65,30,215,214,135,148,251,81,73,103
65,31,107,40,71,91,252,120,42,251
65,32,139,116,106,158,201,61,62,91
65,33,182,6,232,116,58,168,36,41
65,34,205,34,12,238,95,97,171,28
65,35,132,49,20,151,99,218,145,148
65,36,252,172,227,117,147,193,39,211
65,37,83,193,48,15,78,27,143,250
65,38,44,139,215,126,97,75,101,213
65,39,15,72,158,125,244,203,27,165
66,0,69,250,98,136,140,50,218,110
66,1,230,79,44,157,37,134,227,211
66,2,87,134,147,198,76,194,72,133
66,3,177,226,214,202,30,234,105,227
66,4,251,118,155,54,242,139,30,133
66,5,254,67,100,31,12,161,250,144
66,6,114,175,59,200,3,19,142,42
66,7,66,91,2,44,79,1,56,37
66,8,35,207,49,88,69,103,65,212
66,9,240,47,14,98,156,215,145,237
66,10,253,114,171,51,161,167,72,168
66,11,49,142,156,195,79,255,236,207
66,12,67,19,95,132,206,154,59,43
66,13,18,76,22,48,142,113,111,195
66,14,38,37,241,75,218,156,93,0
66,15,76,250,22,113,71,99,207,88
66,16,119,136,45,167,46,188,90,95
66,17,102,17,56,88,114,50,139,7
66,18,215,214,148,135,251,190,103,232
66,19,107,111,71,252,40,228,66,178
66,20,222,35,190,124,69,184,49,4
66,21,240,237,47,105,14,234,4,54
66,22,143,91,114,253,81,85,31,51
66,23,49,3,156,101,255,208,79,248
66,24,222,132,203,194,43,181,65,19
66,25,142,76,51,18,48,195,30,113
66,26,37,156,186,61,39,75,178,241
66,27,250,76,22,113,71,142,21,207
66,28,119,45,249,21,99,231,46,167
66,29,56,17,206,23,139,230,50,7
66,30,135,165,103,251,215,211,148,177
66,31,107,40,71,91,120,66,111,251
66,32,116,91,75,217,106,158,61,21
66,33,6,182,116,232,58,244,36,107
66,34,205,34,238,171,56,28,252,97
66,35,218,20,132,61,148,22,145,3
66,36,227,202,211,193,117,39,172,147
66,37,174,143,161,48,83,27,67,78
66,38,101,44,234,30,215,9,126,97
66,39,158,15,72,165,92,250,125,23
67,0,233,117,226,96,80,171,133,10
67,1,79,227,120,230,157,37,87,29
67,2,72,147,76,194,0,39,201,134
67,3,162,213,148,91,170,122,171,221
67,4,55,244,119,139,251,60,105,2
67,5,27,114,194,144,18,12,250,165
67,6,90,59,19,114,200,142,174,175
67,7,181,66,44,2,56,133,1,37
67,8,216,35,49,112,69,207,103,88
67,9,178,47,240,14,237,19,217,105
67,10,253,114,163,91,167,51,171,161
67,11,49,142,79,18,255,207,247,236
67,12,43,154,67,59,181,132,136,19
67,13,18,76,116,195,22,140,48,113
67,14,37,93,61,38,75,156,241,218
67,15,76,99,250,22,113,71,137,207
67,16,54,46,136,45,167,249,90,253
67,17,56,17,102,50,114,7,139,23
67,18,135,215,12,251,214,177,113,211
67,19,107,40,111,228,71,42,39,199
67,20,222,190,184,124,35,69,112,49
67,21,47,178,237,105,24,234,240,4
67,22,91,143,81,163,195,114,31,85
67,23,3,49,101,255,142,208,53,247
67,24,43,222,194,132,181,59,219,65
67,25,18,142,51,48,175,30,76,181
67,26,37,156,61,186,178,75,218,39
67,27,250,22,76,71,113,99,135,137
67,28,21,249,231,54,45,253,46,161
67,29,56,17,206,23,139,230,50,231
67,30,135,251,103,165,71,211,177,215
67,31,107,91,71,40,120,111,251,199
67,32,89,17,91,21,217,61,201,62
67,33,105,244,107,116,58,214,28,23
67,34,12,56,81,252,171,95,34,21
67,35,132,218,20,22,61,3,223,99
67,36,202,211,253,246,193,152,117,248
67,37,161,174,143,67,83,48,60,158
67,38,101,234,30,44,9,126,97,213
67,39,246,250,1,248,15,92,125,203
68,0,186,234,242,144,210,188,111,92
68,1,165,109,198,95,217,52,79,117
68,2,150,13,86,92,147,230,72,159
68,3,44,155,66,213,218,177,202,19
68,4,112,94,30,98,71,51,158,192
68,5,48,168,165,194,12,18,66,144
68,6,154,142,174,172,59,200,126,232
68,7,181,243,66,1,146,220,239,37
68,8,184,222,207,124,69,49,183,80
68,9,237,5,47,4,14,102,105,145
68,10,9,143,7,91,5,140,81,85
68,11,15,153,208,207,10,255,3,103
68,12,206,95,132,222,181,59,194,219
68,13,116,76,18,155,48,140,195,22
68,14,220,37,156,218,186,61,42,14
68,15,123,250,22,76,21,239,71,203
68,16,21,46,45,54,249,33,253,167
68,17,206,56,50,17,197,23,231,7
68,18,211,165,73,113,135,215,12,190
68,19,107,111,71,40,42,178,175,66
68,20,184,222,190,154,65,207,204,13
68,21,237,105,47,128,4,5,14,24
68,22,143,91,85,81,0,31,5,140
68,23,15,208,153,3,97,255,103,119
68,24,194,206,222,95,47,181,65,132
68,25,18,48,30,133,140,254,76,51
68,26,37,220,156,186,178,218,61,74
68,27,250,22,76,21,123,71,248,142
68,28,21,45,90,55,167,249,253,54
68,29,206,56,17,23,231,126,236,179
68,30,165,69,215,135,251,211,103,12
68,31,60,107,71,111,66,40,51,91
68,32,195,61,86,91,217,146,21,106
68,33,36,37,189,97,181,217,116,6
68,34,90,212,28,255,249,188,171,187
68,35,44,49,22,20,3,99,185,63
68,36,147,234,0,172,227,193,117,138
68,37,193,220,84,196,83,68,250,186
68,38,139,132,87,196,44,75,191,206
68,39,224,23,127,15,151,66,241,235
69,0,52,250,198,96,194,116,102,131
69,1,165,96,40,179,177,109,52,209
69,2,178,173,13,62,197,232,159,209
69,3,44,247,155,202,113,179,66,60
69,4,94,112,55,98,51,30,2,71
69,5,168,115,81,48,12,2,165,172
69,6,142,154,174,172,126,59,200,92
69,7,243,66,181,146,4,239,208,1
69,8,222,207,69,247,49,190,186,199
69,9,237,22,47,4,14,105,128,54
69,10,91,85,143,9,5,31,81,7
69,11,153,10,103,3,15,255,84,186
69,12,132,222,194,205,186,121,46,59
69,13,18,140,76,30,195,133,175,48
69,14,37,61,186,156,178,172,218,159
69,15,22,250,239,71,137,219,76,84
69,16,46,253,249,45,167,90,21,77
69,17,56,206,17,50,201,213,78,23
69,18,165,177,12,113,211,135,73,9
69,19,107,71,111,253,40,106,91,70
69,20,222,190,207,13,186,154,184,49
69,21,237,105,47,14,89,192,5,22
69,22,91,216,85,143,0,81,246,195
69,23,3,59,116,153,255,15,231,250
69,24,128,205,65,222,119,194,132,59
69,25,76,30,18,195,19,48,140,97
69,26,37,218,93,156,61,40,178,186
69,27,76,22,250,71,113,84,129,248
69,28,45,193,21,90,167,82,99,230
69,29,56,88,255,49,206,23,157,17
69,30,165,215,50,162,214,148,12,251
69,31,107,71,111,60,252,51,40,66
69,32,86,61,179,106,139,217,146,148
69,33,6,36,189,104,116,97,37,137
69,34,44,28,90,238,212,182,109,232
69,35,148,190,49,145,74,20,3,22
69,36,39,227,115,172,234,147,19,191
69,37,27,78,165,169,126,250,186,101
69,38,215,104,169,251,119,75,205,3
69,39,158,75,179,155,117,218,224,163
70,0,97,113,166,142,123,205,210,150
70,1,59,34,64,26,199,158,105,216
70,2,35,252,147,146,205,24,17,227
70,3,211,146,132,37,31,46,162,59
70,4,161,167,14,67,251,131,30,219
70,5,12,104,186,204,66,235,6,21
70,6,175,167,174,172,154,59,142,18
70,7,66,91,29,1,239,37,146,136
70,8,207,33,222,49,88,69,247,183
70,9,39,24,237,105,29,94,234,47
70,10,85,143,91,246,187,243,81,171
70,11,42,250,84,147,56,135,94,115
70,12,57,121,132,205,107,46,65,18
70,13,18,41,181,122,124,30,175,249
70,14,156,232,235,178,14,60,42,172
70,15,22,209,239,166,71,118,219,234
70,16,233,167,74,8,30,140,0,90
70,17,231,23,56,3,50,147,138,71
70,18,21,28,206,87,1,70,165,12
70,19,181,40,175,111,106,216,107,160
70,20,222,215,183,207,248,13,156,167
70,21,4,24,236,162,204,128,13,231
70,22,160,85,97,128,143,246,181,15
70,23,80,212,147,131,225,94,240,184
70,24,57,46,107,53,227,125,98,65
70,25,249,48,122,41,18,181,124,30
70,26,232,156,178,22,174,172,89,152
70,27,209,22,118,239,236,65,43,234
70,28,74,8,30,140,167,241,222,224
70,29,231,150,23,173,240,213,180,3
70,30,28,21,231,1,206,70,189,157
70,31,179,216,181,40,106,191,245,175
70,32,33,61,148,176,131,171,106,113
70,33,192,10,116,190,38,242,29,248
70,34,16,235,88,34,171,70,161,225
70,35,255,184,55,73,63,20,161,145
70,36,207,172,244,193,223,42,139,252
70,37,87,45,190,165,127,83,250,27
70,38,75,71,44,206,67,134,3,161
70,39,179,139,69,254,196,235,162,228
71,0,22,6,66,46,106,63,85,110
71,1,112,158,250,86,223,189,117,191
71,2,61,198,147,22,59,64,108,200
71,3,162,146,226,9,236,98,124,40
71,4,67,251,167,242,118,30,72,14
71,5,67,254,12,100,172,10,161,44
71,6,167,175,142,154,61,200,129,174
71,7,44,66,91,2,10,79,242,23
71,8,33,207,164,35,49,57,88,69
71,9,240,13,132,14,155,98,105,217
71,10,248,114,253,171,72,5,91,63
71,11,49,20,36,203,236,255,107,147
71,12,132,222,7,19,59,26,205,65
71,13,142,33,18,113,48,140,76,72
71,14,37,147,241,61,93,75,156,218
71,15,250,71,22,99,113,88,96,84
71,16,46,136,249,54,188,156,90,80
71,17,56,17,50,110,102,45,166,36
71,18,103,12,251,71,232,113,190,135
71,19,111,120,107,40,252,42,39,228
71,20,207,35,33,222,201,184,88,186
71,21,240,47,5,13,237,14,4,178
71,22,114,143,91,81,253,72,85,63
71,23,49,3,107,20,36,208,255,103
71,24,222,181,43,132,65,100,59,194
71,25,18,142,48,29,123,51,113,30
71,26,37,156,75,61,9,241,178,93
71,27,250,71,113,22,142,192,88,123
71,28,21,136,99,249,167,156,46,253
71,29,110,17,50,56,139,206,7,230
71,30,103,135,71,112,251,81,165,12
71,31,120,111,91,107,251,71,40,39
71,32,201,238,158,91,21,113,40,159
71,33,73,6,244,232,107,116,58,41
71,34,56,252,34,97,161,171,21,102
71,35,218,61,20,145,92,22,3,132
71,36,202,211,248,152,246,117,181,120
71,37,161,174,143,67,60,135,48,83
71,38,234,30,9,44,101,126,97,3
71,39,165,92,72,250,15,125,179,1
72,0,233,117,226,171,202,153,125,80
72,1,120,79,117,189,122,242,227,226
72,2,76,108,194,61,201,72,43,222
72,3,148,236,91,171,162,122,214,194
72,4,119,55,254,105,244,60,242,98
72,5,27,114,194,12,144,18,3,158
72,6,19,90,59,200,154,142,174,198
72,7,181,66,1,44,37,56,242,239
72,8,207,35,216,69,222,112,33,103
72,9,178,47,237,105,14,215,149,23
72,10,91,171,24,5,182,214,114,161
72,11,255,147,238,230,210,247,3,49
72,12,154,43,132,194,214,181,65,205
72,13,18,72,116,30,142,140,113,48
72,14,37,75,61,156,178,60,159,186
72,15,22,71,250,88,113,135,99,108
72,16,46,167,136,90,54,253,233,249
72,17,56,17,50,23,205,36,7,231
72,18,135,251,165,12,103,211,190,113
72,19,111,40,42,107,39,228,71,87
72,20,184,201,222,207,88,19,186,107
72,21,47,5,4,102,113,178,234,146
72,22,143,91,81,187,140,114,24,236
72,23,3,107,255,208,147,103,66,101
72,24,181,43,65,132,219,59,222,254
72,25,18,48,140,123,30,175,51,113
72,26,37,156,61,75,220,206,178,14
72,27,250,71,22,142,99,113,123,135
72,28,21,54,46,167,249,231,136,161
72,29,206,56,17,218,50,139,230,236
72,30,71,103,135,165,251,70,221,12
72,31,91,111,199,107,251,71,40,120
72,32,89,17,91,201,21,40,221,62
72,33,105,244,107,58,116,121,214,248
72,34,56,12,81,252,95,171,208,21
72,35,132,218,20,61,22,92,236,3
72,36,202,211,246,253,152,117,248,193
72,37,174,161,67,143,83,60,48,158
72,38,234,30,9,44,101,126,97,213
72,39,250,246,248,92,1,15,125,203
73,0,210,186,144,242,234,111,188,84
73,1,217,95,198,79,211,117,59,42
73,2,13,150,86,76,230,92,194,159
73,3,44,155,177,202,66,214,218,148
73,4,112,30,94,98,71,133,60,158
73,5,2,27,194,81,18,48,66,144
73,6,200,19,142,154,172,126,174,73
73,7,181,243,239,37,1,220,32,76
73,8,207,222,103,65,69,80,88,201
73,9,5,14,145,128,120,4,227,237
73,10,9,114,91,253,5,222,171,143
73,11,153,247,255,238,207,147,208,3
73,12,43,132,59,95,181,65,117,222
73,13,72,18,48,140,116,113,142,123
73,14,156,37,75,61,241,119,186,14
73,15,250,71,22,113,192,88,84,123
73,16,46,167,136,54,249,90,0,21
73,17,56,50,197,17,206,139,236,23
73,18,71,135,12,190,251,103,165,232
73,19,111,71,42,228,107,40,199,39
73,20,201,184,207,88,65,222,103,13
73,21,47,14,5,102,4,105,63,237
73,22,143,114,140,81,5,91,0,204
73,23,255,3,247,103,66,147,208,153
73,24,181,43,206,132,65,222,59,219
73,25,48,123,140,18,51,113,228,30
73,26,156,220,37,93,206,75,169,61
73,27,142,71,250,192,123,22,135,13
73,28,21,54,46,99,249,167,33,161
73,29,206,56,139,17,7,187,218,230
73,30,71,251,103,70,165,135,12,69
73,31,71,111,91,199,107,42,251,170
73,32,195,201,40,91,62,221,86,21
73,33,6,244,97,107,37,116,105,58
73,34,212,90,255,95,56,252,81,171
73,35,132,49,20,218,236,92,61,99
73,36,234,202,211,246,152,117,0,172
73,37,161,174,158,143,60,83,135,220
73,38,234,30,9,44,126,101,97,39
73,39,23,165,92,250,15,224,179,72
74,0,153,51,198,49,22,5,85,194
74,1,157,40,227,234,16,206,96,137
74,2,13,16,159,108,56,84,115,75
74,3,148,247,213,98,132,113,204,199
74,4,119,112,98,71,55,30,231,85
74,5,27,194,67,2,18,144,254,250
74,6,200,142,172,154,19,198,55,174
74,7,181,56,239,1,37,44,32,133
74,8,207,69,33,88,222,184,103,201
74,9,14,132,237,5,145,105,47,4
74,10,24,114,91,5,222,171,51,7
74,11,247,255,3,147,208,66,145,238
74,12,43,132,154,65,95,59,181,206
74,13,18,123,116,48,254,140,228,30
74,14,75,156,14,37,60,61,218,169
74,15,22,71,135,192,250,63,209,113
74,16,167,46,95,233,90,21,253,33
74,17,50,56,139,187,17,23,7,230
74,18,135,165,251,12,190,238,103,215
74,19,111,71,42,230,228,40,113,178
74,20,201,184,88,207,222,19,13,124
74,21,102,4,146,5,231,234,24,43
74,22,143,140,81,31,5,204,7,24
74,23,103,3,255,250,147,66,247,208
74,24,181,132,219,65,43,59,222,58
74,25,48,228,123,18,140,51,30,175
74,26,220,156,206,14,37,75,83,153
74,27,142,22,192,71,135,250,123,113
74,28,21,231,54,33,167,23,186,90
74,29,206,56,139,110,17,7,187,218
74,30,71,70,221,251,135,103,112,165
74,31,199,111,71,91,107,120,251,42
74,32,40,91,221,246,89,201,238,62
74,33,244,105,107,248,116,73,58,41
74,34,81,56,252,95,97,34,171,208
74,35,132,20,92,218,236,61,99,161
74,36,202,246,152,211,117,42,253,193
74,37,158,161,174,143,60,83,67,135
74,38,234,30,9,44,101,126,97,39
74,39,250,246,248,1,92,15,220,203
75,0,242,186,144,234,155,152,60,224
75,1,198,165,109,173,105,135,52,84
75,2,92,86,150,84,76,56,16,108
75,3,155,148,66,44,202,159,218,220
75,4,30,94,112,51,203,60,98,158
75,5,115,165,2,194,48,144,202,93
75,6,154,232,142,172,19,92,204,55
75,7,181,1,37,243,239,220,171,79
75,8,222,207,159,88,80,124,19,201
75,9,5,47,14,102,237,4,215,128
75,10,81,9,91,5,171,114,187,143
75,11,255,153,3,147,238,103,145,10
75,12,132,95,194,219,181,59,115,206
75,13,18,140,72,113,48,116,123,175
75,14,37,156,75,61,14,159,60,218
75,15,22,71,250,248,123,135,192,63
75,16,46,21,167,54,253,90,33,20
75,17,206,236,50,56,17,197,139,230
75,18,135,165,238,190,251,103,69,12
75,19,111,71,42,51,228,40,178,230
75,20,201,207,88,159,19,222,184,124
75,21,5,47,14,102,120,4,43,107
75,22,143,140,9,0,81,5,204,114
75,23,153,3,103,15,255,107,130,66
75,24,65,95,181,132,59,205,222,219
75,25,48,18,123,113,140,30,175,51
75,26,93,83,220,75,37,235,156,206
75,27,248,71,142,22,135,233,192,250
75,28,21,167,54,90,230,46,20,186
75,29,206,236,56,50,139,7,173,187
75,30,69,238,70,165,12,251,190,103
75,31,111,71,51,60,251,40,42,107
75,32,146,195,40,86,194,21,201,91
75,33,97,12,37,94,75,36,116,217
75,34,212,187,90,188,255,19,206,28
75,35,49,214,20,3,145,92,212,255
75,36,0,234,193,8,147,117,239,129
75,37,220,145,84,241,83,90,57,147
75,38,44,250,126,86,97,22,213,244
75,39,23,241,68,52,16,252,145,15
76,0,78,136,56,89,18,241,33,68
76,1,40,166,6,183,165,209,234,96
76,2,138,178,197,209,2,206,125,120
76,3,153,247,50,179,169,229,232,174
76,4,253,60,156,30,234,98,2,82
76,5,19,174,194,48,202,250,142,221
76,6,232,204,25,154,172,126,200,55
76,7,1,220,167,243,239,169,37,202
76,8,157,207,222,184,201,88,159,124
76,9,5,14,47,4,200,24,102,105
76,10,12,68,143,171,91,114,81,31
76,11,64,255,3,207,130,145,208,156
76,12,132,95,136,154,206,181,117,65
76,13,42,18,137,48,123,113,116,254
76,14,60,156,14,75,235,37,159,218
76,15,22,71,135,209,192,250,63,110
76,16,167,46,20,21,90,233,170,136
76,17,185,206,101,56,50,36,147,187
76,18,165,72,238,190,251,70,135,12
76,19,111,71,40,42,39,14,228,251
76,20,207,201,157,184,88,19,222,186
76,21,5,102,4,14,47,24,89,107
76,22,12,143,68,140,204,187,31,100
76,23,64,3,156,103,208,207,107,184
76,24,181,95,132,65,206,46,59,58
76,25,42,18,48,123,175,249,113,200
76,26,14,156,172,220,206,52,235,16
76,27,71,142,22,135,209,116,63,192
76,28,21,20,167,201,222,90,231,46
76,29,185,206,50,56,139,231,173,177
76,30,72,69,165,238,70,190,221,12
76,31,71,111,40,251,60,42,107,38
76,32,224,197,40,50,206,21,61,91
76,33,63,217,12,18,156,40,206,38
76,34,152,206,188,54,90,235,95,102
76,35,214,228,20,3,92,63,39,100
76,36,251,239,24,117,193,56,172,129
76,37,50,14,83,90,241,57,147,62
76,38,146,44,86,250,126,97,39,106
76,39,177,85,13,62,15,252,52,181
77,0,175,55,177,74,36,134,31,231
77,1,254,105,101,42,22,165,117,234
77,2,157,178,182,201,120,3,95,84
77,3,58,66,101,247,202,234,159,218
77,4,253,30,51,93,180,169,158,212
77,5,115,213,19,93,31,165,66,202
77,6,25,232,204,200,154,114,18,227
77,7,61,1,167,169,66,239,220,202
77,8,157,124,222,88,207,201,68,183
77,9,5,14,4,128,102,145,47,107
77,10,12,114,220,143,171,251,31,17
77,11,255,103,156,3,158,208,207,85
77,12,95,206,132,181,59,136,178,203
77,13,18,42,48,123,140,113,116,70
77,14,156,37,14,119,218,169,75,241
77,15,22,71,250,76,192,142,123,113
77,16,21,46,167,20,31,90,233,188
77,17,206,78,56,50,88,139,187,177
77,18,238,165,72,190,71,135,70,251
77,19,111,71,28,42,228,178,230,40
77,20,201,88,157,242,207,184,19,222
77,21,14,102,5,47,237,4,231,43
77,22,143,140,220,12,5,81,17,204
77,23,156,103,3,151,255,158,208,85
77,24,95,65,206,132,181,59,222,205
77,25,48,18,123,113,51,70,116,175
77,26,93,37,83,220,156,218,146,75
77,27,142,71,22,113,192,135,250,63
77,28,21,167,81,46,201,90,185,78
77,29,177,56,206,139,7,50,92,236
77,30,165,238,69,72,12,70,103,190
77,31,111,71,60,251,28,51,170,42
77,32,40,75,116,21,76,86,201,120
77,33,59,206,116,102,12,36,182,95
77,34,90,183,72,206,205,188,19,28
77,35,49,145,214,191,3,20,136,61
77,36,251,172,147,193,39,117,119,124
77,37,145,84,250,241,248,25,127,71
77,38,44,250,126,75,196,87,97,191
77,39,165,179,139,252,52,146,18,235
78,0,96,80,226,247,194,93,171,52
78,1,15,254,157,2,67,195,41,104
78,2,45,182,201,0,178,192,226,2
78,3,213,15,221,188,247,2,170,122
78,4,30,253,60,180,123,119,2,93
78,5,213,19,31,61,93,250,2,194
78,6,232,154,204,16,200,172,25,142
78,7,1,61,37,239,169,220,66,253
78,8,157,222,207,184,112,124,68,183
78,9,5,14,206,47,4,19,120,102
78,10,143,114,229,220,171,12,81,5
78,11,255,18,3,103,145,147,207,158
78,12,132,106,95,206,205,65,19,181
78,13,18,200,116,113,48,72,123,137
78,14,156,37,40,218,14,75,235,146
78,15,22,241,71,233,209,135,113,192
78,16,46,167,21,54,149,185,90,136
78,17,56,88,206,236,102,50,157,65
78,18,165,238,190,63,70,251,12,103
78,19,111,71,28,51,40,42,251,178
78,20,207,201,112,184,88,222,19,157
78,21,4,120,5,206,14,102,24,89
78,22,143,229,204,85,220,246,114,80
78,23,207,18,208,103,3,101,147,107
78,24,65,181,132,95,107,106,206,19
78,25,18,48,200,123,199,51,30,175
78,26,83,235,156,178,14,75,206,37
78,27,22,71,233,209,142,113,241,135
78,28,21,167,149,20,185,90,46,222
78,29,56,206,50,231,236,23,147,139
78,30,165,70,238,190,221,12,103,69
78,31,111,251,71,40,51,107,38,113
78,32,89,40,21,194,206,17,199,201
78,33,94,214,12,23,40,116,217,49
78,34,187,188,182,95,19,90,102,54
78,35,214,3,20,63,61,212,255,92
78,36,253,117,193,0,239,8,210,129
78,37,145,220,241,84,57,83,37,147
78,38,44,250,86,126,97,22,75,39
78,39,23,241,52,68,252,16,145,15
79,0,233,165,85,157,49,110,10,227
79,1,166,253,203,131,190,98,48,122
79,2,45,203,211,97,180,192,183,131
79,3,15,213,55,232,75,72,253,214
79,4,180,215,30,133,60,122,138,123
79,5,31,178,19,213,236,250,144,29
79,6,129,204,49,200,142,16,154,42
79,7,1,220,253,16,79,239,61,37
79,8,157,68,207,186,184,201,242,124
79,9,5,14,200,4,128,145,24,102
79,10,68,114,143,46,80,171,220,168
79,11,93,207,64,250,208,158,156,201
79,12,132,138,95,35,247,65,206,46
79,13,164,18,48,230,192,123,124,72
79,14,83,235,156,146,186,14,218,232
79,15,22,71,209,192,135,113,63,44
79,16,167,46,90,21,233,88,185,20
79,17,104,56,50,206,157,231,243,101
79,18,165,190,238,70,12,251,63,28
79,19,225,111,40,71,251,206,107,28
79,20,157,207,201,124,88,248,222,215
79,21,4,24,5,102,14,128,148,43
79,22,143,68,31,246,85,128,168,114
79,23,93,64,208,207,103,101,184,109
79,24,65,132,107,46,95,181,57,121
79,25,164,18,48,123,249,137,200,51
79,26,83,172,14,156,220,235,186,206
79,27,22,142,209,116,113,71,192,135
79,28,21,20,167,149,90,222,201,147
79,29,104,206,56,231,50,26,173,147
79,30,165,70,190,238,221,12,28,103
79,31,225,111,40,251,71,38,60,107
79,32,224,197,40,21,206,176,61,217
79,33,18,156,12,40,206,217,63,59
79,34,217,49,188,213,28,90,152,225
79,35,214,63,224,3,255,184,20,244
79,36,255,24,193,239,251,210,117,129
79,37,14,241,50,57,90,83,147,37
79,38,44,250,86,75,126,97,124,146
79,39,62,13,52,181,177,252,242,85
80,0,222,177,223,2,250,152,134,203
80,1,85,245,101,49,61,164,42,76
80,2,117,45,211,192,3,247,83,180
80,3,66,197,15,247,58,44,213,234
80,4,30,51,44,180,149,243,60,93
80,5,178,48,115,19,52,236,93,250
80,6,25,129,49,71,245,204,232,185
80,7,220,1,167,253,130,239,95,150
80,8,68,88,201,222,124,183,248,19
80,9,5,128,14,4,102,24,52,234
80,10,143,117,80,114,168,220,171,15
80,11,103,93,209,208,59,252,158,75
80,12,132,107,210,125,57,247,19,65
80,13,18,230,48,137,249,122,123,175
80,14,156,83,232,235,14,146,169,16
80,15,22,71,209,142,192,113,63,13
80,16,167,21,193,90,233,46,188,30
80,17,206,78,104,50,157,56,36,88
80,18,238,190,165,12,70,251,63,246
80,19,111,71,225,40,39,178,28,251
80,20,201,88,207,121,124,222,19,186
80,21,5,14,102,43,24,4,89,190
80,22,216,143,117,114,204,168,140,5
80,23,93,208,103,59,201,85,231,107
80,24,128,65,11,205,132,95,59,181
80,25,18,19,230,48,137,123,140,97
80,26,203,156,37,75,93,146,169,235
80,27,71,22,135,239,113,250,142,192
80,28,193,167,21,46,190,55,99,82
80,29,88,56,173,104,21,50,61,17
80,30,165,50,63,162,250,81,232,70
80,31,111,225,71,42,251,40,252,107
80,32,18,86,179,76,246,106,40,125
80,33,104,11,36,68,56,116,5,161
80,34,28,44,238,109,240,72,90,5
80,35,148,190,185,145,74,92,20,2
80,36,227,39,115,202,147,142,172,119
80,37,27,78,126,193,83,15,60,16
80,38,215,119,44,251,80,169,97,250
80,39,158,9,72,197,15,244,75,241
81,0,117,185,63,65,242,187,46,157
81,1,223,232,81,13,43,117,169,158
81,2,107,22,35,117,83,242,45,180
81,3,202,146,214,66,14,53,15,131
81,4,139,55,180,30,105,122,60,8
81,5,18,14,194,178,67,236,61,81
81,6,114,3,2,204,200,154,178,142
81,7,44,1,37,253,202,131,146,220
81,8,122,207,184,201,222,88,186,38
81,9,178,240,14,19,105,217,145,24
81,10,31,163,114,171,81,159,7,85
81,11,255,142,109,17,3,116,18,250
81,12,67,132,205,206,181,194,59,219
81,13,200,48,18,140,123,124,30,175
81,14,38,37,172,156,186,235,169,218
81,15,22,250,71,135,239,209,146,76
81,16,46,78,167,253,90,249,13,21
81,17,50,88,23,56,17,206,139,236
81,18,162,135,165,215,73,12,214,71
81,19,111,40,71,178,211,107,42,65
81,20,201,184,38,222,88,13,207,186
81,21,217,178,105,4,14,240,234,146
81,22,31,62,51,81,163,253,114,159
81,23,109,207,142,255,79,101,147,103
81,24,132,181,219,12,65,67,46,206
81,25,48,156,18,249,123,51,228,195
81,26,75,206,156,172,39,169,218,220
81,27,22,142,123,76,207,71,192,250
81,28,21,167,78,55,2,99,90,45
81,29,50,213,206,114,7,56,139,173
81,30,70,215,165,12,214,11,81,238
81,31,71,40,251,111,211,91,38,107
81,32,96,116,40,61,186,201,62,91
81,33,11,182,58,23,161,28,151,116
81,34,205,12,180,70,235,225,196,101
81,35,63,153,145,20,161,92,3,132
81,36,193,253,172,202,0,8,211,139
81,37,84,220,241,83,60,227,31,143
81,38,75,44,250,97,126,86,39,244
81,39,241,68,254,9,23,145,252,52
82,0,82,181,107,251,255,246,83,39
82,1,134,88,53,92,82,135,228,89
82,2,101,127,239,229,64,94,13,177
82,3,90,194,53,107,42,5,189,186
82,4,30,172,139,82,202,133,254,17
82,5,174,18,114,194,14,29,12,215
82,6,2,178,149,108,174,114,217,175
82,7,1,146,220,16,219,207,4,195
82,8,68,122,38,248,49,207,183,201
82,9,4,145,14,200,105,24,5,217
82,10,31,68,159,228,7,51,171,15
82,11,64,207,109,250,79,17,255,216
82,12,132,46,12,206,57,121,67,217
82,13,164,249,48,195,230,124,76,122
82,14,172,218,186,156,232,169,37,38
82,15,22,239,209,142,146,49,120,197
82,16,167,55,90,21,78,46,13,122
82,17,50,26,206,23,114,231,7,240
82,18,165,162,11,12,70,215,238,214
82,19,40,111,71,237,245,211,216,253
82,20,201,248,222,184,7,124,207,38
82,21,4,217,200,24,105,234,14,102
82,22,31,68,143,140,51,159,228,15
82,23,64,207,109,101,208,216,79,250
82,24,132,46,219,181,206,12,121,95
82,25,249,164,48,123,195,156,122,76
82,26,172,39,75,220,206,174,169,156
82,27,22,142,123,207,135,192,209,7
82,28,21,222,78,231,167,2,90,45
82,29,26,206,173,50,240,139,23,56
82,30,70,55,165,238,12,4,221,11
82,31,237,40,111,251,71,38,113,230
82,32,224,61,42,40,206,197,199,176
82,33,179,201,156,217,12,40,122,117
82,34,49,217,196,225,70,235,28,213
82,35,63,224,210,214,92,3,161,244
82,36,255,24,193,239,42,145,57,129
82,37,50,14,241,147,57,90,83,227
82,38,75,146,44,86,250,97,244,126
82,39,254,13,85,62,177,252,181,52
83,0,55,109,24,152,76,175,211,161
83,1,226,236,42,49,22,105,85,32
83,2,3,221,58,71,13,101,94,193
83,3,66,44,42,234,167,90,243,247
83,4,243,30,51,180,93,192,158,137
83,5,236,115,165,48,2,52,33,12
83,6,2,232,57,149,25,178,157,49
83,7,223,1,167,220,239,202,171,66
83,8,222,124,49,68,207,88,184,159
83,9,47,14,5,102,4,24,216,105
83,10,81,228,19,143,232,117,187,51
83,11,103,3,207,59,85,209,79,145
83,12,132,12,210,206,181,95,219,59
83,13,48,76,175,230,123,195,228,199
83,14,156,218,75,14,169,172,206,235
83,15,22,71,135,250,33,142,192,123
83,16,21,167,186,45,46,33,90,122
83,17,50,139,206,114,164,36,78,7
83,18,135,11,238,190,215,214,12,70
83,19,111,71,230,228,178,42,211,218
83,20,207,184,201,222,242,7,88,49
83,21,14,102,146,4,47,5,24,89
83,22,81,228,19,31,51,143,140,242
83,23,85,231,103,93,59,207,216,250
83,24,132,181,217,206,95,11,12,219
83,25,48,230,195,156,76,228,19,18
83,26,203,206,39,220,93,75,174,156
83,27,142,22,123,33,192,207,197,76
83,28,21,55,190,2,186,167,45,99
83,29,206,164,50,139,114,190,7,56
83,30,70,11,215,188,4,186,190,165
83,31,251,71,199,111,211,91,170,185
83,32,18,48,62,102,40,246,85,76
83,33,107,95,234,224,28,56,11,38
83,34,175,70,240,72,64,95,94,28
83,35,85,161,20,2,94,191,92,151
83,36,202,195,246,172,152,142,193,117
83,37,60,161,83,174,43,135,126,45
83,38,234,201,44,9,30,126,119,39
83,39,246,1,250,248,92,215,252,15
84,0,234,242,186,152,155,188,13,20
84,1,231,232,27,35,162,105,144,198
84,2,249,23,110,150,230,39,142,207
84,3,155,42,66,234,116,150,134,218
84,4,164,94,71,30,12,169,82,93
84,5,115,236,66,12,52,48,93,5
84,6,178,123,2,142,175,18,92,115
84,7,4,1,243,239,95,181,228,220
84,8,124,201,88,7,49,184,38,242
84,9,96,4,14,5,145,102,184,220
84,10,31,143,51,15,81,117,7,114
84,11,116,216,207,103,114,79,153,255
84,12,132,12,32,217,46,219,181,206
84,13,195,48,123,228,216,156,76,30
84,14,156,172,206,169,75,186,101,37
84,15,22,135,71,192,142,76,146,123
84,16,21,167,2,46,55,193,33,233
84,17,50,206,213,114,78,7,139,190
84,18,11,12,135,165,238,215,214,190
84,19,111,178,71,60,211,40,42,230
84,20,201,38,207,88,7,242,184,222
84,21,96,14,146,4,190,105,89,234
84,22,31,0,51,216,140,143,5,81
84,23,116,216,79,103,255,151,250,59
84,24,217,65,132,128,181,95,219,12
84,25,48,156,195,76,140,123,19,30
84,26,218,220,93,206,40,39,75,169
84,27,22,142,123,248,76,207,192,71
84,28,21,55,78,193,167,2,45,99
84,29,49,88,206,173,114,50,56,7
84,30,70,50,165,215,238,162,11,214
84,31,60,28,71,251,111,211,252,40
84,32,86,179,40,62,18,61,146,91
84,33,36,181,97,104,250,37,38,6
84,34,28,109,44,212,90,238,255,70
84,35,49,148,190,92,20,161,74,63
84,36,147,227,39,115,234,172,42,193
84,37,27,193,78,15,83,84,241,45
84,38,215,139,119,75,44,251,126,169
84,39,158,72,231,224,36,252,15,122
85,0,96,117,242,187,121,171,185,133
85,1,96,209,40,206,183,13,117,57
85,2,224,148,242,35,0,12,142,147
85,3,192,14,170,216,76,240,122,155
85,4,55,71,180,119,12,123,82,30
85,5,3,93,225,194,66,12,52,223
85,6,178,123,92,2,115,3,9,235
85,7,243,4,181,1,220,133,124,239
85,8,124,201,68,7,248,112,49,88
85,9,19,96,4,5,14,206,145,102
85,10,163,15,31,7,218,143,51,140
85,11,18,116,216,103,207,142,186,130
85,12,206,132,95,67,12,52,217,181
85,13,200,48,123,216,81,195,70,228
85,14,38,169,218,75,206,39,156,174
85,15,22,99,142,192,135,123,76,207
85,16,21,78,13,167,45,55,2,95
85,17,206,50,139,102,7,155,240,137
85,18,188,11,238,165,12,70,135,190
85,19,111,71,230,42,40,113,107,218
85,20,201,68,124,222,184,88,112,248
85,21,19,4,146,102,24,96,14,190
85,22,163,140,143,81,31,15,7,204
85,23,18,101,103,216,207,142,113,130
85,24,219,132,181,67,95,46,203,121
85,25,48,228,123,249,51,156,76,195
85,26,39,206,75,156,38,174,172,14
85,27,142,22,192,135,99,207,123,54
85,28,21,78,45,167,2,231,222,31
85,29,206,139,155,56,50,230,7,173
85,30,238,165,70,190,12,4,251,6
85,31,71,28,111,170,40,251,60,113
85,32,17,40,61,175,194,37,102,217
85,33,117,214,105,94,23,12,168,40
85,34,187,28,58,19,54,70,34,102
85,35,7,3,92,214,99,161,20,212
85,36,0,253,193,245,8,239,42,34
85,37,84,220,241,164,90,83,57,227
85,38,136,44,97,250,75,126,86,22
85,39,23,16,145,252,52,62,15,68
86,0,181,82,107,251,39,83,255,99
86,1,166,89,220,119,237,148,9,136
86,2,95,125,185,191,13,1,209,102
86,3,255,109,3,41,65,158,169,86
86,4,82,227,211,210,182,19,30,97
86,5,174,3,223,142,232,4,128,200
86,6,108,225,111,9,193,191,119,77
86,7,220,195,1,207,133,146,136,122
86,8,68,248,183,201,88,124,215,184
86,9,4,19,5,190,145,24,200,210
86,10,68,15,154,144,239,140,79,127
86,11,64,135,42,12,208,58,212,56
86,12,107,52,132,57,219,217,22,247
86,13,164,123,228,18,249,216,48,175
86,14,232,156,169,14,174,129,206,152
86,15,22,209,192,135,142,234,230,207
86,16,167,233,21,74,42,95,31,26
86,17,231,240,50,206,147,137,26,187
86,18,70,190,238,12,165,251,169,4
86,19,251,111,230,71,40,80,113,215
86,20,184,207,248,115,201,88,186,46
86,21,4,133,13,220,190,102,128,89
86,22,143,68,15,160,232,204,194,140
86,23,80,113,103,64,111,212,112,107
86,24,181,52,107,59,227,238,132,200
86,25,13,164,228,48,249,123,18,222
86,26,206,174,14,156,119,235,74,169
86,27,22,135,142,157,192,118,209,27
86,28,21,20,167,139,233,222,78,81
86,29,26,206,155,101,85,173,240,50
86,30,55,238,165,70,221,190,12,242
86,31,237,40,71,251,170,60,111,38
86,32,224,40,175,61,197,37,101,206
86,33,179,201,117,12,156,38,40,154
86,34,49,217,28,58,70,213,235,102
86,35,7,224,92,3,214,161,100,39
86,36,24,255,245,239,57,42,193,34
86,37,50,14,241,90,83,147,57,158
86,38,146,44,244,86,97,75,250,126
86,39,85,177,13,252,62,15,52,181
87,0,109,55,47,177,67,24,211,221
87,1,228,236,100,145,70,226,105,241
87,2,13,95,3,221,157,193,42,47
87,3,66,16,197,215,234,61,44,247
87,4,30,243,169,82,180,51,93,125
87,5,3,48,115,223,102,66,133,5
87,6,25,108,9,123,134,115,149,178
87,7,1,220,246,146,167,150,133,95
87,8,68,124,248,208,183,201,184,215
87,9,4,5,52,128,145,190,102,14
87,10,15,154,117,143,239,174,31,103
87,11,103,208,212,216,59,113,21,30
87,12,132,217,181,46,95,107,210,12
87,13,230,48,249,123,228,156,216,70
87,14,206,172,40,174,218,75,169,156
87,15,22,142,123,135,192,209,207,5
87,16,21,167,233,45,222,122,193,146
87,17,206,50,139,78,231,240,7,71
87,18,238,70,165,190,4,12,11,215
87,19,71,230,40,111,251,60,216,42
87,20,248,208,201,7,68,124,46,88
87,21,4,190,43,102,24,14,216,242
87,22,143,216,15,154,140,117,31,204
87,23,103,207,208,85,113,59,151,248
87,24,181,132,219,217,46,128,95,107
87,25,230,48,249,123,192,228,156,18
87,26,40,172,206,93,146,169,156,218
87,27,22,142,192,135,207,209,71,251
87,28,190,21,167,78,222,45,2,90
87,29,173,56,78,139,206,23,92,85
87,30,238,165,12,70,50,242,251,250
87,31,38,71,111,40,170,60,107,28
87,32,40,76,61,176,217,26,18,179
87,33,250,11,102,56,54,104,12,68
87,34,94,72,109,28,173,206,225,70
87,35,63,3,60,92,151,80,184,7
87,36,193,98,34,210,172,245,194,244
87,37,84,241,90,227,83,126,87,45
87,38,75,44,250,126,97,244,86,105
87,39,254,146,165,52,15,252,61,14
88,0,96,226,171,247,107,128,80,54
88,1,236,169,145,228,53,104,100,232
88,2,132,254,166,242,62,160,240,131
88,3,188,221,122,170,2,234,7,63
88,4,82,60,30,119,93,169,105,181
88,5,3,61,6,66,225,223,93,217
88,6,16,25,115,108,134,9,178,49
88,7,1,220,150,133,84,167,239,219
88,8,68,124,112,248,201,184,7,157
88,9,4,206,5,19,14,120,200,190
88,10,229,163,15,31,154,238,143,174
88,11,18,207,103,208,142,21,250,130
88,12,67,106,132,154,95,46,181,217
88,13,200,48,123,156,249,18,192,230
88,14,172,38,156,75,218,206,186,39
88,15,22,241,135,120,103,207,192,209
88,16,167,21,13,78,149,55,45,95
88,17,50,155,102,206,139,231,23,236
88,18,165,238,12,6,135,162,11,215
88,19,111,71,40,42,38,107,43,113
88,20,222,112,68,184,201,183,124,207
88,21,24,206,4,192,120,234,146,200
88,22,31,163,143,85,159,246,81,154
88,23,18,207,101,250,84,208,103,109
88,24,132,121,46,219,67,181,57,19
88,25,48,123,156,51,200,249,18,72
88,26,172,156,186,39,75,38,169,235
88,27,22,135,142,207,71,241,209,192
88,28,21,167,78,231,149,45,211,2
88,29,173,155,23,206,56,236,50,139
88,30,165,238,12,6,135,70,221,103
88,31,38,111,71,40,107,51,175,102
88,32,89,61,194,17,40,217,101,199
88,33,214,68,94,23,117,40,12,122
88,34,187,182,19,54,173,206,34,28
88,35,63,7,3,214,60,80,151,92
88,36,253,0,193,8,239,145,34,245
88,37,84,164,220,90,241,57,147,227
88,38,75,136,44,86,250,22,97,126
88,39,145,254,62,16,181,23,36,52
89,0,178,50,55,133,137,222,12,180
89,1,153,131,253,105,98,117,48,245
89,2,193,211,132,166,160,173,62,12
89,3,66,247,245,234,197,90,243,202
89,4,30,180,82,51,190,44,63,182
89,5,252,81,33,3,48,66,217,102
89,6,129,48,115,185,178,104,123,108
89,7,1,16,167,239,220,73,95,219
89,8,68,88,201,124,222,184,183,49
89,9,4,145,24,14,5,196,146,173
89,10,31,154,159,232,143,117,168,138
89,11,103,109,59,250,231,201,216,151
89,12,132,12,32,217,46,121,65,7
89,13,124,48,123,70,76,156,1,18
89,14,75,37,169,156,186,172,60,235
89,15,22,71,135,192,207,113,251,108
89,16,233,167,55,193,46,95,33,90
89,17,50,213,56,7,23,139,115,92
89,18,12,165,135,50,11,251,238,106
89,19,111,113,178,170,211,39,218,42
89,20,88,207,201,222,184,19,124,14
89,21,146,13,145,24,43,234,11,87
89,22,31,143,216,51,168,204,222,159
89,23,103,201,250,231,56,79,230,107
89,24,65,128,132,217,107,59,7,19
89,25,16,123,18,97,13,48,156,254
89,26,169,60,32,156,75,218,119,16
89,27,22,192,157,87,71,84,63,113
89,28,167,193,233,66,90,88,99,196
89,29,88,61,213,171,62,21,50,255
89,30,50,250,162,165,81,63,70,215
89,31,252,39,111,40,251,90,4,38
89,32,85,125,179,106,76,18,86,40
89,33,104,132,95,139,11,102,116,56
89,34,44,28,20,240,238,195,171,65
89,35,191,148,190,145,74,20,17,78
89,36,39,115,19,227,172,225,147,142
89,37,27,169,78,16,190,127,126,86
89,38,169,119,215,18,96,233,158,245
89,39,231,117,179,158,140,22,18,37
90,0,123,196,229,249,216,105,7,101
90,1,225,244,93,231,155,27,150,11
90,2,100,103,4,163,227,57,162,145
90,3,187,133,235,152,231,37,234,190
90,4,30,142,236,13,222,102,85,251
90,5,104,193,186,253,6,158,44,41
90,6,167,153,142,172,59,79,232,107
90,7,29,23,37,10,1,216,79,64
90,8,234,207,56,84,116,88,180,77
90,9,29,164,94,13,197,47,105,85
90,10,130,169,91,171,216,198,72,143
90,11,189,107,147,255,3,250,128,145
90,12,65,26,74,128,194,63,205,107
90,13,147,43,18,134,30,154,175,48
90,14,37,51,60,61,124,52,137,178
90,15,87,22,165,88,162,250,213,71
90,16,233,5,46,133,167,196,249,80
90,17,250,17,87,56,76,61,166,50
90,18,179,50,187,21,57,211,251,113
90,19,39,109,111,20,130,205,107,42
90,20,234,207,186,115,239,222,184,13
90,21,13,164,29,94,47,203,197,102
90,22,169,198,91,130,35,234,143,72
90,23,189,107,42,106,128,147,111,62
90,24,74,220,65,26,63,15,160,128
90,25,147,48,43,18,134,30,6,175
90,26,32,124,137,52,60,51,178,61
90,27,87,22,181,165,71,209,81,162
90,28,167,133,5,43,46,136,90,224
90,29,250,76,50,172,231,87,173,147
90,30,81,179,21,187,70,205,28,1
90,31,39,251,205,40,109,130,106,252
90,32,98,106,134,99,131,186,201,91
90,33,183,116,238,126,232,86,49,73
90,34,84,207,180,96,171,225,86,235
90,35,145,57,153,63,22,20,160,218
90,36,120,70,181,14,211,117,25,98
90,37,190,65,145,31,143,182,58,71
90,38,148,92,213,75,71,123,67,95
90,39,2,38,69,243,15,217,228,146
91,0,177,115,47,158,235,132,192,81
91,1,182,244,155,93,233,211,11,118
91,2,93,57,123,100,103,82,29,121
91,3,133,117,187,190,40,37,233,235
91,4,236,142,54,30,222,95,154,102
91,5,193,90,158,43,65,88,44,47
91,6,153,60,138,206,196,79,69,22
91,7,117,23,29,10,37,64,147,14
91,8,239,234,77,56,180,207,116,84
91,9,164,2,239,197,191,13,8,36
91,10,169,198,125,185,65,196,91,247
91,11,108,189,206,107,128,86,106,62
91,12,93,74,128,65,220,44,26,63
91,13,134,154,147,182,138,175,6,224
91,14,137,51,52,32,148,86,124,88
91,15,87,162,165,200,148,58,213,22
91,16,43,133,233,5,252,170,80,51
91,17,250,87,0,76,5,20,255,166
91,18,179,163,134,226,197,13,204,161
91,19,20,116,109,215,205,167,160,39
91,20,239,116,115,186,207,234,4,56
91,21,191,13,164,197,2,203,94,47
91,22,169,125,198,35,176,243,196,157
91,23,128,189,42,206,111,107,106,62
91,24,220,93,74,54,26,15,151,107
91,25,134,147,48,154,6,182,43,18
91,26,32,137,51,52,124,86,148,60
91,27,87,181,165,22,162,200,71,58
91,28,167,43,5,133,233,136,46,0
91,29,250,0,76,87,50,172,231,16
91,30,81,179,21,163,187,70,205,28
91,31,39,116,251,109,205,252,40,106
91,32,119,106,134,186,131,91,201,96
91,33,93,183,116,238,232,86,38,58
91,34,82,207,180,84,96,171,235,86
91,35,145,57,63,22,153,20,160,72
91,36,120,70,181,14,211,202,117,217
91,37,190,104,31,143,145,182,58,71
91,38,27,148,213,71,75,92,123,95
91,39,69,110,38,243,12,15,217,154
92,0,66,157,127,186,43,188,106,147
92,1,242,19,117,86,211,118,112,124
92,2,133,60,58,219,255,49,80,121
92,3,214,171,116,202,44,234,20,53
92,4,98,88,118,122,30,154,112,251
92,5,44,11,147,18,169,254,158,100
92,6,183,69,142,73,208,198,68,42
92,7,37,56,10,1,101,79,90,207
92,8,107,186,207,65,184,222,56,234
92,9,156,217,13,105,128,14,145,197
92,10,72,24,114,91,171,51,84,168
92,11,27,66,107,236,114,247,156,210
92,12,155,191,43,65,138,1,132,181
92,13,18,48,168,70,22,113,154,29
92,14,75,61,218,52,156,14,37,60
92,15,22,110,71,87,88,135,203,181
92,16,167,46,136,119,233,90,95,170
92,17,197,50,56,11,205,17,166,36
92,18,159,190,211,165,251,70,113,12
92,19,111,39,40,178,107,42,251,228
92,20,186,184,107,207,13,65,222,115
92,21,156,13,14,102,89,4,217,57
92,22,114,72,143,91,24,35,81,51
92,23,27,147,66,3,208,107,114,255
92,24,155,65,181,191,132,138,206,107
92,25,48,18,30,22,113,175,249,29
92,26,61,156,178,37,75,206,218,60
92,27,71,22,88,135,110,250,84,209
92,28,167,46,136,90,119,161,249,99
92,29,115,7,50,205,16,231,23,36
92,30,81,211,159,215,70,103,71,165
92,31,91,251,39,164,71,38,51,243
92,32,106,201,221,91,195,42,96,116
92,33,58,116,49,121,107,244,182,6
92,34,81,95,171,9,12,86,56,208
92,35,22,8,145,153,218,20,85,108
92,36,117,211,172,14,195,252,0,202
92,37,220,143,67,161,158,83,145,174
92,38,43,101,195,213,123,44,75,55
92,39,201,241,9,15,23,127,246,68
93,0,14,84,228,57,102,110,210,93
93,1,120,185,92,32,63,29,56,106
93,2,133,179,49,80,142,60,141,233
93,3,70,214,116,20,19,134,123,107
93,4,122,118,251,154,254,74,98,112
93,5,144,24,151,44,11,88,169,158
93,6,147,69,73,142,183,42,198,65
93,7,37,56,1,10,101,90,79,7
93,8,107,186,184,207,222,159,65,56
93,9,156,148,105,217,13,14,128,47
93,10,72,114,73,91,24,51,171,92
93,11,210,27,66,147,154,114,236,106
93,12,84,155,65,121,147,43,28,18
93,13,18,48,30,118,133,175,124,70
93,14,178,75,61,37,60,156,235,218
93,15,22,71,101,203,135,88,219,110
93,16,167,161,46,233,90,136,249,200
93,17,56,50,231,17,205,229,130,115
93,18,211,28,251,21,113,165,115,206
93,19,106,111,107,40,175,216,155,39
93,20,186,107,184,222,13,207,183,215
93,21,13,148,156,24,14,89,4,128
93,22,143,73,72,114,24,85,92,35
93,23,147,210,154,66,27,107,106,250
93,24,84,65,155,57,181,132,107,109
93,25,48,18,30,22,124,175,50,70
93,26,178,61,156,232,60,75,37,218
93,27,71,203,209,22,88,110,135,84
93,28,167,136,46,161,90,176,119,249
93,29,115,50,231,7,214,205,23,36
93,30,81,215,211,159,70,103,71,165
93,31,91,251,39,164,38,71,51,181
93,32,201,106,221,91,195,48,155,122
93,33,96,58,49,116,121,107,151,38
93,34,208,171,95,81,56,9,235,86
93,35,22,85,218,20,99,132,108,66
93,36,117,195,211,172,246,152,252,202
93,37,67,161,158,143,174,83,145,202
93,38,101,9,201,213,30,234,195,44
93,39,246,15,1,248,250,92,203,170
94,0,84,186,144,242,234,188,250,111
94,1,111,29,65,117,221,126,92,198
94,2,179,15,133,101,147,142,230,236
94,3,20,44,123,19,202,100,155,116
94,4,112,71,94,30,98,154,251,60
94,5,144,151,88,169,18,48,44,221
94,6,147,142,172,42,73,198,196,69
94,7,1,37,10,101,79,4,239,7
94,8,184,107,159,207,186,222,103,88
94,9,128,14,13,105,156,47,237,141
94,10,114,72,171,91,81,51,143,1
94,11,66,27,147,145,114,153,250,3
94,12,155,65,35,132,84,191,121,46
94,13,48,18,30,124,113,168,22,59
94,14,235,75,178,156,61,60,218,37
94,15,22,71,135,88,110,203,87,84
94,16,167,46,136,233,90,231,211,249
94,17,56,197,50,236,229,231,205,115
94,18,165,21,251,190,211,28,70,12
94,19,51,111,40,106,71,155,216,178
94,20,186,184,107,159,222,13,215,4
94,21,13,156,14,24,4,89,102,57
94,22,72,114,143,85,0,246,81,35
94,23,66,147,107,153,3,27,208,106
94,24,65,57,155,46,181,191,132,107
94,25,48,249,18,30,124,22,29,122
94,26,156,232,22,178,172,174,52,61
94,27,209,22,233,71,118,239,44,110
94,28,167,73,90,30,222,8,224,136
94,29,231,115,173,23,50,240,7,180
94,30,28,70,21,81,1,165,231,189
94,31,51,38,251,40,216,71,179,181
94,32,201,195,106,171,176,91,86,61
94,33,6,49,116,97,75,37,58,10
94,34,235,212,225,255,187,171,95,90
94,35,63,255,20,145,184,49,161,22
94,36,234,0,145,119,25,211,117,193
94,37,145,220,84,102,83,143,87,250
94,38,75,44,123,244,157,39,213,3
94,39,23,241,254,16,68,61,14,145
95,0,233,157,165,85,93,49,10,194
95,1,203,57,234,40,96,16,117,81
95,2,120,101,112,39,94,173,179,236
95,3,214,194,55,236,19,100,228,122
95,4,122,119,30,98,112,60,251,105
95,5,250,31,144,178,114,151,100,69
95,6,42,142,147,172,65,56,73,198
95,7,37,1,10,79,101,239,4,220
95,8,157,207,107,159,186,184,212,222
95,9,14,128,217,13,105,151,156,148
95,10,114,72,68,62,171,46,143,155
95,11,66,27,107,93,250,109,64,208
95,12,35,155,154,65,57,132,46,191
95,13,164,48,18,41,230,124,122,42
95,14,232,235,156,218,172,178,89,69
95,15,22,209,71,239,116,118,110,44
95,16,167,233,30,90,8,73,241,222
95,17,231,180,23,56,50,147,26,101
95,18,21,28,1,70,87,206,231,165
95,19,225,216,40,175,106,181,206,71
95,20,215,157,183,207,186,248,222,13
95,21,24,4,217,162,244,204,239,52
95,22,68,246,85,128,159,181,47,31
95,23,64,93,109,131,156,107,101,212
95,24,57,46,65,155,107,98,12,27
95,25,164,48,249,124,122,18,137,22
95,26,232,172,22,174,178,89,152,156
95,27,209,22,118,239,116,245,71,44
95,28,8,30,241,167,222,201,73,90
95,29,231,173,104,180,23,240,232,101
95,30,28,1,21,70,231,235,165,157
95,31,225,40,216,38,179,251,71,181
95,32,224,197,171,176,61,42,142,126
95,33,18,156,10,237,63,38,12,206
95,34,217,235,49,225,188,152,47,206
95,35,63,255,184,40,214,132,20,73
95,36,24,255,145,251,239,193,244,57
95,37,50,14,87,90,83,45,102,221
95,38,75,244,44,157,146,124,86,39
95,39,177,254,13,14,52,62,61,85
96,0,222,250,65,239,1,151,225,223
96,1,203,85,154,101,153,117,105,37
96,2,120,117,89,3,234,58,239,182
96,3,44,0,19,234,248,157,218,228
96,4,30,190,51,44,74,80,25,243
96,5,178,14,250,81,48,5,151,144
96,6,42,174,172,108,142,71,107,25
96,7,1,146,16,210,220,37,122,130
96,8,207,68,248,107,183,222,186,215
96,9,105,4,14,24,236,128,162,204
96,10,159,31,246,85,143,242,47,181
96,11,212,109,93,115,250,37,94,147
96,12,57,46,107,12,172,132,246,227
96,13,249,122,41,48,230,181,124,30
96,14,232,22,42,156,172,235,152,89
96,15,22,209,239,146,84,233,118,44
96,16,22,233,167,222,30,140,73,224
96,17,231,213,23,3,240,180,158,173
96,18,28,21,206,70,231,1,87,162
96,19,40,181,225,216,38,85,175,179
96,20,215,248,183,207,13,68,222,156
96,21,4,24,105,162,236,204,89,244
96,22,159,47,85,246,181,31,242,12
96,23,109,212,107,59,115,93,37,29
96,24,57,46,128,65,12,155,98,11
96,25,48,249,124,230,122,137,19,41
96,26,22,232,172,156,218,174,178,89
96,27,209,22,239,245,118,84,71,186
96,28,190,167,222,224,73,8,90,147
96,29,231,173,213,180,115,104,240,21
96,30,28,1,21,50,70,231,63,206
96,31,40,225,38,179,216,181,253,251
96,32,171,76,176,18,246,179,201,142
96,33,237,11,116,95,28,10,139,104
96,34,225,235,240,72,28,44,206,48
96,35,191,63,145,255,148,184,153,20
96,36,39,145,202,147,227,142,211,119
96,37,193,27,78,95,83,87,45,102
96,38,75,215,157,123,39,3,80,119
96,39,158,9,72,254,241,244,197,15
97,0,110,157,57,56,127,88,68,34
97,1,158,232,133,117,66,235,43,107
97,2,127,33,64,107,117,46,239,120
97,3,90,19,70,44,171,234,53,8
97,4,122,74,190,254,30,17,164,25
97,5,24,14,144,169,250,178,61,151
97,6,42,174,142,126,90,108,73,2
97,7,131,56,146,1,16,37,10,71
97,8,65,207,186,107,247,222,28,184
97,9,217,148,105,14,13,24,128,237
97,10,24,85,73,246,114,31,7,143
97,11,210,142,109,250,207,147,212,107
97,12,57,46,155,65,35,67,12,84
97,13,48,41,124,30,122,18,230,29
97,14,235,178,156,232,60,42,218,172
97,15,22,203,209,239,44,71,219,233
97,16,167,233,73,147,224,90,30,161
97,17,231,23,56,88,180,50,213,197
97,18,28,21,63,206,1,87,251,231
97,19,175,106,181,40,216,179,199,155
97,20,215,183,222,13,207,156,248,186
97,21,24,148,4,162,217,105,236,244
97,22,85,24,7,246,97,143,128,181
97,23,147,210,212,142,101,109,107,131
97,24,57,84,43,46,67,12,233,65
97,25,100,48,124,122,249,181,30,41
97,26,232,22,178,156,152,42,220,174
97,27,209,239,203,22,118,84,234,44
97,28,8,241,161,30,167,222,249,140
97,29,231,23,214,180,50,213,3,240
97,30,28,1,21,189,231,206,71,235
97,31,181,91,179,216,40,175,199,71
97,32,18,221,246,201,61,171,91,176
97,33,96,253,58,151,121,107,10,28
97,34,56,235,208,175,171,95,252,70
97,35,85,218,184,99,20,255,236,55
97,36,211,195,202,246,152,193,117,1
97,37,174,161,67,143,87,83,45,56
97,38,101,201,234,44,39,9,30,157
97,39,246,250,1,92,215,183,15,196
98,0,78,223,177,135,186,148,54,147
98,1,111,1,117,145,100,245,72,115
98,2,230,33,228,150,86,166,127,15
98,3,155,44,16,90,63,8,246,20
98,4,169,112,71,30,80,204,162,82
98,5,169,48,81,144,232,102,156,225
98,6,174,108,92,71,25,9,170,142
98,7,243,146,122,130,139,210,94,131
98,8,183,215,248,225,124,128,222,207
98,9,162,105,4,24,171,244,216,236
98,10,7,109,97,85,140,181,252,239
98,11,153,212,240,2,114,45,225,37
98,12,47,57,172,233,46,36,107,125
98,13,174,249,122,41,155,207,19,100
98,14,232,156,22,152,42,220,1,144
98,15,209,178,239,22,112,236,44,248
98,16,30,241,233,8,59,230,82,21
98,17,231,206,23,3,180,197,191,71
98,18,28,1,21,189,231,116,87,206
98,19,179,60,181,216,175,247,40,71
98,20,215,183,47,248,13,207,222,205
98,21,24,162,244,52,4,128,219,204
98,22,0,85,7,246,181,97,146,140
98,23,212,153,15,2,116,45,37,157
98,24,57,47,12,46,172,233,98,107
98,25,48,249,174,100,155,124,122,41
98,26,232,22,156,152,220,89,218,42
98,27,209,239,248,118,178,22,234,84
98,28,241,30,8,78,230,206,90,249
98,29,231,180,23,3,49,128,206,232
98,30,1,28,21,231,235,189,69,145
98,31,60,216,179,181,18,71,40,16
98,32,171,86,58,246,195,176,18,61
98,33,36,37,97,10,176,250,38,116
98,34,235,212,90,249,255,80,109,28
98,35,255,49,184,20,121,44,63,236
98,36,147,21,228,227,39,202,193,25
98,37,244,214,193,83,156,102,87,45
98,38,105,50,141,75,39,157,197,5
98,39,83,127,209,101,15,168,137,170
99,0,190,234,107,167,84,186,52,94
99,1,100,145,180,70,111,50,251,105
99,2,230,86,212,150,33,157,92,15
99,3,44,155,234,90,16,36,61,10
99,4,94,169,178,51,80,112,30,137
99,5,81,48,228,253,144,232,169,115
99,6,174,126,142,9,108,178,250,2
99,7,243,146,122,181,130,210,220,131
99,8,183,215,207,222,9,128,248,64
99,9,105,24,128,162,75,4,52,244
99,10,85,181,146,7,97,119,246,252
99,11,153,212,37,2,114,157,115,240
99,12,57,46,172,208,125,36,107,233
99,13,41,122,174,249,19,30,38,198
99,14,232,156,22,42,152,89,172,178
99,15,209,22,239,248,44,118,18,146
99,16,30,241,167,233,8,90,82,140
99,17,231,23,3,180,197,206,56,213
99,18,21,28,1,231,189,206,87,70
99,19,181,179,216,60,40,175,106,71
99,20,215,183,207,248,13,222,156,9
99,21,24,244,162,105,52,4,204,139
99,22,0,85,7,181,246,252,97,128
99,23,212,153,116,15,2,131,45,147
99,24,57,46,12,172,128,233,234,107
99,25,249,100,48,124,174,122,41,198
99,26,232,22,152,156,89,220,178,1
99,27,209,239,248,118,22,44,71,146
99,28,241,8,30,78,230,167,90,233
99,29,231,180,23,128,206,232,49,3
99,30,1,28,235,21,231,69,189,145
99,31,60,216,179,181,18,71,16,40
99,32,171,86,246,176,195,61,18,201
99,33,36,97,37,10,181,250,116,29
99,34,90,212,235,109,28,255,47,206
99,35,49,255,184,44,63,20,190,145
99,36,147,234,227,25,39,0,31,8
99,37,193,102,220,78,27,83,15,87
99,38,5,215,157,139,75,39,244,44
99,39,158,224,72,23,36,14,15,61
100,0,242,96,133,187,250,186,198,180
100,1,40,96,209,206,13,230,183,222
100,2,132,166,33,240,200,230,19,44
100,3,44,155,244,90,234,162,252,180
100,4,55,180,94,169,202,182,80,112
100,5,232,48,133,253,68,225,102,81
100,6,174,108,126,178,9,142,92,17
100,7,243,146,94,122,133,181,131,210
100,8,215,183,207,9,248,128,124,68
100,9,105,244,24,162,52,139,19,196
100,10,7,85,181,207,163,197,140,239
100,11,212,2,153,131,116,18,95,240
100,12,57,233,172,89,46,36,234,246
100,13,174,41,249,122,140,207,30,198
100,14,232,42,152,22,1,156,70,251
100,15,209,239,22,248,118,241,146,103
100,16,241,78,30,222,233,8,90,207
100,17,180,231,206,3,155,128,23,232
100,18,28,21,1,235,231,189,145,70
100,19,216,181,179,16,60,71,40,175
100,20,215,183,68,248,73,13,9,112
100,21,19,244,52,139,162,24,206,196
100,22,181,7,128,85,163,0,239,197
100,23,131,212,2,18,15,153,101,142
100,24,57,172,12,233,107,46,234,67
100,25,249,122,244,174,48,200,124,198
100,26,232,152,22,89,174,38,1,220
100,27,209,118,239,241,103,248,22,17
100,28,30,241,8,78,90,233,222,230
100,29,231,180,232,155,128,3,23,206
100,30,235,122,1,28,231,145,189,70
100,31,216,60,16,179,18,71,40,181
100,32,157,171,176,86,195,17,246,199
100,33,117,36,10,97,116,94,23,29
100,34,182,47,28,90,212,114,187,235
100,35,255,49,184,40,73,7,106,131
100,36,25,234,147,57,0,31,227,39
100,37,102,220,87,221,37,78,84,83
100,38,5,157,215,244,123,104,75,39
100,39,23,14,61,158,115,146,16,252
101,0,96,102,194,80,226,117,228,52
101,1,96,117,131,13,209,40,158,183
101,2,200,166,252,35,46,132,20,19
101,3,44,170,122,244,252,90,247,221
101,4,55,180,182,71,119,82,98,139
101,5,232,48,3,253,102,168,144,225
101,6,174,108,9,178,142,126,90,200
101,7,181,146,94,243,133,210,122,131
101,8,112,215,207,183,9,128,248,222
101,9,19,105,24,178,244,52,162,206
101,10,7,163,181,85,128,239,197,94
101,11,212,18,2,131,116,142,95,147
101,12,57,98,172,67,233,89,234,46
101,13,41,200,122,249,30,48,174,198
101,14,232,152,70,1,42,156,38,22
101,15,209,99,239,22,241,118,17,44
101,16,30,78,241,222,233,8,90,167
101,17,180,231,155,232,128,3,236,23
101,18,28,1,235,21,231,70,206,6
101,19,216,181,179,233,40,71,16,175
101,20,215,183,248,112,68,13,207,73
101,21,19,244,52,24,162,139,204,196
101,22,181,163,128,7,85,239,154,197
101,23,131,18,101,212,142,130,115,68
101,24,57,67,107,172,233,98,125,12
101,25,122,249,244,200,48,174,198,181
101,26,232,152,38,89,1,174,250,22
101,27,209,99,118,241,239,166,188,103
101,28,30,241,8,78,222,149,90,185
101,29,232,231,180,155,128,102,23,236
101,30,235,122,1,231,28,6,189,145
101,31,216,16,179,18,233,71,155,181
101,32,171,17,176,89,199,194,135,126
101,33,105,10,117,94,214,23,116,12
101,34,47,187,58,114,28,19,235,54
101,35,255,34,40,7,184,73,217,131
101,36,25,253,57,0,31,8,244,193
101,37,102,221,220,87,37,164,84,83
101,38,5,157,136,244,22,15,39,75
101,39,23,16,14,213,61,252,115,220
102,0,181,82,251,107,83,255,39,99
102,1,89,166,95,237,117,220,9,119
102,2,13,24,177,191,95,125,46,156
102,3,232,255,86,90,131,158,102,195
102,4,82,182,227,80,187,55,3,145
102,5,232,174,3,142,48,68,94,225
102,6,174,108,58,9,178,71,11,186
102,7,94,133,146,122,220,247,13,195
102,8,215,68,183,207,248,9,112,73
102,9,52,139,19,105,68,24,177,244
102,10,68,181,128,154,239,124,197,194
102,11,64,131,42,212,94,135,6,58
102,12,57,107,172,89,88,36,246,234
102,13,249,164,122,41,136,48,174,198
102,14,174,232,14,156,79,129,152,251
102,15,22,209,166,234,118,142,5,239
102,16,233,222,167,140,30,206,8,241
102,17,231,3,240,26,158,71,31,174
102,18,70,231,206,4,87,21,189,165
102,19,216,251,40,185,80,179,181,71
102,20,248,215,46,183,13,70,156,68
102,21,52,4,196,162,128,242,244,204
102,22,15,68,181,239,128,103,160,143
102,23,80,212,64,131,6,113,30,101
102,24,46,57,172,107,98,36,72,27
102,25,249,48,164,122,198,41,136,193
102,26,174,22,232,152,89,79,172,225
102,27,209,118,7,22,43,166,239,234
102,28,222,30,241,140,8,83,233,81
102,29,26,232,231,240,180,3,128,155
102,30,235,55,231,122,1,28,70,145
102,31,237,216,16,180,179,18,155,40
102,32,224,171,197,176,126,199,135,37
102,33,201,179,156,10,117,105,12,63
102,34,49,47,217,28,58,213,235,177
102,35,255,224,73,184,201,40,217,131
102,36,57,255,25,24,244,42,116,193
102,37,102,87,50,221,14,45,37,83
102,38,146,157,244,5,15,39,75,162
102,39,14,85,177,13,61,220,252,52
103,0,177,55,109,217,152,47,31,151
103,1,236,226,100,71,105,3,22,49
103,2,13,3,143,221,157,42,95,160
103,3,44,234,16,36,132,61,167,247
103,4,243,169,80,137,51,180,30,117
103,5,232,48,3,142,5,133,102,225
103,6,108,174,9,25,186,149,187,219
103,7,94,146,133,246,130,122,38,95
103,8,215,68,9,183,248,26,128,124
103,9,52,244,105,196,162,139,24,144
103,10,181,154,197,239,242,128,85,30
103,11,212,131,68,2,146,240,201,94
103,12,57,233,172,98,234,36,12,107
103,13,249,122,230,30,207,41,174,136
103,14,42,232,152,1,70,174,192,251
103,15,209,22,118,239,234,142,84,7
103,16,30,241,222,233,82,206,90,8
103,17,180,231,3,232,206,128,62,205
103,18,70,189,116,231,21,1,28,235
103,19,216,179,181,85,185,99,247,114
103,20,215,248,183,68,13,73,207,9
103,21,244,162,52,196,139,89,24,80
103,22,181,154,242,85,128,7,239,197
103,23,131,212,201,59,37,95,68,115
103,24,57,128,233,11,12,234,46,172
103,25,249,230,48,19,41,122,30,124
103,26,232,22,89,174,152,1,203,42
103,27,209,239,118,22,84,44,234,146
103,28,30,241,193,222,190,8,90,82
103,29,231,180,88,173,62,23,3,21
103,30,1,28,50,21,231,162,63,235
103,31,216,181,40,38,179,18,16,251
103,32,171,179,176,86,109,18,70,131
103,33,10,250,104,132,139,116,68,36
103,34,235,48,44,240,28,94,72,238
103,35,255,190,148,63,74,20,184,117
103,36,79,39,227,244,147,142,115,25
103,37,27,196,78,193,95,87,102,83
103,38,75,215,157,123,244,119,132,242
103,39,158,72,14,44,244,254,61,252
104,0,46,218,233,63,65,212,157,110
104,1,13,117,66,232,43,158,133,239
104,2,107,70,90,252,23,26,64,22
104,3,180,234,44,240,202,218,90,19
104,4,139,180,30,25,82,80,196,55
104,5,67,232,254,31,253,100,5,48
104,6,174,114,108,3,9,178,42,2
104,7,146,131,94,210,1,133,44,16
104,8,207,186,65,183,212,248,215,103
104,9,240,105,14,178,24,244,4,253
104,10,7,181,85,114,159,31,128,253
104,11,142,156,109,212,49,2,116,17
104,12,57,67,233,12,46,206,172,205
104,13,41,48,249,230,30,124,100,207
104,14,38,232,42,156,22,40,1,172
104,15,209,22,239,118,44,99,84,103
104,16,30,78,167,147,241,222,233,90
104,17,180,231,155,128,23,3,173,101
104,18,162,21,1,28,189,235,231,63
104,19,216,181,40,38,179,91,71,43
104,20,215,183,207,68,13,248,120,73
104,21,240,105,244,24,4,139,162,89
104,22,181,159,31,85,114,253,7,17
104,23,156,142,212,131,109,207,49,2
104,24,67,57,46,233,172,12,132,37
104,25,249,48,100,124,41,122,30,207
104,26,22,232,152,172,174,156,38,209
104,27,209,118,239,22,234,76,7,84
104,28,222,30,241,78,8,119,90,206
104,29,173,231,180,235,3,128,206,240
104,30,1,21,28,235,70,231,189,206
104,31,38,40,216,181,71,251,179,28
104,32,116,75,70,176,171,201,91,174
104,33,182,10,116,28,38,11,36,6
104,34,235,205,12,206,28,225,238,171
104,35,132,255,63,99,20,184,148,145
104,36,117,147,227,39,251,145,193,244
104,37,193,15,78,83,87,27,102,95
104,38,75,157,215,139,39,44,244,5
104,39,158,72,254,15,252,14,244,61
105,0,98,69,80,194,250,140,22,117
105,1,87,117,227,157,13,221,79,105
105,2,0,107,201,52,212,70,104,64
105,3,213,234,214,44,202,19,58,2
105,4,139,122,25,180,30,80,215,123
105,5,67,5,31,114,232,254,253,14
105,6,114,174,3,108,178,9,142,2
105,7,146,253,210,44,1,220,16,19
105,8,207,103,248,120,186,122,65,184
105,9,105,217,240,178,14,24,4,253
105,10,159,31,114,7,163,253,181,85
105,11,142,109,212,49,2,207,156,95
105,12,67,57,46,12,132,234,233,206
105,13,249,41,48,200,100,30,207,122
105,14,42,22,40,38,232,174,156,152
105,15,209,22,239,118,146,84,234,120
105,16,222,167,78,30,206,90,140,233
105,17,231,3,155,240,173,213,23,50
105,18,162,21,70,1,231,189,11,28
105,19,181,40,216,179,71,38,251,155
105,20,248,215,183,46,13,207,68,120
105,21,217,196,178,105,162,240,89,4
105,22,159,163,253,62,31,239,246,15
105,23,109,212,142,207,156,101,95,49
105,24,46,12,57,67,132,172,234,233
105,25,249,48,124,100,198,136,41,30
105,26,22,40,174,42,232,38,152,89
105,27,209,22,118,239,120,7,186,234
105,28,222,78,206,140,21,241,8,30
105,29,3,231,213,173,240,206,235,205
105,30,70,231,1,21,189,11,206,28
105,31,40,181,216,179,251,71,185,38
105,32,176,70,75,96,116,18,17,186
105,33,11,168,28,151,38,58,182,237
105,34,205,235,12,180,47,146,225,196
105,35,132,153,63,40,145,255,131,184
105,36,253,193,8,117,0,104,116,57
105,37,84,87,220,83,37,45,102,221
105,38,75,157,39,244,44,88,3,14
105,39,241,254,9,68,23,16,252,61
106,0,181,82,107,251,255,83,246,39
106,1,241,82,227,228,79,117,222,53
106,2,0,237,45,194,105,52,191,238
106,3,132,134,90,169,107,3,1,139
106,4,17,82,122,133,30,80,25,215
106,5,174,5,18,114,232,169,190,142
106,6,108,178,149,243,134,115,37,2
106,7,146,253,210,220,16,1,41,173
106,8,248,68,183,215,207,46,12,208
106,9,217,105,4,96,162,196,14,242
106,10,68,31,159,228,239,181,15,47
106,11,64,212,207,109,6,17,2,208
106,12,46,12,57,172,132,234,246,206
106,13,249,164,41,100,48,122,136,254
106,14,22,174,172,232,42,152,40,79
106,15,209,22,118,7,142,239,234,5
106,16,222,140,30,206,167,90,233,21
106,17,3,26,231,240,206,173,213,36
106,18,70,162,231,1,4,11,21,235
106,19,40,216,185,181,237,251,71,179
106,20,215,248,183,46,13,208,68,152
106,21,196,52,217,128,162,105,89,4
106,22,68,15,159,239,181,31,140,246
106,23,64,212,109,207,101,131,6,95
106,24,46,12,172,57,98,233,234,27
106,25,249,164,48,122,198,136,124,200
106,26,22,174,152,42,232,172,89,40
106,27,209,7,22,118,186,239,5,43
106,28,222,140,241,30,21,78,8,206
106,29,26,240,3,231,173,206,232,101
106,30,70,231,55,1,11,235,206,4
106,31,237,40,216,179,185,38,251,181
106,32,224,176,70,42,197,171,199,61
106,33,201,179,217,156,38,28,12,237
106,34,235,49,217,196,47,213,225,146
106,35,210,40,63,224,255,184,247,131
106,36,255,24,57,193,116,104,244,42
106,37,50,87,14,83,158,102,45,221
106,38,146,75,157,244,39,44,14,15
106,39,85,177,13,61,252,254,220,62
107,0,109,24,55,151,70,177,139,180
107,1,226,105,117,70,22,236,42,178
107,2,237,58,221,3,0,5,72,182
107,3,132,234,44,16,42,90,32,213
107,4,30,243,82,178,169,180,125,80
107,5,5,48,102,169,217,209,248,30
107,6,178,108,9,149,243,134,2,131
107,7,146,1,38,220,210,253,130,122
107,8,248,183,68,215,46,207,124,208
107,9,4,105,196,162,52,43,128,190
107,10,15,228,159,181,146,31,239,47
107,11,212,37,6,94,240,109,17,95
107,12,46,12,234,57,172,98,139,107
107,13,249,48,149,41,122,136,198,100
107,14,22,174,232,42,172,152,40,76
107,15,209,22,7,118,234,142,5,239
107,16,222,140,206,82,30,90,233,167
107,17,3,240,231,206,173,213,36,174
107,18,70,21,4,231,1,162,189,11
107,19,185,216,40,181,251,71,155,38
107,20,215,248,183,46,13,208,176,227
107,21,196,52,105,128,89,43,244,162
107,22,159,15,146,31,181,239,140,7
107,23,212,37,95,109,6,216,166,218
107,24,46,12,234,233,172,57,72,27
107,25,249,48,124,41,100,198,1,230
107,26,22,174,42,152,40,220,89,141
107,27,22,7,118,239,209,5,234,84
107,28,222,206,21,241,249,78,140,8
107,29,3,240,206,173,214,128,231,205
107,30,70,189,149,11,231,21,4,248
107,31,185,112,40,199,251,91,71,181
107,32,18,176,70,48,246,62,92,91
107,33,28,38,107,68,139,151,250,102
107,34,235,175,48,94,171,56,240,64
107,35,85,117,20,236,247,94,99,161
107,36,202,195,246,79,152,37,211,117
107,37,83,161,174,60,87,43,45,247
107,38,234,201,157,39,132,44,9,15
107,39,246,1,215,250,92,183,220,15
108,0,242,234,186,188,144,133,111,172
108,1,117,232,198,105,43,111,255,5
108,2,237,141,181,23,230,15,150,127
108,3,132,116,90,42,155,234,7,68
108,4,82,71,30,94,12,112,85,169
108,5,169,217,5,253,232,18,54,102
108,6,178,108,37,73,243,9,191,235
108,7,56,146,210,41,95,16,173,1
108,8,248,183,227,65,12,117,208,46
108,9,96,4,105,14,196,253,190,162
108,10,31,159,24,114,15,239,50,7
108,11,17,114,207,212,153,109,250,95
108,12,46,206,12,132,43,234,57,172
108,13,249,41,100,48,70,124,1,38
108,14,22,42,174,172,101,40,152,76
108,15,22,7,209,118,146,142,239,234
108,16,222,206,140,90,167,30,21,233
108,17,197,240,3,173,213,206,231,71
108,18,70,11,162,4,21,188,231,165
108,19,185,40,251,71,216,181,199,91
108,20,248,215,46,183,13,68,176,227
108,21,96,196,105,52,89,244,4,128
108,22,159,140,15,0,50,31,24,7
108,23,109,114,212,101,216,95,207,6
108,24,46,12,206,233,43,172,132,234
108,25,249,48,124,100,198,136,38,229
108,26,22,174,220,42,152,172,141,76
108,27,7,22,118,209,5,239,142,234
108,28,222,21,161,206,241,140,226,8
108,29,3,206,213,240,173,128,231,232
108,30,70,149,231,189,11,206,165,4
108,31,185,71,40,112,251,181,91,60
108,32,176,221,70,62,195,246,91,18
108,33,36,97,38,107,244,28,6,37
108,34,235,212,255,81,56,70,95,171
108,35,20,236,161,40,247,218,63,182
108,36,234,202,246,152,116,211,193,0
108,37,83,161,174,87,60,45,220,247
108,38,234,44,39,9,157,15,30,126
108,39,23,15,165,92,168,252,220,127
109,0,233,80,96,117,226,15,90,245
109,1,120,92,96,88,171,57,94,234
109,2,52,189,94,183,23,127,54,173
109,3,132,255,42,90,214,234,173,208
109,4,82,71,119,171,254,12,79,215
109,5,169,5,253,217,194,215,143,18
109,6,108,178,9,37,193,127,207,17
109,7,146,1,56,173,122,210,220,16
109,8,248,183,215,201,208,124,46,227
109,9,4,162,105,196,52,96,210,200
109,10,23,78,181,31,127,176,144,43
109,11,42,135,212,131,208,56,94,225
109,12,57,107,22,46,27,181,234,172
109,13,249,18,41,122,48,136,224,198
109,14,232,174,14,156,152,22,42,129
109,15,22,209,234,166,118,142,239,43
109,16,233,222,140,167,206,74,30,243
109,17,231,3,240,147,71,255,158,174
109,18,70,206,169,243,231,13,87,4
109,19,251,215,230,80,185,216,160,150
109,20,248,215,46,13,186,184,183,149
109,21,4,13,242,133,162,88,52,220
109,22,15,160,143,204,168,194,35,140
109,23,80,113,111,212,57,106,103,12
109,24,221,107,181,220,22,227,72,39
109,25,48,13,249,58,193,154,228,163
109,26,174,79,206,52,95,14,225,232
109,27,166,87,22,7,234,43,5,118
109,28,74,233,222,226,140,206,61,25
109,29,150,240,3,231,198,71,215,205
109,30,61,70,253,99,231,44,4,105
109,31,154,251,185,10,148,155,87,234
109,32,89,70,176,221,127,91,17,43
109,33,105,38,107,244,121,28,253,248
109,34,235,81,56,171,208,95,70,64
109,35,132,20,236,40,170,161,247,99
109,36,202,246,152,253,195,116,223,42
109,37,83,161,174,60,87,45,67,158
109,38,39,234,44,9,157,201,30,15
109,39,246,1,248,250,92,15,252,220
110,0,186,242,234,144,133,12,60,26
110,1,185,32,144,117,105,217,198,221
110,2,150,230,86,52,110,212,127,181
110,3,90,155,234,63,255,7,180,213
110,4,94,82,169,71,30,164,103,112
110,5,217,115,5,225,54,66,167,232
110,6,178,37,108,123,9,92,193,191
110,7,243,181,109,41,146,220,13,4
110,8,248,227,183,124,46,215,176,229
110,9,96,196,105,4,162,190,20,14
110,10,159,7,31,15,197,239,47,140
110,11,212,153,216,116,2,6,95,151
110,12,46,12,234,233,98,57,159,172
110,13,249,48,41,254,198,149,122,100
110,14,22,174,42,232,152,172,101,130
110,15,22,209,7,118,146,142,5,234
110,16,222,206,140,21,30,90,233,22
110,17,206,3,213,240,173,128,231,71
110,18,70,4,11,231,189,21,1,165
110,19,60,185,216,181,251,71,179,38
110,20,215,248,183,68,13,46,208,227
110,21,196,96,244,105,52,89,162,15
110,22,140,7,0,15,181,159,239,216
110,23,212,116,216,95,15,2,151,137
110,24,46,233,12,128,234,172,57,98
110,25,249,48,41,124,136,100,30,163
110,26,22,174,42,220,152,1,141,89
110,27,118,7,22,209,239,248,5,234
110,28,222,78,21,241,206,193,230,82
110,29,3,128,206,49,173,240,41,88
110,30,70,235,231,189,50,1,149,165
110,31,60,185,18,216,112,251,40,71
110,32,176,86,179,70,246,91,87,171
110,33,36,250,38,97,104,37,181,248
110,34,235,90,212,28,44,255,47,109
110,35,49,8,228,220,255,148,20,236
110,36,147,39,227,234,115,42,79,116
110,37,193,27,83,15,78,87,95,101
110,38,139,123,215,157,75,119,39,15
110,39,158,224,72,197,91,122,15,36
111,0,242,133,212,187,157,185,170,65
111,1,40,117,105,15,183,13,96,206
111,2,35,142,227,236,176,123,203,214
111,3,247,86,234,90,44,213,66,113
111,4,82,180,55,30,169,71,139,123
111,5,3,214,232,19,225,5,217,54
111,6,178,108,123,9,136,193,3,37
111,7,243,13,133,253,146,41,95,173
111,8,248,112,227,38,183,68,176,46
111,9,19,96,105,196,206,245,190,178
111,10,163,7,197,159,15,181,31,140
111,11,216,212,116,18,2,6,142,153
111,12,46,233,234,67,106,12,172,159
111,13,200,249,48,136,254,122,179,241
111,14,174,152,42,1,22,38,130,172
111,15,209,241,118,22,103,7,5,142
111,16,222,78,206,21,30,241,140,90
111,17,128,3,180,206,240,232,155,173
111,18,70,235,231,189,6,4,1,21
111,19,216,185,71,132,155,179,18,126
111,20,215,248,68,183,112,13,38,9
111,21,196,19,52,244,139,89,222,190
111,22,181,163,239,140,7,197,154,15
111,23,212,18,131,101,68,142,6,216
111,24,233,234,98,172,36,46,135,230
111,25,249,48,200,122,198,136,193,27
111,26,152,174,38,1,89,22,42,227
111,27,118,7,209,241,10,22,252,17
111,28,222,78,241,30,206,185,21,149
111,29,3,232,128,155,180,174,240,41
111,30,70,235,231,189,6,1,165,145
111,31,216,60,185,155,71,18,132,16
111,32,176,17,171,157,199,126,37,70
111,33,117,23,94,38,214,161,10,185
111,34,47,235,187,28,177,19,58,146
111,35,255,40,220,247,100,7,201,228
111,36,57,25,42,253,8,0,116,234
111,37,102,87,158,220,221,84,7,164
111,38,157,15,244,22,136,162,14,123
111,39,23,16,61,14,220,252,68,225
112,0,181,82,107,251,99,39,83,246
112,1,88,166,158,15,117,134,180,53
112,2,177,45,203,81,137,237,13,160
112,3,107,90,132,189,99,5,134,48
112,4,82,180,135,30,3,145,227,187
112,5,232,174,3,214,225,142,231,102
112,6,108,193,119,9,37,191,123,110
112,7,13,207,94,133,146,173,73,41
112,8,248,68,215,227,183,46,176,117
112,9,210,52,213,71,201,232,200,19
112,10,127,79,68,243,176,78,236,181
112,11,64,128,42,135,12,131,181,56
112,12,68,107,153,247,22,18,113,52
112,13,164,118,114,18,224,139,63,249
112,14,14,129,156,225,16,174,232,118
112,15,22,209,87,166,234,45,71,191
112,16,233,140,74,152,243,167,170,51
112,17,255,71,147,29,20,158,115,166
112,18,169,13,70,220,87,251,190,238
112,19,215,251,230,150,160,80,111,229
112,20,186,115,3,248,106,184,116,207
112,21,13,4,133,190,107,128,197,102
112,22,15,160,143,68,194,176,243,35
112,23,80,111,113,212,106,64,128,12
112,24,221,107,220,181,22,39,227,200
112,25,13,48,249,112,154,193,164,228
112,26,174,79,95,206,149,225,14,52
112,27,87,166,22,7,118,234,43,27
112,28,233,222,140,74,206,61,226,21
112,29,26,150,240,3,198,232,231,55
112,30,55,70,235,231,122,4,1,189
112,31,237,216,185,16,155,154,18,206
112,32,224,176,197,171,126,199,70,37
112,33,201,117,179,156,38,12,10,185
112,34,47,49,217,235,213,177,28,146
112,35,255,224,40,220,247,201,100,131
112,36,255,57,25,24,42,116,31,252
112,37,102,87,158,50,221,14,7,83
112,38,157,146,244,15,162,4,14,75
112,39,85,177,13,61,252,14,220,182
113,0,177,151,55,109,24,152,175,31
113,1,226,236,105,100,154,228,180,117
113,2,177,45,203,13,101,160,82,237
113,3,247,132,234,107,139,180,99,90
113,4,180,30,82,80,169,243,204,135
113,5,214,3,232,5,102,48,217,237
113,6,178,123,9,175,108,253,193,2
113,7,133,146,1,246,13,253,228,95
113,8,248,68,183,208,215,46,176,227
113,9,105,4,196,210,52,25,162,86
113,10,159,31,181,154,15,85,47,7
113,11,212,216,95,201,2,6,17,240
113,12,46,57,12,234,233,172,107,171
113,13,249,41,48,122,207,124,198,97
113,14,22,232,42,174,152,172,129,101
113,15,209,22,239,118,146,234,5,84
113,16,222,206,30,140,22,233,90,167
113,17,213,3,231,240,173,205,71,23
113,18,70,21,4,189,231,1,11,28
113,19,181,216,179,185,40,155,251,189
113,20,215,248,183,13,208,46,176,117
113,21,196,89,52,105,162,244,4,24
113,22,159,15,181,216,239,47,246,31
113,23,212,201,95,109,37,116,59,131
113,24,128,46,12,234,57,172,233,1
113,25,249,41,48,97,19,124,198,136
113,26,22,174,42,232,89,152,141,218
113,27,22,209,118,84,239,234,7,5
113,28,222,193,206,167,140,241,233,30
113,29,231,240,62,88,61,213,249,3
113,30,50,70,21,1,231,189,211,81
113,31,251,205,39,181,4,216,252,106
113,32,131,176,144,70,125,109,106,91
113,33,68,132,102,38,238,116,181,49
113,34,235,44,171,5,240,20,94,48
113,35,145,40,148,57,190,20,21,255
113,36,120,39,19,79,115,124,147,25
113,37,190,27,169,101,25,215,250,66
113,38,123,61,75,169,62,158,196,67
113,39,117,163,6,179,197,206,139,11
114,0,101,196,249,197,216,242,105,108
114,1,117,93,244,27,97,105,155,11
114,2,179,59,17,4,103,109,145,100
114,3,133,187,37,211,234,31,231,235
114,4,222,30,142,13,167,251,102,236
114,5,104,151,186,44,253,6,88,193
114,6,167,147,153,174,142,42,107,108
114,7,29,23,146,10,1,37,210,46
114,8,234,207,89,107,186,184,84,212
114,9,13,29,94,105,14,4,102,24
114,10,169,130,72,85,216,143,198,246
114,11,189,147,107,212,250,203,42,174
114,12,160,57,46,35,128,65,63,26
114,13,124,29,43,48,211,18,154,41
114,14,156,235,51,232,22,86,124,47
114,15,22,162,209,181,71,148,239,44
114,16,167,233,5,73,196,30,46,90
114,17,250,231,166,87,213,61,255,147
114,18,21,57,50,70,179,197,190,28
114,19,130,109,205,111,216,181,20,251
114,20,207,234,186,248,4,184,13,215
114,21,13,29,94,203,164,4,102,89
114,22,169,130,198,143,246,72,236,85
114,23,189,42,107,147,212,62,250,128
114,24,74,65,220,26,63,160,57,15
114,25,48,249,43,147,18,124,29,134
114,26,32,22,124,174,51,156,14,206
114,27,22,209,87,71,81,162,181,234
114,28,167,5,133,222,136,188,46,224
114,29,250,231,50,240,76,172,147,87
114,30,81,70,179,187,21,189,205,231
114,31,39,251,130,181,106,252,109,205
114,32,98,134,106,99,201,131,91,186
114,33,183,238,116,232,38,126,86,58
114,34,84,235,207,180,171,96,101,86
114,35,145,153,57,40,20,255,161,184
114,36,120,181,70,11,14,193,211,225
114,37,190,31,182,87,83,143,175,250
114,38,148,71,75,157,92,213,97,123
114,39,2,69,217,38,189,252,61,52
115,0,107,82,181,83,106,32,33,246
115,1,117,242,86,122,132,105,118,84
115,2,179,133,255,121,60,80,243,219
115,3,214,90,219,227,107,131,240,246
115,4,118,242,30,74,79,82,88,80
115,5,174,147,5,44,159,68,10,88
115,6,183,42,149,108,164,166,208,217
115,7,1,2,220,210,101,146,109,10
115,8,207,248,234,107,186,184,183,84
115,9,217,151,13,4,156,105,55,86
115,10,68,228,161,114,72,62,22,239
115,11,64,27,195,69,208,107,181,212
115,12,155,57,132,197,154,234,46,172
115,13,164,249,48,22,41,18,168,136
115,14,174,42,232,22,152,14,213,156
115,15,22,209,234,118,239,120,84,142
115,16,222,167,206,140,233,90,181,30
115,17,26,231,240,3,166,50,36,205
115,18,70,231,190,21,159,189,4,11
115,19,251,216,237,179,181,185,40,71
115,20,215,248,46,207,13,183,4,208
115,21,4,217,162,242,52,89,244,196
115,22,68,15,228,239,236,181,114,128
115,23,64,27,212,101,107,195,113,69
115,24,155,57,46,191,132,172,181,233
115,25,249,22,164,48,29,41,163,18
115,26,22,174,238,232,152,14,206,235
115,27,209,22,118,7,234,239,110,120
115,28,222,167,21,188,241,30,206,140
115,29,240,26,231,3,50,206,174,101
115,30,70,231,190,159,55,1,189,21
115,31,237,251,216,179,40,185,230,71
115,32,224,42,176,206,171,91,197,21
115,33,179,201,156,38,217,12,40,10
115,34,217,49,235,196,213,188,146,47
115,35,210,214,224,255,184,161,40,244
115,36,24,255,57,193,129,139,42,244
115,37,50,14,87,83,147,57,158,45
115,38,146,244,157,39,44,75,97,3
115,39,177,13,85,62,61,220,252,52
116,0,55,24,70,109,12,151,31,211
116,1,226,236,117,70,85,42,22,105
116,2,58,221,3,133,77,5,157,182
116,3,44,234,167,66,214,19,199,202
116,4,30,243,82,178,125,42,80,169
116,5,5,48,102,217,147,30,248,232
116,6,108,149,104,183,115,134,191,193
116,7,220,1,146,122,130,173,41,210
116,8,248,68,215,183,46,207,124,201
116,9,4,242,162,128,196,5,24,52
116,10,15,228,181,239,57,114,143,103
116,11,212,6,59,137,113,208,190,30
116,12,234,57,172,181,46,61,233,36
116,13,249,48,174,193,136,122,207,41
116,14,174,232,42,152,76,79,22,192
116,15,22,209,234,118,7,5,105,239
116,16,222,140,206,21,167,90,233,30
116,17,240,206,231,3,205,71,36,50
116,18,231,70,190,11,189,219,157,206
116,19,251,179,71,216,185,85,155,40
116,20,248,46,215,13,68,183,207,124
116,21,242,4,52,89,162,236,196,133
116,22,15,228,239,114,146,181,140,242
116,23,212,113,59,190,231,218,6,93
116,24,155,172,57,46,181,11,7,234
116,25,249,48,22,230,41,18,193,198
116,26,174,22,232,152,101,79,76,206
116,27,22,7,209,118,234,239,43,105
116,28,222,21,167,181,206,226,140,224
116,29,240,3,206,50,231,205,143,21
116,30,70,231,190,90,11,189,81,211
116,31,251,185,71,216,179,252,18,91
116,32,85,48,176,22,201,91,246,62
116,33,224,38,139,68,185,107,3,135
116,34,175,240,95,94,64,171,28,235
116,35,85,161,94,2,40,20,185,255
116,36,202,195,79,246,67,142,139,39
116,37,193,83,60,43,161,78,87,174
116,38,201,119,234,157,44,163,3,215
116,39,246,1,215,92,183,220,44,252
117,0,18,127,49,85,146,233,112,227
117,1,232,117,29,43,57,104,228,251
117,2,169,145,26,19,23,146,151,135
117,3,116,20,51,55,171,7,245,153
117,4,82,215,12,30,126,27,225,79
117,5,169,253,5,249,66,217,225,17
117,6,136,108,149,42,115,104,134,73
117,7,220,1,146,210,56,40,122,161
117,8,120,248,207,117,46,183,68,186
117,9,4,242,14,151,162,190,107,13
117,10,24,114,15,218,239,209,6,181
117,11,114,212,208,113,55,21,251,93
117,12,46,172,57,206,155,234,11,132
117,13,249,38,41,48,22,29,18,136
117,14,232,22,174,42,152,172,76,129
117,15,22,209,118,7,234,44,239,142
117,16,222,140,167,90,206,233,30,180
117,17,240,231,218,197,3,206,138,86
117,18,231,70,190,188,206,93,21,243
117,19,91,251,40,179,216,58,194,181
117,20,248,215,120,46,183,13,70,242
117,21,242,52,4,228,89,128,162,91
117,22,15,24,114,239,218,117,252,181
117,23,114,101,212,113,208,6,190,17
117,24,46,172,57,7,135,181,206,132
117,25,249,48,38,22,198,193,29,18
117,26,174,22,152,232,79,172,192,206
117,27,7,22,209,105,43,234,118,211
117,28,222,21,140,226,83,137,206,167
117,29,240,206,218,3,231,50,31,174
117,30,190,70,231,188,238,221,165,206
117,31,251,28,71,185,40,216,91,252
117,32,221,102,176,201,21,62,91,94
117,33,121,168,224,38,3,205,185,12
117,34,81,95,55,208,235,64,146,171
117,35,161,39,99,40,123,20,212,111
117,36,49,117,139,195,202,193,42,116
117,37,83,15,193,90,87,209,7,45
117,38,44,3,80,157,86,167,39,15
117,39,72,244,220,36,183,15,252,61
118,0,2,223,41,115,177,152,86,50
118,1,56,52,29,126,221,70,42,109
118,2,23,212,236,194,157,145,182,110
118,3,234,7,197,156,44,63,16,58
118,4,149,169,30,164,93,82,225,42
118,5,115,5,102,48,225,66,6,116
118,6,136,108,104,245,115,134,25,142
118,7,220,122,1,146,173,41,130,84
118,8,248,183,124,46,215,242,128,13
118,9,4,242,162,128,133,14,52,190
118,10,117,15,239,181,57,114,134,209
118,11,212,151,113,6,209,208,103,116
118,12,234,46,57,172,95,55,61,36
118,13,249,48,193,174,18,136,122,207
118,14,174,232,172,79,76,152,42,192
118,15,22,209,7,105,234,142,118,43
118,16,140,21,222,82,167,206,30,90
118,17,240,206,231,3,78,71,143,205
118,18,70,231,190,237,243,206,238,178
118,19,251,194,5,71,185,58,155,179
118,20,248,46,13,242,215,183,70,230
118,21,4,242,89,52,128,162,133,91
118,22,15,117,216,17,239,114,254,140
118,23,151,113,116,212,208,209,59,190
118,24,46,128,172,181,57,7,234,155
118,25,249,48,193,38,163,136,19,247
118,26,174,22,79,232,152,206,89,192
118,27,7,22,234,209,43,105,118,211
118,28,222,21,226,140,206,193,83,82
118,29,240,78,49,88,3,206,231,61
118,30,70,50,231,162,243,237,151,178
118,31,185,251,60,28,216,71,5,58
118,32,120,176,179,177,75,94,91,21
118,33,104,161,38,185,250,54,5,3
118,34,227,44,109,238,28,235,55,146
118,35,161,148,190,40,74,123,20,236
118,36,39,202,139,227,115,147,42,193
118,37,83,27,78,193,87,15,7,45
118,38,3,167,44,119,215,157,15,39
118,39,75,158,220,251,179,61,72,15
119,0,113,142,166,97,205,150,210,213
119,1,26,34,117,105,59,187,87,227
119,2,235,17,202,227,35,229,176,4
119,3,211,46,37,31,135,84,76,146
119,4,167,161,65,14,30,82,13,251
119,5,6,104,161,66,5,253,17,235
119,6,108,136,245,167,142,115,61,134
119,7,220,1,91,210,146,29,122,2
119,8,33,248,207,183,46,215,13,164
119,9,39,94,4,29,132,13,242,105
119,10,216,248,15,130,114,181,239,143
119,11,20,212,36,107,151,185,17,113
119,12,57,46,234,26,63,172,7,171
119,13,249,48,29,41,43,33,18,136
119,14,174,42,232,22,152,129,147,172
119,15,22,209,65,118,234,239,142,7
119,16,140,222,206,167,233,5,90,196
119,17,240,231,3,61,166,172,205,138
119,18,70,148,231,243,187,206,190,189
119,19,251,130,185,179,181,216,155,194
119,20,248,33,215,46,13,212,207,183
119,21,39,4,242,94,162,29,89,133
119,22,15,216,83,248,130,114,239,143
119,23,20,113,212,17,107,190,12,151
119,24,181,63,172,26,135,160,29,57
119,25,249,48,29,163,43,193,136,247
119,26,174,79,22,206,232,124,76,14
119,27,65,234,7,22,43,209,105,118
119,28,222,96,226,5,167,140,21,206
119,29,240,172,3,50,61,231,206,31
119,30,148,70,190,231,187,243,11,178
119,31,130,251,185,28,5,252,58,53
119,32,113,99,176,62,177,238,91,94
119,33,190,232,38,224,3,104,107,41
119,34,88,97,161,34,55,171,67,64
119,35,161,39,2,236,20,123,74,40
119,36,207,202,49,139,246,152,42,39
119,37,83,60,15,161,190,87,174,193
119,38,234,44,71,80,167,3,15,9
119,39,72,69,244,220,92,36,183,250
120,0,242,234,186,66,27,6,188,111
120,1,117,191,109,198,52,68,165,86
120,2,110,198,230,150,87,86,235,23
120,3,234,155,7,156,202,66,215,90
120,4,82,71,94,30,118,12,225,169
120,5,48,5,217,115,102,66,225,194
120,6,235,108,136,3,115,104,92,9
120,7,220,243,181,91,146,2,1,44
120,8,248,124,46,183,65,103,12,201
120,9,96,4,5,242,14,133,162,231
120,10,15,253,9,90,7,161,218,114
120,11,130,153,142,212,195,113,2,8
120,12,234,95,172,206,135,246,181,187
120,13,249,48,22,116,38,136,41,142
120,14,174,42,232,152,79,192,76,129
120,15,22,209,118,7,234,248,5,43
120,16,222,140,21,206,167,90,147,226
120,17,240,197,206,218,231,3,31,205
120,18,231,70,190,178,206,189,69,238
120,19,251,185,71,70,179,58,60,5
120,20,248,215,13,65,46,70,183,230
120,21,96,242,4,89,52,162,239,196
120,22,15,253,218,140,0,7,239,143
120,23,130,153,212,101,113,142,100,114
120,24,172,181,46,37,72,57,173,61
120,25,249,48,193,29,122,198,136,38
120,26,174,79,152,14,192,232,89,22
120,27,7,118,22,43,248,209,234,239
120,28,222,21,226,83,140,167,206,241
120,29,240,218,206,31,3,236,231,55
120,30,231,69,70,190,178,238,36,206
120,31,60,251,185,58,71,5,28,216
120,32,195,176,162,190,146,94,194,177
120,33,97,217,36,37,38,185,94,3
120,34,90,146,212,54,188,19,187,255
120,35,161,123,196,49,131,40,214,20
120,36,0,139,234,42,193,8,116,239
120,37,83,87,220,90,7,84,209,241
120,38,167,44,3,86,14,15,22,162
120,39,23,220,16,61,68,252,36,145
121,0,233,85,165,157,49,110,18,22
121,1,40,203,117,166,209,183,96,98
121,2,178,21,238,234,56,191,241,209
121,3,55,234,247,73,41,202,179,229
121,4,30,60,82,122,156,71,145,37
121,5,178,31,19,66,213,114,225,217
121,6,42,115,108,204,235,142,9,16
121,7,220,1,243,84,240,146,41,253
121,8,157,248,207,186,65,124,184,68
121,9,14,5,4,96,133,107,128,242
121,10,68,114,15,253,143,168,171,72
121,11,207,208,130,156,66,64,113,212
121,12,95,206,234,181,172,135,227,246
121,13,249,48,164,230,100,18,116,22
121,14,174,83,14,232,79,152,218,129
121,15,22,209,7,118,234,71,116,5
121,16,167,222,140,90,21,233,20,83
121,17,240,206,31,104,231,218,174,26
121,18,231,190,70,238,178,87,206,165
121,19,225,251,71,40,216,206,58,5
121,20,248,215,157,46,70,124,13,230
121,21,242,4,52,91,128,133,162,196
121,22,15,68,143,239,253,114,254,103
121,23,64,208,101,113,156,100,212,6
121,24,172,236,46,107,173,37,72,61
121,25,249,48,164,193,18,198,128,196
121,26,174,79,152,14,192,146,89,206
121,27,7,22,43,209,105,118,116,142
121,28,21,222,20,83,226,167,231,140
121,29,240,206,104,31,50,3,55,26
121,30,190,231,70,178,221,238,69,206
121,31,225,251,5,71,185,58,250,40
121,32,224,197,176,21,94,177,190,116
121,33,185,156,18,63,12,38,217,3
121,34,217,146,49,188,152,213,90,95
121,35,123,161,39,224,131,111,214,196
121,36,139,255,239,24,251,193,42,41
121,37,50,90,87,83,209,14,241,7
121,38,167,86,44,3,146,14,124,162
121,39,220,61,177,13,85,36,62,203
122,0,2,65,223,41,86,152,133,29
122,1,85,42,117,32,105,185,255,84
122,2,117,77,157,182,178,139,221,83
122,3,234,58,66,202,101,247,177,15
122,4,149,30,93,60,243,63,51,169
122,5,115,213,66,178,19,5,217,52
122,6,115,25,134,204,108,245,27,42
122,7,220,1,32,167,84,173,7,41
122,8,157,184,207,124,248,46,183,159
122,9,5,14,4,242,133,120,0,128
122,10,17,15,117,114,143,204,103,239
122,11,209,207,103,202,208,66,21,113
122,12,166,95,234,35,157,172,181,136
122,13,230,48,249,100,18,42,111,74
122,14,174,14,79,218,83,232,192,119
122,15,22,209,116,118,7,71,234,5
122,16,167,222,140,21,90,20,233,83
122,17,240,206,78,174,31,231,185,137
122,18,190,70,231,130,238,178,87,206
122,19,251,71,70,206,237,225,5,216
122,20,248,215,46,13,70,157,149,124
122,21,242,52,133,4,89,91,128,162
122,22,15,17,117,143,239,254,204,103
122,23,209,113,101,100,208,137,212,6
122,24,172,236,61,173,170,107,166,227
122,25,249,193,48,196,198,230,122,136
122,26,79,174,152,192,146,14,237,89
122,27,7,43,22,209,116,118,105,211
122,28,222,83,21,226,138,20,140,167
122,29,78,240,31,206,55,138,3,174
122,30,231,70,178,237,221,190,72,238
122,31,5,251,185,237,58,225,71,250
122,32,75,197,176,94,190,177,21,206
122,33,5,185,103,12,38,3,18,75
122,34,227,146,11,188,213,152,90,209
122,35,123,161,214,131,136,100,111,196
122,36,139,24,251,42,239,48,116,129
122,37,87,14,83,162,50,7,147,209
122,38,167,3,124,44,14,162,15,157
122,39,220,177,61,13,62,252,75,52
123,0,97,166,113,142,205,150,210,10
123,1,101,34,59,26,105,64,87,10
123,2,235,65,83,117,123,55,93,247
123,3,211,46,100,41,138,72,9,162
123,4,167,161,240,30,4,14,82,96
123,5,66,178,213,6,225,33,142,195
123,6,245,115,25,108,134,142,27,219
123,7,220,91,1,84,41,150,239,2
123,8,248,33,124,183,201,184,46,157
123,9,39,4,132,133,5,14,242,91
123,10,15,117,216,143,103,239,17,254
123,11,20,36,208,113,207,100,196,30
123,12,166,95,135,234,172,236,227,181
123,13,249,48,33,42,230,193,100,136
123,14,174,79,14,232,147,152,192,218
123,15,22,65,209,7,234,5,118,105
123,16,140,222,154,21,83,226,167,147
123,17,240,31,206,110,231,185,55,174
123,18,231,70,190,178,206,238,87,128
123,19,251,250,5,206,58,216,71,120
123,20,248,215,33,46,70,230,183,13
123,21,39,242,52,91,132,162,4,128
123,22,15,117,254,67,239,103,143,248
123,23,101,100,20,36,6,212,208,113
123,24,172,236,173,36,72,107,61,135
123,25,193,249,48,88,136,33,18,198
123,26,79,174,192,14,237,152,13,147
123,27,65,43,7,22,105,118,214,40
123,28,83,226,21,147,140,222,231,20
123,29,240,206,31,110,55,138,50,3
123,30,190,70,231,178,128,221,148,238
123,31,251,120,185,5,58,250,71,111
123,32,113,238,21,94,158,176,177,190
123,33,185,190,41,224,63,38,12,3
123,34,146,97,34,88,161,55,188,152
123,35,123,161,39,111,100,131,212,20
123,36,139,207,239,42,41,193,24,116
123,37,87,90,83,209,7,241,15,50
123,38,167,86,3,14,44,126,162,15
123,39,220,61,36,72,13,252,15,62
124,0,115,223,2,41,86,60,133,6
124,1,191,117,42,245,12,105,247,118
124,2,235,76,65,117,123,93,139,222
124,3,234,66,213,243,58,218,100,44
124,4,30,149,203,169,63,51,93,27
124,5,213,115,66,225,48,116,6,217
124,6,115,25,108,245,27,134,70,142
124,7,220,1,41,173,122,95,146,250
124,8,248,124,183,46,208,255,215,176
124,9,4,133,242,91,162,5,52,216
124,10,15,117,17,103,239,204,143,216
124,11,113,103,209,100,151,212,208,146
124,12,166,95,115,234,37,181,236,173
124,13,249,48,193,136,42,247,196,62
124,14,174,79,192,152,206,14,172,76
124,15,22,7,209,234,5,123,105,142
124,16,222,21,140,83,154,226,138,167
124,17,240,206,78,55,231,31,174,185
124,18,70,231,190,178,238,206,237,243
124,19,251,250,58,206,5,71,60,185
124,20,248,230,215,46,70,149,255,45
124,21,242,91,4,52,133,162,89,128
124,22,15,117,17,216,254,140,67,103
124,23,209,113,100,208,151,212,146,101
124,24,166,172,236,157,173,128,115,61
124,25,193,249,48,136,230,196,198,122
124,26,79,174,237,14,192,152,93,89
124,27,43,7,22,118,116,209,105,214
124,28,83,138,226,222,21,140,20,206
124,29,78,240,31,55,138,3,206,174
124,30,178,231,70,237,36,238,206,221
124,31,60,251,5,185,58,249,250,237
124,32,197,75,94,14,176,190,177,120
124,33,161,185,103,5,38,12,3,179
124,34,227,109,146,11,213,152,188,90
124,35,123,161,214,100,111,131,244,20
124,36,139,48,251,24,42,55,41,129
124,37,14,162,87,83,7,147,97,45
124,38,167,3,124,14,44,162,39,15
124,39,220,77,177,13,61,62,252,203
125,0,47,151,203,152,177,76,55,222
125,1,67,178,8,206,175,101,105,247
125,2,235,3,178,71,17,117,116,75
125,3,234,247,15,66,213,218,63,243
125,4,44,30,169,180,60,93,51,212
125,5,19,115,48,6,66,5,217,178
125,6,115,25,245,108,49,161,253,9
125,7,220,1,167,130,95,246,84,146
125,8,248,124,184,207,149,183,215,46
125,9,4,242,133,91,52,162,14,128
125,10,15,216,143,239,138,103,254,107
125,11,212,59,113,100,6,103,137,55
125,12,234,61,172,157,210,236,135,181
125,13,249,48,193,230,136,100,122,88
125,14,174,79,14,232,192,206,42,152
125,15,22,209,234,118,142,43,5,7
125,16,140,21,82,167,190,233,206,83
125,17,240,206,31,231,3,71,138,174
125,18,231,70,178,190,238,87,206,250
125,19,251,70,71,5,250,155,85,215
125,20,248,149,13,230,215,70,124,255
125,21,242,91,89,133,128,4,52,162
125,22,15,216,143,254,168,204,103,140
125,23,212,113,100,85,59,240,220,208
125,24,157,236,172,72,234,36,128,3
125,25,249,193,48,230,198,112,122,196
125,26,79,174,89,146,14,152,192,237
125,27,43,166,22,118,7,209,105,85
125,28,83,190,222,226,140,167,206,21
125,29,240,31,3,138,55,102,231,78
125,30,231,70,178,250,151,36,50,63
125,31,58,71,185,5,251,250,216,28
125,32,176,190,76,85,94,177,86,120
125,33,181,185,11,3,56,38,102,250
125,34,146,72,240,109,235,19,209,47
125,35,161,123,131,111,40,98,100,217
125,36,139,116,127,25,130,42,41,39
125,37,87,221,7,102,45,83,84,98
125,38,14,167,157,3,15,114,162,39
125,39,220,165,168,252,61,146,129,197
126,0,96,226,247,171,93,133,214,90
126,1,67,104,169,175,2,196,81,117
126,2,254,55,117,116,190,105,71,197
126,3,188,221,170,122,234,15,105,109
126,4,119,60,82,30,105,20,169,180
126,5,61,194,6,116,66,92,178,217
126,6,16,115,25,134,245,49,108,235
126,7,220,1,167,84,253,173,131,240
126,8,112,248,184,35,124,207,159,149
126,9,242,206,4,133,14,91,162,120
126,10,229,15,216,163,143,254,103,239
126,11,18,212,130,100,113,142,207,208
126,12,106,234,172,236,67,72,227,37
126,13,249,200,193,136,48,122,112,198
126,14,79,174,152,232,192,40,129,89
126,15,209,241,22,118,43,105,142,7
126,16,140,222,83,30,226,149,21,167
126,17,240,31,102,231,236,55,138,206
126,18,231,70,178,206,87,238,36,6
126,19,55,58,70,251,216,250,71,5
126,20,248,215,70,112,183,149,13,46
126,21,52,91,242,162,206,128,89,196
126,22,15,254,163,181,67,239,103,128
126,23,18,101,100,212,130,131,240,6
126,24,172,72,36,98,173,236,37,57
126,25,249,193,136,48,198,112,200,122
126,26,174,79,237,152,192,232,89,38
126,27,43,7,118,22,209,166,214,105
126,28,83,222,226,140,30,241,8,231
126,29,31,240,55,3,236,232,138,174
126,30,231,70,36,6,178,206,122,87
126,31,58,185,216,250,172,233,251,71
126,32,89,176,194,190,17,94,126,158
126,33,185,214,94,23,38,3,68,248
126,34,146,187,19,54,235,47,209,182
126,35,161,123,131,40,111,217,100,34
126,36,25,253,139,116,127,0,42,176
126,37,221,87,102,7,84,83,45,164
126,38,14,167,157,3,22,15,114,136
126,39,220,16,145,61,252,168,146,23
127,0,47,55,177,222,203,217,19,20
127,1,9,153,70,149,105,89,117,8
127,2,211,157,42,193,126,228,120,3
127,3,197,234,16,66,243,63,44,215
127,4,30,178,169,3,137,80,82,180
127,5,48,116,181,60,252,187,102,66
127,6,189,219,108,115,146,129,25,29
127,7,220,1,130,122,146,250,246,95
127,8,248,215,124,9,68,183,149,26
127,9,52,91,242,4,35,75,133,128
127,10,181,67,254,15,146,103,239,170
127,11,37,100,212,6,146,240,131,197
127,12,172,72,234,36,27,98,173,57
127,13,193,249,136,27,122,198,0,88
127,14,174,79,152,232,192,237,205,129
127,15,209,22,118,7,105,43,151,214
127,16,82,30,83,226,241,140,222,21
127,17,31,240,206,55,231,174,71,19
127,18,231,70,116,178,36,238,87,219
127,19,47,247,58,251,216,55,5,99
127,20,248,215,149,70,13,9,45,134
127,21,52,91,242,89,128,162,133,80
127,22,15,146,254,67,181,216,103,20
127,23,37,100,197,146,212,59,201,131
127,24,172,128,72,236,234,36,55,173
127,25,249,193,48,0,136,88,19,198
127,26,79,174,237,192,89,152,13,33
127,27,43,18,7,118,22,214,40,211
127,28,83,226,82,241,222,56,30,206
127,29,31,55,240,3,19,88,138,4
127,30,231,70,36,178,209,151,50,189
127,31,58,99,185,60,5,47,216,251
127,32,26,190,57,179,144,176,14,94
127,33,185,250,3,38,162,104,197,139
127,34,146,143,109,18,44,48,209,47
127,35,161,123,44,131,117,111,100,185
127,36,79,37,139,44,42,116,39,25
127,37,87,196,162,7,45,83,221,210
127,38,14,132,167,15,3,242,162,157
127,39,66,77,44,220,61,252,197,244
