-19,0,95,138,147,98,316,501,99,353,401,0
-18,0,46,160,505,330,79,54,226,32,265,402
-17,0,434,360,308,386,367,370,37,503,61,328
-16,0,451,360,446,92,349,93,415,7,134,102
-15,0,381,416,464,79,265,219,506,325,188,361
-14,0,308,10,270,401,93,0,98,481,176,91
-13,0,160,46,505,330,402,324,32,117,79,208
-12,0,360,328,103,434,37,367,27,15,500,232
-11,0,481,254,349,103,102,93,67,134,7,471
-10,0,451,254,446,7,349,326,471,302,93,414
-9,0,180,4,251,126,274,228,200,475,109,356
-8,0,176,62,401,120,100,93,0,247,481,272
-7,0,9,481,270,349,93,134,97,0,451,425
-6,0,200,4,180,126,274,251,475,275,228,162
-5,0,224,485,305,178,208,200,379,44,203,148
-4,0,401,270,290,481,9,93,0,98,10,425
-3,0,440,376,133,113,93,175,10,497,207,258
-2,0,247,481,349,93,67,134,471,61,451,400
-1,0,251,319,168,109,205,371,475,431,148,412
-19,1,157,320,19,225,86,60,165,131,58,128
-18,1,320,71,483,157,19,447,58,304,112,410
-17,1,320,58,48,197,319,405,413,233,324,496
-16,1,58,197,179,320,48,405,496,413,279,467
-15,1,434,5,197,320,76,58,410,405,61,262
-14,1,293,197,304,366,410,238,34,58,302,287
-13,1,71,251,112,447,197,58,385,483,320,410
-12,1,413,405,179,58,197,78,504,42,319,385
-11,1,467,179,413,279,263,78,405,20,58,324
-10,1,286,279,179,263,119,413,78,197,58,183
-9,1,394,108,451,423,368,0,383,475,172,477
-8,1,293,304,115,197,34,366,302,410,169,80
-7,1,263,504,413,179,183,305,197,58,4,78
-6,1,108,451,394,176,368,475,423,477,0,391
-5,1,80,477,108,176,242,423,394,132,230,257
-4,1,293,304,162,6,456,197,34,302,62,169
-3,1,4,237,39,244,169,499,197,403,447,58
-2,1,263,179,135,305,413,342,183,39,78,58
-1,1,440,57,383,423,125,442,320,88,389,446
-19,2,75,12,209,185,257,403,263,87,388,286
-18,2,185,257,403,370,211,10,75,84,209,263
-17,2,370,417,394,69,22,84,403,445,100,75
-16,2,370,394,69,417,403,84,22,180,83,28
-15,2,370,84,257,142,403,185,454,379,211,394
-14,2,388,370,439,180,360,96,263,84,83,252
-13,2,142,180,370,10,84,101,394,83,20,226
-12,2,445,394,96,145,370,417,273,180,230,69
-11,2,505,145,445,169,45,76,417,410,213,96
-10,2,256,445,180,28,370,394,351,96,417,145
-9,2,346,84,339,236,180,391,370,452,107,257
-8,2,315,418,388,439,360,370,180,263,96,486
-7,2,28,92,431,351,138,180,96,76,445,370
-6,2,452,236,268,391,370,84,346,180,112,237
-5,2,50,452,268,162,84,370,391,180,83,257
-4,2,360,315,388,439,263,370,180,470,296,339
-3,2,191,486,433,370,382,178,70,96,36,371
-2,2,28,76,351,256,370,431,96,92,55,138
-1,2,370,84,257,339,180,496,511,37,207,107
-19,3,405,205,253,470,88,394,403,190,310,469
-18,3,405,249,237,265,205,253,228,335,403,235
-17,3,78,14,310,235,24,280,405,200,253,374
-16,3,78,392,14,280,310,405,235,374,253,331
-15,3,78,310,392,374,14,235,465,331,503,24
-14,3,78,391,374,14,96,24,58,280,237,152
-13,3,78,331,374,391,14,24,335,447,310,237
-12,3,78,24,14,96,58,280,200,391,45,374
-11,3,58,78,45,391,152,494,69,376,24,200
-10,3,58,78,391,24,433,62,14,45,200,96
-9,3,78,310,24,331,391,374,29,416,58,152
-8,3,78,391,58,96,200,289,24,374,280,363
-7,3,391,78,58,200,376,374,494,433,69,446
-6,3,29,78,374,405,391,152,331,381,402,200
-5,3,29,381,405,237,78,199,331,253,374,403
-4,3,78,240,493,374,24,152,96,69,200,363
-3,3,58,391,78,289,152,45,200,24,449,96
-2,3,391,58,152,78,200,70,240,449,433,96
-1,3,78,310,235,293,237,374,331,24,14,335
-19,4,309,252,110,168,299,488,308,166,432,290
-18,4,252,309,110,488,417,495,299,325,168,410
-17,4,309,252,488,432,325,110,289,424,316,496
-16,4,252,488,309,289,430,110,316,424,432,105
-15,4,252,488,110,152,128,325,309,496,257,102
-14,4,412,308,309,424,430,116,488,252,289,110
-13,4,488,252,495,417,309,325,110,102,430,496
-12,4,412,424,309,116,430,272,266,488,240,289
-11,4,412,272,432,266,422,116,424,455,289,309
-10,4,116,432,266,412,293,309,272,422,424,289
-9,4,252,488,506,223,102,496,110,325,410,66
-8,4,412,308,338,424,272,266,432,105,110,116
-7,4,266,412,105,424,116,272,432,277,299,422
-6,4,252,488,325,506,102,223,68,496,110,34
-5,4,252,296,488,102,507,110,325,428,34,257
-4,4,432,266,338,105,308,424,488,116,412,9
-3,4,412,338,216,44,266,424,376,116,308,272
-2,4,266,412,424,432,116,105,338,277,272,422
-1,4,488,252,496,506,346,325,294,357,110,73
-19,5,236,220,280,71,487,420,26,205,425,483
-18,5,280,373,220,236,205,71,487,258,120,273
-17,5,280,220,202,191,449,236,492,85,26,352
-16,5,280,220,449,191,202,492,85,236,26,159
-15,5,280,236,26,350,172,290,354,202,487,20
-14,5,131,280,220,158,191,90,222,487,293,120
-13,5,373,273,284,280,258,380,354,222,96,452
-12,5,452,147,293,492,380,222,280,419,220,109
-11,5,36,452,222,419,165,186,390,102,21,22
-10,5,452,165,19,380,492,382,280,22,390,322
-9,5,93,374,80,354,26,47,312,153,247,236
-8,5,131,280,191,158,90,415,19,165,354,222
-7,5,186,19,21,165,211,109,22,222,95,382
-6,5,247,354,26,374,501,312,153,93,294,236
-5,5,501,26,354,416,475,27,153,47,236,312
-4,5,90,131,211,158,280,126,26,275,354,506
-3,5,161,222,191,158,19,354,305,22,406,109
-2,5,186,22,19,21,36,165,222,211,95,109
-1,5,26,294,236,74,63,56,68,354,110,468
-19,6,33,223,283,179,335,63,112,329,383,159
-18,6,33,198,383,223,476,335,283,136,210,396
-17,6,33,210,169,476,286,223,280,80,136,121
-16,6,33,210,286,415,280,80,170,136,296,387
-15,6,33,3,210,188,80,416,175,447,269,280
-14,6,33,42,129,286,73,80,387,280,395,210
-13,6,476,33,80,354,136,387,42,286,382,395
-12,6,33,286,387,169,476,39,457,139,395,136
-11,6,36,238,384,457,286,387,30,141,139,25
-10,6,455,296,457,26,496,59,286,431,170,387
-9,6,118,140,68,387,288,80,461,454,259,195
-8,6,42,73,207,279,80,102,113,129,387,461
-7,6,472,384,298,26,387,136,431,36,286,395
-6,6,118,496,68,279,102,140,461,288,259,113
-5,6,140,288,180,176,208,80,349,118,253,320
-4,6,42,279,73,129,417,80,461,395,286,102
-3,6,358,45,354,27,214,148,486,32,472,174
-2,6,36,384,24,472,26,296,298,286,141,458
-1,6,496,118,259,68,292,435,149,320,417,397
-19,7,346,303,26,41,432,357,8,108,219,458
-18,7,346,231,303,26,219,8,108,329,170,438
-17,7,303,152,148,346,368,142,26,329,193,411
-16,7,303,226,346,368,250,26,314,37,225,235
-15,7,303,267,26,119,72,357,437,346,226,148
-14,7,41,282,26,303,143,368,346,355,225,20
-13,7,231,170,26,303,41,355,282,346,305,148
-12,7,148,355,368,152,303,411,304,306,147,346
-11,7,304,355,61,296,244,116,152,368,448,411
-10,7,355,148,250,303,314,368,193,44,411,306
-9,7,496,167,65,355,41,166,26,94,303,123
-8,7,41,143,282,26,323,315,190,15,326,307
-7,7,250,116,377,244,235,461,44,307,285,306
-6,7,41,26,496,135,65,113,143,285,316,410
-5,7,496,26,113,123,258,410,155,65,323,303
-4,7,307,41,282,315,26,101,369,323,245,103
-3,7,255,71,206,228,15,187,411,26,315,61
-2,7,250,235,116,244,338,44,285,61,255,411
-1,7,26,33,303,351,139,316,302,489,357,242
-19,8,456,308,175,325,439,370,11,181,422,477
-18,8,439,11,175,456,370,477,325,308,244,422
-17,8,370,11,439,325,163,422,175,204,148,477
-16,8,370,325,163,252,439,204,11,307,244,231
-15,8,370,325,163,151,439,148,11,252,204,244
-14,8,370,204,88,225,151,186,66,163,231,70
-13,8,370,66,88,204,225,443,290,325,151,70
-12,8,204,66,370,355,290,88,164,307,199,70
-11,8,66,199,370,217,331,164,489,355,277,290
-10,8,370,204,307,381,164,498,88,89,66,290
-9,8,126,370,88,70,204,186,151,104,89,290
-8,8,357,30,186,370,66,104,496,312,151,204
-7,8,110,277,66,427,164,73,225,260,370,496
-6,8,186,104,442,30,496,88,70,370,66,204
-5,8,442,126,111,357,370,151,11,186,325,252
-4,8,59,510,186,370,312,496,357,88,151,11
-3,8,31,292,510,312,110,496,73,66,39,68
-2,8,66,510,277,73,292,312,164,427,31,305
-1,8,312,510,186,370,496,88,356,39,204,225
-19,9,68,154,360,506,462,376,111,321,368,142
-18,9,360,68,462,111,154,506,301,376,511,130
-17,9,462,68,506,14,511,90,360,183,154,410
-16,9,511,462,180,14,90,360,426,506,68,115
-15,9,462,360,68,506,14,111,511,180,154,426
-14,9,372,462,511,77,246,456,32,410,466,360
-13,9,372,462,246,456,511,410,360,466,68,255
-12,9,246,372,267,456,410,183,511,20,432,409
-11,9,246,456,372,20,267,183,410,511,115,255
-10,9,20,246,267,511,410,133,372,456,302,404
-9,9,372,246,410,44,32,404,267,462,456,511
-8,9,70,372,77,263,511,404,246,462,8,267
-7,9,246,511,456,267,70,372,460,404,410,302
-6,9,70,263,511,246,372,410,267,32,160,404
-5,9,360,68,462,32,14,506,511,48,44,214
-4,9,187,511,77,400,359,246,32,70,462,360
-3,9,249,372,246,456,70,400,263,511,267,432
-2,9,246,267,400,456,460,511,372,404,410,249
-1,9,70,249,400,511,263,160,246,187,462,359
-19,10,325,461,107,322,203,495,508,299,296,229
-18,10,325,461,203,299,296,495,107,508,279,488
-17,10,325,299,203,461,279,152,381,280,366,296
-16,10,299,279,203,280,60,78,296,461,381,488
-15,10,299,279,490,461,203,296,325,60,488,280
-14,10,299,490,381,253,3,279,238,203,325,280
-13,10,299,238,325,381,203,461,298,279,489,501
-12,10,381,299,238,374,234,501,152,437,489,405
-11,10,152,234,381,143,405,293,87,278,437,299
-10,10,78,60,381,501,299,346,298,238,405,489
-9,10,299,489,279,381,60,203,362,160,409,393
-8,10,180,1,381,490,279,299,51,326,98,217
-7,10,501,293,307,381,236,374,308,415,78,279
-6,10,51,279,381,326,217,1,26,299,203,238
-5,10,299,203,279,238,180,326,441,370,381,26
-4,10,1,490,180,381,279,299,3,160,494,326
-3,10,56,87,381,236,411,279,217,440,117,405
-2,10,487,56,381,501,67,117,78,236,371,346
-1,10,217,279,381,326,1,26,56,203,299,160
-19,11,273,397,163,132,508,108,261,104,361,430
-18,11,273,163,165,90,397,261,492,185,508,511
-17,11,90,273,261,397,163,311,434,477,231,253
-16,11,397,311,434,273,90,231,477,261,163,268
-15,11,273,90,397,163,311,261,231,477,258,371
-14,11,311,90,89,148,399,397,163,434,253,85
-13,11,311,90,397,89,163,261,268,253,84,434
-12,11,434,90,253,311,392,89,123,375,397,30
-11,11,295,432,90,375,168,86,392,253,352,89
-10,11,123,434,432,90,311,89,295,365,397,30
-9,11,399,311,89,90,85,434,178,261,422,163
-8,11,502,311,90,399,385,432,408,85,179,479
-7,11,123,375,432,385,352,295,233,311,297,87
-6,11,311,399,432,385,85,446,422,179,238,408
-5,11,90,397,89,422,261,311,243,434,178,163
-4,11,479,311,90,399,146,432,446,325,89,443
-3,11,179,34,385,117,157,479,129,242,406,311
-2,11,432,385,117,295,353,406,242,375,479,233
-1,11,311,479,399,146,90,432,352,446,295,87
-19,12,28,251,139,307,433,48,18,297,386,435
-18,12,251,288,433,351,139,48,63,297,386,277
-17,12,139,189,288,436,433,327,180,302,2,63
-16,12,139,127,75,91,288,345,3,63,440,123
-15,12,139,288,493,63,251,290,264,33,459,491
-14,12,139,303,288,161,120,84,307,264,352,440
-13,12,139,288,351,264,338,463,433,63,380,356
-12,12,139,1,189,2,24,440,264,356,51,352
-11,12,139,1,6,216,189,165,352,494,136,408
-10,12,139,136,457,288,185,1,91,440,84,487
-9,12,288,139,363,84,63,87,264,410,432,78
-8,12,303,288,139,161,50,286,84,299,63,264
-7,12,345,408,75,249,6,139,457,360,91,331
-6,12,288,139,84,63,363,264,432,78,306,87
-5,12,288,63,432,306,139,84,206,87,305,378
-4,12,303,84,161,286,139,299,307,288,120,48
-3,12,60,498,369,50,155,6,288,139,232,16
-2,12,6,345,408,127,249,91,139,75,457,487
-1,12,139,63,288,220,84,290,356,264,338,246
-19,13,293,68,400,466,387,294,268,224,50,262
-18,13,387,463,50,35,148,385,286,293,224,273
-17,13,387,290,35,148,286,250,453,330,7,91
-16,13,286,35,463,387,290,302,148,250,330,488
-15,13,387,286,35,385,463,250,148,273,50,290
-14,13,35,387,290,411,250,7,463,330,302,488
-13,13,387,250,286,385,343,290,53,302,148,35
-12,13,250,331,290,387,330,113,343,488,7,302
-11,13,290,331,250,187,330,321,384,64,343,367
-10,13,331,290,250,64,330,127,153,411,113,203
-9,13,250,387,330,385,411,290,302,7,463,35
-8,13,35,283,290,367,76,7,330,387,506,463
-7,13,290,169,367,331,177,401,167,243,113,330
-6,13,367,290,283,71,7,411,35,387,506,169
-5,13,387,35,148,250,290,326,463,330,302,385
-4,13,35,283,367,248,339,411,76,316,457,330
-3,13,169,396,367,318,380,307,7,187,124,290
-2,13,367,169,396,290,331,307,177,380,64,401
-1,13,411,169,385,7,387,304,35,457,302,283
-19,14,398,138,495,7,40,180,117,137,136,168
-18,14,212,506,14,138,117,137,335,398,231,441
-17,14,441,14,95,439,274,231,398,335,377,212
-16,14,441,470,274,502,377,387,424,14,212,231
-15,14,441,138,212,470,460,14,377,117,486,160
-14,14,441,470,387,212,238,6,402,56,377,138
-13,14,212,441,470,138,486,377,14,238,231,335
-12,14,441,95,311,377,238,470,300,341,280,200
-11,14,300,320,341,95,238,470,280,5,200,150
-10,14,200,420,470,150,95,46,441,377,281,274
-9,14,441,470,212,274,321,377,486,387,200,160
-8,14,470,99,377,238,441,6,56,321,291,212
-7,14,46,377,200,246,238,311,83,95,404,414
-6,14,291,470,99,505,377,238,83,456,109,85
-5,14,212,486,441,231,6,470,138,160,402,274
-4,14,99,470,56,377,441,274,246,231,109,505
-3,14,505,238,194,142,470,46,99,456,377,44
-2,14,238,505,470,142,83,377,95,200,194,46
-1,14,505,99,470,85,160,246,321,469,305,404
-19,15,283,174,103,38,342,188,156,215,330,199
-18,15,494,346,193,199,156,318,6,302,289,347
-17,15,193,318,156,494,100,289,487,199,50,405
-16,15,193,494,487,73,245,392,280,318,459,495
-15,15,193,494,199,318,280,61,501,289,495,351
-14,15,79,311,74,383,193,481,245,494,131,501
-13,15,494,193,318,199,6,311,351,501,280,61
-12,15,131,79,494,74,311,383,30,501,459,402
-11,15,383,131,79,30,402,311,494,206,211,297
-10,15,383,79,206,297,501,459,204,131,211,30
-9,15,79,383,297,245,206,131,193,74,494,30
-8,15,294,131,383,30,74,311,79,146,501,76
-7,15,131,501,383,402,30,266,79,206,297,143
-6,15,294,131,30,146,501,383,74,79,206,459
-5,15,193,494,79,245,487,318,459,501,143,30
-4,15,146,30,383,501,297,206,79,295,245,65
-3,15,131,383,294,30,311,146,501,402,74,206
-2,15,383,131,501,30,266,311,146,402,297,206
-1,15,146,383,297,275,294,74,30,79,206,501
-19,16,228,243,487,429,272,132,142,74,58,392
-18,16,429,228,74,58,243,272,278,23,480,391
-17,16,228,201,260,429,243,272,487,479,74,282
-16,16,260,201,429,228,191,282,243,74,135,245
-15,16,429,201,74,243,228,263,487,260,272,58
-14,16,260,429,228,191,201,61,243,74,428,168
-13,16,201,429,74,263,487,243,92,260,191,228
-12,16,260,2,429,191,168,428,228,201,243,92
-11,16,260,168,61,207,263,2,267,28,228,171
-10,16,260,168,207,191,201,228,171,428,169,88
-9,16,260,168,201,228,429,207,467,191,482,88
-8,16,260,345,207,168,252,355,61,476,191,101
-7,16,207,53,260,355,168,61,96,254,222,191
-6,16,207,260,345,355,88,168,61,191,252,476
-5,16,429,201,228,260,243,505,245,191,74,482
-4,16,10,260,207,348,168,144,171,88,191,450
-3,16,355,252,61,168,260,207,2,10,345,267
-2,16,207,61,355,168,260,252,254,267,53,394
-1,16,10,260,171,207,348,168,88,61,345,322
-19,17,486,136,209,510,363,105,160,469,84,243
-18,17,467,160,305,486,499,105,363,136,209,365
-17,17,486,136,469,105,363,365,187,160,499,504
-16,17,187,363,105,469,160,486,365,209,144,499
-15,17,363,105,160,365,469,209,136,467,499,243
-14,17,214,469,363,144,177,160,365,105,259,394
-13,17,363,160,365,105,243,469,499,136,209,347
-12,17,469,363,187,319,194,214,106,105,394,347
-11,17,187,401,442,215,16,469,463,319,165,457
-10,17,187,469,325,442,105,177,394,453,319,363
-9,17,469,363,499,160,467,105,413,177,187,394
-8,17,214,245,452,469,173,363,177,490,394,160
-7,17,193,349,319,453,16,190,403,346,401,187
-6,17,245,490,177,266,452,194,402,420,255,193
-5,17,363,160,467,469,499,105,365,462,413,372
-4,17,490,214,177,346,285,449,303,144,462,236
-3,17,236,327,490,207,266,87,245,228,194,193
-2,17,236,193,490,327,349,403,194,371,453,319
-1,17,490,118,346,177,449,285,172,309,144,190
-19,18,449,46,19,185,201,246,35,194,124,496
-18,18,246,19,213,185,264,501,496,194,46,310
-17,18,201,401,19,278,264,213,119,501,442,185
-16,18,201,19,170,501,194,117,408,213,494,394
-15,18,19,194,201,501,390,98,308,264,11,433
-14,18,168,341,501,201,106,19,194,255,438,437
-13,18,19,194,434,501,201,472,213,122,255,433
-12,18,280,201,494,19,5,408,442,213,252,194
-11,18,379,111,280,418,201,19,494,408,506,403
-10,18,506,494,408,487,201,117,501,280,213,67
-9,18,103,505,501,201,194,385,373,36,132,19
-8,18,501,132,341,168,437,106,373,19,36,194
-7,18,13,67,494,117,408,487,170,235,501,19
-6,18,501,132,373,194,36,201,408,103,435,19
-5,18,435,501,194,201,164,19,385,485,36,331
-4,18,501,168,414,341,246,19,194,62,193,373
-3,18,229,437,34,500,13,501,461,408,403,309
-2,18,67,494,408,487,117,501,170,235,394,506
-1,18,501,503,510,194,483,127,497,385,475,201
-19,19,434,342,173,372,162,413,377,64,509,308
-18,19,434,342,372,173,308,388,162,64,92,454
-17,19,342,362,372,483,308,162,434,222,173,291
-16,19,362,342,372,308,434,384,173,162,64,454
-15,19,342,372,434,173,362,454,64,221,162,22
-14,19,21,372,222,362,464,342,421,434,307,292
-13,19,362,342,372,173,222,434,221,307,226,21
-12,19,362,21,222,372,483,342,309,434,118,395
-11,19,222,362,124,309,372,259,21,483,45,52
-10,19,21,362,222,372,464,259,309,395,81,112
-9,19,21,372,362,456,421,222,464,24,342,221
-8,19,21,372,362,222,24,456,421,292,307,221
-7,19,21,73,222,372,362,34,307,309,19,445
-6,19,372,362,21,307,456,222,221,34,468,464
-5,19,372,362,221,456,342,22,421,434,222,21
-4,19,21,372,362,307,50,505,19,456,24,222
-3,19,165,21,223,99,152,482,316,183,221,362
-2,19,21,222,362,73,130,19,372,259,183,309
-1,19,372,362,21,464,307,221,19,222,50,468
-19,20,76,131,388,179,363,358,40,296,248,55
-18,20,112,76,388,508,131,214,40,485,358,248
-17,20,349,55,210,202,388,248,76,180,456,179
-16,20,210,76,55,349,388,409,56,355,45,456
-15,20,76,388,15,349,170,55,45,311,410,210
-14,20,349,102,76,173,478,409,189,310,45,162
-13,20,76,388,162,45,349,311,410,296,210,102
-12,20,202,349,353,217,76,102,298,216,90,478
-11,20,34,217,202,298,125,349,437,102,369,353
-10,20,217,506,225,216,349,76,45,272,373,478
-9,20,297,76,189,506,310,349,441,173,175,436
-8,20,140,189,173,75,93,478,218,459,76,349
-7,20,437,216,195,412,353,506,125,373,272,66
-6,20,76,297,321,173,349,189,218,75,140,441
-5,20,76,321,349,388,5,189,441,488,258,162
-4,20,140,216,353,75,189,151,218,122,373,349
-3,20,96,445,347,353,385,176,89,151,213,433
-2,20,125,151,353,433,89,437,102,412,506,385
-1,20,297,76,75,388,507,55,15,140,228,216
-19,21,379,346,255,152,10,46,142,420,300,24
-18,21,376,154,271,119,58,379,152,208,176,142
-17,21,324,440,154,243,115,271,119,152,418,5
-16,21,400,152,243,146,324,438,189,11,155,440
-15,21,152,40,496,155,56,324,243,39,281,24
-14,21,502,11,155,116,292,152,39,243,478,312
-13,21,119,32,154,155,419,152,271,189,243,324
-12,21,119,32,154,115,253,243,440,48,271,324
-11,21,48,32,370,440,115,154,479,119,417,222
-10,21,32,11,400,146,243,252,154,442,345,155
-9,21,40,39,454,155,56,107,163,243,32,178
-8,21,292,11,502,155,243,312,331,39,419,116
-7,21,11,32,400,243,223,252,155,199,442,413
-6,21,155,214,40,243,56,21,39,163,305,107
-5,21,40,155,56,39,305,152,414,243,21,107
-4,21,413,502,39,292,155,312,32,419,470,252
-3,21,409,253,119,243,301,155,48,222,413,436
-2,21,442,400,243,11,223,206,299,345,32,413
-1,21,155,242,474,54,243,18,189,464,456,324
-19,22,499,349,173,218,54,402,225,441,456,253
-18,22,374,441,479,150,218,276,192,177,422,456
-17,22,123,399,422,402,302,374,164,115,316,192
-16,22,304,295,414,503,417,468,133,322,269,165
-15,22,408,65,20,242,74,453,186,469,23,304
-14,22,242,17,349,253,434,328,52,306,452,499
-13,22,479,374,441,150,243,242,177,422,48,300
-12,22,302,504,399,400,133,164,123,422,402,96
-11,22,102,460,423,487,133,164,136,148,302,399
-10,22,10,414,503,269,133,148,295,468,3,495
-9,22,343,472,465,381,74,56,387,281,242,119
-8,22,328,242,17,349,452,253,215,434,8,52
-7,22,136,148,295,414,269,468,495,142,133,164
-6,22,343,381,472,42,387,56,465,509,74,119
-5,22,162,381,42,40,387,74,186,242,509,469
-4,22,242,17,434,253,349,452,215,52,328,499
-3,22,384,193,300,316,422,111,115,66,306,33
-2,22,414,136,148,468,269,500,133,10,295,495
-1,22,283,78,43,470,86,261,205,77,281,345
-19,23,356,242,42,338,290,199,496,465,406,285
-18,23,356,498,42,242,323,440,290,285,354,465
-17,23,356,242,465,199,493,285,107,323,83,299
-16,23,242,368,356,121,493,313,199,299,323,236
-15,23,356,199,242,493,368,313,274,120,148,236
-14,23,356,199,464,477,443,394,242,506,251,274
-13,23,356,199,394,242,274,477,42,148,158,107
-12,23,394,167,356,223,496,251,464,143,242,506
-11,23,464,82,394,223,107,496,167,147,97,234
-10,23,394,308,464,107,97,477,496,147,242,284
-9,23,394,308,222,464,284,242,477,387,199,147
-8,23,251,394,201,464,443,477,308,147,103,223
-7,23,394,506,201,308,147,477,223,158,160,162
-6,23,251,394,201,356,308,147,162,158,47,160
-5,23,308,356,493,242,222,199,394,6,387,477
-4,23,477,341,162,202,387,394,308,256,97,134
-3,23,464,223,308,443,251,477,97,147,480,162
-2,23,464,147,394,158,82,251,111,480,97,477
-1,23,242,401,155,199,48,394,202,256,486,493
-19,24,308,456,439,175,325,370,263,46,11,422
-18,24,439,175,11,477,325,456,370,425,262,422
-17,24,370,325,439,175,307,11,151,204,422,163
-16,24,370,325,439,163,204,252,11,151,244,175
-15,24,325,370,439,11,175,151,204,163,160,231
-14,24,370,88,66,204,70,325,186,151,439,231
-13,24,370,325,439,204,11,175,225,231,160,422
-12,24,204,370,355,290,66,422,307,325,88,6
-11,24,66,370,199,217,204,164,331,110,290,60
-10,24,370,204,381,307,88,217,186,89,164,290
-9,24,126,370,41,30,70,186,177,208,204,325
-8,24,30,496,370,186,357,104,510,204,312,151
-7,24,110,277,427,164,73,290,186,496,510,237
-6,24,30,186,104,356,442,370,496,154,277,41
-5,24,370,325,111,442,357,126,41,11,204,186
-4,24,510,59,312,186,370,225,89,496,88,204
-3,24,510,292,312,31,73,110,68,66,496,370
-2,24,312,510,66,277,427,73,292,146,155,186
-1,24,186,325,370,41,154,356,312,510,204,496
-19,25,506,154,192,68,321,314,360,370,445,150
-18,25,360,506,68,111,142,462,154,130,376,361
-17,25,506,462,90,68,14,360,511,154,407,111
-16,25,180,360,506,511,90,462,115,426,154,68
-15,25,111,68,506,14,154,462,360,511,376,142
-14,25,372,511,77,68,32,466,246,456,462,29
-13,25,68,111,154,506,14,462,511,360,466,32
-12,25,246,372,511,267,183,404,456,68,410,306
-11,25,246,267,456,372,20,183,511,115,410,44
-10,25,20,267,246,511,44,389,506,410,372,462
-9,25,68,44,511,32,372,246,462,410,506,360
-8,25,70,372,511,77,263,246,8,432,410,404
-7,25,246,511,267,404,460,70,242,372,410,438
-6,25,70,511,68,372,246,263,32,48,462,410
-5,25,68,32,511,360,466,14,462,45,506,34
-4,25,511,187,400,77,359,246,128,466,44,32
-3,25,372,249,246,511,70,400,267,456,263,404
-2,25,246,400,456,511,267,372,431,249,160,404
-1,25,511,68,187,400,32,360,62,210,462,506
-19,26,461,107,325,508,203,495,379,341,264,228
-18,26,461,325,299,203,296,107,238,506,495,119
-17,26,461,299,203,325,280,381,279,296,488,421
-16,26,299,203,60,296,461,106,78,279,280,381
-15,26,296,299,461,203,238,279,322,393,433,119
-14,26,299,253,203,381,238,3,279,490,296,419
-13,26,296,461,299,203,238,322,279,393,325,119
-12,26,381,501,203,299,238,489,267,152,322,60
-11,26,152,234,381,17,267,293,437,238,278,236
-10,26,298,78,60,381,501,346,489,238,299,267
-9,26,299,203,238,381,296,489,3,279,48,393
-8,26,1,180,381,238,279,326,236,217,299,419
-7,26,501,293,381,217,67,415,238,489,299,279
-6,26,381,238,217,26,299,279,326,129,203,424
-5,26,299,203,370,238,441,393,296,461,381,424
-4,26,381,1,180,490,238,299,419,279,326,203
-3,26,381,56,87,411,117,217,236,279,501,419
-2,26,381,293,501,78,117,56,217,487,279,67
-1,26,424,26,238,299,203,129,279,381,48,326
-19,27,430,361,397,424,508,108,132,261,273,307
-18,27,273,165,250,397,84,500,261,48,430,185
-17,27,273,261,397,268,90,250,311,477,500,84
-16,27,311,273,397,261,434,231,268,477,90,84
-15,27,261,84,273,397,311,430,477,250,511,108
-14,27,311,261,89,397,148,399,422,84,430,477
-13,27,311,261,84,397,430,273,477,250,500,165
-12,27,261,434,397,311,86,386,392,89,123,422
-11,27,295,434,422,375,86,261,89,397,432,292
-10,27,434,261,397,123,311,422,430,86,477,89
-9,27,261,311,397,422,84,399,434,477,90,430
-8,27,502,311,397,422,399,261,85,477,385,90
-7,27,432,123,422,385,375,295,352,261,90,311
-6,27,397,311,399,422,261,502,85,38,446,84
-5,27,84,311,261,397,89,250,430,422,477,58
-4,27,311,479,397,443,261,422,146,90,446,399
-3,27,479,34,179,385,406,311,353,129,117,16
-2,27,295,479,422,353,406,90,311,385,233,352
-1,27,261,84,397,311,422,479,443,430,250,58
-19,28,28,251,297,139,48,307,386,433,262,300
-18,28,297,277,139,351,228,433,251,63,390,199
-17,28,139,436,189,297,251,327,90,356,352,277
-16,28,139,433,91,297,356,127,123,63,352,75
-15,28,139,63,493,297,33,390,228,491,37,356
-14,28,139,303,120,161,63,307,352,288,426,356
-13,28,139,63,297,356,351,390,433,150,101,463
-12,28,139,189,440,1,352,63,356,264,489,2
-11,28,1,352,139,189,136,494,0,216,408,440
-10,28,139,136,91,457,1,440,63,288,345,185
-9,28,139,363,63,288,410,84,432,87,356,78
-8,28,139,63,303,161,288,264,286,50,299,84
-7,28,345,139,408,63,457,249,75,288,84,356
-6,28,63,139,306,356,84,288,432,78,264,489
-5,28,306,139,63,305,288,433,378,432,228,87
-4,28,139,303,286,63,161,307,84,264,356,299
-3,28,498,139,264,63,60,356,383,155,288,369
-2,28,139,345,63,408,356,264,249,288,91,383
-1,28,139,246,390,356,37,63,96,228,392,220
-19,29,293,387,400,294,68,262,466,330,170,86
-18,29,387,148,50,463,91,273,290,35,411,224
-17,29,387,290,302,148,463,411,35,330,273,50
-16,29,148,463,387,290,302,286,411,330,250,35
-15,29,148,290,387,463,411,302,273,385,50,330
-14,29,411,290,148,387,203,302,153,35,7,463
-13,29,148,387,22,302,273,290,411,463,50,288
-12,29,331,290,302,488,113,203,411,127,250,153
-11,29,331,64,290,187,330,321,203,127,302,384
-10,29,331,290,127,330,411,153,302,203,64,148
-9,29,411,290,387,148,302,463,203,330,7,35
-8,29,411,302,290,35,7,463,283,457,506,248
-7,29,401,290,331,177,169,411,283,302,463,7
-6,29,411,302,290,314,387,304,119,283,7,457
-5,29,148,387,302,290,411,157,463,119,273,203
-4,29,302,411,248,290,463,35,283,387,457,339
-3,29,169,302,367,463,307,187,290,7,411,203
-2,29,411,169,307,355,302,401,290,367,463,465
-1,29,302,411,387,329,148,304,463,372,290,203
-19,30,506,398,137,117,40,14,335,243,377,138
-18,30,506,14,460,117,212,80,335,314,138,129
-17,30,441,14,460,137,470,335,377,95,243,424
-16,30,441,470,460,321,335,137,377,387,502,274
-15,30,470,441,212,335,14,377,506,274,424,387
-14,30,387,441,470,274,95,377,200,238,321,212
-13,30,335,506,14,212,80,233,470,441,460,64
-12,30,470,311,377,95,441,387,200,280,238,341
-11,30,300,341,320,5,238,95,150,1,470,200
-10,30,200,470,321,420,281,46,150,441,95,377
-9,30,470,200,241,212,321,405,56,335,274,387
-8,30,99,470,321,291,212,238,441,387,6,402
-7,30,414,311,83,321,470,405,200,291,238,95
-6,30,291,505,321,99,212,470,387,57,241,6
-5,30,241,470,56,441,212,448,387,65,274,99
-4,30,99,470,212,200,274,321,441,246,377,391
-3,30,505,470,238,99,321,5,424,194,6,85
-2,30,505,321,470,99,85,6,212,320,405,311
-1,30,383,99,470,374,212,321,175,90,160,323
-19,31,283,156,199,494,318,174,136,55,411,212
-18,31,318,346,426,156,193,494,347,302,19,375
-17,31,193,318,491,156,494,459,212,487,289,199
-16,31,193,494,318,156,487,73,374,212,280,459
-15,31,193,494,156,185,318,38,123,51,459,22
-14,31,383,311,79,494,131,501,318,295,211,193
-13,31,193,494,426,318,375,101,199,156,346,347
-12,31,131,79,383,74,494,311,501,402,30,459
-11,31,383,131,30,79,402,297,311,501,143,494
-10,31,79,383,297,206,245,131,127,211,501,408
-9,31,383,79,297,131,206,211,501,397,311,245
-8,31,131,294,74,383,30,311,79,146,501,402
-7,31,131,383,501,294,79,297,266,206,402,146
-6,31,294,131,146,501,383,30,79,74,494,297
-5,31,79,383,297,494,146,245,206,501,281,211
-4,31,146,297,383,245,501,30,65,74,79,206
-3,31,146,383,131,294,311,30,79,501,74,297
-2,31,146,383,297,266,30,311,294,206,79,245
-1,31,146,245,459,193,79,494,73,297,30,487
-19,32,228,243,429,272,92,74,223,487,58,142
-18,32,228,58,74,243,429,26,23,201,223,391
-17,32,201,429,228,260,191,479,92,272,505,62
-16,32,429,228,191,201,260,282,92,245,391,263
-15,32,429,228,191,243,74,58,201,62,391,454
-14,32,228,168,61,260,191,428,207,429,263,487
-13,32,429,74,201,140,58,23,92,454,191,391
-12,32,2,168,260,228,428,419,191,429,201,92
-11,32,168,61,207,228,260,467,267,171,428,2
-10,32,168,228,428,260,207,201,171,169,191,467
-9,32,207,168,228,260,429,171,348,88,96,61
-8,32,260,345,168,207,355,228,476,252,222,61
-7,32,53,207,228,345,168,355,96,260,127,222
-6,32,207,228,429,345,260,168,191,10,135,53
-5,32,207,429,191,168,228,171,260,201,348,92
-4,32,10,348,171,168,144,260,207,123,191,429
-3,32,61,168,10,355,345,260,252,207,2,451
-2,32,10,348,168,260,467,171,378,127,61,207
-1,32,429,201,260,191,62,228,45,92,245,148
-19,33,486,136,105,243,160,469,209,499,363,467
-18,33,467,136,305,499,160,372,209,105,486,365
-17,33,469,105,486,187,136,363,160,243,365,467
-16,33,187,469,105,363,160,365,467,136,144,486
-15,33,105,160,136,467,499,469,365,305,363,372
-14,33,214,469,136,160,259,363,304,177,499,331
-13,33,105,499,467,160,305,136,50,372,365,389
-12,33,187,106,469,363,160,214,194,498,105,347
-11,33,463,457,215,16,187,469,401,333,106,325
-10,33,469,106,144,187,325,442,40,371,177,453
-9,33,469,402,467,499,462,413,442,105,449,160
-8,33,214,245,101,177,469,283,147,173,144,363
-7,33,283,469,349,245,403,449,346,193,453,177
-6,33,467,402,499,177,469,413,160,266,462,53
-5,33,462,467,160,144,499,402,469,246,442,140
-4,33,490,214,462,160,144,346,378,303,304,449
-3,33,236,490,266,403,228,62,101,214,327,207
-2,33,490,118,346,371,309,62,449,418,266,285
-1,33,467,160,105,499,386,372,365,70,172,469
-19,34,449,19,46,185,201,496,246,299,501,11
-18,34,264,19,496,201,213,46,501,184,185,347
-17,34,501,201,401,19,185,278,496,213,442,119
-16,34,501,19,170,201,194,496,408,117,494,280
-15,34,501,201,194,19,390,98,264,185,119,11
-14,34,501,168,341,201,255,194,408,106,19,438
-13,34,501,434,213,119,201,194,264,19,347,183
-12,34,501,408,280,213,194,494,5,201,403,19
-11,34,379,280,111,408,501,418,506,403,201,494
-10,34,501,506,408,494,201,117,487,194,326,156
-9,34,501,103,132,201,194,178,385,36,505,433
-8,34,501,341,168,437,132,308,106,255,408,472
-7,34,501,13,117,67,494,408,487,156,373,194
-6,34,132,501,103,201,435,164,336,485,408,385
-5,34,501,435,164,201,485,336,178,194,193,19
-4,34,501,341,168,308,246,472,194,414,193,108
-3,34,501,229,403,34,408,13,437,500,194,494
-2,34,501,408,67,506,494,117,156,201,487,194
-1,34,501,475,503,264,510,127,201,483,19,211
-19,35,342,434,372,308,341,414,375,406,403,173
-18,35,342,372,308,434,92,341,173,162,377,483
-17,35,342,372,362,341,308,222,483,162,434,384
-16,35,372,362,308,342,341,222,384,9,434,454
-15,35,372,222,362,342,341,434,384,421,308,414
-14,35,222,372,362,341,309,21,342,464,421,434
-13,35,372,222,483,342,362,426,341,434,162,307
-12,35,372,222,362,483,21,309,421,161,342,124
-11,35,372,222,259,309,124,81,45,21,362,483
-10,35,372,222,341,362,21,464,307,421,445,309
-9,35,372,341,222,307,21,456,22,362,421,19
-8,35,372,21,341,307,222,362,62,19,112,464
-7,35,372,21,307,222,34,341,19,50,487,112
-6,35,372,307,222,362,341,221,22,408,456,385
-5,35,372,307,362,341,21,456,222,464,384,221
-4,35,372,341,21,307,221,246,362,269,222,19
-3,35,223,482,21,165,372,99,19,362,246,221
-2,35,372,468,341,21,362,50,307,222,141,464
-1,35,372,342,362,341,192,173,222,162,313,384
-19,36,508,76,445,388,173,248,358,131,179,296
-18,36,508,388,76,248,112,94,179,56,131,214
-17,36,202,349,76,210,55,56,358,15,456,248
-16,36,76,210,349,409,355,45,55,56,388,230
-15,36,76,349,409,478,311,175,45,388,431,210
-14,36,349,76,102,478,45,217,90,140,311,433
-13,36,76,349,45,102,94,160,311,355,478,388
-12,36,349,202,76,478,217,353,216,45,160,298
-11,36,34,217,202,298,76,349,369,45,162,225
-10,36,217,506,216,310,45,349,225,76,478,175
-9,36,349,310,76,189,45,175,478,441,311,217
-8,36,140,437,478,93,433,189,347,45,289,162
-7,36,506,478,189,195,469,310,437,216,349,76
-6,36,321,349,76,311,441,388,189,310,478,488
-5,36,189,478,349,311,321,76,395,216,353,409
-4,36,140,176,13,151,353,216,204,437,76,189
-3,36,96,347,445,213,89,433,437,151,8,373
-2,36,506,297,480,436,315,125,511,311,189,395
-1,36,55,388,45,15,170,265,78,349,175,507
-19,37,255,346,116,502,312,46,379,243,152,453
-18,37,271,154,255,379,478,46,152,420,119,346
-17,37,440,243,324,154,271,119,115,152,453,253
-16,37,324,243,152,146,400,457,438,440,11,64
-15,37,152,40,32,496,243,324,39,440,56,305
-14,37,32,502,243,440,419,470,152,252,312,111
-13,37,271,154,119,32,440,152,243,208,324,252
-12,37,32,154,11,243,440,119,115,271,253,155
-11,37,370,32,440,243,154,11,48,115,253,155
-10,37,243,11,32,400,345,146,442,324,440,284
-9,37,454,243,178,39,40,163,107,324,32,155
-8,37,502,243,292,419,331,32,312,155,11,252
-7,37,243,11,199,32,155,345,442,400,223,284
-6,37,214,40,21,155,163,243,284,39,305,454
-5,37,414,40,39,305,163,21,243,56,155,284
-4,37,419,502,237,292,243,413,32,155,338,208
-3,37,243,253,409,11,119,17,407,301,252,155
-2,37,243,284,442,32,11,155,345,206,199,461
-1,37,324,100,255,242,54,155,346,474,150,379
-19,38,499,225,349,402,54,173,441,253,456,52
-18,38,441,374,479,205,150,422,192,276,402,177
-17,38,399,123,503,172,374,402,504,302,96,164
-16,38,503,414,295,242,304,133,322,172,148,402
-15,38,408,242,65,20,453,186,74,402,172,469
-14,38,242,434,253,349,17,444,52,453,328,306
-13,38,374,479,150,441,242,243,422,177,300,48
-12,38,504,302,399,400,164,133,402,300,96,374
-11,38,423,164,460,133,487,102,399,504,302,503
-10,38,503,133,414,3,269,148,136,295,242,10
-9,38,343,472,381,465,74,387,56,242,281,509
-8,38,242,17,349,253,328,215,8,434,444,452
-7,38,136,468,414,269,295,495,148,133,242,500
-6,38,381,343,472,42,387,56,377,509,465,74
-5,38,381,162,40,387,74,42,509,242,453,186
-4,38,242,434,17,349,253,215,452,52,499,178
-3,38,384,300,193,316,435,111,96,66,422,306
-2,38,136,468,414,269,148,10,500,133,495,295
-1,38,283,470,205,43,261,41,345,86,287,78
-19,39,356,242,42,323,199,496,217,354,334,36
-18,39,356,242,42,323,354,465,199,498,440,496
-17,39,356,242,323,493,368,313,285,107,121,199
-16,39,356,242,368,199,323,42,313,493,228,394
-15,39,356,199,368,394,242,313,477,59,68,274
-14,39,356,464,394,199,107,506,201,480,97,477
-13,39,356,394,464,506,199,107,201,368,242,97
-12,39,356,394,223,464,506,167,143,201,251,199
-11,39,394,464,356,82,107,223,234,104,97,201
-10,39,394,464,201,97,223,356,81,82,477,107
-9,39,394,464,477,222,97,111,356,223,284,506
-8,39,394,443,4,251,223,201,506,464,111,356
-7,39,394,81,477,201,438,506,464,111,162,251
-6,39,477,394,222,201,506,308,147,160,356,158
-5,39,394,477,222,97,464,387,160,147,162,158
-4,39,477,256,162,147,97,387,394,341,308,201
-3,39,223,464,394,111,82,234,267,4,256,97
-2,39,81,401,250,256,155,394,387,464,111,477
-1,39,242,323,493,356,27,42,95,215,403,89
-19,40,309,87,449,341,357,40,212,280,178,470
-18,40,309,449,87,223,341,357,229,40,212,500
-17,40,141,309,262,44,449,120,18,304,290,398
-16,40,120,309,18,141,262,398,44,449,165,501
-15,40,141,120,18,309,44,262,449,398,501,396
-14,40,231,168,141,398,18,449,280,188,120,396
-13,40,141,231,398,168,449,18,280,188,310,332
-12,40,18,168,398,231,165,141,280,281,16,449
-11,40,18,165,304,16,280,231,281,98,168,449
-10,40,18,165,98,434,168,16,396,231,398,141
-9,40,18,434,396,168,98,44,120,16,141,84
-8,40,168,205,396,434,176,84,16,398,231,18
-7,40,168,205,165,176,84,18,396,77,162,16
-6,40,396,84,16,120,44,411,18,402,98,141
-5,40,396,98,120,168,44,141,16,18,84,402
-4,40,205,16,162,98,396,84,176,168,44,141
-3,40,168,205,16,176,84,141,275,165,188,231
-2,40,205,275,44,18,176,396,162,168,165,98
-1,40,309,222,449,91,262,44,471,141,501,470
-19,41,443,440,391,145,477,168,213,5,170,421
-18,41,443,440,264,391,162,418,477,146,168,213
-17,41,443,335,217,391,440,264,354,363,163,170
-16,41,443,391,217,125,335,363,439,261,505,213
-15,41,443,391,217,261,439,213,414,342,98,0
-14,41,342,443,299,335,273,439,261,36,511,482
-13,41,264,342,299,335,261,443,482,439,273,511
-12,41,342,439,273,296,443,482,79,299,264,511
-11,41,342,16,157,511,83,482,273,462,79,299
-10,41,342,16,511,443,273,0,245,125,299,79
-9,41,51,342,79,365,443,414,0,358,484,399
-8,41,342,273,415,79,486,439,87,348,299,279
-7,41,157,342,273,79,0,245,365,12,46,475
-6,41,79,342,358,414,365,0,484,87,272,328
-5,41,342,79,358,365,399,484,0,443,414,87
-4,41,342,79,29,273,87,251,61,432,334,424
-3,41,342,299,21,273,485,87,415,439,36,348
-2,41,342,245,273,157,87,171,299,12,0,365
-1,41,240,226,434,391,443,440,435,213,59,385
-19,42,105,78,62,151,362,455,241,217,83,491
-18,42,403,105,379,464,23,381,211,196,241,83
-17,42,211,455,403,104,95,236,319,83,39,490
-16,42,67,438,455,211,432,215,222,138,133,168
-15,42,138,304,482,20,114,410,342,197,480,16
-14,42,62,95,104,23,78,387,491,261,93,362
-13,42,403,23,95,104,93,268,211,379,77,455
-12,42,403,490,95,104,93,455,211,495,263,335
-11,42,495,490,403,95,432,93,39,455,257,104
-10,42,257,438,67,97,479,71,267,93,45,432
-9,42,194,85,114,91,482,438,67,45,93,177
-8,42,491,387,78,95,261,23,104,362,93,216
-7,42,273,257,267,97,325,438,187,138,17,335
-6,42,114,273,482,177,91,194,85,484,304,335
-5,42,114,91,482,304,177,484,139,93,342,448
-4,42,23,491,131,362,387,95,78,104,33,261
-3,42,95,490,436,235,33,104,389,39,59,141
-2,42,310,257,97,479,17,438,267,45,455,365
-1,42,365,151,476,294,212,287,393,217,301,310
-19,43,300,306,278,49,60,86,149,446,505,369
-18,43,300,278,306,60,49,446,86,369,185,280
-17,43,346,300,124,284,172,24,246,388,266,60
-16,43,346,300,124,284,445,365,206,246,161,24
-15,43,300,445,161,284,346,40,206,266,420,365
-14,43,300,266,505,224,246,342,346,254,206,24
-13,43,300,505,266,224,346,342,246,206,254,124
-12,43,300,266,224,505,342,380,365,322,293,194
-11,43,300,266,505,346,417,224,293,342,365,246
-10,43,365,300,445,266,181,420,342,161,505,346
-9,43,266,445,161,40,300,182,365,284,346,294
-8,43,300,342,266,173,224,498,95,246,346,182
-7,43,365,300,266,173,342,181,445,190,161,182
-6,43,266,161,182,445,40,300,359,293,124,284
-5,43,445,161,40,266,182,346,124,284,24,420
-4,43,266,342,164,300,95,198,182,271,506,505
-3,43,95,266,342,300,359,164,224,79,85,246
-2,43,64,365,300,359,181,342,190,266,445,420
-1,43,86,388,300,87,207,284,133,346,2,180
-19,44,119,186,220,224,56,156,24,364,479,256
-18,44,119,247,479,364,224,56,156,273,143,181
-17,44,402,119,505,290,445,104,297,247,352,283
-16,44,402,292,290,445,148,119,474,276,56,337
-15,44,292,119,402,280,134,148,297,104,223,405
-14,44,285,119,220,402,164,59,104,445,175,274
-13,44,285,247,402,119,104,59,445,232,389,175
-12,44,283,285,279,104,445,389,505,59,407,352
-11,44,389,445,104,285,59,472,283,505,402,290
-10,44,474,294,445,337,270,389,104,402,59,285
-9,44,405,280,389,489,212,104,474,402,292,297
-8,44,164,250,104,389,220,319,445,352,285,279
-7,44,474,337,294,389,104,292,471,270,445,352
-6,44,389,104,280,212,297,402,292,195,28,405
-5,44,389,104,280,212,402,195,292,297,405,28
-4,44,164,195,220,319,389,104,510,250,127,452
-3,44,47,389,195,104,59,445,352,500,177,452
-2,44,474,294,270,195,337,173,405,338,402,471
-1,44,405,56,189,338,276,433,51,277,359,158
-19,45,237,443,143,70,280,505,200,303,181,447
-18,45,508,181,443,114,447,280,295,237,143,70
-17,45,280,334,223,455,141,202,508,424,464,397
-16,45,280,334,297,330,202,201,223,237,381,64
-15,45,280,334,381,230,84,202,111,314,64,265
-14,45,509,280,334,133,283,397,200,33,202,162
-13,45,508,280,509,334,283,114,382,202,397,162
-12,45,283,202,334,382,145,509,429,280,314,141
-11,45,382,141,314,145,201,280,334,235,363,229
-10,45,297,126,201,119,202,167,334,314,382,456
-9,45,167,381,334,230,202,314,280,290,158,382
-8,45,314,334,202,193,509,33,141,382,44,280
-7,45,297,119,201,126,202,314,334,381,330,132
-6,45,230,381,314,334,167,202,290,158,351,2
-5,45,230,381,314,334,202,290,450,158,260,280
-4,45,472,314,193,202,354,401,33,334,141,383
-3,45,435,145,346,162,202,314,141,334,193,7
-2,45,297,119,126,201,132,202,210,225,168,334
-1,45,237,406,227,280,34,303,215,48,475,334
-19,46,25,128,390,325,323,162,283,110,186,381
-18,46,390,325,323,128,464,283,381,431,121,186
-17,46,185,236,405,339,51,241,25,283,427,424
-16,46,248,25,283,185,51,236,350,389,199,339
-15,46,124,199,181,421,185,193,379,51,272,392
-14,46,329,241,315,51,185,110,503,339,44,295
-13,46,241,185,315,51,503,339,317,295,431,412
-12,46,233,185,241,339,164,38,427,405,269,503
-11,46,31,185,241,339,25,38,221,248,51,503
-10,46,248,25,185,31,359,38,193,51,446,389
-9,46,421,199,124,51,185,193,57,446,248,71
-8,46,241,329,412,44,339,51,185,417,128,503
-7,46,248,359,193,66,499,185,446,25,24,211
-6,46,124,421,199,185,57,379,51,392,193,322
-5,46,421,124,199,193,57,185,51,392,181,379
-4,46,241,265,319,339,44,412,431,329,51,185
-3,46,241,417,44,185,339,164,405,51,195,38
-2,46,25,343,248,193,499,468,359,185,348,458
-1,46,25,477,239,338,77,421,141,283,388,469
-1,47,254,157,142,85,451,11,78,424,204,270
0,0,315,109,351,90,435,333,395,83,249,165
0,1,383,97,235,32,320,74,128,349,442,505
0,2,372,295,257,84,370,403,89,12,137,27
0,3,235,335,310,205,374,249,78,293,408,182
0,4,252,496,488,506,465,257,28,325,307,106
0,5,236,436,468,1,98,292,190,263,26,142
0,6,164,185,394,13,210,144,126,505,159,285
0,7,158,242,303,288,26,199,499,425,191,351
0,8,370,325,356,11,175,439,283,163,204,422
0,9,111,68,360,462,506,14,376,214,154,361
0,10,299,203,296,424,279,433,238,129,48,280
0,11,273,84,163,90,397,311,250,261,231,89
0,12,139,290,392,459,63,390,288,491,37,220
0,13,387,385,463,148,273,302,181,330,66,35
0,14,383,160,486,212,138,117,335,441,470,14
0,15,193,494,199,61,318,459,346,6,491,487
0,16,429,201,74,58,479,260,243,92,140,282
0,17,105,365,160,363,467,209,386,469,499,172
0,18,264,184,212,471,19,501,475,42,370,49
0,19,342,173,362,372,222,192,377,454,162,509
0,20,55,15,388,485,76,210,248,265,78,40
0,21,255,100,242,379,324,418,394,33,131,453
0,22,223,81,30,345,293,41,205,261,86,456
0,23,242,493,42,285,323,199,82,83,260,356
0,24,325,370,175,439,41,206,11,283,231,356
0,25,111,68,506,361,360,14,376,154,462,141
0,26,299,203,296,461,424,238,322,177,393,264
0,27,84,250,261,58,273,311,89,430,397,444
0,28,392,9,139,390,277,37,433,356,63,459
0,29,148,273,387,385,91,463,93,352,290,302
0,30,14,506,460,383,117,80,470,160,233,385
0,31,193,494,491,289,61,318,6,405,199,510
0,32,429,201,23,26,479,92,62,278,346,58
0,33,105,386,61,209,469,499,467,160,172,471
0,34,264,370,184,212,471,501,475,211,291,318
0,35,372,173,192,377,162,342,222,145,341,509
0,36,485,55,363,15,265,210,248,78,40,179
0,37,255,324,418,100,420,394,379,131,453,70
0,38,223,41,30,293,345,81,205,446,457,456
0,39,285,42,338,242,27,334,390,323,356,260
0,40,309,449,172,91,87,178,278,471,173,141
0,41,240,391,226,443,42,434,335,435,354,266
0,42,151,217,212,393,87,476,366,457,301,248
0,43,86,133,346,388,180,300,87,124,207,306
0,44,56,433,405,209,277,276,189,338,359,402
0,45,237,475,227,47,280,303,34,442,406,215
0,46,388,338,25,171,88,348,418,239,419,372
0,47,157,95,451,142,424,273,60,85,280,272
1,0,226,302,136,64,373,120,171,453,144,222
1,1,383,320,19,442,349,306,400,152,149,283
1,2,372,257,114,475,4,322,12,403,272,209
1,3,394,205,235,310,188,379,331,78,217,87
1,4,60,252,82,488,496,325,257,106,307,424
1,5,236,98,446,436,468,142,1,292,314,326
1,6,223,379,394,112,283,144,159,256,198,164
1,7,452,242,303,438,382,8,372,464,346,445
1,8,175,370,325,439,283,458,11,206,231,163
1,9,111,360,462,376,14,68,506,154,141,361
1,10,203,296,355,279,322,424,299,461,433,238
1,11,273,84,250,163,397,48,508,90,165,371
1,12,459,277,175,392,63,390,389,297,283,433
1,13,385,387,148,463,91,286,50,66,273,93
1,14,160,117,486,383,138,212,335,14,94,506
1,15,193,494,6,199,289,169,61,318,426,136
1,16,429,243,479,74,201,391,58,140,278,23
1,17,209,365,61,386,105,499,467,363,172,160
1,18,46,87,264,376,211,496,399,184,370,212
1,19,173,377,162,192,509,342,435,49,31,145
1,20,55,104,248,485,40,15,210,363,219,442
1,21,70,420,379,418,255,131,10,25,44,324
1,22,173,457,235,287,18,134,341,205,41,501
1,23,242,127,334,244,285,42,450,82,446,260
1,24,175,439,458,319,13,425,46,206,370,262
1,25,111,376,68,361,58,154,360,142,442,14
1,26,203,461,177,355,322,424,28,296,264,508
1,27,250,424,511,185,273,165,492,108,48,430
1,28,386,277,389,9,390,283,175,392,39,201
1,29,273,387,93,97,91,148,392,385,50,209
1,30,14,117,417,506,473,169,335,151,11,398
1,31,193,494,289,405,426,199,385,61,6,375
1,32,278,142,23,479,140,391,58,26,429,366
1,33,88,345,61,504,311,305,209,365,471,499
1,34,46,376,87,399,496,211,264,370,275,212
1,35,509,49,192,377,3,173,162,435,176,453
1,36,104,15,55,313,300,485,457,363,219,248
1,37,131,70,418,255,420,324,150,44,379,100
1,38,18,235,413,173,195,457,287,41,205,134
1,39,390,334,146,260,450,163,389,244,82,242
1,40,173,278,186,91,172,449,397,178,244,87
1,41,42,240,449,226,391,491,445,266,55,59
1,42,151,366,393,47,212,215,365,217,432,283
1,43,180,86,133,185,162,91,278,207,499,413
1,44,56,276,209,338,277,433,174,248,167,87
1,45,237,303,227,51,47,22,406,48,280,34
1,46,25,283,60,88,297,338,81,418,320,484
1,47,79,445,254,122,157,100,343,424,273,186
2,0,333,109,90,351,249,315,214,261,83,435
2,1,383,97,74,320,32,235,206,349,400,442
2,2,372,12,257,357,84,5,295,403,9,114
2,3,205,310,394,335,293,235,182,249,408,403
2,4,252,465,488,496,506,325,28,307,131,410
2,5,292,236,142,436,98,468,302,224,507,446
2,6,285,112,150,210,223,13,505,144,485,283
2,7,242,452,438,382,372,158,60,144,52,199
2,8,175,370,439,283,46,387,458,11,191,319
2,9,111,14,68,376,506,154,142,141,214,139
2,10,28,461,97,488,508,240,107,454,355,203
2,11,273,185,371,163,48,500,250,165,97,108
2,12,277,389,390,459,9,386,175,283,392,63
2,13,387,385,273,50,91,392,93,148,286,224
2,14,117,417,473,14,138,506,212,169,335,137
2,15,193,289,494,199,318,6,426,375,288,346
2,16,429,243,142,272,479,23,74,391,441,278
2,17,105,209,61,365,160,305,499,504,486,422
2,18,264,184,211,376,496,87,46,370,275,471
2,19,173,377,162,192,509,342,103,31,3,453
2,20,210,55,248,15,485,104,388,40,363,20
2,21,255,44,394,418,100,131,70,379,324,33
2,22,345,223,30,41,81,205,293,235,75,210
2,23,242,285,450,334,493,199,82,42,260,496
2,24,439,175,370,319,425,262,11,27,458,46
2,25,111,68,14,361,154,442,58,360,142,192
2,26,454,28,177,461,97,203,508,107,211,488
2,27,273,250,97,185,141,165,511,98,84,189
2,28,277,9,390,386,392,283,175,389,94,86
2,29,91,387,50,337,93,273,385,423,148,461
2,30,14,441,69,314,486,461,212,117,32,506
2,31,193,487,306,79,245,226,375,491,6,169
2,32,201,299,23,245,110,429,391,62,191,260
2,33,499,305,61,105,467,50,372,422,72,365
2,34,264,376,211,496,184,275,370,87,212,101
2,35,192,377,362,222,162,372,145,509,342,173
2,36,55,15,300,210,485,104,363,16,313,348
2,37,255,131,44,418,100,150,324,379,70,46
2,38,223,345,41,205,81,30,293,287,195,457
2,39,27,285,242,104,463,450,260,244,389,334
2,40,138,172,449,278,91,178,173,268,4,445
2,41,240,42,491,391,226,65,385,55,445,59
2,42,217,151,366,212,393,140,80,220,215,301
2,43,86,133,180,300,413,306,388,162,337,346
2,44,433,56,209,277,338,276,87,405,167,174
2,45,303,47,51,442,227,160,475,430,237,34
2,46,338,388,297,484,88,60,220,31,418,406
2,47,95,122,273,138,346,244,451,276,331,132
3,0,302,226,136,373,453,171,72,123,439,144
3,1,383,320,400,19,152,431,146,442,193,149
3,2,372,114,5,222,322,75,325,12,357,130
3,3,205,310,394,235,217,315,379,455,188,113
3,4,252,59,106,453,496,325,209,430,410,465
3,5,142,224,236,292,446,314,302,98,49,507
3,6,223,285,283,144,379,256,112,159,485,395
3,7,452,242,382,438,84,8,464,165,60,392
3,8,175,46,458,262,370,439,319,27,394,395
3,9,376,58,142,442,111,68,154,218,361,229
3,10,28,355,454,508,107,461,97,177,417,475
3,11,273,185,97,108,371,458,48,511,350,165
3,12,386,277,389,175,283,39,86,390,23,66
3,13,392,273,93,387,50,224,91,97,337,148
3,14,117,473,14,169,417,506,138,137,409,212
3,15,193,289,494,426,288,199,61,375,6,318
3,16,142,429,391,272,479,278,243,23,58,480
3,17,209,61,311,105,253,504,486,365,206,305
3,18,46,87,496,376,264,211,399,184,275,370
3,19,173,162,509,377,192,103,342,31,362,145
3,20,248,55,104,210,485,442,15,388,363,16
3,21,418,44,255,420,70,10,131,394,25,379
3,22,173,18,287,235,205,81,41,195,54,345
3,23,242,450,334,244,285,42,260,82,496,493
3,24,46,439,175,319,458,262,425,13,27,370
3,25,58,442,111,361,142,376,68,154,502,141
3,26,28,454,177,508,475,461,107,263,264,126
3,27,185,273,511,250,458,165,189,137,424,62
3,28,386,389,277,390,175,9,160,283,39,23
3,29,392,93,91,387,273,97,50,423,148,221
3,30,14,473,169,117,506,417,11,335,314,409
3,31,494,193,289,426,385,199,375,61,6,491
3,32,142,23,243,278,58,479,391,429,272,189
3,33,61,209,305,499,372,105,253,471,72,504
3,34,376,264,87,211,184,46,496,370,399,471
3,35,192,377,173,162,509,342,37,225,277,145
3,36,55,15,485,104,344,210,363,457,78,313
3,37,418,255,44,131,70,100,420,379,150,394
3,38,205,195,223,41,30,345,81,287,235,173
3,39,390,260,285,242,146,244,334,450,356,493
3,40,172,278,397,471,449,178,87,91,186,244
3,41,226,240,391,59,42,445,491,266,65,385
3,42,151,212,393,366,217,432,140,365,47,87
3,43,86,133,180,207,185,87,278,300,290,162
3,44,56,433,277,338,276,209,359,189,167,405
3,45,303,237,475,227,47,406,22,34,51,479
3,46,25,56,88,60,372,171,31,297,338,239
3,47,79,95,254,122,100,186,360,424,60,502
4,0,333,109,214,249,90,315,88,351,261,148
4,1,383,97,32,320,235,400,74,206,70,431
4,2,372,5,84,357,114,12,222,295,89,270
4,3,205,182,335,310,249,394,408,293,235,269
4,4,465,325,252,506,496,488,28,131,156,257
4,5,236,292,468,49,142,71,436,98,224,446
4,6,285,283,112,210,13,485,233,144,165,223
4,7,438,452,242,158,191,199,303,144,60,8
4,8,175,370,283,191,11,87,262,439,319,46
4,9,58,111,139,68,14,142,376,154,361,502
4,10,28,508,461,488,240,107,203,495,177,299
4,11,273,371,163,84,500,165,108,185,511,234
4,12,459,390,277,389,37,228,63,9,433,290
4,13,385,387,273,50,286,148,91,93,392,347
4,14,138,117,506,212,473,14,335,460,486,417
4,15,193,494,289,346,318,6,426,199,61,375
4,16,429,58,243,391,201,23,74,278,26,91
4,17,105,61,209,305,372,381,499,422,365,72
4,18,184,264,370,211,471,49,46,496,212,376
4,19,192,173,377,162,145,225,362,174,453,31
4,20,55,248,210,78,15,485,388,104,442,344
4,21,255,70,100,44,150,33,418,379,474,324
4,22,30,81,41,223,345,293,205,195,86,57
4,23,242,493,42,323,285,260,199,334,290,244
4,24,175,11,370,439,283,325,160,425,319,87
4,25,111,442,68,361,14,58,376,506,214,142
4,26,508,177,299,461,203,424,28,240,211,488
4,27,84,273,511,250,165,371,141,185,430,424
4,28,390,459,290,37,94,277,228,160,9,96
4,29,385,387,50,22,148,273,423,288,97,352
4,30,506,14,212,460,486,138,80,383,335,160
4,31,193,426,494,375,491,289,306,199,61,288
4,32,58,391,23,243,74,429,201,163,142,140
4,33,499,305,61,422,372,209,105,166,72,389
4,34,264,211,49,370,184,471,291,212,347,318
4,35,192,162,362,377,174,26,342,222,225,173
4,36,55,15,210,78,344,485,507,363,104,349
4,37,255,70,100,131,418,150,324,54,44,379
4,38,223,345,30,81,41,205,293,264,195,86
4,39,285,493,390,242,260,323,356,27,363,107
4,40,278,91,138,449,172,357,397,173,178,471
4,41,226,391,213,240,445,443,434,435,385,335
4,42,151,393,212,301,87,366,476,287,105,457
4,43,86,207,346,133,278,87,180,300,412,306
4,44,56,276,189,277,359,433,51,440,167,338
4,45,47,227,475,303,406,34,237,48,479,280
4,46,388,372,171,77,239,469,25,256,338,283
4,47,280,424,451,142,60,95,85,204,82,157
5,0,90,396,333,94,423,215,453,302,45,504
5,1,320,431,19,400,60,383,146,70,152,157
5,2,114,372,89,5,59,147,306,222,84,434
5,3,310,205,335,249,188,182,235,403,394,408
5,4,325,465,496,506,252,156,198,169,257,488
5,5,98,1,236,468,280,292,354,167,446,49
5,6,144,285,283,329,223,233,112,210,256,234
5,7,438,142,303,239,499,60,84,287,242,452
5,8,175,262,370,11,191,87,439,283,509,189
5,9,14,68,214,111,426,90,154,139,506,361
5,10,240,280,488,10,211,461,177,173,299,445
5,11,273,371,163,234,456,165,84,346,422,500
5,12,459,228,63,290,288,277,390,389,160,253
5,13,286,385,273,387,50,347,93,148,91,423
5,14,138,212,14,486,417,117,335,441,506,460
5,15,193,494,289,426,491,318,199,288,6,61
5,16,201,429,391,243,282,23,58,74,299,26
5,17,372,499,365,105,381,422,504,305,209,299
5,18,318,264,87,212,10,184,399,46,496,49
5,19,453,172,173,162,377,192,145,362,509,3
5,20,210,55,485,248,104,388,363,230,313,265
5,21,131,255,392,334,418,70,308,324,33,134
5,22,30,75,345,205,104,284,81,41,235,223
5,23,242,244,356,42,493,334,199,285,450,82
5,24,175,262,370,439,11,509,87,27,425,319
5,25,111,361,68,442,14,443,154,280,506,90
5,26,177,264,28,508,240,461,157,211,299,263
5,27,273,511,346,141,84,120,189,250,165,197
5,28,386,277,160,390,265,459,389,228,53,356
5,29,93,387,423,273,50,91,148,385,504,352
5,30,14,212,137,506,470,441,486,398,314,476
5,31,193,494,487,375,199,426,6,346,491,119
5,32,282,391,74,243,142,401,23,58,429,191
5,33,504,499,422,305,471,372,209,105,61,311
5,34,318,10,87,115,264,399,212,128,411,496
5,35,192,173,172,362,145,162,377,453,463,446
5,36,230,210,55,104,59,265,355,15,363,485
5,37,131,418,324,392,308,255,334,457,70,44
5,38,75,30,345,284,235,41,104,195,175,322
5,39,242,356,167,299,215,285,353,368,334,82
5,40,262,141,449,290,138,420,304,168,120,172
5,41,391,335,240,55,491,42,217,59,443,213
5,42,140,215,151,368,248,212,388,142,143,366
5,43,133,86,346,24,124,300,417,278,306,172
5,44,338,56,359,174,433,248,315,276,290,209
5,45,47,227,237,475,303,223,280,443,169,382
5,46,31,280,25,60,324,281,82,320,374,189
5,47,332,186,413,157,100,20,209,398,242,414
6,0,434,283,419,232,370,353,308,226,70,122
6,1,431,320,400,19,48,214,324,496,20,393
6,2,394,114,69,22,417,325,324,190,372,220
6,3,78,310,14,235,200,24,205,449,188,280
6,4,432,424,488,309,325,430,252,289,257,105
6,5,280,1,202,98,236,111,452,191,449,354
6,6,144,210,285,223,286,33,283,112,395,80
6,7,303,368,152,142,60,84,438,8,148,499
6,8,370,175,204,11,163,191,439,325,422,283
6,9,14,68,90,407,141,506,511,55,426,321
6,10,280,240,488,445,461,299,177,203,157,366
6,11,273,371,234,84,163,500,434,268,30,311
6,12,459,290,288,63,228,433,356,230,461,265
6,13,385,286,387,50,302,148,347,423,250,461
6,14,441,486,470,212,274,160,268,14,377,269
6,15,193,487,245,79,459,494,383,491,206,495
6,16,260,201,282,429,245,191,391,450,243,23
6,17,381,499,105,305,80,61,372,160,488,467
6,18,318,10,128,264,119,115,212,496,285,46
6,19,362,172,453,222,192,162,384,463,446,13
6,20,230,210,296,388,55,356,78,490,151,409
6,21,334,457,324,308,70,418,246,401,255,392
6,22,345,30,75,284,322,250,157,205,41,81
6,23,299,242,356,199,285,493,42,313,368,353
6,24,370,439,175,11,163,409,262,325,204,509
6,25,407,111,68,361,14,180,443,154,90,214
6,26,240,280,299,211,203,177,445,296,506,157
6,27,273,84,311,397,371,346,250,422,511,234
6,28,459,228,230,123,356,433,265,160,509,63
6,29,385,50,387,286,423,148,37,302,93,352
6,30,470,441,212,14,476,274,486,506,377,314
6,31,193,494,487,79,293,245,199,352,501,119
6,32,429,260,282,58,391,74,243,191,163,419
6,33,504,80,499,105,398,305,340,470,259,488
6,34,318,128,10,119,115,496,212,228,264,285
6,35,362,457,446,172,395,453,192,297,13,222
6,36,230,210,160,490,353,360,356,105,355,409
6,37,457,324,308,334,64,101,70,443,501,362
6,38,345,30,75,284,322,157,285,210,195,203
6,39,353,464,394,97,167,223,242,272,82,251
6,40,168,141,262,120,290,304,98,449,135,428
6,41,342,217,391,335,443,55,213,399,37,84
6,42,368,142,215,319,226,27,388,248,174,37
6,43,24,124,346,266,173,358,172,133,456,421
6,44,359,402,290,56,505,338,358,433,178,81
6,45,47,223,475,227,283,215,171,239,280,237
6,46,471,25,31,207,363,348,388,374,419,283
6,47,79,445,60,360,254,246,458,176,306,157
7,0,333,83,169,261,165,380,194,109,214,331
7,1,431,70,320,74,97,206,400,383,38,214
7,2,114,45,270,372,145,394,76,96,273,84
7,3,58,78,391,310,14,152,433,4,70,200
7,4,266,412,432,116,424,272,105,422,91,289
7,5,452,19,165,22,293,419,222,390,382,102
7,6,286,36,238,457,387,37,30,95,392,141
7,7,355,368,244,152,148,448,304,2,411,37
7,8,66,199,204,164,70,370,88,355,290,225
7,9,246,456,267,372,410,44,183,511,20,404
7,10,234,143,489,365,282,374,293,381,212,238
7,11,295,86,311,123,434,392,385,375,352,211
7,12,11,216,356,189,1,372,139,2,494,24
7,13,250,331,385,330,290,302,411,40,153,203
7,14,238,300,95,470,200,341,320,441,405,276
7,15,383,79,131,311,30,297,206,74,146,266
7,16,260,168,61,88,96,467,322,355,171,207
7,17,319,401,177,255,442,463,346,165,215,16
7,18,128,237,438,206,280,318,257,291,201,418
7,19,362,395,222,464,209,372,463,24,19,130
7,20,217,34,353,102,327,202,76,151,160,216
7,21,457,334,64,308,162,101,70,324,471,362
7,22,284,237,157,322,345,41,372,402,250,285
7,23,464,97,394,223,82,308,147,107,353,251
7,24,66,370,204,88,312,70,225,510,199,290
7,25,246,511,372,267,456,20,404,44,306,410
7,26,489,234,238,293,365,374,298,381,50,299
7,27,295,311,392,211,86,397,434,375,399,385
7,28,356,11,0,80,139,440,1,189,494,461
7,29,385,331,435,153,411,290,302,203,148,334
7,30,294,470,238,320,405,200,95,341,387,274
7,31,383,79,311,131,30,146,294,74,297,266
7,32,260,88,61,168,467,267,96,348,322,428
7,33,177,80,420,255,346,319,245,144,398,459
7,34,128,419,318,438,291,228,237,10,119,179
7,35,395,362,457,222,446,297,107,79,464,172
7,36,230,160,327,409,490,353,102,217,355,151
7,37,457,334,308,169,324,64,70,101,280,254
7,38,284,157,285,490,203,322,30,345,395,367
7,39,353,464,394,223,167,97,477,272,111,82
7,40,168,141,120,135,304,205,280,16,176,229
7,41,342,399,217,443,37,299,366,348,363,54
7,42,142,319,368,174,215,226,423,27,37,296
7,43,24,124,346,266,173,456,358,421,322,44
7,44,402,359,505,290,358,56,195,389,1,178
7,45,223,47,475,283,215,227,382,338,366,171
7,46,388,207,471,5,419,348,363,107,92,452
7,47,60,272,137,324,451,246,414,224,119,350
8,0,220,290,478,291,145,38,353,36,310,195
8,1,431,320,214,144,393,19,496,400,175,157
8,2,324,394,190,69,325,338,114,220,335,170
8,3,78,14,24,280,310,200,392,405,469,205
8,4,484,432,424,289,430,169,309,105,316,488
8,5,202,1,280,111,449,242,354,236,352,228
8,6,144,286,285,116,223,210,283,227,33,329
8,7,368,451,84,303,179,188,49,438,142,346
8,8,370,163,204,175,439,11,409,262,457,325
8,9,407,14,68,90,223,511,55,109,289,44
8,10,485,240,445,461,177,280,508,157,211,488
8,11,371,434,273,311,234,492,231,7,84,163
8,12,461,230,288,63,459,509,168,290,228,264
8,13,286,423,347,50,385,387,93,35,6,411
8,14,441,274,486,470,212,499,377,99,276,160
8,15,383,245,79,487,459,193,30,311,206,146
8,16,260,450,282,191,201,245,429,391,415,299
8,17,470,398,80,340,259,265,488,499,381,105
8,18,10,128,318,88,228,185,20,264,119,411
8,19,362,457,395,172,446,463,453,297,384,222
8,20,230,353,490,210,151,160,217,356,51,105
8,21,457,334,308,324,101,443,27,254,314,70
8,22,490,256,319,285,284,203,322,73,360,238
8,23,353,464,97,272,299,394,167,356,107,251
8,24,409,457,269,439,370,163,262,204,175,6
8,25,407,223,109,511,372,44,289,55,504,90
8,26,485,263,445,240,211,299,390,49,157,177
8,27,311,434,384,347,467,20,215,273,492,422
8,28,461,356,230,446,440,459,228,288,0,168
8,29,466,37,224,286,413,423,309,362,50,385
8,30,274,499,441,99,470,387,486,116,95,212
8,31,383,79,74,146,131,311,245,30,494,211
8,32,260,168,450,61,2,322,207,415,191,135
8,33,470,398,80,259,91,265,190,255,494,304
8,34,128,10,20,88,228,318,119,206,137,261
8,35,362,395,457,446,172,79,297,453,463,86
8,36,230,353,490,160,102,217,210,105,151,51
8,37,457,324,308,334,254,443,101,501,27,64
8,38,490,285,319,256,73,203,360,322,284,272
8,39,353,464,272,394,167,97,223,242,103,251
8,40,168,141,304,135,262,98,290,449,280,16
8,41,342,217,335,37,363,399,482,213,301,348
8,42,142,319,174,37,293,213,407,211,296,250
8,43,24,346,124,266,358,173,44,322,300,85
8,44,402,505,290,358,195,178,359,59,125,389
8,45,223,47,283,382,10,133,471,400,338,475
8,46,363,207,5,92,107,236,452,48,370,86
8,47,324,137,246,108,66,306,119,224,350,247
9,0,328,103,145,232,434,27,38,189,370,503
9,1,358,214,15,496,431,324,20,390,504,111
9,2,394,445,190,22,170,69,145,220,273,169
9,3,78,58,24,200,96,280,14,391,376,151
9,4,412,424,266,116,105,432,289,295,430,272
9,5,202,452,165,364,293,147,19,111,222,390
9,6,286,116,387,238,457,290,395,169,30,90
9,7,368,355,152,296,188,286,509,244,411,179
9,8,204,355,457,66,370,6,508,290,225,70
9,9,246,372,267,410,456,183,511,109,432,404
9,10,49,489,374,390,307,16,365,437,143,282
9,11,434,392,375,311,399,347,215,123,13,385
9,12,461,440,189,24,302,3,2,487,274,1
9,13,362,331,369,167,224,309,2,333,250,466
9,14,238,441,387,311,274,95,341,1,377,404
9,15,131,383,74,79,30,311,146,98,501,402
9,16,260,96,168,2,135,61,415,207,222,88
9,17,255,319,398,245,80,190,177,259,266,420
9,18,128,206,351,228,453,442,312,119,411,509
9,19,362,395,457,222,463,446,9,79,172,297
9,20,353,230,217,160,490,202,102,51,151,355
9,21,457,264,324,27,398,334,169,70,24,362
9,22,285,340,204,238,504,124,257,272,360,399
9,23,223,464,353,394,251,167,201,103,496,143
9,24,457,204,6,355,66,312,70,290,510,508
9,25,372,246,267,109,456,511,183,410,404,407
9,26,489,49,390,16,292,267,437,381,374,236
9,27,347,311,467,434,399,375,392,239,443,215
9,28,461,440,1,356,3,503,274,0,24,302
9,29,224,362,331,309,314,369,167,432,466,2
9,30,274,238,1,387,99,95,507,470,300,146
9,31,383,79,74,311,131,146,30,294,98,245
9,32,260,168,88,61,2,135,450,96,415,322
9,33,103,470,398,255,80,245,266,459,319,91
9,34,128,206,228,351,453,480,442,217,232,119
9,35,362,395,457,446,297,13,79,222,172,86
9,36,230,353,160,227,490,210,151,355,102,51
9,37,457,334,308,264,324,101,362,401,254,64
9,38,285,420,203,204,360,284,238,257,232,272
9,39,353,272,464,394,97,167,251,223,244,103
9,40,168,451,141,486,262,98,135,304,459,120
9,41,342,84,217,399,287,391,300,55,243,213
9,42,142,388,319,37,368,174,463,226,293,27
9,43,24,173,124,346,266,322,358,44,421,120
9,44,338,315,505,402,290,358,195,359,178,59
9,45,47,223,475,283,10,471,37,237,400,144
9,46,25,471,207,233,31,432,92,167,5,257
9,47,445,254,90,79,60,246,157,141,343,125
10,0,83,194,380,331,109,169,165,261,214,333
10,1,466,214,97,70,15,206,74,220,132,306
10,2,394,239,270,324,312,27,84,130,325,114
10,3,78,152,58,200,14,310,391,335,45,449
10,4,266,325,496,412,116,506,272,432,424,105
10,5,22,19,202,1,452,165,111,382,464,293
10,6,116,286,395,238,468,223,37,97,387,457
10,7,368,303,179,152,242,448,355,148,285,10
10,8,204,370,439,488,11,290,163,325,164,66
10,9,68,511,372,44,109,14,410,506,407,321
10,10,240,299,107,203,489,488,322,366,485,325
10,11,311,273,84,371,422,434,163,350,397,90
10,12,390,63,288,228,356,37,459,290,139,277
10,13,387,385,22,250,50,273,302,265,148,286
10,14,212,138,486,470,14,80,506,441,117,460
10,15,193,494,426,169,288,318,199,289,6,346
10,16,243,429,58,74,391,201,91,23,191,487
10,17,372,209,166,105,365,422,499,381,305,389
10,18,264,49,347,318,184,128,119,471,26,211
10,19,173,463,362,162,453,377,342,31,222,434
10,20,78,485,55,248,127,210,7,104,265,410
10,21,469,255,379,334,418,324,308,70,229,131
10,22,41,345,30,205,75,284,57,261,287,60
10,23,334,242,199,356,127,290,42,236,285,325
10,24,370,175,160,325,11,356,439,87,319,425
10,25,111,68,14,361,139,154,442,407,346,214
10,26,240,107,71,213,203,48,299,506,471,393
10,27,84,49,511,273,165,250,311,500,163,422
10,28,228,390,37,459,96,113,356,346,220,253
10,29,288,22,387,97,385,184,50,16,91,221
10,30,138,14,212,506,80,486,233,154,136,314
10,31,193,68,426,494,375,289,306,449,346,226
10,32,58,243,391,74,23,429,140,441,278,255
10,33,372,422,305,499,419,389,166,50,365,324
10,34,347,318,49,119,471,264,184,510,211,497
10,35,453,362,222,426,103,377,342,173,192,509
10,36,485,55,16,210,442,348,248,78,356,45
10,37,255,418,379,44,150,10,469,33,46,70
10,38,205,345,41,30,287,86,261,81,57,214
10,39,334,389,242,323,27,430,450,244,325,338
10,40,138,172,178,508,354,186,173,209,87,91
10,41,240,391,213,385,491,59,65,198,445,441
10,42,272,140,366,322,212,151,393,457,296,310
10,43,86,278,337,207,162,413,388,487,133,185
10,44,350,105,87,505,207,402,199,290,119,167
10,45,47,475,223,237,362,63,303,51,22,218
10,46,388,471,5,207,92,363,370,107,177,236
10,47,60,272,137,324,246,414,451,224,119,157
11,0,209,220,264,297,101,362,267,38,132,312
11,1,214,144,431,111,345,496,15,9,164,226
11,2,324,190,414,113,394,325,84,61,170,220
11,3,14,24,78,280,200,405,300,0,252,335
11,4,484,289,430,424,167,309,432,463,105,17
11,5,202,1,111,280,242,354,91,22,162,256
11,6,116,286,468,227,379,144,193,395,58,330
11,7,368,179,451,257,479,49,303,84,188,66
11,8,409,457,204,439,213,370,163,442,408,118
11,9,407,109,68,14,289,372,511,223,410,44
11,10,485,240,292,461,325,508,203,177,299,267
11,11,371,434,311,467,273,234,422,268,492,84
11,12,461,288,230,440,459,63,228,336,2,290
11,13,423,347,362,157,411,385,314,387,50,224
11,14,486,274,470,212,57,160,441,387,99,127
11,15,245,79,383,146,297,311,459,487,74,131
11,16,191,260,450,88,168,201,135,467,299,482
11,17,398,470,80,499,340,259,91,372,381,105
11,18,10,128,318,88,228,20,264,237,119,115
11,19,362,457,395,172,446,297,463,384,453,79
11,20,230,160,490,355,409,353,360,210,151,105
11,21,457,334,308,324,362,227,501,101,27,254
11,22,490,285,256,319,284,322,272,73,203,12
11,23,353,464,194,394,167,368,251,97,103,272
11,24,409,213,457,163,439,442,370,204,89,54
11,25,407,223,109,44,410,511,47,289,427,372
11,26,485,389,390,49,492,292,461,404,240,157
11,27,311,422,467,434,384,347,371,430,13,273
11,28,461,440,459,228,336,230,432,0,446,356
11,29,466,224,362,413,34,37,157,286,423,387
11,30,274,99,387,486,470,441,499,324,116,278
11,31,146,383,30,74,245,297,79,131,311,266
11,32,260,10,348,168,450,171,88,2,61,345
11,33,470,190,398,80,490,91,346,259,459,449
11,34,128,20,228,10,88,318,119,484,206,137
11,35,362,457,395,446,297,79,453,172,463,86
11,36,230,353,160,490,105,355,51,151,102,311
11,37,457,324,308,362,254,334,501,443,101,227
11,38,490,285,319,256,272,284,322,73,360,12
11,39,353,394,464,272,167,251,97,223,111,496
11,40,168,141,262,304,290,135,364,98,120,459
11,41,342,399,363,217,37,50,213,335,20,348
11,42,142,319,213,293,174,407,211,463,37,263
11,43,346,24,358,322,124,266,173,421,300,166
11,44,402,505,290,358,195,214,322,59,462,389
11,45,223,47,382,10,283,280,133,144,362,471
11,46,48,207,5,236,107,92,370,452,503,23
11,47,306,324,137,119,66,108,151,246,112,65
12,0,175,139,10,53,0,67,411,232,189,145
12,1,214,358,496,15,431,111,390,220,8,320
12,2,190,69,394,170,22,324,220,402,180,273
12,3,78,14,24,280,200,220,300,96,491,310
12,4,424,289,458,430,432,316,167,105,412,90
12,5,202,111,280,449,364,147,419,119,109,293
12,6,116,286,387,395,210,330,306,290,172,171
12,7,368,296,188,179,451,286,226,147,348,40
12,8,457,204,439,163,370,409,290,11,312,431
12,9,432,410,109,511,260,407,426,372,90,10
12,10,485,49,292,437,69,390,384,16,340,267
12,11,434,311,467,492,384,347,409,239,13,371
12,12,461,2,3,288,440,123,130,0,356,509
12,13,286,224,309,466,362,260,249,369,24,146
12,14,260,274,441,470,377,99,6,324,95,499
12,15,131,74,245,30,79,98,383,487,311,146
12,16,260,428,476,391,53,191,196,207,409,135
12,17,190,144,80,398,91,470,259,340,459,30
12,18,20,128,88,228,351,312,119,10,318,206
12,19,362,297,457,446,172,463,107,453,79,222
12,20,355,51,230,160,353,490,151,483,101,336
12,21,457,362,443,324,477,308,27,101,64,500
12,22,285,204,73,319,238,340,360,47,322,451
12,23,394,353,368,251,103,167,464,284,313,477
12,24,409,457,439,510,204,370,163,312,290,262
12,25,260,410,432,407,246,44,511,372,109,404
12,26,437,49,292,485,390,263,16,22,267,235
12,27,492,221,347,311,467,422,434,384,443,13
12,28,461,3,123,440,288,0,446,509,356,228
12,29,224,286,466,362,37,260,413,309,369,24
12,30,384,274,260,470,486,212,441,99,404,324
12,31,79,74,146,383,297,131,245,206,30,266
12,32,260,171,168,135,428,348,207,96,450,476
12,33,144,190,91,80,470,398,346,265,259,38
12,34,20,128,88,228,312,119,351,484,438,277
12,35,297,362,457,446,395,107,79,463,172,453
12,36,355,230,51,353,490,160,145,395,311,178
12,37,457,362,324,443,308,477,101,5,27,64
12,38,285,204,319,73,238,360,256,340,322,284
12,39,394,353,368,103,167,251,464,223,272,284
12,40,364,262,168,141,135,304,448,18,98,459
12,41,342,399,37,217,23,265,439,263,489,47
12,42,463,319,293,142,37,169,263,242,354,174
12,43,322,24,124,346,173,26,266,44,131,409
12,44,402,505,358,290,81,169,1,104,195,125
12,45,223,10,144,283,399,280,471,47,455,37
12,46,92,471,236,5,207,107,106,200,363,469
12,47,360,224,324,11,137,458,119,334,246,157
13,0,182,290,393,291,36,478,457,232,23,122
13,1,214,15,358,496,220,111,272,112,431,320
13,2,190,394,69,220,323,324,12,170,61,325
13,3,78,391,449,24,58,37,81,14,332,200
13,4,412,266,424,105,432,116,289,91,240,309
13,5,202,19,165,234,108,22,147,464,382,322
13,6,116,395,387,286,174,125,36,141,223,221
13,7,368,286,244,179,355,188,377,303,285,147
13,8,66,164,370,312,508,204,290,88,55,457
13,9,372,246,267,404,456,70,410,44,511,432
13,10,217,293,374,56,489,44,153,390,212,64
13,11,352,295,311,179,385,375,479,2,399,408
13,12,80,338,356,461,274,139,440,16,90,11
13,13,153,290,203,411,169,349,250,89,457,427
13,14,238,505,99,470,85,291,405,46,33,456
13,15,131,383,294,30,74,146,501,311,266,297
13,16,355,53,345,260,207,168,61,476,222,252
13,17,236,245,283,319,190,336,490,177,193,255
13,18,419,361,179,137,144,438,309,206,128,468
13,19,362,438,464,395,21,313,209,99,307,421
13,20,353,102,289,51,151,478,160,121,178,437
13,21,288,457,362,243,504,101,321,324,61,32
13,22,490,285,6,319,234,284,237,203,453,62
13,23,251,394,464,223,438,201,103,368,147,162
13,24,312,73,510,496,66,31,204,290,260,9
13,25,372,432,246,70,511,267,410,404,306,484
13,26,153,217,374,51,238,279,381,44,414,6
13,27,375,385,179,311,399,239,397,432,434,85
13,28,440,80,11,356,511,130,0,139,180,215
13,29,334,449,127,138,153,284,302,349,385,411
13,30,238,384,330,470,428,6,441,387,274,46
13,31,131,294,74,64,501,30,383,402,146,311
13,32,260,355,345,207,428,280,53,476,222,61
13,33,346,190,283,177,144,459,38,304,194,245
13,34,419,438,128,237,144,256,20,153,312,228
13,35,362,395,297,107,412,464,307,487,457,91
13,36,160,178,355,230,373,51,353,409,145,289
13,37,457,362,288,477,101,334,308,169,316,324
13,38,490,285,319,73,256,204,284,322,157,6
13,39,394,251,111,223,464,167,368,4,45,201
13,40,168,176,364,205,262,135,120,141,84,16
13,41,399,342,79,300,348,415,363,272,210,19
13,42,319,463,293,37,263,142,242,462,106,423
13,43,124,173,24,44,342,266,421,322,346,497
13,44,402,358,505,290,104,1,169,195,389,352
13,45,223,10,144,283,399,37,47,280,471,338
13,46,92,236,5,107,106,207,23,370,200,185
13,47,224,137,324,222,11,119,66,280,112,246
14,0,37,103,451,95,99,15,145,189,328,440
14,1,214,358,496,15,371,8,390,431,324,111
14,2,180,190,273,394,220,170,69,45,419,145
14,3,78,391,280,24,58,14,310,200,37,331
14,4,458,424,412,430,289,351,105,116,266,45
14,5,202,186,111,147,109,364,280,279,169,293
14,6,116,387,286,499,221,395,95,90,392,231
14,7,147,244,286,193,506,260,368,296,348,40
14,8,370,457,204,510,66,6,225,312,67,290
14,9,410,246,372,44,456,404,511,211,127,187
14,10,437,16,390,179,49,293,292,489,414,509
14,11,311,443,295,467,479,352,434,347,239,13
14,12,440,3,461,123,41,338,356,165,2,13
14,13,362,224,369,356,416,260,153,314,286,367
14,14,404,470,320,274,99,200,384,238,61,377
14,15,297,131,79,245,266,383,74,30,146,501
14,16,171,348,88,260,168,191,467,96,207,322
14,17,144,190,346,490,459,177,449,80,30,340
14,18,128,297,312,228,351,206,20,453,387,193
14,19,297,362,457,446,107,395,172,463,79,204
14,20,355,51,230,353,160,8,490,213,24,360
14,21,362,457,101,324,398,443,477,29,139,180
14,22,204,437,47,124,238,285,141,241,451,235
14,23,394,284,353,464,368,297,162,130,477,203
14,24,457,67,510,6,443,409,70,225,204,312
14,25,246,410,44,260,511,404,127,187,407,211
14,26,16,437,22,179,292,390,293,49,235,217
14,27,311,443,347,352,467,295,479,239,434,252
14,28,3,123,461,440,13,356,41,288,375,509
14,29,362,224,369,356,260,466,24,416,153,81
14,30,404,384,274,470,99,320,61,324,238,200
14,31,131,383,74,146,266,297,79,397,30,211
14,32,171,348,96,168,260,207,428,10,53,88
14,33,190,346,144,449,459,103,80,470,490,91
14,34,128,297,206,228,312,351,20,453,480,387
14,35,297,362,457,446,395,79,107,204,463,209
14,36,51,355,230,353,160,490,213,102,311,210
14,37,457,362,264,101,308,443,324,29,477,139
14,38,204,285,235,238,124,47,360,203,319,256
14,39,394,353,272,251,368,167,464,103,242,223
14,40,168,135,364,262,141,459,18,304,420,448
14,41,399,342,351,265,37,84,23,77,391,348
14,42,463,319,106,37,293,388,174,142,242,263
14,43,24,322,346,124,173,26,44,245,363,131
14,44,402,358,505,290,195,199,1,203,81,169
14,45,223,10,144,283,399,47,237,280,471,455
14,46,92,471,5,106,236,25,107,207,363,427
14,47,203,360,224,90,11,324,119,458,254,157
15,0,356,4,275,228,200,274,156,180,182,126
15,1,214,0,391,15,108,358,257,176,8,451
15,2,73,190,220,394,346,180,474,112,232,170
15,3,328,78,24,14,280,326,300,449,331,51
15,4,484,34,430,404,458,238,289,223,143,5
15,5,247,202,153,111,318,195,15,475,147,279
15,6,116,286,140,288,349,499,193,58,263,387
15,7,123,368,147,410,286,179,11,342,485,244
15,8,442,213,457,383,409,30,370,163,204,439
15,9,407,432,410,260,44,109,511,34,69,372
15,10,441,390,437,485,292,22,49,404,288,325
15,11,311,467,434,492,347,243,384,13,371,350
15,12,461,78,294,336,135,432,187,123,440,356
15,13,411,302,24,387,154,153,250,362,423,16
15,14,441,470,99,274,269,387,502,56,486,212
15,15,146,245,383,79,297,30,74,459,206,294
15,16,260,191,10,428,135,168,207,450,171,88
15,17,490,144,177,190,259,394,340,459,285,452
15,18,128,137,228,20,119,419,438,237,179,484
15,19,362,297,464,395,129,307,39,412,172,107
15,20,353,355,51,160,409,373,151,216,75,490
15,21,362,457,21,214,324,388,308,101,477,443
15,22,319,285,256,56,73,509,204,203,377,47
15,23,394,297,162,202,387,308,486,477,341,97
15,24,510,312,88,89,225,370,155,186,216,457
15,25,511,187,400,246,249,359,128,44,70,160
15,26,238,217,279,296,239,258,390,267,22,381
15,27,443,479,311,352,146,509,399,467,304,252
15,28,356,440,123,264,350,461,0,473,80,16
15,29,385,287,416,362,356,203,35,153,260,334
15,30,99,404,470,160,505,384,324,85,486,6
15,31,146,297,383,74,30,79,275,245,397,131
15,32,10,171,348,168,260,96,31,2,378,88
15,33,490,190,346,459,449,265,144,455,91,38
15,34,20,128,419,336,312,438,228,193,485,79
15,35,362,297,463,457,79,395,39,107,471,446
15,36,51,355,353,230,490,160,395,311,321,178
15,37,362,457,443,101,324,308,21,477,214,469
15,38,285,256,319,56,204,73,238,203,509,490
15,39,394,353,368,251,167,272,103,464,242,223
15,40,168,364,262,135,141,459,18,304,311,448
15,41,342,399,37,23,348,363,77,133,263,51
15,42,463,319,293,242,37,142,263,174,169,106
15,43,322,24,124,173,346,26,245,266,44,497
15,44,402,358,505,290,195,1,104,199,81,169
15,45,223,10,144,283,280,399,455,237,471,47
15,46,92,5,236,106,107,207,200,23,185,363
15,47,224,222,11,137,119,324,66,280,487,112
16,0,508,37,328,27,145,253,15,189,232,120
16,1,214,6,358,8,15,390,496,371,456,314
16,2,190,180,394,170,69,273,220,158,419,145
16,3,78,280,391,58,300,200,24,372,14,356
16,4,458,424,430,412,289,167,105,45,351,62
16,5,202,109,507,147,111,186,293,306,364,280
16,6,387,116,286,221,499,231,395,90,95,193
16,7,190,147,244,171,506,234,286,296,348,368
16,8,457,268,67,204,6,30,290,225,370,66
16,9,410,246,432,372,260,511,127,456,211,267
16,10,437,340,69,390,16,26,114,220,468,326
16,11,467,347,375,311,13,434,239,352,443,492
16,12,440,3,461,13,487,123,429,2,128,130
16,13,362,224,369,304,356,260,466,351,416,83
16,14,404,330,260,470,200,238,384,274,61,324
16,15,131,74,266,297,501,30,402,206,79,245
16,16,96,260,53,419,207,222,476,294,127,2
16,17,190,346,449,144,219,404,459,91,490,319
16,18,297,128,206,312,351,228,20,387,453,132
16,19,297,362,457,107,446,463,395,79,468,172
16,20,355,51,353,121,230,213,490,160,373,151
16,21,362,457,324,398,101,29,139,443,264,477
16,22,204,47,238,124,437,285,73,451,241,141
16,23,394,284,251,353,103,368,201,167,464,203
16,24,457,6,67,409,30,268,204,290,510,443
16,25,246,410,260,511,267,127,364,407,8,432
16,26,437,16,340,292,49,179,220,390,468,114
16,27,347,467,311,375,502,443,239,221,352,13
16,28,440,3,461,123,429,13,0,288,41,509
16,29,224,362,369,314,466,83,372,24,167,260
16,30,404,260,274,507,384,324,146,330,470,238
16,31,131,74,266,30,501,402,383,211,297,79
16,32,222,96,53,260,419,476,428,207,2,168
16,33,190,103,346,144,91,470,449,38,398,459
16,34,206,128,297,228,453,351,312,480,387,20
16,35,297,362,457,446,395,385,79,107,463,204
16,36,355,230,51,353,160,490,121,178,395,210
16,37,457,362,264,443,29,139,324,308,101,477
16,38,204,285,238,377,124,47,256,360,203,241
16,39,394,353,251,103,167,368,272,464,223,244
16,40,168,364,135,262,141,459,18,448,420,39
16,41,399,77,23,351,37,265,342,84,276,489
16,42,463,106,319,37,293,388,174,263,242,142
16,43,322,24,124,173,346,26,131,166,358,497
16,44,358,402,505,290,1,195,81,199,338,455
16,45,10,223,283,144,399,280,156,237,455,47
16,46,92,471,25,106,5,200,107,236,207,363
16,47,203,90,224,360,458,11,220,157,254,59
17,0,200,356,275,156,4,274,182,228,180,126
17,1,214,0,15,391,108,257,176,8,358,449
17,2,190,92,76,394,169,145,445,273,220,96
17,3,58,391,152,494,376,78,433,45,200,191
17,4,266,412,432,105,272,116,424,91,277,338
17,5,452,19,165,211,186,147,22,234,382,322
17,6,457,238,36,286,387,37,95,141,395,213
17,7,368,244,355,152,285,306,286,37,411,148
17,8,66,199,164,204,290,508,370,355,225,67
17,9,246,456,267,372,410,511,44,404,183,20
17,10,234,143,293,365,374,282,489,307,212,381
17,11,295,123,86,375,352,385,392,311,434,312
17,12,11,189,1,347,372,24,216,356,249,440
17,13,331,435,401,290,154,250,203,40,349,253
17,14,46,238,300,200,320,470,341,414,95,268
17,15,383,131,501,402,30,79,266,206,297,311
17,16,207,168,61,355,53,2,171,267,260,428
17,17,401,319,193,16,165,194,442,346,325,449
17,18,419,179,206,128,144,280,167,237,361,438
17,19,222,19,24,480,309,21,307,362,364,147
17,20,217,327,34,216,353,437,102,433,76,29
17,21,32,457,362,168,324,95,119,477,139,29
17,22,56,377,256,238,285,343,47,204,509,42
17,23,82,464,394,223,97,147,107,308,162,251
17,24,66,164,290,237,370,510,89,225,312,204
17,25,246,267,456,511,372,20,404,302,306,183
17,26,293,365,234,437,374,298,307,44,489,143
17,27,295,123,375,233,352,385,392,311,86,292
17,28,1,249,356,440,11,189,24,0,185,494
17,29,331,401,435,153,154,290,449,16,127,203
17,30,238,320,200,470,150,114,404,300,341,46
17,31,383,131,402,79,30,501,297,266,146,311
17,32,61,96,267,168,260,467,207,53,127,355
17,33,319,346,449,490,190,236,38,177,165,245
17,34,128,419,20,312,447,438,228,206,397,132
17,35,297,362,457,107,395,39,446,79,463,209
17,36,355,353,51,230,160,490,395,178,311,151
17,37,362,457,443,101,308,477,254,324,21,214
17,38,285,256,319,56,377,73,204,238,490,203
17,39,394,353,368,167,251,272,103,464,284,111
17,40,364,168,262,141,135,18,459,304,448,311
17,41,342,399,37,133,23,363,217,263,348,77
17,42,463,319,293,37,242,169,142,174,106,263
17,43,322,24,124,173,346,497,26,266,358,131
17,44,402,358,505,290,195,1,104,81,125,169
17,45,223,10,144,283,399,280,455,471,37,500
17,46,92,5,106,236,107,207,200,185,363,23
17,47,224,137,11,222,324,119,487,66,280,407
18,0,37,464,234,2,416,46,189,15,203,320
18,1,214,496,6,8,358,371,15,257,314,456
18,2,180,190,170,220,394,273,10,69,158,486
18,3,78,58,280,391,200,151,376,333,24,331
18,4,458,412,349,424,430,45,167,62,105,80
18,5,507,147,109,202,111,293,306,280,394,186
18,6,387,116,286,221,193,429,90,395,141,231
18,7,147,506,244,171,190,368,296,286,466,348
18,8,457,204,290,268,260,6,443,164,30,510
18,9,246,432,410,372,260,511,404,267,109,10
18,10,437,390,16,26,340,49,292,69,179,326
18,11,347,375,467,239,311,13,434,502,385,384
18,12,440,3,429,2,461,13,123,128,130,41
18,13,362,224,304,369,314,372,83,309,351,167
18,14,238,404,260,46,330,470,507,441,274,377
18,15,131,74,98,30,266,501,79,402,206,383
18,16,222,96,260,476,53,355,428,419,2,99
18,17,190,319,80,144,219,346,340,30,266,177
18,18,128,297,312,206,351,228,453,480,387,72
18,19,297,362,457,446,107,463,395,316,468,385
18,20,355,51,230,353,160,121,490,213,317,296
18,21,457,362,264,398,477,308,324,139,64,101
18,22,204,47,238,124,285,141,110,360,4,451
18,23,394,251,353,201,103,297,368,203,464,223
18,24,457,260,409,443,268,510,204,30,390,213
18,25,246,410,260,432,372,8,267,511,404,364
18,26,437,16,49,220,292,340,390,26,22,404
18,27,347,467,375,239,311,384,221,13,502,321
18,28,461,3,440,429,123,13,0,41,128,375
18,29,224,362,314,466,369,24,372,83,32,127
18,30,260,507,274,404,146,238,384,324,330,57
18,31,131,74,98,79,60,211,266,30,383,431
18,32,222,260,476,428,96,53,135,473,2,207
18,33,103,190,470,144,91,398,80,346,459,340
18,34,128,206,228,453,351,297,480,312,72,232
18,35,446,457,297,362,385,395,79,107,463,302
18,36,355,230,51,160,353,210,490,311,395,151
18,37,457,308,362,264,334,443,324,101,254,139
18,38,204,285,238,47,377,360,124,110,322,298
18,39,353,394,368,251,167,103,272,464,284,223
18,40,364,168,262,451,135,486,141,261,304,448
18,41,37,342,399,84,351,287,263,363,77,473
18,42,463,319,106,37,388,293,142,242,368,302
18,43,322,24,124,173,346,363,26,497,358,266
18,44,402,338,505,358,290,195,1,203,315,324
18,45,10,223,144,283,47,399,37,471,226,475
18,46,92,25,471,5,236,107,207,106,257,416
18,47,203,254,90,445,224,119,324,343,157,11
19,0,200,275,356,156,4,274,182,228,233,180
19,1,214,15,391,0,108,257,176,358,8,451
19,2,73,190,268,220,232,180,394,214,170,158
19,3,328,14,24,326,280,78,402,333,11,449
19,4,484,34,458,404,143,238,430,289,62,167
19,5,247,202,501,111,153,15,318,195,475,27
19,6,116,58,349,193,140,288,286,263,317,65
19,7,135,368,113,286,485,410,179,123,147,342
19,8,442,457,213,109,30,409,378,163,383,393
19,9,432,407,260,410,109,34,47,364,69,68
19,10,441,390,404,437,26,175,292,340,220,370
19,11,467,243,311,347,492,384,422,13,413,434
19,12,306,461,305,432,187,336,78,135,294,288
19,13,157,362,339,466,369,224,260,160,314,416
19,14,65,274,260,448,116,470,384,278,99,15
19,15,74,146,245,131,383,30,79,297,73,98
19,16,260,428,322,2,207,476,168,450,191,11
19,17,190,470,144,91,340,398,246,459,80,30
19,18,128,20,447,228,485,164,336,312,435,351
19,19,297,457,385,407,362,446,302,107,133,137
19,20,355,230,353,160,51,321,178,151,311,490
19,21,362,457,21,443,214,308,324,388,469,254
19,22,285,256,319,73,47,56,238,377,509,204
19,23,394,353,368,284,272,251,464,162,193,217
19,24,213,442,457,409,109,5,510,383,30,312
19,25,410,260,44,187,246,511,364,407,127,223
19,26,22,404,368,441,390,175,437,389,340,16
19,27,311,443,479,467,347,243,13,221,384,252
19,28,461,187,336,432,305,123,306,440,294,0
19,29,224,362,466,157,413,339,34,369,35,260
19,30,99,274,384,404,324,470,260,448,387,65
19,31,146,74,297,79,383,294,245,30,131,275
19,32,171,260,10,348,2,168,135,96,53,88
19,33,190,144,346,490,91,459,449,470,455,246
19,34,20,128,228,447,312,485,107,137,164,1
19,35,297,362,457,446,79,463,107,395,407,39
19,36,355,230,51,353,160,490,311,395,151,483
19,37,362,457,443,324,308,101,477,254,21,469
19,38,285,256,319,204,56,73,238,377,203,490
19,39,394,353,368,251,167,103,464,223,284,272
19,40,364,168,262,141,135,304,448,311,459,18
19,41,342,399,37,133,263,348,23,363,210,217
19,42,463,319,293,242,37,142,169,174,263,106
19,43,322,24,124,173,346,358,26,266,497,409
19,44,402,505,358,290,195,1,81,104,125,169
19,45,144,223,10,283,399,280,37,455,471,500
19,46,92,5,236,107,207,106,23,185,200,363
19,47,224,222,137,11,119,324,66,280,112,317
20,0,139,37,67,189,358,232,451,328,479,120
20,1,214,6,358,15,496,456,8,390,314,111
20,2,190,394,180,170,69,273,220,158,419,123
20,3,78,280,24,391,58,96,14,37,200,331
20,4,458,424,412,289,167,430,45,105,116,266
20,5,109,202,186,279,507,280,364,293,147,306
20,6,116,387,286,231,221,415,499,392,395,174
20,7,147,244,506,286,348,368,190,234,171,296
20,8,457,204,268,70,510,216,312,6,67,66
20,9,246,410,260,432,187,511,372,404,44,456
20,10,437,340,26,49,16,179,390,69,292,468
20,11,311,467,347,479,443,434,384,321,13,268
20,12,440,3,123,2,461,165,288,130,128,356
20,13,362,224,304,369,260,314,248,286,367,24
20,14,404,99,470,260,384,283,377,274,441,330
20,15,146,297,74,266,131,245,30,383,73,206
20,16,171,260,53,96,10,348,207,2,8,322
20,17,190,490,346,144,449,459,219,177,38,91
20,18,128,297,228,453,351,312,206,193,151,480
20,19,297,362,457,446,107,395,463,9,39,79
20,20,355,51,353,13,160,490,230,483,151,373
20,21,362,457,308,101,264,64,324,334,443,29
20,22,204,47,124,285,238,360,322,241,391,457
20,23,394,368,284,353,162,160,226,167,297,251
20,24,510,457,409,312,6,268,204,67,70,290
20,25,364,260,246,187,410,44,511,243,404,407
20,26,340,292,16,49,22,437,179,390,468,26
20,27,443,311,479,467,347,422,384,434,252,13
20,28,3,123,461,440,13,165,356,41,288,509
20,29,362,224,314,369,260,24,356,372,466,153
20,30,404,384,99,146,470,274,260,57,283,324
20,31,74,146,245,297,131,79,266,30,293,60
20,32,53,96,171,148,2,348,8,294,260,476
20,33,190,103,144,80,340,91,470,449,459,346
20,34,128,453,297,228,351,206,480,72,193,312
20,35,297,446,362,457,395,13,79,57,107,9
20,36,230,355,160,210,353,51,490,483,417,151
20,37,457,308,334,362,264,324,101,443,474,401
20,38,204,285,238,124,47,360,203,322,377,284
20,39,394,353,368,272,244,251,464,167,32,103
20,40,451,486,364,262,168,459,135,261,91,304
20,41,84,399,287,342,391,351,37,59,353,300
20,42,463,388,319,368,37,106,142,293,302,226
20,43,322,24,124,173,346,85,363,143,487,128
20,44,338,505,402,358,315,290,195,359,125,1
20,45,10,223,47,144,475,37,283,471,226,399
20,46,25,92,471,106,257,207,5,416,107,236
20,47,445,254,90,203,60,224,157,343,163,217
21,0,435,249,83,298,109,351,194,333,315,114
21,1,97,214,88,466,235,349,32,146,74,358
21,2,324,357,239,190,372,295,325,84,125,114
21,3,14,335,4,78,403,182,310,249,205,497
21,4,465,325,506,28,496,198,169,426,156,488
21,5,1,292,468,98,242,111,236,202,280,354
21,6,116,286,193,144,415,260,233,505,194,387
21,7,9,158,303,215,242,241,368,425,382,191
21,8,370,204,163,11,409,439,457,175,87,356
21,9,407,68,14,214,361,511,410,180,504,432
21,10,485,240,157,299,177,508,461,424,370,211
21,11,371,311,434,234,422,467,273,492,7,384
21,12,288,230,459,63,228,290,390,461,509,9
21,13,286,387,385,128,347,423,411,50,461,302
21,14,486,470,212,274,335,441,127,383,57,377
21,15,193,245,487,494,459,352,280,293,289,501
21,16,391,243,191,429,299,201,282,58,260,74
21,17,340,499,372,80,72,491,422,61,488,381
21,18,318,128,10,115,264,359,49,184,471,42
21,19,362,297,13,446,172,453,463,384,395,220
21,20,210,409,230,355,160,356,296,360,490,250
21,21,457,334,64,401,169,308,324,280,101,70
21,22,30,284,223,345,322,157,210,75,250,81
21,23,299,285,42,244,49,14,356,442,487,32
21,24,409,439,87,54,370,77,175,11,457,325
21,25,407,361,35,511,68,180,111,280,214,504
21,26,157,485,48,313,297,299,424,177,240,71
21,27,311,422,273,84,92,492,371,346,456,434
21,28,459,230,123,228,390,9,346,509,153,37
21,29,387,423,302,385,260,286,128,352,50,148
21,30,274,212,470,486,57,179,383,441,377,294
21,31,293,245,487,193,79,74,352,146,494,73
21,32,135,450,191,260,428,344,429,58,282,62
21,33,340,80,499,91,491,259,144,470,488,105
21,34,318,128,10,115,359,228,264,212,104,438
21,35,362,297,446,13,453,395,172,463,457,372
21,36,409,160,210,230,355,502,360,490,353,151
21,37,457,64,169,334,308,280,362,324,401,101
21,38,284,322,30,157,75,223,345,210,250,81
21,39,394,222,368,353,464,134,167,160,97,477
21,40,120,497,141,168,98,16,398,262,449,280
21,41,342,91,443,217,300,358,20,489,243,79
21,42,423,368,319,462,243,27,226,142,37,234
21,43,456,40,266,24,124,421,173,322,346,293
21,44,402,389,195,104,1,505,290,59,297,76
21,45,366,230,399,223,382,475,283,280,338,232
21,46,471,477,214,388,23,236,107,370,421,227
21,47,176,60,224,137,324,272,51,414,458,246
22,0,220,145,38,508,101,446,122,353,237,232
22,1,214,144,431,345,496,393,146,220,320,111
22,2,324,325,426,190,220,170,394,69,335,322
22,3,469,14,392,78,24,280,0,331,310,200
22,4,430,167,169,13,68,289,424,56,257,307
22,5,280,1,242,449,111,202,354,162,71,236
22,6,415,286,233,395,144,280,445,260,80,306
22,7,49,451,84,226,382,303,438,368,239,348
22,8,370,163,204,88,409,252,175,11,191,439
22,9,180,511,407,504,32,14,44,260,426,68
22,10,485,157,240,177,22,299,64,211,445,280
22,11,311,234,371,434,384,252,467,492,92,273
22,12,123,446,230,509,440,356,288,290,338,21
22,13,286,423,385,250,302,50,35,260,411,93
22,14,441,470,329,274,486,212,377,6,160,268
22,15,245,487,79,193,383,293,459,494,146,206
22,16,260,135,191,428,450,429,282,415,45,62
22,17,340,67,144,80,177,381,488,499,160,105
22,18,378,318,438,88,10,261,237,128,228,284
22,19,362,297,172,91,463,464,446,107,384,52
22,20,409,502,355,145,160,210,151,490,311,373
22,21,64,280,169,457,40,360,152,324,334,116
22,22,490,322,73,319,12,284,256,238,303,402
22,23,199,434,222,318,394,299,49,134,356,42
22,24,370,409,88,70,163,325,439,204,175,262
22,25,511,180,504,407,32,44,136,446,260,68
22,26,22,157,485,211,445,238,299,263,280,203
22,27,252,311,397,434,399,84,92,422,234,273
22,28,356,123,446,265,509,288,230,459,264,63
22,29,286,423,37,385,260,302,387,399,411,50
22,30,212,486,329,470,274,57,377,387,160,441
22,31,79,293,383,74,245,146,297,459,206,510
22,32,135,428,216,191,168,429,415,450,207,344
22,33,67,340,177,144,265,259,91,80,214,381
22,34,438,378,88,261,318,128,237,10,390,228
22,35,362,464,297,91,143,446,395,107,172,498
22,36,160,409,502,145,355,210,162,76,373,311
22,37,64,169,280,457,360,40,477,152,5,305
22,38,490,322,319,73,12,241,284,238,256,402
22,39,394,464,105,477,97,162,199,443,506,201
22,40,120,497,98,168,396,16,398,141,280,18
22,41,342,91,489,443,511,79,358,399,20,462
22,42,423,354,319,243,462,142,37,211,139,218
22,43,266,456,505,24,421,124,293,40,346,224
22,44,389,402,322,104,285,59,1,156,195,123
22,45,366,382,283,136,28,223,230,399,280,509
22,46,477,23,214,107,236,393,370,227,421,363
22,47,270,176,137,66,108,112,324,246,31,248
23,0,308,270,0,99,189,91,145,38,95,106
23,1,30,214,496,304,371,390,293,169,240,8
23,2,388,394,190,360,296,283,96,418,170,22
23,3,58,96,78,391,24,200,376,152,69,151
23,4,412,308,424,266,272,116,105,197,277,432
23,5,280,293,19,165,191,378,131,22,211,382
23,6,387,286,461,304,428,415,42,37,408,395
23,7,41,143,355,406,244,368,285,192,37,103
23,8,88,70,370,204,104,66,290,164,225,312
23,9,372,246,404,456,267,410,511,32,44,77
23,10,489,509,22,123,16,160,217,374,433,67
23,11,85,399,311,410,429,86,252,211,13,446
23,12,161,372,426,215,307,440,303,356,120,110
23,13,506,153,250,130,500,203,167,302,35,394
23,14,509,200,238,377,470,387,441,56,61,268
23,15,383,79,131,74,30,311,297,204,245,206
23,16,168,260,96,88,135,207,61,2,482,415
23,17,214,177,67,255,144,346,402,259,272,319
23,18,438,106,378,221,33,157,341,237,173,134
23,19,362,464,506,143,20,297,395,353,129,91
23,20,409,160,173,145,217,349,140,445,373,353
23,21,280,64,169,372,451,312,502,360,459,457
23,22,106,241,253,242,17,437,187,13,306,188
23,23,464,394,443,97,234,199,107,308,89,162
23,24,88,70,108,370,89,290,104,66,204,392
23,25,372,246,267,32,511,310,77,44,20,404
23,26,489,123,22,67,509,433,361,385,299,16
23,27,399,85,311,410,252,429,148,211,446,434
23,28,161,426,215,110,372,307,440,356,303,123
23,29,153,203,130,286,399,66,394,385,506,250
23,30,509,268,470,200,387,435,489,19,51,508
23,31,383,79,391,131,297,74,146,245,206,266
23,32,216,168,31,428,207,88,135,171,96,260
23,33,67,214,177,144,38,325,426,266,402,346
23,34,438,378,106,221,33,157,341,173,53,509
23,35,464,143,362,506,56,91,297,307,20,395
23,36,160,145,409,213,373,162,217,355,173,195
23,37,64,372,280,451,169,360,457,312,502,459
23,38,106,241,187,13,253,437,242,188,300,402
23,39,394,97,464,477,105,506,156,162,199,107
23,40,497,16,168,120,280,398,231,98,141,18
23,41,342,489,83,511,91,378,462,485,79,299
23,42,354,243,279,462,78,142,235,95,205,319
23,43,505,266,417,293,24,98,124,342,421,346
23,44,389,104,285,322,402,177,505,129,59,123
23,45,136,382,28,283,359,223,419,133,302,280
23,46,227,167,393,340,436,31,314,188,370,317
23,47,235,217,75,176,119,246,37,128,418,508
24,0,328,103,163,27,370,232,54,440,322,489
24,1,413,241,421,58,390,124,78,30,474,450
24,2,445,145,394,96,417,213,33,273,505,431
24,3,78,58,96,391,152,200,24,376,280,45
24,4,412,266,424,272,105,277,116,430,91,9
24,5,452,147,19,293,378,222,382,165,22,102
24,6,387,286,304,457,55,136,169,39,141,90
24,7,355,406,152,368,2,37,306,285,147,304
24,8,66,88,355,204,164,370,70,290,225,331
24,9,246,267,372,456,410,20,183,511,432,404
24,10,234,501,374,365,178,123,361,311,437,282
24,11,375,86,353,392,311,123,399,352,434,211
24,12,372,189,1,24,11,302,440,327,110,347
24,13,250,167,29,331,203,435,153,2,394,349
24,14,238,311,46,441,300,341,95,200,246,187
24,15,131,383,79,74,30,402,311,501,206,266
24,16,96,168,260,207,2,53,61,355,222,419
24,17,319,457,177,255,102,463,333,187,449,165
24,18,280,438,80,157,5,442,206,252,221,69
24,19,55,362,124,464,502,222,143,56,395,428
24,20,202,217,34,102,353,369,298,162,349,148
24,21,64,451,479,372,459,115,48,166,119,359
24,22,504,302,399,13,400,187,164,123,106,241
24,23,234,223,394,464,251,107,167,201,496,103
24,24,66,355,290,204,88,217,370,70,164,466
24,25,246,267,372,183,511,20,456,306,432,404
24,26,489,501,178,50,365,437,152,234,374,361
24,27,375,239,392,123,353,311,385,292,86,399
24,28,1,177,189,302,440,110,372,11,24,345
24,29,331,153,435,203,66,401,167,29,250,130
24,30,238,509,387,5,200,470,268,311,150,1
24,31,383,131,79,74,311,30,294,402,146,211
24,32,168,61,260,2,207,355,96,267,428,415
24,33,67,177,449,346,16,214,463,401,38,215
24,34,438,157,221,403,33,173,80,280,5,235
24,35,464,502,143,56,362,55,428,222,259,193
24,36,34,217,202,145,369,162,412,355,298,76
24,37,64,451,372,360,457,200,477,152,359,479
24,38,504,241,106,187,13,302,399,96,423,402
24,39,394,464,60,223,167,97,477,201,199,496
24,40,168,141,16,18,280,304,231,497,120,398
24,41,342,489,378,384,511,79,253,482,299,37
24,42,354,235,279,319,243,462,391,293,39,490
24,43,266,505,24,124,417,342,380,346,293,42
24,44,505,39,389,104,402,1,59,407,177,285
24,45,136,382,283,90,29,28,363,223,488,455
24,46,233,393,31,227,167,38,495,314,68,340
24,47,37,232,235,217,246,221,128,75,508,315
25,0,254,103,481,67,163,349,53,471,105,451
25,1,241,78,263,467,413,421,124,279,58,390
25,2,76,145,351,445,256,28,431,231,92,177
25,3,58,391,376,96,69,78,324,152,70,45
25,4,266,412,432,422,272,455,116,277,424,105
25,5,452,36,390,165,19,102,419,222,506,22
25,6,36,457,387,141,238,304,384,115,55,286
25,7,355,304,296,368,152,448,116,244,306,411
25,8,199,66,88,370,217,164,355,70,204,331
25,9,246,456,267,372,410,183,274,20,126,133
25,10,234,143,282,374,17,293,501,361,50,437
25,11,86,295,353,352,392,123,375,311,432,168
25,12,372,189,216,1,494,347,24,51,440,408
25,13,167,250,40,331,64,203,153,187,66,2
25,14,300,341,238,95,320,200,1,470,404,150
25,15,383,131,79,311,297,402,206,30,74,266
25,16,168,260,207,61,171,2,96,267,467,322
25,17,463,319,401,177,442,16,457,215,165,346
25,18,280,438,157,379,418,506,80,206,173,487
25,19,362,464,259,222,143,124,395,463,307,309
25,20,217,34,125,145,202,102,298,437,412,506
25,21,360,64,372,451,359,370,471,477,11,457
25,22,241,460,423,187,136,487,148,102,164,13
25,23,394,464,97,107,82,147,223,284,477,234
25,24,88,66,199,70,82,370,204,217,89,164
25,25,246,456,267,511,372,20,410,404,44,133
25,26,234,123,509,489,501,17,293,374,346,385
25,27,295,86,311,392,375,211,252,399,353,434
25,28,110,440,372,1,408,215,177,189,345,356
25,29,153,331,203,167,64,435,66,148,349,130
25,30,384,320,238,470,204,1,300,341,200,404
25,31,383,79,297,245,311,266,206,146,30,131
25,32,428,168,260,135,88,171,415,61,169,96
25,33,38,177,144,325,67,80,319,346,449,190
25,34,438,157,221,312,33,173,200,379,206,506
25,35,297,362,107,464,143,320,395,506,52,172
25,36,145,355,373,217,178,490,412,102,353,51
25,37,360,477,485,64,372,451,316,457,160,101
25,38,187,241,148,238,423,106,96,246,204,265
25,39,464,394,97,111,167,223,143,368,477,162
25,40,98,18,168,176,141,135,348,304,16,74
25,41,342,157,300,489,511,378,299,462,399,348
25,42,354,319,243,462,279,37,293,136,142,488
25,43,24,124,131,44,266,505,224,421,342,148
25,44,177,358,324,39,104,389,322,402,203,59
25,45,136,173,283,28,45,382,359,37,400,455
25,46,163,257,167,227,503,38,393,107,370,314
25,47,508,246,235,217,75,4,119,324,128,137
26,0,446,451,145,322,471,414,53,211,38,328
26,1,314,406,78,8,390,220,30,213,14,496
26,2,431,256,202,394,445,76,145,92,273,337
26,3,96,24,78,326,58,391,280,14,200,62
26,4,424,116,412,432,266,422,293,289,272,430
26,5,452,165,498,19,380,378,306,293,382,506
26,6,286,374,457,381,26,146,428,387,37,431
26,7,355,505,250,408,377,406,312,306,506,359
26,8,443,88,204,370,133,225,89,290,66,55
26,9,20,511,410,267,44,79,246,133,372,456
26,10,474,298,489,16,179,123,160,374,415,67
26,11,123,311,295,14,20,434,222,35,384,399
26,12,440,1,185,91,110,13,345,130,24,190
26,13,127,167,331,250,153,32,369,24,61,330
26,14,281,420,311,377,200,150,46,470,384,142
26,15,383,79,206,459,127,281,204,297,408,501
26,16,168,260,428,169,88,191,415,135,207,467
26,17,453,38,177,325,319,144,190,187,255,494
26,18,312,206,235,487,237,438,494,232,221,173
26,19,362,107,395,297,464,143,463,55,320,172
26,20,217,373,355,145,412,178,490,272,101,51
26,21,477,160,372,316,332,451,360,101,115,421
26,22,148,265,204,187,238,503,305,302,230,164
26,23,464,97,353,394,308,111,87,107,134,362
26,24,443,204,258,133,6,370,89,225,44,290
26,25,20,267,511,79,133,44,404,246,410,372
26,26,298,489,178,474,16,415,123,22,179,100
26,27,123,311,20,434,295,14,399,252,86,222
26,28,440,13,1,91,356,345,110,185,190,123
26,29,331,127,153,32,61,309,369,167,24,401
26,30,384,281,470,150,200,420,507,377,268,428
26,31,383,79,204,459,146,245,297,64,123,206
26,32,428,168,260,415,169,88,135,267,191,61
26,33,38,144,319,325,177,282,293,494,190,109
26,34,206,312,221,232,173,235,438,18,157,258
26,35,362,107,297,395,143,464,55,463,412,79
26,36,217,355,145,373,412,178,51,490,121,102
26,37,477,160,372,316,360,457,332,451,101,485
26,38,204,148,265,187,238,229,106,96,504,324
26,39,464,394,111,97,167,223,353,496,477,284
26,40,18,98,135,141,168,304,176,298,16,398
26,41,27,342,378,300,125,433,511,299,348,476
26,42,319,243,279,463,293,462,37,106,142,90
26,43,124,24,44,266,131,148,505,346,342,42
26,44,358,177,39,1,505,472,104,441,402,407
26,45,456,173,269,124,455,349,136,283,11,280
26,46,503,227,257,454,38,443,191,384,510,426
26,47,235,75,217,232,246,119,461,128,442,317
27,0,254,308,67,163,105,161,451,120,326,16
27,1,78,390,314,421,263,241,371,8,30,496
27,2,145,431,445,256,202,394,92,180,74,243
27,3,78,58,96,24,391,62,14,200,280,70
27,4,432,412,116,424,266,105,422,289,430,293
27,5,380,378,293,165,19,452,222,22,422,280
27,6,251,381,464,55,286,115,501,457,353,395
27,7,355,505,312,235,408,506,314,44,396,406
27,8,443,204,370,258,88,133,6,89,225,65
27,9,20,79,511,267,410,133,372,44,321,456
27,10,298,474,16,489,179,78,123,437,22,278
27,11,311,20,434,35,492,14,295,123,384,252
27,12,440,190,13,1,356,2,185,136,288,130
27,13,127,32,331,369,61,167,153,250,286,212
27,14,281,384,507,150,470,377,274,239,402,142
27,15,383,79,204,365,281,64,459,408,206,127
27,16,428,260,169,168,415,191,135,267,88,280
27,17,38,325,144,293,177,282,319,494,453,219
27,18,206,312,18,232,221,506,266,494,438,173
27,19,362,395,107,297,463,464,172,480,143,52
27,20,217,355,145,373,490,51,178,121,213,102
27,21,477,160,499,362,372,457,316,360,421,101
27,22,148,204,238,187,265,348,414,460,10,62
27,23,464,97,353,87,92,304,407,39,133,240
27,24,443,258,204,133,6,370,225,44,89,510
27,25,79,20,511,133,267,331,260,404,63,44
27,26,298,474,16,179,489,22,437,123,17,108
27,27,20,14,311,222,123,434,35,347,252,384
27,28,440,13,190,1,123,356,130,110,3,41
27,29,127,331,32,61,153,309,260,369,123,212
27,30,384,507,281,150,470,50,377,239,68,331
27,31,383,79,294,64,204,418,459,146,138,260
27,32,428,260,168,169,267,415,88,191,135,58
27,33,38,293,144,282,319,80,325,177,494,165
27,34,312,206,232,18,221,397,438,258,217,173
27,35,362,297,107,395,412,464,172,310,451,341
27,36,355,145,178,217,51,121,265,490,144,375
27,37,477,362,457,360,499,160,372,101,316,485
27,38,204,187,238,265,148,246,140,229,47,73
27,39,464,97,111,394,353,115,465,103,495,442
27,40,98,168,18,135,251,229,301,141,483,358
27,41,27,351,342,227,302,349,308,249,11,443
27,42,463,106,279,293,319,90,296,136,258,466
27,43,24,44,322,124,85,496,451,245,200,48
27,44,358,76,402,418,231,207,502,505,228,183
27,45,283,149,168,223,440,10,25,115,451,231
27,46,510,257,281,454,85,232,503,346,496,106
27,47,242,120,90,417,398,442,246,496,458,16
28,0,499,457,241,182,212,240,192,294,60,265
28,1,314,328,220,355,196,390,372,245,8,257
28,2,190,378,65,180,394,214,220,69,208,464
28,3,491,326,14,24,78,335,331,280,405,309
28,4,430,424,13,289,143,325,257,458,125,62
28,5,498,111,129,29,354,35,348,101,368,353
28,6,231,193,333,451,59,286,381,395,398,501
28,7,506,312,12,417,505,355,129,147,303,40
28,8,443,370,204,88,431,133,439,258,172,290
28,9,511,260,68,153,80,321,180,372,71,504
28,10,22,71,474,285,393,480,485,16,278,384
28,11,311,371,492,434,422,84,252,273,384,89
28,12,123,356,288,63,459,440,2,130,390,290
28,13,387,302,385,250,265,286,22,97,148,312
28,14,212,486,441,470,138,274,377,80,506,14
28,15,193,169,459,494,245,501,352,449,346,146
28,16,429,74,243,391,260,201,58,23,91,191
28,17,499,372,422,50,166,305,389,381,105,160
28,18,347,318,119,264,312,20,128,26,49,438
28,19,362,453,463,162,222,173,490,434,426,31
28,20,78,388,348,179,485,55,45,355,363,127
28,21,477,362,469,324,457,308,189,70,460,5
28,22,204,319,238,73,32,246,322,493,47,309
28,23,242,127,465,88,356,14,332,406,334,49
28,24,370,439,160,11,175,356,325,204,181,409
28,25,68,111,511,14,361,407,154,346,376,504
28,26,240,71,213,48,107,203,393,471,299,296
28,27,49,84,311,273,250,422,165,163,511,500
28,28,459,228,390,37,96,356,346,421,288,433
28,29,288,22,387,385,184,97,302,16,91,148
28,30,14,138,80,212,486,154,233,314,506,470
28,31,68,193,426,375,494,449,306,199,226,346
28,32,58,243,391,74,23,429,278,140,201,441
28,33,372,499,305,422,419,389,50,105,166,209
28,34,318,347,119,20,312,264,211,297,285,128
28,35,362,426,297,372,173,451,222,453,490,434
28,36,355,217,51,230,229,375,145,447,144,270
28,37,362,477,457,324,101,360,443,499,5,485
28,38,204,319,238,73,246,47,505,272,140,391
28,39,464,189,353,394,465,27,39,115,281,23
28,40,4,98,168,251,109,393,135,83,141,229
28,41,351,293,308,383,249,265,195,23,479,302
28,42,106,463,272,90,293,296,319,507,37,315
28,43,322,24,48,184,488,85,27,121,232,389
28,44,358,141,290,76,345,402,505,418,183,430
28,45,283,223,144,10,168,451,356,115,393,170
28,46,106,92,281,232,363,490,374,80,346,286
28,47,224,242,246,442,417,398,378,141,258,67
29,0,145,479,66,232,27,38,9,494,247,18
29,1,314,355,371,8,496,220,248,390,23,126
29,2,273,180,190,419,394,220,170,100,378,69
29,3,326,24,78,500,7,224,50,247,462,137
29,4,412,45,424,116,143,430,458,289,62,13
29,5,380,165,109,252,147,498,422,271,426,452
29,6,231,392,193,464,30,451,286,501,333,90
29,7,355,147,506,312,480,462,485,321,12,505
29,8,443,258,133,370,204,431,203,172,247,144
29,9,79,20,133,372,511,246,410,260,484,456
29,10,179,474,298,437,489,235,16,22,226,57
29,11,20,14,311,347,434,239,252,35,384,371
29,12,440,123,13,3,41,128,1,2,375,467
29,13,32,127,260,331,61,369,153,309,212,314
29,14,384,281,470,507,274,150,377,239,238,441
29,15,383,79,64,204,245,459,461,472,206,57
29,16,260,428,169,135,415,267,191,168,479,88
29,17,38,144,293,80,177,282,325,473,453,494
29,18,312,232,206,397,297,18,480,438,387,273
29,19,362,297,395,107,463,464,172,320,310,412
29,20,217,355,145,178,51,490,102,353,151,262
29,21,477,457,362,360,422,96,485,139,500,308
29,22,204,47,238,298,124,4,451,322,62,391
29,23,464,39,203,9,290,92,442,49,374,133
29,24,443,133,70,258,213,204,107,88,6,431
29,25,511,260,79,364,504,20,360,131,372,133
29,26,22,474,179,384,489,437,298,480,167,235
29,27,252,311,397,275,119,434,14,399,508,422
29,28,187,123,440,13,356,3,188,203,125,139
29,29,260,32,153,123,127,286,157,423,148,309
29,30,384,470,278,57,137,331,274,436,2,378
29,31,79,383,297,146,245,74,138,131,294,266
29,32,171,428,207,168,135,348,450,88,191,96
29,33,38,144,177,80,190,346,449,455,402,490
29,34,397,438,312,232,297,480,206,200,1,36
29,35,297,362,107,412,464,39,395,320,463,172
29,36,145,178,355,373,353,490,217,51,236,121
29,37,477,360,485,316,457,96,101,332,64,160
29,38,204,238,298,256,246,73,319,47,322,124
29,39,394,464,111,251,97,223,45,245,162,284
29,40,168,176,98,135,439,16,205,84,74,141
29,41,342,300,399,79,351,299,348,433,476,485
29,42,243,106,462,319,218,90,37,279,293,388
29,43,44,124,24,266,224,421,182,131,342,497
29,44,104,358,177,389,37,195,331,59,442,322
29,45,45,173,56,37,401,193,382,455,399,147
29,46,471,246,219,412,236,107,87,454,503,207
29,47,485,90,203,457,324,231,146,246,390,163
30,0,275,356,200,156,4,274,228,126,180,294
30,1,257,0,314,315,391,464,108,220,129,176
30,2,73,378,474,190,214,464,220,180,426,346
30,3,326,78,14,24,280,328,332,58,161,391
30,4,404,13,68,233,143,430,235,95,469,144
30,5,58,247,181,498,41,195,318,111,496,149
30,6,58,193,263,464,333,211,482,231,451,30
30,7,12,485,355,312,506,11,453,308,123,500
30,8,443,213,88,133,370,70,383,442,247,225
30,9,364,260,44,372,456,511,32,133,462,20
30,10,22,474,489,179,362,433,509,265,298,175
30,11,252,311,399,371,434,119,97,211,317,384
30,12,187,123,440,188,215,432,356,294,378,78
30,13,260,153,82,66,157,250,32,130,35,411
30,14,384,470,436,387,33,402,424,65,274,448
30,15,79,383,297,245,146,206,294,131,74,211
30,16,168,428,207,260,135,88,171,467,191,345
30,17,38,177,144,80,462,67,30,160,490,465
30,18,397,312,438,107,447,237,232,134,378,485
30,19,362,412,297,107,39,464,172,320,221,52
30,20,178,145,355,373,217,502,151,101,490,353
30,21,477,485,96,316,360,280,101,422,332,160
30,22,256,73,56,238,246,319,204,365,465,74
30,23,464,394,308,97,245,251,477,368,162,193
30,24,213,443,442,50,133,126,383,357,111,89
30,25,70,364,511,260,456,372,133,44,263,184
30,26,474,362,238,22,340,16,235,298,179,265
30,27,311,14,397,422,383,339,87,187,399,252
30,28,187,356,123,440,432,446,288,188,264,63
30,29,413,212,369,127,37,34,32,260,302,157
30,30,68,384,330,470,428,99,238,354,200,39
30,31,131,146,294,383,30,64,79,297,74,228
30,32,207,428,345,171,260,355,168,476,53,364
30,33,38,455,346,222,144,449,177,188,284,194
30,34,312,438,237,378,397,107,137,144,206,485
30,35,412,107,362,39,297,464,143,91,307,395
30,36,145,178,373,355,121,51,490,353,289,217
30,37,477,485,332,316,101,280,96,160,360,457
30,38,56,256,73,238,319,204,246,490,322,343
30,39,394,251,464,4,111,201,167,223,45,284
30,40,168,176,135,205,84,16,262,141,98,120
30,41,342,300,79,399,348,485,273,87,299,415
30,42,319,243,462,218,293,423,488,37,90,142
30,43,44,124,24,266,342,224,182,173,421,497
30,44,104,358,389,177,331,195,59,322,500,442
30,45,45,56,173,401,382,193,376,455,37,260
30,46,219,23,412,241,236,107,477,38,503,431
30,47,66,108,112,137,166,323,204,269,324,146
31,0,198,376,189,62,175,167,401,145,425,0
31,1,314,390,257,30,1,78,94,496,476,371
31,2,486,154,433,210,283,180,337,431,435,310
31,3,505,78,391,58,24,482,62,444,416,200
31,4,287,216,412,480,116,266,424,105,338,432
31,5,245,346,506,378,161,280,222,165,19,305
31,6,428,45,381,174,472,387,286,139,354,395
31,7,228,312,406,505,322,206,12,315,15,274
31,8,443,50,66,366,44,164,370,312,73,225
31,9,70,340,263,246,404,372,456,432,511,160
31,10,474,87,16,123,51,56,494,415,153,298
31,11,187,14,375,179,385,442,239,129,353,311
31,12,50,155,16,511,286,312,288,110,440,266
31,13,212,369,367,203,81,127,76,130,123,178
31,14,68,354,384,238,291,330,46,470,83,437
31,15,294,131,64,30,383,146,402,501,98,311
31,16,355,53,207,260,345,61,476,222,99,171
31,17,283,443,346,222,87,194,306,165,336,245
31,18,221,500,237,229,258,283,34,157,220,173
31,19,412,107,362,143,223,21,82,464,91,209
31,20,339,96,178,121,373,51,437,289,433,355
31,21,477,372,499,160,101,332,451,350,253,301
31,22,300,66,193,204,265,384,187,33,316,422
31,23,251,394,368,438,506,464,223,111,284,45
31,24,73,44,366,68,50,443,331,4,164,66
31,25,70,432,246,160,184,340,511,23,372,320
31,26,16,123,236,217,474,87,51,415,153,161
31,27,179,375,385,14,442,187,2,353,239,311
31,28,50,155,511,110,16,442,440,288,356,489
31,29,369,212,203,127,349,134,178,167,343,123
31,30,330,68,46,218,354,238,85,404,83,291
31,31,131,294,64,501,402,30,266,74,228,98
31,32,355,53,207,345,260,171,428,222,115,99
31,33,346,283,455,165,194,443,449,403,282,159
31,34,258,221,157,173,312,237,500,403,283,33
31,35,143,107,412,482,223,362,471,297,464,56
31,36,178,96,339,121,51,373,437,355,8,347
31,37,477,372,499,101,332,160,451,350,316,64
31,38,204,300,66,265,187,193,238,106,384,316
31,39,251,394,111,223,201,45,464,506,103,167
31,40,168,176,135,84,205,141,16,262,364,402
31,41,21,399,378,79,485,273,348,299,342,289
31,42,279,319,243,293,235,462,354,218,37,463
31,43,173,342,95,24,124,182,44,266,224,261
31,44,104,177,358,39,389,59,442,402,441,352
31,45,136,173,435,280,346,28,455,405,45,179
31,46,393,227,38,384,314,219,454,340,185,257
31,47,37,235,217,75,77,128,119,504,92,342
32,0,451,446,481,163,349,53,211,348,400,414
32,1,305,263,491,135,78,421,241,252,390,73
32,2,92,431,127,28,145,351,180,76,364,256
32,3,58,391,78,200,376,152,24,96,70,69
32,4,412,266,424,116,105,422,338,272,91,432
32,5,19,506,492,222,186,36,165,22,378,21
32,6,174,384,138,387,472,55,296,381,286,139
32,7,116,406,44,12,244,461,61,312,285,505
32,8,73,66,164,366,44,427,500,443,239,50
32,9,246,23,432,456,267,372,484,184,70,404
32,10,153,51,123,6,16,212,354,374,236,468
32,11,375,385,179,139,432,239,353,114,2,168
32,12,345,6,408,511,440,75,127,190,110,347
32,13,369,203,391,349,178,167,384,212,187,487
32,14,46,330,83,238,377,68,404,239,142,470
32,15,131,294,402,501,64,30,74,383,206,266
32,16,355,53,207,222,260,99,364,345,61,115
32,17,283,159,443,346,165,403,245,193,336,319
32,18,67,494,258,394,221,173,206,487,266,506
32,19,362,209,34,143,412,438,21,107,471,395
32,20,121,51,437,433,373,125,412,306,66,355
32,21,499,477,160,372,101,350,332,243,146,316
32,22,148,136,204,187,265,414,238,357,468,269
32,23,251,394,438,223,284,368,506,111,201,464
32,24,73,44,4,366,277,164,443,427,258,204
32,25,246,23,432,484,184,511,404,410,70,160
32,26,16,153,346,468,123,293,236,6,474,100
32,27,375,179,385,239,14,139,308,114,352,144
32,28,511,345,440,408,190,110,356,233,13,489
32,29,369,212,459,203,167,127,401,134,349,331
32,30,239,330,83,401,404,238,68,1,46,142
32,31,131,64,294,501,402,30,228,266,74,98
32,32,355,345,171,222,53,260,115,207,428,267
32,33,346,283,38,165,455,282,449,194,219,293
32,34,258,312,18,221,173,232,206,157,506,33
32,35,412,297,362,143,107,209,310,141,471,395
32,36,51,355,121,178,145,412,490,101,102,336
32,37,477,362,499,101,160,372,457,443,172,427
32,38,204,265,187,148,238,140,246,136,481,229
32,39,394,251,438,284,103,464,368,111,353,201
32,40,168,135,364,262,141,340,348,143,411,18
32,41,399,27,157,351,210,378,433,265,47,125
32,42,463,293,319,279,90,37,136,243,106,242
32,43,24,322,124,26,44,173,200,245,85,495
32,44,358,402,505,37,290,76,81,199,344,441
32,45,231,144,494,10,223,25,283,399,171,367
32,46,510,92,471,257,454,219,200,393,85,67
32,47,90,120,458,479,360,457,235,496,417,75
33,0,499,182,457,241,212,240,294,475,60,192
33,1,314,328,315,220,8,257,245,382,196,390
33,2,378,190,220,180,214,464,65,200,208,394
33,3,326,491,24,50,463,201,280,3,227,7
33,4,143,458,13,125,430,62,274,424,82,94
33,5,29,459,498,196,500,368,23,186,477,376
33,6,496,381,231,193,451,59,174,333,286,168
33,7,505,312,12,244,417,506,500,377,392,348
33,8,443,50,44,66,4,239,237,164,370,67
33,9,70,432,340,246,160,485,184,372,511,10
33,10,474,16,153,123,179,217,6,238,340,354
33,11,14,375,352,2,385,187,311,222,179,467
33,12,511,440,13,123,16,41,356,264,288,190
33,13,127,369,212,123,203,76,94,32,130,367
33,14,68,404,384,330,239,85,46,83,320,238
33,15,64,131,294,228,146,356,30,297,266,392
33,16,355,171,428,345,207,280,476,260,53,364
33,17,346,455,222,38,219,403,144,449,194,211
33,18,18,312,232,258,206,20,221,68,237,139
33,19,362,412,297,107,209,463,143,395,141,310
33,20,51,355,178,145,373,121,490,336,96,101
33,21,477,362,499,101,160,457,500,443,172,509
33,22,204,238,73,319,246,140,47,322,451,493
33,23,394,251,438,284,104,368,477,263,103,203
33,24,443,44,50,133,431,204,67,225,370,329
33,25,70,260,340,511,160,410,220,246,432,206
33,26,474,16,340,179,285,22,6,123,238,235
33,27,14,311,222,422,35,187,55,397,383,193
33,28,440,356,123,511,13,288,190,41,264,396
33,29,212,127,110,123,369,32,302,61,167,260
33,30,68,384,404,330,239,428,470,320,374,190
33,31,356,64,131,228,294,402,266,382,297,211
33,32,171,428,260,280,355,207,53,476,345,330
33,33,144,455,346,38,190,219,449,293,282,315
33,34,312,20,18,258,232,206,139,68,387,135
33,35,362,297,310,412,107,166,79,320,372,209
33,36,355,51,145,121,178,490,236,101,336,102
33,37,477,362,457,443,499,101,324,172,160,500
33,38,204,319,73,238,246,140,47,322,409,32
33,39,394,251,438,284,103,368,353,464,111,274
33,40,168,135,364,262,141,18,311,348,449,342
33,41,399,351,27,265,23,210,363,157,47,37
33,42,463,293,319,37,90,242,136,169,106,142
33,43,322,24,26,124,44,245,346,173,85,485
33,44,358,402,505,290,81,1,199,37,76,407
33,45,144,10,223,494,283,231,325,399,280,471
33,46,92,106,5,200,363,107,490,236,207,370
33,47,137,224,66,222,479,324,119,147,112,59
34,0,37,103,451,99,95,145,189,443,38,328
34,1,314,8,371,126,496,355,91,390,372,220
34,2,180,190,273,394,419,170,220,69,390,378
34,3,280,326,24,37,491,463,132,373,365,183
34,4,458,424,45,143,430,289,351,412,314,62
34,5,147,186,109,296,364,381,284,169,270,394
34,6,231,499,193,286,496,221,387,333,95,392
34,7,147,506,244,227,296,12,312,193,40,480
34,8,443,67,232,133,66,431,261,144,172,6
34,9,246,410,432,160,260,127,184,340,239,372
34,10,179,474,437,16,235,49,468,22,430,238
34,11,14,239,352,347,410,311,467,295,354,222
34,12,3,440,41,123,13,159,128,165,188,375
34,13,127,110,369,32,212,489,83,61,134,309
34,14,404,320,384,507,238,68,239,330,260,422
34,15,131,64,228,266,297,30,294,356,98,74
34,16,171,260,428,207,476,280,222,355,267,345
34,17,346,219,293,38,144,455,282,190,459,449
34,18,312,20,297,206,232,387,18,68,351,216
34,19,297,362,107,412,310,463,209,223,276,30
34,20,51,355,8,121,490,101,102,24,336,145
34,21,477,362,443,101,457,324,29,210,500,90
34,22,204,47,124,238,319,246,451,241,73,163
34,23,394,284,465,292,104,54,185,428,438,251
34,24,443,232,67,133,431,204,258,223,261,144
34,25,410,246,260,127,432,160,170,239,511,220
34,26,437,179,474,49,16,235,430,480,320,384
34,27,239,14,347,311,352,222,354,410,295,434
34,28,440,3,13,159,41,123,375,503,467,338
34,29,127,32,61,110,369,489,83,331,212,260
34,30,404,507,320,384,267,422,68,239,238,222
34,31,64,131,266,98,228,402,431,74,356,311
34,32,171,260,428,96,267,476,222,99,446,348
34,33,346,38,144,282,293,190,449,319,455,498
34,34,297,20,312,206,232,387,18,200,217,216
34,35,297,362,107,310,320,412,209,329,172,471
34,36,355,51,121,8,145,178,102,425,101,375
34,37,477,362,443,29,457,101,324,499,360,172
34,38,204,124,47,238,319,235,246,73,241,141
34,39,251,394,111,464,368,103,353,338,201,465
34,40,168,364,135,262,356,143,141,84,448,18
34,41,23,399,383,351,436,162,346,398,185,11
34,42,463,293,90,296,319,37,106,136,376,103
34,43,322,24,165,48,200,85,476,317,26,245
34,44,358,402,266,505,203,37,199,207,292,183
34,45,283,325,231,10,144,239,223,182,451,494
34,46,106,454,92,16,200,286,81,206,427,85
34,47,220,4,90,367,316,417,242,75,344,106
35,0,479,145,232,66,496,383,38,70,18,494
35,1,314,317,120,406,371,355,8,232,126,496
35,2,273,190,419,394,220,180,170,69,390,291
35,3,58,391,37,24,78,36,124,424,280,326
35,4,412,458,45,424,289,143,430,116,50,62
35,5,186,109,147,252,422,222,364,502,506,8
35,6,392,231,221,499,174,193,90,429,374,30
35,7,147,244,506,480,312,61,12,277,285,485
35,8,443,66,258,239,50,67,4,260,164,133
35,9,246,432,160,70,372,184,410,23,485,456
35,10,293,82,179,153,474,16,437,468,381,8
35,11,375,352,139,14,2,179,168,277,385,239
35,12,440,511,3,41,13,190,338,343,478,6
35,13,127,369,384,459,61,83,26,212,314,134
35,14,239,320,46,238,507,404,68,83,401,330
35,15,64,131,294,266,402,228,30,297,431,206
35,16,355,115,345,171,222,207,260,53,267,99
35,17,283,346,293,336,403,165,282,38,219,245
35,18,232,312,18,206,297,480,397,380,453,387
35,19,209,412,438,141,450,102,107,34,362,100
35,20,227,51,355,379,121,178,24,351,340,443
35,21,477,101,264,139,160,29,499,210,457,443
35,22,204,47,298,238,4,124,445,11,235,451
35,23,394,251,438,263,284,203,92,448,232,273
35,24,443,258,44,50,327,133,4,499,144,67
35,25,70,160,246,410,23,340,184,432,372,195
35,26,16,179,293,474,217,468,426,82,340,153
35,27,179,385,375,329,14,222,352,35,2,239
35,28,511,440,190,13,41,148,123,408,356,16
35,29,314,369,127,459,212,61,203,414,362,483
35,30,146,507,85,320,68,239,404,83,291,236
35,31,294,131,64,146,74,30,266,228,98,402
35,32,345,355,171,428,207,476,280,364,260,222
35,33,103,346,293,38,455,266,511,144,336,283
35,34,232,312,397,18,480,297,206,453,380,217
35,35,412,297,127,362,39,107,209,166,310,372
35,36,178,145,355,51,227,121,236,101,270,131
35,37,477,457,101,499,443,160,139,316,362,264
35,38,204,238,47,124,298,4,246,140,11,451
35,39,394,251,438,156,284,272,368,179,103,464
35,40,168,364,262,135,439,340,265,176,96,437
35,41,399,351,210,143,293,27,157,433,400,495
35,42,293,106,319,90,37,279,136,302,458,243
35,43,24,44,26,485,45,173,182,124,370,484
35,44,358,37,266,81,344,402,105,207,92,441
35,45,231,182,275,283,348,494,25,115,325,379
35,46,87,16,81,454,374,85,232,219,106,67
35,47,50,485,64,90,491,457,242,231,59,220
36,0,450,445,498,182,172,183,231,484,273,59
36,1,142,129,63,315,52,28,462,276,314,282
36,2,464,467,21,214,190,180,220,291,378,288
36,3,326,398,107,258,483,3,491,36,127,375
36,4,452,384,458,25,233,437,148,235,472,13
36,5,196,368,459,481,297,35,46,186,41,498
36,6,193,231,482,499,174,221,134,451,496,429
36,7,182,485,12,244,506,147,312,480,505,417
36,8,66,443,50,164,44,237,320,290,55,500
36,9,246,70,267,372,404,432,511,263,184,400
36,10,56,217,153,51,234,100,212,44,374,453
36,11,385,179,375,239,129,187,352,87,408,399
36,12,511,356,440,489,16,202,130,487,95,80
36,13,203,89,153,457,349,483,169,290,127,369
36,14,238,505,291,83,46,85,99,456,246,470
36,15,131,294,383,501,146,74,30,402,311,79
36,16,355,53,207,345,252,61,260,168,267,476
36,17,236,283,245,336,193,319,87,194,490,420
36,18,419,144,179,137,361,369,237,309,243,438
36,19,99,438,152,306,19,362,313,21,209,395
36,20,353,385,151,102,176,181,466,278,178,51
36,21,288,477,101,263,243,350,457,152,274,321
36,22,298,204,366,99,238,445,500,312,47,436
36,23,251,464,438,223,394,477,308,162,160,201
36,24,312,73,31,66,510,9,292,260,237,225
36,25,372,70,246,249,511,404,263,400,432,267
36,26,56,217,153,397,238,51,44,411,279,414
36,27,179,479,311,385,16,375,34,432,239,443
36,28,356,440,80,11,264,208,16,0,372,180
36,29,449,334,153,203,302,349,457,157,463,163
36,30,238,291,505,470,288,65,99,278,448,405
36,31,131,294,74,383,30,146,501,98,311,64
36,32,355,222,260,345,207,53,476,61,267,168
36,33,283,245,336,462,236,490,246,177,190,346
36,34,419,312,438,144,237,206,467,397,36,60
36,35,412,362,209,395,407,297,438,39,141,471
36,36,178,51,355,145,121,96,425,102,236,321
36,37,477,457,101,362,499,443,160,324,139,485
36,38,204,238,298,47,73,140,246,319,124,411
36,39,394,438,284,251,103,368,464,104,274,338
36,40,168,364,135,262,251,340,96,169,437,181
36,41,399,351,210,331,143,27,293,157,20,398
36,42,293,319,106,90,37,463,136,296,279,51
36,43,24,322,26,44,485,124,289,449,48,182
36,44,358,37,81,402,344,505,207,183,441,442
36,45,231,494,283,169,325,223,171,25,115,144
36,46,454,81,219,490,246,92,374,382,43,106
36,47,457,90,479,220,59,485,496,163,132,204
37,0,393,457,17,166,116,182,335,463,465,96
37,1,315,417,314,8,388,105,410,220,371,129
37,2,190,419,464,180,25,378,220,291,350,394
37,3,326,280,14,78,483,24,491,0,510,424
37,4,143,511,25,13,289,424,203,430,458,62
37,5,29,498,149,111,348,353,279,46,76,381
37,6,193,231,491,451,429,499,333,60,496,286
37,7,417,12,147,312,244,506,485,93,221,129
37,8,443,50,500,133,239,66,471,431,67,44
37,9,184,2,340,160,432,260,220,410,70,426
37,10,235,474,179,16,22,362,285,384,340,238
37,11,14,311,239,467,383,193,492,268,384,222
37,12,41,123,396,289,440,13,97,338,495,168
37,13,110,212,127,369,32,123,76,303,188,9
37,14,68,384,330,204,476,319,209,404,428,94
37,15,356,64,124,282,46,254,145,168,461,206
37,16,428,171,280,260,355,207,191,368,53,377
37,17,315,144,346,455,38,222,338,306,459,194
37,18,139,312,68,20,18,172,232,387,258,206
37,19,166,297,412,362,369,310,463,15,335,320
37,20,51,355,63,101,145,311,121,336,490,60
37,21,477,499,101,457,172,443,353,210,509,290
37,22,204,140,246,238,73,298,481,451,22,47
37,23,394,438,179,284,104,49,318,442,293,302
37,24,443,133,300,223,471,431,377,204,44,67
37,25,260,220,184,410,369,511,46,69,462,119
37,26,235,474,179,22,384,16,285,226,340,238
37,27,239,14,311,427,422,89,35,492,397,92
37,28,123,440,41,396,3,21,13,467,288,0
37,29,110,59,32,260,212,123,286,188,127,389
37,30,68,384,86,404,330,291,486,470,378,402
37,31,356,294,48,145,352,64,316,98,131,55
37,32,428,171,260,355,280,446,230,22,330,391
37,33,144,315,38,293,130,455,336,190,459,489
37,34,139,312,387,68,20,206,232,297,18,397
37,35,362,166,297,412,310,463,329,369,15,172
37,36,51,355,121,145,101,63,311,270,336,490
37,37,477,457,499,443,172,290,101,324,27,5
37,38,204,73,238,140,246,22,298,319,47,481
37,39,394,438,284,103,251,104,274,332,368,491
37,40,262,168,135,143,348,364,141,483,478,96
37,41,351,399,143,210,27,265,293,346,363,20
37,42,293,106,319,90,37,458,136,51,19,18
37,43,26,24,44,485,124,234,363,182,383,146
37,44,358,81,37,402,505,442,290,344,266,1
37,45,494,283,171,325,223,455,144,25,115,349
37,46,490,363,246,92,219,81,67,43,507,283
37,47,479,220,151,224,137,485,204,59,66,313
38,0,494,246,63,277,37,12,145,461,234,473
38,1,314,355,8,417,388,315,371,161,220,372
38,2,419,190,378,180,220,394,337,486,170,426
38,3,326,14,24,280,78,0,392,200,483,331
38,4,13,148,143,458,424,430,289,86,62,25
38,5,111,109,215,498,133,149,506,280,354,419
38,6,429,193,231,451,499,333,286,387,482,209
38,7,147,485,260,404,506,348,312,480,383,244
38,8,443,66,471,50,204,370,172,312,500,431
38,9,184,260,340,432,70,410,160,246,372,485
38,10,235,179,474,65,16,56,437,320,22,468
38,11,14,239,375,311,35,352,222,467,492,384
38,12,41,123,440,3,13,128,495,288,148,338
38,13,369,9,212,59,314,32,127,94,123,188
38,14,68,404,330,384,507,291,260,146,85,470
38,15,356,294,64,228,131,392,98,352,297,206
38,16,171,428,260,355,280,222,476,345,96,207
38,17,144,455,293,346,336,222,306,38,459,219
38,18,312,232,480,206,456,387,18,453,397,297
38,19,297,362,412,107,438,209,166,395,185,310
38,20,355,51,227,145,490,178,106,211,101,124
38,21,477,290,457,101,160,316,264,422,500,324
38,22,298,204,238,124,420,47,4,445,275,385
38,23,394,438,284,179,251,368,104,103,446,158
38,24,443,327,471,44,133,431,204,50,67,329
38,25,260,184,410,70,153,432,369,296,246,76
38,26,235,320,16,179,474,397,65,373,56,285
38,27,14,239,427,311,187,222,35,492,422,375
38,28,123,41,440,13,148,3,288,95,128,0
38,29,314,369,212,127,61,136,32,188,260,59
38,30,68,507,146,384,404,291,330,470,57,402
38,31,356,294,228,131,297,245,266,211,436,352
38,32,171,280,428,450,345,260,355,88,96,207
38,33,103,293,144,459,455,336,511,38,468,222
38,34,480,232,312,453,18,206,397,456,128,387
38,35,412,385,297,362,107,39,127,395,209,302
38,36,178,145,355,227,51,353,373,490,102,236
38,37,477,457,316,264,101,308,96,332,401,139
38,38,298,204,238,420,445,124,256,73,4,246
38,39,251,394,156,464,284,45,368,111,506,167
38,40,168,176,364,205,135,439,84,85,262,98
38,41,399,342,485,79,300,351,433,299,210,87
38,42,106,90,319,243,37,388,462,302,218,136
38,43,44,173,182,421,124,24,266,224,342,359
38,44,358,37,177,442,389,331,104,195,59,352
38,45,45,173,37,226,428,22,399,333,401,56
38,46,219,246,471,87,412,236,207,107,393,38
38,47,90,485,203,231,491,59,204,163,125,50
39,0,183,445,182,172,482,498,31,450,273,484
39,1,276,129,52,382,63,462,132,315,142,349
39,2,214,426,190,378,288,220,394,195,257,84
39,3,107,326,14,491,280,39,392,78,3,405
39,4,148,13,384,143,430,406,388,469,424,68
39,5,196,279,113,498,111,481,442,294,413,441
39,6,193,429,134,231,482,131,333,415,286,451
39,7,485,500,469,13,312,453,417,372,348,12
39,8,88,443,70,370,204,290,431,163,89,247
39,9,260,511,372,32,44,70,404,68,432,351
39,10,235,474,22,384,179,285,16,238,226,340
39,11,311,14,252,434,399,467,384,492,446,422
39,12,123,288,440,488,356,13,187,2,264,338
39,13,32,127,314,123,212,369,260,304,203,153
39,14,68,384,57,470,486,83,160,507,374,330
39,15,146,294,297,131,79,74,383,245,206,211
39,16,428,207,144,345,260,171,450,168,476,191
39,17,144,38,192,80,293,177,222,455,459,103
39,18,312,232,480,193,397,297,18,318,438,20
39,19,297,362,107,39,464,320,463,412,395,30
39,20,355,51,145,353,490,395,409,151,262,311
39,21,362,477,308,457,500,101,324,509,64,172
39,22,298,319,73,204,238,246,445,322,140,388
39,23,394,303,89,203,407,462,368,284,403,49
39,24,443,70,510,133,206,356,159,88,409,370
39,25,260,296,511,504,44,32,111,70,364,446
39,26,235,474,22,370,179,340,313,129,285,16
39,27,311,12,252,422,14,399,184,492,72,397
39,28,123,488,187,356,288,440,188,396,459,264
39,29,260,32,123,447,302,23,153,463,411,385
39,30,384,57,470,99,68,404,424,486,200,368
39,31,74,146,383,297,79,245,131,60,294,206
39,32,2,171,10,348,450,260,135,96,53,168
39,33,144,190,490,80,265,38,346,449,177,91
39,34,193,312,20,438,297,318,68,484,232,88
39,35,297,362,320,107,79,372,172,284,463,209
39,36,355,51,353,490,395,311,151,121,160,145
39,37,362,457,477,443,308,324,172,101,499,38
39,38,204,238,319,298,73,246,140,445,322,481
39,39,394,353,368,284,167,9,162,89,228,465
39,40,311,168,364,420,351,262,18,348,135,251
39,41,443,399,342,351,331,11,23,52,346,37
39,42,463,319,293,37,136,296,169,154,18,121
39,43,322,24,124,85,346,245,26,488,508,409
39,44,358,402,505,76,290,184,1,207,502,183
39,45,223,144,10,283,494,399,220,471,25,455
39,46,92,471,106,5,236,107,363,370,286,99
39,47,360,457,204,224,137,206,479,458,90,324
40,0,182,297,491,166,457,17,393,383,110,335
40,1,52,314,313,382,129,372,8,496,220,315
40,2,65,190,426,472,394,220,214,180,170,291
40,3,491,326,280,78,14,107,37,465,24,163
40,4,13,143,148,430,458,289,405,469,110,125
40,5,279,111,350,64,99,177,410,498,352,35
40,6,193,231,395,31,80,415,387,125,286,54
40,7,417,506,129,303,485,147,453,500,244,312
40,8,70,88,510,370,89,312,443,6,422,283
40,9,404,187,246,410,372,44,511,32,260,267
40,10,179,437,22,489,474,390,409,37,157,239
40,11,443,311,252,479,399,352,295,377,85,389
40,12,123,440,396,188,13,128,41,215,351,338
40,13,356,260,153,35,423,56,110,25,130,411
40,14,404,384,99,57,470,200,61,324,274,387
40,15,79,297,383,74,131,146,266,245,206,501
40,16,171,168,96,260,88,348,207,135,345,98
40,17,144,490,346,140,177,402,214,80,449,62
40,18,193,20,438,312,297,237,472,343,88,246
40,19,297,107,362,320,221,464,172,79,498,463
40,20,355,51,490,373,353,145,217,13,395,310
40,21,362,101,477,457,172,443,500,308,360,210
40,22,319,73,246,204,140,238,101,490,481,453
40,23,394,284,308,162,368,303,160,251,477,89
40,24,510,70,225,67,6,312,443,133,89,88
40,25,246,410,404,44,187,511,267,127,372,220
40,26,293,489,22,437,179,217,239,298,491,191
40,27,443,311,352,479,252,89,387,295,389,82
40,28,188,123,440,396,356,288,13,97,338,215
40,29,356,260,37,101,35,153,56,15,25,110
40,30,404,384,470,200,99,320,114,424,85,61
40,31,297,74,131,397,391,146,383,79,266,60
40,32,171,348,31,96,168,2,403,207,88,260
40,33,346,265,490,449,190,38,62,144,459,455
40,34,193,20,312,144,438,126,484,277,237,172
40,35,320,107,297,362,209,79,471,57,463,141
40,36,355,51,353,490,395,13,373,145,121,311
40,37,362,443,457,477,29,38,324,172,101,360
40,38,73,319,204,238,246,140,490,101,481,453
40,39,394,353,162,368,111,160,284,291,452,464
40,40,348,168,311,135,18,364,351,141,267,433
40,41,16,399,342,443,23,52,300,11,243,305
40,42,463,293,319,37,136,354,169,18,12,458
40,43,322,24,124,26,85,346,421,497,262,245
40,44,358,402,505,76,290,203,281,1,195,81
40,45,223,10,144,494,283,399,455,471,325,280
40,46,92,106,5,107,236,363,370,207,23,89
40,47,137,222,224,119,324,66,204,479,11,112
41,0,139,37,67,232,418,189,145,451,479,358
41,1,314,496,371,8,126,358,220,390,372,214
41,2,180,394,170,190,69,419,273,220,426,287
41,3,280,24,78,326,469,96,491,240,356,331
41,4,458,424,45,430,167,289,143,412,13,207
41,5,279,109,12,364,306,186,394,280,381,111
41,6,387,231,286,221,415,116,392,193,280,67
41,7,227,506,147,296,348,244,451,298,286,226
41,8,70,510,232,88,312,204,431,6,443,231
41,9,187,404,260,246,511,44,410,364,432,372
41,10,437,179,49,22,384,390,489,419,355,509
41,11,443,311,509,479,347,384,467,434,89,354
41,12,3,159,123,440,97,188,128,165,41,13
41,13,260,309,110,286,356,32,153,83,369,416
41,14,384,404,99,283,260,470,422,204,274,377
41,15,74,383,79,73,146,245,297,131,266,138
41,16,260,8,96,2,171,53,11,207,238,88
41,17,265,144,490,38,80,190,177,219,459,449
41,18,297,20,277,193,312,88,200,151,438,172
41,19,297,320,362,107,215,172,463,39,348,79
41,20,355,51,13,353,490,145,373,311,42,178
41,21,362,29,360,101,38,457,172,443,477,324
41,22,204,124,246,238,241,140,47,319,73,481
41,23,394,368,284,278,236,162,353,130,226,203
41,24,510,133,232,6,67,70,443,431,312,239
41,25,364,260,187,246,410,44,243,404,511,471
41,26,179,49,468,437,384,22,474,430,199,16
41,27,443,479,311,71,509,354,347,239,168,89
41,28,188,159,123,3,97,440,41,13,211,503
41,29,32,260,26,356,98,101,83,309,25,286
41,30,404,384,283,422,99,470,267,114,402,204
41,31,74,146,383,297,131,266,79,245,397,294
41,32,8,171,2,348,96,53,168,10,260,294
41,33,265,38,490,455,144,190,346,264,449,459
41,34,20,312,277,297,193,200,172,88,126,151
41,35,297,320,107,209,362,79,471,141,39,172
41,36,355,51,353,490,121,373,395,145,178,311
41,37,362,29,477,101,360,457,172,443,38,485
41,38,204,124,238,246,319,241,73,140,101,47
41,39,394,353,284,111,251,368,162,160,464,291
41,40,168,135,364,141,348,18,127,205,411,74
41,41,399,342,23,265,351,443,210,79,301,157
41,42,463,319,354,293,37,18,90,242,136,106
41,43,322,24,26,124,245,85,165,48,346,485
41,44,358,203,402,505,324,1,76,290,419,218
41,45,10,239,325,223,144,494,283,399,455,115
41,46,92,454,106,5,471,363,427,107,200,167
41,47,4,220,217,75,90,119,367,157,479,132
42,0,103,37,451,99,322,145,232,42,496,459
42,1,406,120,232,317,314,371,8,496,443,409
42,2,394,180,170,273,69,220,190,419,337,45
42,3,280,326,58,36,78,469,24,463,333,37
42,4,458,207,424,45,430,412,289,62,105,143
42,5,186,109,12,147,364,279,296,394,284,169
42,6,374,499,95,387,221,231,286,67,392,146
42,7,147,244,506,227,296,40,348,451,480,338
42,8,67,510,6,402,70,443,66,223,133,313
42,9,246,410,404,44,187,160,372,127,456,432
42,10,437,179,400,199,293,468,474,89,489,49
42,11,295,443,352,239,410,479,389,347,311,16
42,12,3,440,41,13,123,165,128,159,375,188
42,13,356,416,369,260,32,307,212,101,506,328
42,14,404,384,61,320,99,405,470,200,2,238
42,15,297,383,131,266,79,74,146,397,245,501
42,16,171,348,88,96,168,260,207,467,61,2
42,17,490,265,346,62,459,219,449,144,190,38
42,18,297,20,312,193,95,206,88,53,216,387
42,19,107,297,320,362,209,215,141,223,79,49
42,20,51,355,8,373,353,490,145,311,437,414
42,21,362,29,101,457,443,360,477,324,172,500
42,22,204,124,238,246,47,241,319,481,163,462
42,23,394,284,162,203,241,447,256,291,308,278
42,24,510,67,6,133,443,86,70,225,232,312
42,25,246,410,127,404,242,160,44,187,267,511
42,26,179,293,437,400,468,474,199,89,16,217
42,27,443,352,295,311,239,410,479,222,375,388
42,28,3,188,440,13,123,41,97,211,343,235
42,29,356,101,328,32,416,212,110,149,98,47
42,30,404,114,320,204,470,384,76,402,200,30
42,31,131,74,297,60,266,397,383,501,79,146
42,32,96,171,403,31,127,207,168,348,53,260
42,33,190,346,449,38,490,219,144,315,459,403
42,34,20,312,297,193,144,172,95,206,216,498
42,35,320,297,107,79,362,471,209,463,369,141
42,36,51,355,353,121,8,490,373,102,96,160
42,37,362,29,443,477,457,172,101,360,324,180
42,38,204,124,238,246,319,235,47,73,241,462
42,39,394,353,251,223,111,368,167,464,284,162
42,40,168,135,364,176,141,348,262,448,18,16
42,41,399,23,342,265,351,366,185,495,296,348
42,42,463,319,90,293,37,354,18,106,233,507
42,43,24,322,124,165,26,85,245,346,475,421
42,44,358,203,402,505,324,76,290,407,199,1
42,45,10,239,144,223,325,399,283,471,455,494
42,46,92,454,471,106,5,16,107,236,256,370
42,47,4,220,217,75,119,90,137,324,367,11
43,0,496,248,383,108,128,255,456,110,354,509
43,1,317,120,406,314,508,232,371,409,355,443
43,2,464,180,394,220,170,69,190,419,90,448
43,3,36,280,24,326,58,200,483,132,463,462
43,4,458,207,45,424,143,289,235,438,138,23
43,5,186,147,279,12,296,364,35,270,64,109
43,6,374,499,231,221,392,146,387,286,193,191
43,7,244,147,227,145,506,22,224,485,272,490
43,8,66,510,164,70,67,86,237,225,312,223
43,9,246,404,410,432,187,267,372,44,242,160
43,10,293,437,217,414,179,89,489,56,468,381
43,11,295,352,375,443,389,16,179,479,347,399
43,12,351,440,249,97,211,380,343,123,235,396
43,13,334,401,331,154,153,253,365,287,411,349
43,14,238,281,83,276,46,405,85,470,200,294
43,15,383,131,311,294,266,146,297,64,79,74
43,16,61,260,355,168,267,88,207,2,345,96
43,17,319,236,193,245,165,16,255,382,336,346
43,18,144,206,419,237,179,361,243,438,369,309
43,19,209,395,19,438,362,141,450,130,185,397
43,20,353,102,51,217,24,437,490,310,385,433
43,21,362,288,321,101,457,326,29,469,241,125
43,22,32,462,319,204,238,246,393,124,109,47
43,23,464,82,111,394,251,256,97,438,223,480
43,24,312,510,66,427,70,225,258,73,260,31
43,25,246,400,372,404,456,494,511,70,267,249
43,26,293,489,217,56,483,307,44,374,117,381
43,27,295,479,233,16,401,311,443,352,375,114
43,28,249,440,80,356,1,383,0,487,139,2
43,29,401,449,334,331,284,307,153,51,349,61
43,30,405,99,505,238,470,320,61,404,294,384
43,31,383,146,294,311,297,79,397,266,380,187
43,32,61,88,267,260,467,168,348,10,127,378
43,33,490,418,459,449,282,420,346,219,319,236
43,34,419,144,237,312,438,193,179,239,206,20
43,35,107,141,362,395,297,209,471,130,500,54
43,36,355,51,373,353,8,96,490,480,24,84
43,37,362,29,457,477,443,101,243,360,342,387
43,38,204,462,319,238,246,32,124,73,393,137
43,39,394,111,464,251,353,223,4,162,291,284
43,40,168,135,176,205,141,127,60,364,18,229
43,41,342,399,366,495,296,300,348,288,227,135
43,42,463,319,90,293,37,106,507,18,315,242
43,43,24,322,427,475,124,165,85,421,173,266
43,44,358,169,402,505,290,76,195,207,1,300
43,45,223,10,144,484,399,283,455,169,138,275
43,46,92,16,106,256,107,5,236,363,370,177
43,47,272,85,137,78,119,324,224,11,414,425
44,0,508,37,27,253,328,145,107,120,232,222
44,1,314,508,120,406,371,8,126,390,372,317
44,2,394,180,170,273,190,69,220,419,445,96
44,3,58,280,200,24,372,81,96,78,463,491
44,4,458,424,412,45,289,430,116,105,266,351
44,5,109,186,147,364,279,306,419,19,394,169
44,6,387,231,286,221,392,90,174,95,374,141
44,7,147,506,244,227,296,377,9,348,286,184
44,8,6,70,66,313,67,261,232,427,164,260
44,9,246,410,404,432,372,267,242,484,44,127
44,10,437,293,179,307,468,49,384,489,414,381
44,11,375,347,239,443,354,257,13,311,434,139
44,12,440,3,13,128,503,487,123,24,249,347
44,13,356,404,83,416,15,167,321,401,384,32
44,14,404,330,324,46,238,260,114,200,83,50
44,15,131,74,266,402,60,297,397,30,79,501
44,16,96,260,419,222,53,207,476,2,294,269
44,17,190,319,219,449,346,187,403,404,266,38
44,18,297,312,206,20,280,193,351,387,494,484
44,19,107,362,297,209,471,450,79,463,320,363
44,20,51,355,121,353,490,213,8,373,101,437
44,21,362,29,457,324,360,477,443,101,122,125
44,22,204,124,47,238,241,246,462,141,319,235
44,23,394,284,251,223,185,201,368,167,103,353
44,24,6,67,232,443,510,260,223,133,225,204
44,25,246,410,267,372,404,432,484,127,511,260
44,26,437,179,468,293,430,49,414,474,16,489
44,27,375,347,239,354,443,410,311,139,123,352
44,28,3,440,13,159,123,77,41,249,503,125
44,29,356,32,83,15,61,401,404,443,152,167
44,30,404,114,422,267,260,384,238,507,50,324
44,31,131,74,266,501,402,60,98,383,30,211
44,32,96,222,260,53,419,476,2,207,127,269
44,33,190,38,346,144,449,130,319,293,219,403
44,34,297,312,206,20,387,351,217,397,280,193
44,35,297,362,320,107,506,484,79,65,209,329
44,36,355,51,121,353,230,490,145,169,213,252
44,37,29,362,457,477,443,360,324,101,139,172
44,38,124,204,238,47,241,235,246,462,4,141
44,39,394,251,368,111,353,464,185,203,223,103
44,40,168,364,135,356,262,36,229,141,448,46
44,41,23,265,351,399,276,471,77,447,495,185
44,42,463,106,90,293,37,319,354,233,496,2
44,43,24,322,165,45,124,495,363,200,85,26
44,44,358,402,505,266,199,76,290,37,1,455
44,45,325,283,10,223,156,455,275,264,144,182
44,46,454,16,106,92,200,427,87,257,5,471
44,47,485,220,90,4,217,75,316,50,119,438
45,0,145,479,66,496,232,18,494,383,38,70
45,1,406,317,508,120,232,314,371,355,409,496
45,2,273,394,170,220,180,190,69,464,390,419
45,3,58,280,391,24,96,36,37,200,78,424
45,4,458,412,45,424,289,143,150,207,116,50
45,5,186,109,147,12,364,252,498,111,422,156
45,6,221,392,374,387,146,90,286,174,65,67
45,7,244,147,260,277,506,227,9,272,485,12
45,8,223,67,375,136,133,313,260,164,443,144
45,9,246,432,484,23,410,372,409,485,456,267
45,10,437,468,49,199,480,483,384,120,347,353
45,11,375,139,239,347,411,35,209,359,257,114
45,12,440,77,3,249,503,13,2,128,188,172
45,13,32,404,83,416,226,149,98,356,408,333
45,14,404,238,330,114,46,260,83,443,50,320
45,15,131,64,266,74,98,402,311,383,30,392
45,16,222,96,260,53,207,476,419,171,61,355
45,17,346,319,449,38,404,190,403,220,165,269
45,18,297,312,20,206,397,463,8,28,387,380
45,19,107,297,314,363,236,54,49,215,478,224
45,20,355,51,121,353,278,389,300,288,8,414
45,21,29,362,139,457,443,122,477,324,194,291
45,22,204,238,47,246,462,234,235,124,141,4
45,23,394,251,201,464,284,223,291,509,111,197
45,24,223,260,67,443,133,28,375,258,452,408
45,25,246,484,410,23,364,432,127,511,267,372
45,26,468,437,293,480,483,307,49,120,179,381
45,27,375,239,139,114,329,308,35,311,475,87
45,28,77,249,440,3,508,235,125,487,243,17
45,29,401,356,15,459,83,61,331,32,333,307
45,30,114,330,404,238,46,83,320,200,455,176
45,31,131,501,294,74,64,402,30,383,98,266
45,32,222,355,53,96,260,419,476,345,207,171
45,33,130,319,190,28,283,449,346,183,251,483
45,34,297,312,20,206,463,397,107,387,28,314
45,35,229,362,169,297,314,484,208,30,107,6
45,36,51,355,121,353,107,492,425,159,270,278
45,37,29,362,443,457,477,324,291,90,127,375
45,38,204,238,124,246,235,47,4,147,462,411
45,39,251,394,104,197,185,47,203,115,5,88
45,40,39,382,229,356,420,168,364,251,270,470
45,41,293,77,351,471,23,479,495,52,185,54
45,42,463,106,90,293,496,296,37,80,319,441
45,43,45,363,322,24,476,165,85,91,200,289
45,44,358,266,76,402,92,169,37,105,290,505
45,45,275,223,10,144,283,440,25,42,233,321
45,46,16,85,92,106,362,67,416,454,232,286
45,47,90,203,242,120,417,442,64,224,141,485
46,0,275,356,156,274,200,4,228,318,294,126
46,1,257,508,391,0,376,105,314,120,317,108
46,2,464,474,73,180,448,394,220,190,232,170
46,3,483,280,36,461,328,58,326,443,389,159
46,4,458,404,143,238,25,189,235,34,424,289
46,5,247,455,195,153,181,186,15,12,475,471
46,6,58,231,387,482,221,193,263,286,65,174
46,7,485,244,227,147,387,308,12,9,506,277
46,8,223,67,260,313,164,225,6,499,66,133
46,9,246,484,432,364,23,372,511,267,409,260
46,10,437,468,293,179,217,414,100,49,474,89
46,11,375,257,352,385,16,139,179,87,239,443
46,12,187,440,249,123,188,13,235,77,380,396
46,13,356,334,401,203,153,483,331,15,349,416
46,14,238,61,387,505,83,99,85,114,191,46
46,15,294,146,74,131,30,383,297,397,275,311
46,16,345,355,260,207,10,252,364,378,61,476
46,17,236,490,245,283,306,336,6,177,228,452
46,18,179,144,419,137,438,361,300,237,369,309
46,19,39,464,19,395,107,412,209,307,50,362
46,20,353,181,151,373,397,51,75,178,490,216
46,21,288,101,362,224,50,321,316,317,243,457
46,22,6,234,22,147,97,53,217,497,132,395
46,23,202,247,162,486,256,297,394,308,477,387
46,24,312,510,155,496,88,89,216,186,31,225
46,25,249,400,160,511,246,187,359,263,70,83
46,26,217,293,238,239,117,56,44,89,279,258
46,27,479,443,146,311,509,352,16,179,144,157
46,28,356,80,16,440,180,215,21,11,338,0
46,29,287,90,416,356,307,349,203,212,463,449
46,30,404,99,505,160,470,424,85,384,336,19
46,31,146,297,382,383,275,74,397,245,30,266
46,32,171,10,348,378,96,168,2,260,127,61
46,33,490,346,459,455,449,62,163,190,219,144
46,34,237,193,144,312,438,57,153,20,36,104
46,35,107,297,39,471,209,141,362,91,133,320
46,36,397,353,373,51,181,355,176,151,327,195
46,37,288,101,280,267,362,477,316,120,332,338
46,38,6,411,478,299,421,217,406,409,378,197
46,39,294,406,383,297,228,302,156,221,318,454
46,40,205,162,176,168,497,16,84,170,350,231
46,41,485,342,399,251,91,300,87,210,79,299
46,42,319,463,243,462,218,90,33,106,37,508
46,43,164,342,173,359,95,266,224,24,322,45
46,44,350,195,76,452,213,418,206,366,362,169
46,45,275,481,168,220,412,338,354,399,42,233
46,46,16,357,92,106,80,290,85,281,76,374
46,47,224,399,64,206,222,485,204,278,407,154
47,0,37,464,234,2,46,416,189,15,203,320
47,1,314,371,257,508,496,6,355,390,372,126
47,2,180,190,394,170,273,10,69,220,291,419
47,3,58,24,200,96,280,376,78,132,391,128
47,4,458,412,349,424,314,58,105,430,274,45
47,5,147,109,186,364,394,19,306,419,202,111
47,6,387,286,231,174,221,141,429,90,65,116
47,7,147,244,506,296,466,474,227,212,277,285
47,8,260,313,232,6,223,443,164,133,67,140
47,9,246,432,372,410,484,404,23,511,409,267
47,10,437,49,430,468,179,474,390,307,480,414
47,11,347,354,375,239,35,257,411,474,311,434
47,12,440,3,159,13,128,77,429,123,2,41
47,13,83,404,356,32,321,408,384,416,15,247
47,14,238,404,260,46,330,500,114,422,511,507
47,15,131,74,98,294,266,501,64,392,117,30
47,16,222,96,260,476,53,355,419,244,382,99
47,17,319,190,159,266,346,219,269,449,283,211
47,18,297,312,206,397,20,351,387,232,380,75
47,19,107,362,297,484,316,463,209,363,49,450
47,20,355,51,353,121,252,379,300,116,380,234
47,21,29,457,477,362,139,398,101,422,243,443
47,22,204,4,47,124,238,11,141,110,298,99
47,23,394,251,201,291,92,203,190,217,418,403
47,24,260,232,443,223,510,6,454,67,133,204
47,25,246,410,447,404,432,364,372,511,127,267
47,26,480,437,430,179,49,468,235,474,18,367
47,27,347,354,311,443,239,375,89,35,422,221
47,28,159,3,13,429,77,123,440,191,0,41
47,29,32,83,356,15,260,67,61,416,314,360
47,30,404,278,384,436,422,260,402,460,335,470
47,31,146,74,297,397,131,266,101,60,383,275
47,32,171,348,2,451,8,96,378,377,10,403
47,33,38,490,163,138,511,346,144,190,455,449
47,34,397,297,312,193,53,232,387,480,351,447
47,35,297,107,280,320,39,209,506,141,484,471
47,36,355,51,353,490,178,395,145,373,311,151
47,37,362,139,29,101,477,360,457,422,443,267
47,38,204,238,4,47,246,124,377,319,298,445
47,39,394,111,353,452,256,139,160,368,284,251
47,40,135,168,176,364,205,141,311,96,74,411
47,41,399,351,342,138,485,251,265,52,300,77
47,42,463,106,90,37,319,293,439,242,18,458
47,43,322,24,26,124,363,85,173,245,45,48
47,44,358,402,195,266,505,455,290,419,76,92
47,45,10,275,144,182,223,283,494,399,25,321
47,46,92,87,16,106,286,384,471,85,363,232
47,47,50,64,485,90,242,507,423,491,209,220
48,0,498,35,182,445,59,450,69,180,31,275
48,1,129,257,142,0,464,451,52,276,391,28
48,2,73,21,464,288,346,474,180,291,220,462
48,3,326,328,483,39,36,258,280,14,491,3
48,4,404,233,238,458,384,25,143,34,92,472
48,5,247,195,41,471,113,42,496,181,153,455
48,6,482,193,221,263,499,429,209,231,95,65
48,7,485,244,506,147,13,387,308,500,123,12
48,8,510,67,6,70,213,431,443,383,111,312
48,9,246,410,404,127,160,187,44,34,432,302
48,10,179,437,441,175,199,293,22,400,489,468
48,11,443,99,352,243,295,311,168,71,297,479
48,12,187,294,378,440,123,135,78,13,432,41
48,13,356,260,416,369,157,384,15,212,26,153
48,14,404,384,320,61,200,470,436,57,99,85
48,15,297,383,131,146,79,266,74,294,206,397
48,16,171,348,168,88,207,96,260,345,61,2
48,17,490,144,38,219,346,246,459,177,163,449
48,18,193,312,397,107,297,447,485,480,164,232
48,19,39,297,107,280,362,320,127,133,302,215
48,20,51,355,353,178,490,373,145,325,151,414
48,21,362,29,139,101,360,422,477,172,457,210
48,22,246,56,204,238,319,73,509,140,256,47
48,23,394,162,156,160,284,256,139,241,203,261
48,24,213,510,383,133,442,443,312,111,6,223
48,25,364,34,246,187,410,249,511,160,167,404
48,26,175,179,441,22,468,258,217,340,474,56
48,27,443,479,99,311,71,352,388,243,24,146
48,28,187,294,123,188,440,356,13,378,288,432
48,29,212,157,416,356,34,96,260,32,25,369
48,30,436,99,404,384,470,505,85,278,65,448
48,31,146,297,383,74,275,30,382,294,245,308
48,32,171,10,348,2,260,378,451,168,8,96
48,33,346,490,163,455,38,62,190,449,459,219
48,34,107,20,193,312,485,397,144,164,438,297
48,35,297,209,107,471,362,141,320,79,39,279
48,36,51,353,355,490,121,178,395,151,311,373
48,37,362,101,29,477,443,172,457,360,38,422
48,38,56,319,238,246,204,73,377,509,140,101
48,39,394,111,353,452,256,464,284,368,480,160
48,40,168,135,311,176,141,205,364,411,18,304
48,41,399,342,265,351,251,138,356,299,476,23
48,42,463,90,293,319,37,242,106,18,169,233
48,43,322,24,26,124,245,85,346,173,497,120
48,44,358,402,195,203,505,290,455,1,76,324
48,45,10,144,223,494,283,325,399,239,471,455
48,46,92,106,16,5,363,107,200,236,283,370
48,47,224,137,222,157,220,479,82,66,204,11
49,0,37,103,451,99,145,95,189,443,440,459
49,1,257,314,325,371,496,8,456,68,390,6
49,2,394,180,273,190,170,220,337,448,474,455
49,3,280,24,326,58,96,132,373,51,365,37
49,4,458,424,45,430,143,62,289,412,351,25
49,5,301,109,296,195,279,186,364,147,381,247
49,6,58,499,221,231,95,387,286,116,392,429
49,7,147,227,232,244,506,323,58,485,450,451
49,8,484,67,510,215,6,402,268,213,66,70
49,9,246,410,160,242,187,127,243,44,364,456
49,10,340,179,61,275,180,437,220,175,2,410
49,11,352,479,295,443,233,311,16,71,179,168
49,12,3,440,445,123,41,332,187,13,165,343
49,13,416,369,212,112,34,260,351,356,96,307
49,14,404,505,99,384,436,85,61,320,470,497
49,15,146,294,297,383,30,275,74,131,266,206
49,16,171,10,260,348,378,61,207,345,152,168
49,17,490,346,163,219,449,228,459,190,62,236
49,18,312,20,297,193,107,206,216,237,79,387
49,19,107,209,297,39,320,133,471,223,362,79
49,20,51,355,353,8,373,490,397,121,181,216
49,21,362,101,29,172,377,500,443,477,360,257
49,22,204,246,124,238,319,47,481,140,73,163
49,23,394,256,162,193,160,111,202,52,73,156
49,24,510,312,216,67,484,443,225,6,86,133
49,25,249,246,160,187,400,127,410,206,242,511
49,26,340,293,179,2,217,275,56,258,437,44
49,27,479,443,352,146,16,144,311,222,295,388
49,28,188,13,440,123,343,3,445,396,356,41
49,29,55,25,416,307,415,356,110,90,56,212
49,30,505,404,114,99,384,470,204,85,247,30
49,31,146,383,131,74,266,297,30,397,382,501
49,32,10,127,168,96,260,61,53,2,378,222
49,33,490,38,406,346,455,190,449,219,236,403
49,34,20,312,144,297,193,216,172,206,107,126
49,35,320,471,297,107,362,79,209,463,141,143
49,36,51,353,355,178,102,121,490,151,373,8
49,37,362,29,172,457,477,101,443,360,38,324
49,38,204,238,124,319,246,73,235,140,241,47
49,39,111,394,452,464,353,256,251,223,368,480
49,40,168,135,176,311,364,141,188,205,262,304
49,41,399,23,342,356,299,16,348,390,265,87
49,42,463,319,90,293,37,354,136,18,458,106
49,43,24,322,124,26,346,173,497,45,31,245
49,44,358,203,402,195,505,324,290,1,199,292
49,45,10,283,239,144,223,399,325,471,455,299
49,46,92,454,5,471,106,16,107,370,236,207
49,47,4,217,220,75,119,137,324,90,479,147
50,0,248,496,383,128,255,456,110,108,509,491
50,1,317,406,120,314,371,232,8,257,250,177
50,2,464,220,394,90,448,190,166,361,53,374
50,3,58,24,449,488,200,37,363,296,261,135
50,4,458,266,112,412,424,105,309,207,338,277
50,5,19,471,35,234,64,22,108,159,186,279
50,6,125,374,392,499,231,36,387,221,95,286
50,7,58,244,17,102,232,323,490,285,303,178
50,8,370,237,510,290,164,312,66,181,89,204
50,9,246,511,68,267,302,321,44,400,372,410
50,10,217,366,489,100,44,453,414,238,249,27
50,11,311,84,350,211,422,385,371,492,273,30
50,12,63,390,356,288,433,80,264,139,37,90
50,13,387,250,385,265,302,22,290,154,365,16
50,14,212,470,486,138,441,80,274,14,506,377
50,15,193,501,146,494,169,383,459,226,311,245
50,16,201,429,74,243,91,23,391,58,207,191
50,17,499,372,50,422,381,305,389,105,467,166
50,18,347,264,49,26,119,318,184,128,211,250
50,19,173,463,222,162,31,426,453,434,377,362
50,20,78,485,127,388,7,55,348,45,265,116
50,21,469,70,379,477,29,324,387,152,418,255
50,22,41,205,287,462,345,32,57,393,261,235
50,23,127,334,42,356,242,14,88,49,236,199
50,24,370,160,325,175,11,356,439,87,231,13
50,25,111,68,14,361,346,154,442,214,139,407
50,26,71,213,48,240,203,107,393,484,471,296
50,27,84,49,273,250,422,165,500,311,511,48
50,28,390,459,228,37,96,113,356,277,346,28
50,29,288,387,22,97,385,184,16,91,273,148
50,30,14,138,80,154,212,233,486,506,314,284
50,31,68,193,375,426,494,289,449,306,226,199
50,32,243,58,391,74,23,140,429,278,201,441
50,33,422,372,499,419,305,389,166,50,324,209
50,34,347,318,119,239,49,264,471,128,211,20
50,35,362,426,372,451,251,173,121,4,103,222
50,36,355,51,353,178,102,8,24,373,121,96
50,37,362,29,477,360,443,457,101,38,485,84
50,38,462,319,393,204,238,32,246,73,235,47
50,39,111,394,452,353,464,251,223,256,167,368
50,40,168,135,176,141,205,188,60,311,364,346
50,41,356,342,399,299,88,390,348,37,87,300
50,42,463,90,319,293,37,106,169,18,458,242
50,43,322,24,26,173,124,346,85,45,497,165
50,44,358,195,402,169,505,290,1,76,389,266
50,45,283,223,10,484,144,399,169,455,275,479
50,46,92,16,5,107,106,256,236,370,177,23
50,47,272,137,85,119,324,78,414,11,218,479
51,0,508,37,253,27,145,328,107,120,189,18
51,1,314,406,371,120,325,508,8,372,126,317
51,2,394,170,190,273,180,69,220,419,448,390
51,3,58,280,494,245,372,200,284,37,365,373
51,4,458,424,412,45,289,430,116,207,351,376
51,5,186,301,109,147,364,419,19,306,394,12
51,6,387,221,231,286,392,174,81,95,374,90
51,7,227,147,506,244,450,9,296,232,184,377
51,8,6,313,215,484,40,229,67,66,164,70
51,9,246,242,432,410,394,484,438,409,267,460
51,10,437,61,293,179,47,468,414,275,66,2
51,11,375,347,352,239,257,123,5,329,443,233
51,12,3,440,13,332,249,445,128,503,123,41
51,13,406,356,416,401,83,404,384,15,443,32
51,14,404,324,330,505,61,83,164,238,260,114
51,15,131,146,397,60,74,266,297,30,294,402
51,16,96,53,378,207,222,260,10,2,355,168
51,17,490,219,236,190,38,346,423,449,406,198
51,18,297,312,206,20,193,387,441,280,277,174
51,19,471,107,209,320,450,79,297,362,463,183
51,20,51,353,121,355,373,490,178,151,145,311
51,21,362,29,360,377,457,324,500,101,332,172
51,22,204,124,238,47,246,241,140,319,481,73
51,23,394,111,201,162,284,256,223,251,464,477
51,24,484,6,67,443,133,215,375,510,312,202
51,25,246,364,484,400,267,127,260,410,372,511
51,26,437,179,468,61,474,49,293,271,44,16
51,27,443,479,347,375,352,311,114,222,5,239
51,28,3,440,13,332,123,41,0,211,288,97
51,29,81,83,32,98,24,356,405,443,416,406
51,30,404,99,114,384,247,330,200,422,204,50
51,31,131,146,74,266,60,501,383,30,297,211
51,32,53,260,96,127,419,10,168,2,222,207
51,33,190,38,490,406,346,449,455,144,459,219
51,34,297,20,312,206,144,277,351,88,200,193
51,35,471,297,362,320,107,79,348,209,484,463
51,36,355,121,51,353,178,145,490,373,412,218
51,37,29,362,457,360,477,324,443,172,377,27
51,38,204,124,238,47,246,241,235,319,140,73
51,39,111,394,353,452,464,368,251,256,274,223
51,40,168,135,364,176,262,346,251,141,448,18
51,41,23,351,265,356,399,243,276,77,476,213
51,42,463,90,106,293,319,354,37,136,169,331
51,43,24,322,26,45,124,165,31,306,173,451
51,44,358,505,402,37,195,1,455,266,81,290
51,45,283,325,10,275,223,264,144,455,156,182
51,46,16,454,106,92,200,87,5,427,341,471
51,47,485,220,4,90,217,75,50,247,303,438
52,0,145,479,66,232,496,18,494,383,70,38
52,1,406,317,120,232,314,508,371,409,355,278
52,2,273,170,220,394,464,190,180,69,448,419
52,3,58,36,37,280,372,21,193,166,424,276
52,4,458,412,45,424,207,150,143,153,80,289
52,5,186,109,147,12,252,156,301,502,8,498
52,6,374,392,221,387,146,90,174,65,67,499
52,7,244,147,227,277,54,184,9,506,485,260
52,8,484,215,40,67,375,223,229,203,202,313
52,9,246,432,484,461,410,23,364,267,147,409
52,10,61,437,468,483,47,293,199,243,353,242
52,11,375,139,352,16,179,295,385,239,233,5
52,12,249,332,445,77,440,3,86,13,503,383
52,13,401,334,331,483,349,449,415,406,179,153
52,14,238,83,330,46,505,246,291,99,405,85
52,15,131,383,294,64,74,402,311,30,146,266
52,16,222,355,53,260,345,2,168,476,61,207
52,17,236,319,245,404,336,283,165,394,87,255
52,18,206,419,369,451,144,114,312,383,438,242
52,19,438,362,306,209,450,99,395,185,152,102
52,20,353,51,121,217,327,102,151,178,289,92
52,21,29,362,139,377,243,194,457,485,122,477
52,22,204,238,47,235,246,124,140,4,462,275
52,23,251,394,223,464,353,438,201,143,368,167
52,24,260,66,510,312,225,67,290,129,73,445
52,25,246,372,404,410,267,456,484,432,70,306
52,26,437,489,468,56,44,307,365,117,298,293
52,27,375,239,329,179,123,257,385,16,387,407
52,28,1,440,80,95,347,152,249,383,24,197
52,29,449,401,331,334,15,178,87,307,459,396
52,30,114,238,291,404,505,495,108,405,224,89
52,31,131,294,74,383,146,30,79,266,311,60
52,32,222,2,355,260,96,476,345,61,168,53
52,33,236,38,490,190,319,245,449,336,219,327
52,34,20,297,312,419,206,107,397,463,441,28
52,35,471,297,484,107,320,348,79,362,463,472
52,36,353,51,178,355,121,102,151,145,230,490
52,37,29,362,139,457,443,422,360,172,477,377
52,38,204,238,235,246,140,124,47,4,275,101
52,39,251,353,394,464,452,256,368,223,111,103
52,40,168,135,364,188,346,448,209,262,141,176
52,41,351,265,356,23,77,293,496,342,88,133
52,42,463,90,293,319,106,37,169,19,80,441
52,43,322,24,363,45,173,124,26,139,346,289
52,44,358,402,505,37,266,290,195,169,92,455
52,45,283,10,144,223,275,471,321,233,25,484
52,46,92,16,471,106,200,80,5,454,85,363
52,47,90,485,360,224,203,479,206,50,120,64
53,0,275,200,356,156,274,4,318,228,379,294
53,1,257,508,391,0,376,105,314,317,120,282
53,2,464,474,73,448,180,220,394,232,190,353
53,3,483,280,461,36,389,58,193,328,326,172
53,4,458,404,143,25,238,189,235,382,34,4
53,5,247,455,195,181,471,186,15,153,12,353
53,6,58,231,387,221,482,317,65,499,193,174
53,7,485,244,227,387,147,9,308,173,22,12
53,8,67,313,164,237,484,260,6,223,225,320
53,9,246,267,372,432,187,410,366,484,404,409
53,10,217,293,191,56,100,414,89,61,437,468
53,11,117,179,146,479,385,408,16,157,34,352
53,12,80,151,315,249,383,16,356,108,511,139
53,13,483,380,396,203,318,349,334,17,89,163
53,14,505,238,291,85,256,99,456,44,287,194
53,15,131,294,383,311,146,74,30,64,98,402
53,16,355,61,260,345,222,168,267,2,207,252
53,17,236,245,490,283,336,327,87,319,228,193
53,18,419,179,361,144,369,468,137,309,206,153
53,19,99,152,438,306,19,130,21,313,362,183
53,20,353,385,151,176,102,124,217,397,466,233
53,21,362,243,29,321,408,457,317,288,133,497
53,22,6,22,234,421,458,248,385,62,155,53
53,23,464,251,223,256,308,438,394,97,162,147
53,24,312,510,66,292,31,73,39,370,237,216
53,25,372,249,400,404,456,70,246,263,187,306
53,26,56,411,117,489,301,153,44,397,217,279
53,27,479,179,34,117,16,443,157,311,239,375
53,28,80,440,383,95,356,16,347,152,180,338
53,29,449,334,467,307,163,26,349,401,203,284
53,30,505,99,291,238,283,160,194,114,166,336
53,31,146,294,383,30,74,79,131,311,98,141
53,32,260,10,2,355,168,61,345,378,31,252
53,33,490,236,265,245,432,159,87,228,336,359
53,34,419,407,312,438,237,383,144,153,36,57
53,35,107,21,362,99,395,183,39,246,464,152
53,36,327,178,353,289,151,373,176,278,397,385
53,37,288,481,29,332,243,477,350,338,189,94
53,38,6,393,56,204,238,371,367,365,394,478
53,39,111,464,223,82,256,167,251,267,394,353
53,40,176,205,168,135,141,84,170,188,162,18
53,41,342,299,87,348,300,36,273,210,501,439
53,42,90,319,463,293,37,106,218,248,466,33
53,43,173,24,266,342,359,346,164,124,44,148
53,44,358,266,37,402,505,290,195,92,169,76
53,45,283,275,10,223,484,144,455,321,440,412
53,46,92,16,106,5,80,363,200,107,490,236
53,47,137,224,222,66,119,324,485,479,11,220
54,0,464,37,234,2,46,189,416,203,15,320
54,1,314,371,508,257,496,6,355,126,15,376
54,2,180,190,394,170,10,273,448,220,291,363
54,3,58,200,128,347,296,96,463,37,494,132
54,4,458,412,349,58,274,25,80,314,495,466
54,5,109,301,186,147,285,19,8,481,364,79
54,6,387,4,231,174,221,81,429,65,90,286
54,7,147,244,136,450,506,212,290,277,466,54
54,8,6,229,313,215,484,67,164,202,443,268
54,9,246,242,243,447,160,394,410,432,63,127
54,10,61,275,437,179,220,2,293,340,16,468
54,11,352,271,5,233,297,16,347,71,64,295
54,12,3,440,332,13,429,430,128,41,77,453
54,13,406,356,416,510,369,497,384,83,372,32
54,14,404,505,85,99,238,320,497,384,164,61
54,15,146,297,131,397,275,266,294,74,383,30
54,16,378,10,171,152,207,168,96,260,348,61
54,17,490,346,219,190,236,38,228,449,403,459
54,18,297,312,397,72,206,193,387,232,480,75
54,19,107,209,471,34,39,484,19,297,21,320
54,20,51,355,353,373,121,490,178,311,262,181
54,21,477,29,139,101,422,362,457,243,324,509
54,22,4,204,47,124,238,298,11,99,438,275
54,23,394,162,201,284,111,256,43,308,217,223
54,24,443,6,484,202,260,510,67,229,312,133
54,25,246,364,267,187,400,260,410,127,372,404
54,26,437,179,61,468,340,474,293,44,275,220
54,27,479,443,352,222,375,311,347,87,35,257
54,28,3,440,13,41,429,332,77,167,123,0
54,29,81,32,356,83,416,497,24,406,61,369
54,30,404,99,384,330,175,50,507,422,164,497
54,31,131,146,60,74,266,297,397,501,30,211
54,32,96,53,127,10,171,168,294,2,260,222
54,33,490,190,346,38,449,459,455,406,103,65
54,34,297,312,397,72,206,480,351,193,387,232
54,35,107,472,471,484,297,209,141,143,362,39
54,36,355,227,373,353,51,121,178,96,145,412
54,37,29,101,477,139,362,457,243,308,411,49
54,38,204,124,4,47,238,298,110,11,275,99
54,39,394,111,452,115,284,43,65,301,48,226
54,40,470,168,176,60,96,451,146,124,251,169
54,41,399,351,251,138,318,203,157,455,293,84
54,42,106,90,463,37,302,136,319,441,51,296
54,43,45,24,363,322,112,344,85,495,466,430
54,44,266,37,358,92,419,195,169,76,325,402
54,45,182,275,25,321,379,477,283,510,484,168
54,46,87,384,16,81,311,106,286,85,67,80
54,47,64,50,485,90,491,206,141,460,73,74
55,0,498,450,445,182,35,1,59,231,69,183
55,1,129,142,63,276,28,52,49,170,322,191
55,2,464,21,288,462,291,448,467,220,203,73
55,3,107,258,398,39,483,326,36,375,3,409
55,4,452,384,25,472,233,458,243,206,258,235
55,5,481,471,113,46,297,285,459,138,279,413
55,6,4,482,193,221,499,429,231,95,134,65
55,7,136,212,485,13,244,506,171,147,182,234
55,8,268,202,510,6,70,67,443,172,216,244
55,9,243,410,246,404,471,160,242,44,187,127
55,10,220,275,61,179,340,82,437,370,184,2
55,11,71,352,479,233,443,295,168,271,311,389
55,12,429,440,41,13,430,128,123,3,187,202
55,13,26,497,356,372,416,32,369,106,260,212
55,14,99,384,404,497,283,85,61,505,470,236
55,15,146,297,294,383,74,30,275,206,397,211
55,16,171,152,345,10,348,43,451,260,148,378
55,17,490,359,219,144,459,346,177,449,163,265
55,18,312,297,72,193,397,480,75,232,486,135
55,19,107,39,297,362,134,209,412,307,371,19
55,20,355,51,373,490,13,417,262,96,204,300
55,21,477,101,29,457,324,162,139,210,362,49
55,22,298,204,99,11,445,47,238,4,420,470
55,23,162,394,160,308,3,43,247,203,471,256
55,24,510,268,443,202,312,6,67,89,86,133
55,25,187,364,246,471,243,160,206,410,249,511
55,26,340,275,179,220,22,474,2,258,468,61
55,27,71,479,443,311,168,271,352,97,222,146
55,28,356,488,123,13,440,429,41,3,338,173
55,29,356,497,372,314,32,416,26,212,260,203
55,30,175,404,497,99,505,85,470,384,57,283
55,31,146,175,297,397,275,245,376,382,157,509
55,32,148,171,348,88,43,10,2,451,96,378
55,33,265,459,490,264,346,144,219,190,449,25
55,34,193,312,72,407,217,216,57,237,475,6
55,35,107,207,362,21,57,209,26,29,372,19
55,36,373,327,490,353,176,13,216,195,437,51
55,37,288,316,101,280,477,160,32,324,503,457
55,38,6,204,420,298,11,409,299,470,445,157
55,39,394,4,162,156,201,160,147,111,251,506
55,40,205,396,162,168,18,141,16,84,459,100
55,41,485,342,300,399,79,273,87,439,348,135
55,42,243,462,106,319,90,37,218,248,388,508
55,43,427,342,266,124,95,24,148,40,464,359
55,44,350,177,358,389,169,104,199,195,100,344
55,45,169,481,226,324,220,37,173,158,401,349
55,46,16,357,290,510,87,56,33,285,393,54
55,47,485,50,90,491,64,120,206,100,316,488
56,0,182,498,499,35,17,450,69,48,445,212
56,1,129,142,276,382,52,328,63,315,220,245
56,2,288,426,214,65,21,291,378,208,220,242
56,3,491,326,39,107,14,280,309,3,333,236
56,4,148,13,70,258,163,202,388,343,243,99
56,5,294,113,445,279,436,481,137,471,442,12
56,6,193,415,482,429,221,54,259,231,134,286
56,7,500,13,383,485,147,506,244,303,348,312
56,8,70,88,510,370,312,67,6,204,431,443
56,9,404,44,187,410,260,511,246,372,462,243
56,10,22,179,437,157,409,489,433,9,424,167
56,11,311,443,252,399,446,467,371,479,92,377
56,12,123,440,41,13,488,298,288,356,128,276
56,13,260,153,356,385,411,123,56,130,282,26
56,14,497,404,57,384,470,236,356,99,61,507
56,15,297,383,79,74,245,146,206,294,211,397
56,16,96,260,88,450,171,148,135,168,348,428
56,17,144,80,177,420,490,265,190,459,386,219
56,18,193,297,480,312,318,397,6,128,453,75
56,19,362,297,107,185,371,57,90,363,221,219
56,20,355,417,141,51,152,265,78,116,87,380
56,21,477,324,308,101,457,246,293,334,401,316
56,22,420,470,298,322,157,445,456,204,473,409
56,23,471,49,142,338,187,442,392,150,127,15
56,24,510,70,443,206,370,204,409,159,67,6
56,25,260,364,511,187,296,243,404,44,32,246
56,26,179,22,9,437,384,285,296,203,424,313
56,27,443,311,252,434,422,397,89,479,71,456
56,28,123,356,488,440,459,94,21,0,288,338
56,29,356,260,385,302,123,153,411,314,381,508
56,30,57,470,486,497,404,424,384,421,383,432
56,31,74,245,146,297,79,293,397,73,382,138
56,32,96,428,53,260,171,2,135,450,348,230
56,33,144,25,80,190,467,386,401,449,61,490
56,34,193,318,6,312,128,291,19,297,480,217
56,35,362,107,372,57,297,207,185,228,329,9
56,36,373,355,417,490,51,311,13,141,374,353
56,37,324,316,457,477,308,101,246,460,334,288
56,38,157,470,420,322,204,298,250,409,117,120
56,39,394,156,303,368,162,160,48,130,284,226
56,40,18,396,205,251,179,91,262,96,412,311
56,41,399,300,485,84,342,16,14,239,373,439
56,42,388,124,248,319,226,296,350,368,243,318
56,43,124,427,24,164,342,131,275,488,328,148
56,44,315,169,433,338,76,276,213,418,121,205
56,45,168,220,237,158,300,25,289,270,250,475
56,46,25,346,56,374,67,55,484,33,85,58
56,47,445,242,79,254,148,60,488,204,398,213
57,0,227,194,165,380,109,435,169,83,216,331
57,1,382,36,466,88,383,349,97,442,306,74
57,2,426,239,125,270,84,325,324,312,295,372
57,3,14,335,4,497,408,182,205,249,403,24
57,4,325,465,506,426,496,156,252,257,59,169
57,5,445,1,111,242,41,471,468,9,236,98
57,6,54,193,415,505,286,231,285,280,194,144
57,7,76,303,241,10,500,242,144,215,288,60
57,8,204,88,370,163,70,252,187,409,54,191
57,9,68,180,504,361,111,511,407,214,446,426
57,10,157,432,240,485,22,424,285,299,177,384
57,11,311,434,234,371,422,456,492,84,252,384
57,12,288,63,123,459,230,228,290,390,37,346
57,13,286,385,387,347,302,352,148,423,260,153
57,14,486,470,212,57,274,138,377,179,383,441
57,15,245,193,459,487,79,74,293,73,146,325
57,16,391,429,201,191,243,58,282,260,450,299
57,17,499,80,372,386,144,488,422,381,61,491
57,18,318,115,10,128,264,359,212,49,104,68
57,19,362,463,172,453,297,13,173,185,446,192
57,20,141,356,409,210,374,355,45,360,388,155
57,21,324,334,308,401,457,246,432,150,5,316
57,22,30,157,322,75,210,250,345,60,24,264
57,23,292,14,185,403,244,127,242,236,442,27
57,24,370,409,206,54,160,439,204,356,76,11
57,25,504,180,361,407,68,111,220,511,210,214
57,26,157,285,22,485,9,240,424,297,203,48
57,27,311,252,422,434,92,84,492,456,371,273
57,28,123,459,153,346,230,509,228,53,356,390
57,29,286,260,385,352,423,387,148,56,153,302
57,30,486,57,179,470,212,274,14,137,127,460
57,31,193,293,245,487,74,79,494,146,73,68
57,32,391,260,62,450,58,428,282,23,429,135
57,33,80,144,499,386,488,491,61,467,372,72
57,34,318,115,128,212,10,359,264,87,68,211
57,35,362,192,453,297,13,446,395,173,172,26
57,36,141,356,210,360,374,355,363,490,45,388
57,37,324,457,334,308,401,101,246,5,432,316
57,38,157,322,75,30,60,250,210,24,345,284
57,39,242,494,403,215,115,104,275,368,49,157
57,40,262,420,91,120,138,445,483,181,382,301
57,41,493,42,84,391,55,300,287,443,226,433
57,42,124,226,27,368,248,319,215,151,143,296
57,43,124,77,133,24,385,86,85,125,306,48
57,44,433,359,358,238,338,169,276,56,419,418
57,45,475,47,204,442,215,238,22,451,168,237
57,46,338,418,419,388,86,374,85,484,283,56
57,47,138,60,273,242,423,417,367,398,442,155
58,0,154,121,433,299,332,478,45,397,124,405
58,1,223,340,510,382,219,88,289,485,502,290
58,2,426,169,240,45,395,446,88,51,356,318
58,3,58,391,78,14,203,363,200,250,24,45
58,4,266,112,363,412,201,116,105,432,272,394
58,5,452,445,3,19,1,22,442,165,20,242
58,6,285,54,35,395,286,36,144,80,345,427
58,7,76,144,327,215,438,84,373,303,355,60
58,8,70,88,45,66,6,491,370,89,151,204
58,9,372,410,456,44,246,404,267,504,70,32
58,10,489,157,173,195,298,64,211,217,239,485
58,11,399,311,295,401,434,392,384,443,220,85
58,12,230,323,440,217,444,461,470,80,298,356
58,13,423,347,284,331,506,309,153,411,56,202
58,14,405,238,274,61,404,387,441,470,276,179
58,15,383,79,297,131,311,245,266,206,204,30
58,16,260,88,168,467,171,348,61,135,322,98
58,17,420,255,319,346,177,80,144,459,402,245
58,18,237,104,318,128,10,438,284,243,160,291
58,19,362,395,209,185,463,13,297,464,397,130
58,20,217,360,45,144,151,492,353,395,357,170
58,21,334,40,324,435,150,308,142,246,41,101
58,22,317,322,157,490,284,397,456,250,234,381
58,23,222,394,308,464,97,284,387,304,92,147
58,24,70,370,88,225,6,510,312,204,252,89
58,25,44,404,246,511,267,410,494,504,32,20
58,26,489,293,298,217,34,22,365,234,238,157
58,27,295,311,399,443,352,434,85,89,401,252
58,28,440,80,356,323,215,123,0,139,2,444
58,29,331,153,401,449,435,423,284,385,411,508
58,30,294,405,320,470,200,274,404,99,57,179
58,31,383,79,297,245,146,397,294,311,266,204
58,32,88,168,467,260,61,171,348,322,450,101
58,33,420,346,144,80,177,319,255,402,449,442
58,34,291,438,179,419,422,318,11,118,19,390
58,35,21,362,395,464,456,19,222,147,130,329
58,36,45,327,310,217,76,437,144,170,441,84
58,37,324,54,435,150,40,5,288,32,503,152
58,38,317,322,157,490,284,453,402,175,383,378
58,39,464,394,82,97,222,443,234,403,201,223
58,40,18,434,98,396,168,141,120,501,231,76
58,41,342,443,439,511,87,498,299,79,273,407
58,42,248,423,93,455,215,319,280,482,459,457
58,43,40,266,445,161,359,207,284,85,420,342
58,44,76,292,485,56,350,213,215,199,183,418
58,45,215,270,47,475,34,280,358,353,230,40
58,46,419,471,421,374,469,327,251,282,334,317
58,47,60,423,246,451,242,122,227,258,436,213
59,0,220,396,94,108,494,269,199,157,215,48
59,1,146,227,144,470,320,345,393,431,155,214
59,2,325,426,358,220,180,306,114,69,59,84
59,3,331,447,335,408,14,24,78,182,496,403
59,4,257,325,289,198,131,252,506,169,430,488
59,5,280,449,369,1,167,98,111,354,236,20
59,6,415,54,395,280,260,65,239,306,286,285
59,7,451,80,438,84,287,239,430,303,226,444
59,8,262,370,252,409,54,439,88,510,500,163
59,9,180,29,2,68,511,0,446,426,361,504
59,10,240,158,157,177,485,432,341,22,461,393
59,11,291,89,234,311,371,422,252,492,434,268
59,12,288,509,228,140,444,53,123,153,97,459
59,13,286,423,110,93,260,277,385,50,504,352
59,14,486,153,441,212,274,127,6,57,154,470
59,15,189,193,487,293,245,352,73,392,461,79
59,16,391,260,216,245,282,191,299,201,135,238
59,17,144,477,488,61,80,67,466,340,499,272
59,18,318,378,91,422,399,302,115,438,277,284
59,19,362,463,92,21,384,26,297,453,172,464
59,20,45,409,127,349,170,175,55,5,311,151
59,21,324,435,150,40,5,176,54,308,39,56
59,22,175,317,104,345,149,405,381,195,270,470
59,23,222,292,368,493,199,403,185,242,233,203
59,24,262,409,439,500,370,175,87,203,510,252
59,25,0,180,29,136,2,504,511,407,361,68
59,26,157,158,263,211,22,485,495,240,393,177
59,27,89,291,311,221,422,234,252,92,492,84
59,28,444,140,509,53,228,356,217,153,97,459
59,29,286,423,110,399,260,37,277,93,352,50
59,30,153,486,57,154,212,470,127,109,314,274
59,31,189,293,79,487,193,245,383,146,74,494
59,32,216,391,135,428,62,101,245,191,163,260
59,33,144,67,477,467,488,61,499,80,72,214
59,34,318,91,378,399,422,438,118,212,284,277
59,35,21,464,362,92,129,384,456,26,498,329
59,36,45,349,409,76,170,175,5,127,441,478
59,37,324,150,176,435,5,40,54,308,39,32
59,38,175,317,104,345,405,149,322,270,210,264
59,39,105,394,464,242,222,97,443,199,368,494
59,40,18,501,120,98,396,262,190,298,434,476
59,41,443,342,439,243,55,391,0,449,414,452
59,42,248,455,93,388,423,215,482,280,109,139
59,43,445,284,40,161,420,346,266,13,85,200
59,44,276,167,56,292,248,290,402,418,315,218
59,45,215,34,270,479,381,230,280,237,423,353
59,46,256,477,199,432,469,141,25,421,214,213
59,47,254,79,445,280,85,270,242,11,409,319
60,0,261,194,83,333,298,380,88,227,114,331
60,1,70,146,97,431,466,206,74,88,36,510
60,2,365,325,426,312,358,220,239,147,59,372
60,3,331,447,335,4,14,408,205,182,496,249
60,4,325,506,465,496,257,198,156,426,488,131
60,5,1,98,100,369,445,354,111,468,4,236
60,6,395,54,415,35,67,280,65,306,427,505
60,7,10,84,451,438,287,303,239,288,60,241
60,8,262,370,439,54,87,11,175,27,510,191
60,9,68,29,511,0,214,361,344,111,180,488
60,10,432,240,394,177,419,158,36,341,211,304
60,11,291,371,89,422,311,234,273,492,84,268
60,12,288,53,228,63,459,153,390,346,509,290
60,13,286,387,93,423,50,265,273,385,97,302
60,14,212,138,486,470,441,377,14,154,274,460
60,15,193,494,199,318,289,169,426,346,506,6
60,16,391,243,429,74,58,23,201,91,299,441
60,17,105,422,499,372,419,166,209,381,61,305
60,18,318,115,264,91,422,212,49,399,471,184
60,19,362,453,463,162,49,173,377,26,222,145
60,20,127,45,55,311,388,170,78,210,76,104
60,21,150,435,324,176,54,5,308,40,152,392
60,22,104,60,210,345,24,30,75,284,322,175
60,23,242,199,292,233,236,356,334,127,244,403
60,24,370,439,262,175,11,54,325,87,500,409
60,25,68,361,111,407,0,511,214,29,14,280
60,26,240,71,48,107,211,177,203,393,213,424
60,27,273,84,49,165,311,422,250,511,163,500
60,28,228,459,390,37,217,53,277,346,96,253
60,29,288,22,385,387,97,286,50,273,221,91
60,30,14,154,138,486,80,212,314,233,506,136
60,31,193,68,426,494,289,375,449,199,306,385
60,32,243,391,58,74,429,23,278,140,441,255
60,33,372,305,499,422,389,166,467,419,61,50
60,34,318,347,119,471,264,212,115,49,211,91
60,35,362,453,192,222,426,26,372,162,377,357
60,36,45,55,349,127,76,170,358,155,15,210
60,37,324,150,5,176,435,152,54,308,40,70
60,38,60,210,104,345,30,24,75,81,223,284
60,39,242,368,494,215,325,127,32,403,433,49
60,40,501,262,18,120,449,91,138,445,412,46
60,41,55,42,493,443,391,449,439,226,48,434
60,42,124,215,248,423,93,455,27,87,280,140
60,43,284,85,346,445,40,483,161,97,420,13
60,44,56,167,433,292,280,212,104,218,402,418
60,45,215,280,47,230,270,381,332,365,227,442
60,46,469,338,199,147,421,141,477,351,200,393
60,47,360,280,11,273,138,270,122,338,458,386
61,0,121,154,299,45,279,433,478,332,420,336
61,1,510,340,223,431,38,320,353,146,60,178
61,2,240,325,358,51,242,77,142,113,338,365
61,3,331,447,496,335,78,14,386,4,403,203
61,4,257,363,198,317,307,469,3,500,144,322
61,5,369,280,20,1,49,100,4,98,142,231
61,6,35,395,345,283,493,285,415,80,445,52
61,7,327,438,437,303,144,84,239,17,189,202
61,8,370,88,500,399,252,3,269,510,191,262
61,9,29,32,504,446,44,372,300,180,410,2
61,10,106,393,173,345,495,325,176,211,240,419
61,11,89,291,343,234,311,399,252,367,33,371
61,12,444,140,288,217,228,448,356,312,63,304
61,13,277,423,153,286,385,35,260,427,250,50
61,14,33,153,486,274,160,470,268,212,57,109
61,15,383,79,245,146,294,297,74,131,206,487
61,16,216,260,101,207,191,168,482,88,245,144
61,17,67,144,381,61,467,214,477,177,499,80
61,18,331,91,318,422,378,284,438,390,291,36
61,19,21,92,129,362,464,456,147,20,329,463
61,20,45,349,5,170,189,409,127,175,76,478
61,21,435,40,39,56,150,305,324,54,176,32
61,22,317,381,104,405,270,149,195,175,303,397
61,23,222,434,308,105,435,403,394,443,203,504
61,24,500,370,265,203,510,88,194,175,428,3
61,25,29,511,32,504,136,446,44,80,445,2
61,26,393,238,106,22,299,489,211,433,240,495
61,27,89,311,422,291,399,343,148,234,397,84
61,28,444,356,140,288,459,338,217,180,228,448
61,29,277,286,423,385,302,399,508,250,80,148
61,30,508,486,249,153,19,470,212,56,160,294
61,31,391,79,383,146,189,245,297,123,91,74
61,32,216,168,144,473,101,135,259,207,482,269
61,33,67,214,144,467,477,381,265,177,442,287
61,34,91,422,378,438,390,284,331,118,318,291
61,35,21,129,464,498,456,10,92,147,329,113
61,36,45,349,217,310,189,478,216,76,5,162
61,37,435,40,324,32,305,39,56,150,176,252
61,38,317,405,104,270,149,175,252,381,242,345
61,39,464,105,97,394,443,234,494,222,89,242
61,40,18,98,396,120,434,231,298,141,453,501
61,41,342,443,439,0,511,273,14,407,498,452
61,42,93,455,62,248,423,482,139,114,280,215
61,43,266,445,284,40,161,505,346,200,13,85
61,44,104,292,167,280,402,389,192,183,56,344
61,45,215,280,230,381,332,365,270,334,509,202
61,46,469,421,199,147,141,393,351,477,185,200
61,47,280,11,270,222,338,142,144,461,54,246
62,0,308,270,37,0,99,91,353,93,134,95
62,1,197,304,293,86,34,353,60,366,240,225
62,2,439,180,296,388,360,263,418,252,470,133
62,3,58,391,331,447,78,24,96,152,416,70
62,4,308,412,424,116,266,105,422,197,432,288
62,5,131,280,165,19,126,22,293,191,408,211
62,6,329,42,461,73,387,286,471,383,102,415
62,7,41,143,509,355,282,427,315,307,103,37
62,8,88,70,370,399,510,500,104,290,89,151
62,9,372,77,404,29,44,246,410,32,267,456
62,10,345,361,489,106,490,22,307,253,409,160
62,11,399,89,85,148,291,311,343,353,429,252
62,12,303,161,426,84,251,372,307,120,444,288
62,13,277,506,153,167,500,203,35,326,80,260
62,14,153,509,200,76,387,246,238,441,109,377
62,15,383,79,131,74,297,30,204,206,311,245
62,16,168,260,216,207,96,88,135,101,171,61
62,17,214,67,144,177,402,442,101,255,346,106
62,18,341,168,106,422,438,310,255,378,373,472
62,19,21,129,62,20,242,464,506,362,292,92
62,20,189,136,217,349,173,478,45,310,373,216
62,21,11,502,32,435,312,419,459,252,39,292
62,22,242,253,349,444,17,434,328,306,52,300
62,23,443,394,464,308,234,97,89,105,147,4
62,24,70,88,108,104,399,510,89,392,370,500
62,25,310,372,77,246,267,29,32,20,404,511
62,26,489,361,345,385,299,106,298,22,433,253
62,27,89,85,399,148,410,353,311,343,429,291
62,28,161,426,303,372,307,84,120,288,444,251
62,29,277,153,80,506,167,286,203,500,250,399
62,30,153,76,509,19,249,109,200,382,489,508
62,31,383,79,391,189,131,297,311,25,408,204
62,32,216,168,31,207,171,61,403,101,428,260
62,33,214,67,325,144,101,106,16,442,117,401
62,34,341,168,255,472,422,438,106,122,162,94
62,35,21,464,129,242,506,113,20,19,10,112
62,36,217,45,136,34,437,216,310,140,162,90
62,37,502,32,419,459,252,11,111,312,435,62
62,38,242,253,349,17,252,434,444,328,188,306
62,39,464,105,97,394,234,477,82,443,201,107
62,40,18,190,98,231,168,396,141,16,280,411
62,41,342,511,273,443,299,439,79,482,87,91
62,42,62,93,95,78,455,104,261,387,491,268
62,43,266,505,342,346,246,359,142,85,293,27
62,44,104,220,402,59,389,164,445,274,76,256
62,45,509,280,334,133,382,200,202,397,314,33
62,46,329,185,315,31,200,67,438,461,241,339
62,47,292,458,246,175,45,498,461,242,333,148
63,0,160,46,505,330,79,402,32,117,324,208
63,1,71,197,251,112,447,483,9,385,471,427
63,2,142,10,180,101,296,226,75,325,326,84
63,3,510,216,447,331,357,81,104,371,50,60
63,4,417,495,359,349,329,245,499,447,391,257
63,5,373,273,258,284,280,96,456,452,266,206
63,6,476,354,136,189,337,382,452,198,50,33
63,7,231,170,355,305,491,327,274,257,280,339
63,8,88,370,307,386,500,443,399,70,89,510
63,9,20,88,410,246,267,372,29,335,284,79
63,10,60,501,298,489,106,345,22,281,309,437
63,11,343,89,148,365,123,353,20,113,193,432
63,12,457,351,463,380,444,484,84,243,157,338
63,13,82,277,331,233,153,127,113,80,243,250
63,14,489,153,281,76,200,249,68,510,238,273
63,15,383,131,79,297,206,501,311,25,127,266
63,16,168,428,207,169,61,260,171,216,150,32
63,17,325,67,144,187,319,426,16,214,307,453
63,18,434,330,213,472,422,122,438,198,309,19
63,19,21,20,483,113,242,129,464,223,147,507
63,20,217,45,216,373,272,136,162,349,76,90
63,21,119,32,154,271,459,252,435,419,208,436
63,22,374,479,150,441,177,242,422,300,243,276
63,23,464,97,234,308,394,205,147,82,440,107
63,24,386,107,500,370,307,443,265,89,285,194
63,25,20,67,246,267,511,29,284,83,88,456
63,26,298,60,501,489,345,130,437,120,36,433
63,27,89,509,343,193,148,365,311,275,291,123
63,28,457,351,463,444,380,243,484,356,372,338
63,29,82,331,277,127,153,250,80,418,200,203
63,30,249,153,150,428,200,19,238,109,470,420
63,31,383,189,311,204,79,418,131,408,266,444
63,32,168,428,216,61,207,312,193,267,150,169
63,33,67,16,463,325,187,132,215,426,144,165
63,34,213,434,330,494,422,94,472,122,309,198
63,35,21,129,464,483,480,147,309,113,443,112
63,36,217,34,45,162,349,102,65,310,216,293
63,37,32,154,271,119,459,440,435,252,436,471
63,38,374,479,441,150,252,242,422,177,300,243
63,39,464,234,394,97,82,105,223,201,107,477
63,40,18,98,231,16,168,304,23,428,141,280
63,41,342,511,264,482,91,299,273,37,335,439
63,42,403,93,235,95,104,268,455,211,402,23
63,43,505,266,346,246,417,142,342,189,426,254
63,44,104,247,59,402,389,407,274,462,285,445
63,45,509,280,508,133,334,382,314,60,302,202
63,46,185,31,200,315,241,339,51,78,461,67
63,47,88,45,246,154,498,264,333,461,92,226
64,0,360,328,103,37,434,27,15,367,232,75
64,1,413,405,179,197,58,42,319,118,324,450
64,2,445,394,96,145,230,273,417,260,427,180
64,3,58,24,200,96,391,376,494,78,45,135
64,4,412,266,424,116,272,105,111,9,422,432
64,5,452,19,165,147,102,22,506,322,382,492
64,6,387,169,457,286,39,476,213,238,141,33
64,7,355,509,152,2,368,285,148,306,304,70
64,8,355,66,164,204,331,290,110,237,89,199
64,9,246,267,372,456,410,183,20,432,511,409
64,10,307,234,365,437,361,282,311,178,152,374
64,11,375,392,432,123,89,86,239,434,178,292
64,12,189,1,24,372,302,494,11,347,327,185
64,13,331,167,321,29,435,2,250,203,177,335
64,14,238,46,330,200,150,83,311,95,300,246
64,15,131,383,402,30,74,501,266,311,79,206
64,16,53,260,96,207,2,168,61,267,419,222
64,17,319,187,193,333,457,186,165,449,442,409
64,18,280,80,494,252,278,5,442,403,19,422
64,19,21,362,55,124,222,483,502,147,81,463
64,20,202,217,353,34,298,102,369,162,45,349
64,21,48,115,119,479,32,166,459,154,440,471
64,22,504,302,399,400,164,123,252,96,402,133
64,23,223,394,234,464,82,251,201,496,103,167
64,24,66,355,204,290,331,217,164,199,260,370
64,25,246,372,267,456,183,484,432,306,20,511
64,26,437,365,307,50,489,152,361,374,178,234
64,27,375,239,392,123,432,89,292,353,311,194
64,28,1,189,440,302,177,24,372,11,3,494
64,29,331,435,401,167,2,177,29,321,203,178
64,30,1,238,300,150,341,95,509,200,153,5
64,31,131,383,74,311,30,79,402,211,98,206
64,32,260,168,61,2,267,207,355,96,101,446
64,33,16,463,401,165,215,193,333,67,112,442
64,34,280,80,403,5,494,217,442,473,418,379
64,35,222,502,45,21,81,124,291,428,362,309
64,36,34,202,217,298,369,45,148,349,162,225
64,37,166,48,32,471,440,154,479,200,435,115
64,38,504,302,399,252,400,423,164,96,300,133
64,39,464,394,223,201,82,496,199,167,234,60
64,40,18,168,141,16,304,165,231,280,23,428
64,41,342,482,273,253,299,511,404,439,79,37
64,42,235,402,93,455,490,403,39,95,104,495
64,43,266,505,380,42,346,417,365,293,195,330
64,44,505,104,341,59,389,283,123,407,402,421
64,45,509,280,382,29,429,262,363,90,403,302
64,46,233,185,31,200,427,405,269,68,241,67
64,47,37,76,170,246,45,0,230,498,507,359
65,0,481,254,103,102,67,134,349,93,451,471
65,1,467,279,413,405,179,20,2,210,263,324
65,2,505,445,145,76,169,45,417,410,351,96
65,3,58,494,376,152,273,69,191,446,200,391
65,4,432,266,412,272,105,116,293,422,214,424
65,5,452,36,165,19,102,390,419,22,222,186
65,6,36,238,457,141,25,213,37,387,384,95
65,7,304,448,355,152,368,296,244,509,306,2
65,8,199,66,355,164,370,331,217,204,488,489
65,9,246,274,267,126,456,20,183,372,410,511
65,10,234,143,152,361,307,282,50,437,374,293
65,11,86,295,392,432,353,352,375,168,89,123
65,12,216,189,372,494,1,51,347,24,165,11
65,13,167,40,485,187,203,331,250,64,321,2
65,14,300,498,320,95,341,462,238,1,150,200
65,15,383,131,402,311,79,30,297,206,110,266
65,16,260,168,61,207,171,267,96,2,482,244
65,17,442,463,401,16,457,165,215,187,193,319
65,18,418,280,379,111,80,494,422,366,442,19
65,19,21,222,124,362,81,259,45,309,52,463
65,20,217,34,202,298,125,102,437,369,45,349
65,21,32,370,48,471,115,440,479,436,154,222
65,22,423,133,460,164,487,102,148,302,136,232
65,23,464,82,394,223,234,97,147,496,143,107
65,24,199,66,217,331,164,370,204,355,365,110
65,25,246,456,267,274,372,20,410,183,126,262
65,26,234,293,143,346,361,307,152,50,17,374
65,27,295,432,89,375,292,392,353,86,312,233
65,28,1,372,216,494,189,11,177,185,249,408
65,29,331,167,40,203,435,321,64,187,483,384
65,30,300,238,320,150,1,341,153,5,200,292
65,31,383,311,131,30,297,402,266,79,206,74
65,32,61,168,207,267,467,260,355,171,101,322
65,33,463,16,401,457,215,409,187,165,25,67
65,34,379,280,418,80,494,422,217,111,506,252
65,35,21,81,259,222,464,307,506,428,19,141
65,36,217,225,202,45,34,506,298,369,66,213
65,37,11,370,32,435,115,154,436,146,400,471
65,38,423,252,133,164,102,3,487,460,302,15
65,39,464,394,97,494,82,465,194,139,104,289
65,40,18,165,98,190,168,56,231,143,23,141
65,41,16,342,511,273,157,0,443,299,142,46
65,42,235,93,257,97,479,67,438,495,490,455
65,43,365,266,505,445,190,342,359,346,417,420
65,44,292,474,337,104,283,472,445,59,389,294
65,45,280,225,201,507,188,126,297,347,358,309
65,46,31,185,281,389,496,438,264,200,33,138
65,47,246,400,89,76,461,498,157,45,417,242
66,0,451,446,254,7,327,326,471,349,414,302
66,1,286,179,279,263,413,78,197,119,58,183
66,2,256,28,180,445,424,351,179,431,96,117
66,3,58,78,391,62,261,433,200,24,324,295
66,4,293,116,266,432,412,422,105,9,80,345
66,5,452,19,165,380,382,492,22,322,280,390
66,6,455,296,26,457,431,95,170,387,496,357
66,7,355,2,250,148,509,314,193,368,306,411
66,8,307,88,370,204,381,89,290,277,500,66
66,9,20,246,267,410,63,372,511,133,456,29
66,10,60,78,501,298,361,489,346,274,437,307
66,11,123,89,353,432,389,365,20,256,452,86
66,12,457,1,91,185,136,372,345,24,84,18
66,13,331,167,177,153,203,127,250,64,277,2
66,14,420,200,150,153,281,19,46,142,268,470
66,15,383,79,131,297,204,127,206,25,408,281
66,16,168,260,171,207,428,169,88,61,150,366
66,17,453,371,409,325,187,319,67,177,349,102
66,18,494,117,487,506,422,156,280,80,408,67
66,19,21,464,445,362,395,81,112,285,24,100
66,20,506,217,45,297,216,225,373,66,315,436
66,21,32,11,435,400,442,252,345,146,436,199
66,22,414,269,133,10,503,495,290,148,468,3
66,23,464,394,308,97,494,81,222,234,194,74
66,24,107,500,88,307,381,70,443,370,89,49
66,25,20,267,67,246,511,29,389,63,372,79
66,26,489,298,501,346,78,60,361,17,193,385
66,27,89,123,410,295,353,86,311,399,389,352
66,28,91,372,457,345,136,1,84,185,177,440
66,29,177,331,153,127,355,203,401,250,200,167
66,30,153,432,420,109,200,470,509,268,19,387
66,31,79,383,391,297,146,245,294,131,189,74
66,32,216,168,207,101,473,171,252,259,88,144
66,33,453,67,371,144,266,402,192,467,409,187
66,34,117,487,156,422,494,416,505,67,76,373
66,35,21,464,456,506,19,129,50,10,445,307
66,36,45,310,506,189,297,478,441,175,216,213
66,37,11,32,435,442,39,40,345,206,398,400
66,38,133,414,269,500,252,415,503,136,468,242
66,39,394,139,464,222,105,81,443,97,162,494
66,40,18,190,396,434,165,44,168,98,120,298
66,41,342,245,414,0,484,365,273,358,51,475
66,42,97,257,93,205,479,438,45,455,267,67
66,43,445,161,294,365,40,266,420,359,284,320
66,44,474,280,212,292,471,104,337,294,389,489
66,45,230,381,167,126,119,202,297,201,280,334
66,46,199,41,185,248,446,359,57,193,214,421
66,47,203,125,400,458,54,126,29,246,65,463
67,0,4,180,126,274,228,162,200,356,251,275
67,1,108,394,451,368,0,423,475,172,391,151
67,2,346,236,180,391,107,296,452,84,200,116
67,3,29,402,331,447,108,282,381,395,78,237
67,4,223,114,506,34,73,294,212,5,346,257
67,5,374,47,93,80,312,153,247,318,27,63
67,6,118,288,140,208,195,176,68,320,461,313
67,7,496,166,167,65,11,94,123,155,410,316
67,8,126,88,442,70,30,186,370,104,357,500
67,9,372,32,29,44,404,410,48,456,70,511
67,10,362,345,393,106,60,265,489,409,433,490
67,11,89,343,399,509,291,311,353,234,367,85
67,12,363,432,87,78,84,288,410,251,444,372
67,13,277,80,153,203,250,119,411,35,157,326
67,14,153,448,387,241,249,109,470,160,434,510
67,15,146,79,383,297,294,245,131,74,138,397
67,16,88,216,168,345,207,101,348,260,32,171
67,17,67,144,462,265,214,381,402,467,177,272
67,18,103,331,178,422,132,385,505,497,373,438
67,19,21,129,456,464,506,10,280,407,19,50
67,20,45,297,5,189,321,13,75,310,459,478
67,21,435,40,56,454,107,39,178,163,305,21
67,22,343,381,465,472,74,56,387,281,509,373
67,23,222,105,6,402,394,308,139,453,434,486
67,24,30,126,357,442,500,186,390,190,151,399
67,25,310,29,32,446,492,67,511,265,70,83
67,26,306,106,393,362,441,433,409,265,299,345
67,27,89,343,449,381,509,99,234,410,311,422
67,28,432,363,100,78,288,87,135,410,356,84
67,29,277,80,157,76,34,35,283,101,203,119
67,30,249,153,241,508,435,448,19,56,72,109
67,31,391,146,189,294,297,79,275,74,245,397
67,32,216,345,252,403,332,31,144,101,207,210
67,33,402,265,214,452,144,67,462,201,303,306
67,34,132,162,103,178,164,422,435,94,385,331
67,35,21,456,19,50,129,307,464,412,505,112
67,36,45,189,93,310,5,441,478,437,459,75
67,37,40,163,21,56,39,454,435,107,305,178
67,38,343,381,472,252,465,56,74,387,509,242
67,39,394,443,4,162,222,464,251,247,368,477
67,40,396,18,434,168,205,44,120,39,84,231
67,41,342,51,273,414,79,358,0,77,439,365
67,42,85,194,93,114,482,91,139,177,304,484
67,43,445,161,266,40,359,294,284,365,342,85
67,44,389,292,280,489,212,104,28,352,402,76
67,45,167,230,381,280,290,334,202,401,314,450
67,46,336,185,199,214,57,71,477,489,193,200
67,47,270,487,336,31,480,65,152,298,349,461
68,0,176,62,120,100,0,93,401,198,247,134
68,1,304,115,293,197,34,366,68,80,162,62
68,2,315,418,439,360,388,180,296,263,105,294
68,3,58,391,78,96,289,200,363,135,152,376
68,4,412,338,308,424,105,266,116,376,277,111
68,5,131,19,280,90,191,415,165,347,382,211
68,6,42,207,279,73,102,461,113,304,387,471
68,7,41,143,282,323,285,307,315,15,190,355
68,8,104,30,496,312,357,186,510,70,370,353
68,9,70,372,263,77,246,511,8,404,410,267
68,10,1,180,51,217,236,326,374,290,145,307
68,11,353,399,509,432,502,408,85,179,89,385
68,12,161,303,372,286,50,299,84,251,498,60
68,13,167,248,76,169,283,203,119,457,35,339
68,14,153,142,187,456,1,99,505,109,19,387
68,15,294,131,30,146,74,383,402,311,206,98
68,16,345,260,252,355,207,364,10,168,101,476
68,17,214,245,283,452,177,147,236,463,201,207
68,18,341,168,106,437,373,132,422,309,308,472
68,19,21,464,62,129,50,292,19,362,468,396
68,20,140,93,189,173,478,459,218,75,494,339
68,21,502,11,292,312,419,252,435,436,331,39
68,22,349,452,17,242,253,328,434,215,252,52
68,23,443,394,251,308,147,477,160,4,162,201
68,24,30,186,104,496,312,31,59,9,88,73
68,25,70,372,77,263,511,29,246,83,432,32
68,26,50,217,1,326,361,180,98,51,162,114
68,27,399,502,353,509,89,85,410,311,179,432
68,28,161,372,303,334,356,84,51,498,286,288
68,29,203,167,457,349,283,304,153,119,76,500
68,30,153,19,109,509,291,387,99,456,249,104
68,31,131,294,146,74,297,228,211,275,402,206
68,32,345,252,216,207,355,101,476,334,364,260
68,33,214,101,283,144,222,452,266,177,303,245
68,34,341,168,437,94,106,132,80,373,255,162
68,35,21,129,19,464,62,242,50,487,412,468
68,36,140,437,45,93,176,189,478,494,339,506
68,37,502,11,292,419,312,32,252,435,331,268
68,38,242,17,252,349,253,328,444,215,434,8
68,39,4,394,443,105,251,162,464,127,111,337
68,40,168,190,18,77,396,205,301,165,218,434
68,41,273,342,485,415,79,439,389,87,58,186
68,42,93,78,387,95,273,235,491,261,104,455
68,43,342,95,266,173,498,359,85,224,427,365
68,44,164,250,220,389,104,319,177,352,418,231
68,45,280,193,202,363,33,127,297,314,44,220
68,46,329,241,185,417,412,44,45,504,67,128
68,47,37,175,461,356,45,48,109,234,39,442
69,0,481,9,270,134,349,93,97,0,451,425
69,1,263,504,413,179,197,78,183,58,447,305
69,2,28,92,351,431,138,76,256,180,117,96
69,3,391,58,78,376,446,69,449,200,363,494
69,4,266,412,105,424,116,338,422,272,240,111
69,5,19,186,22,21,211,165,382,95,293,390
69,6,472,384,298,387,26,136,431,174,286,36
69,7,250,116,244,377,235,2,285,307,37,44
69,8,277,427,73,110,164,66,225,496,260,510
69,9,246,410,511,460,456,242,267,160,70,404
69,10,501,293,67,307,415,236,448,162,78,50
69,11,432,389,352,233,123,375,353,297,385,295
69,12,345,408,372,249,91,6,457,331,75,111
69,13,401,177,169,167,247,43,367,51,331,113
69,14,46,404,509,320,238,85,83,246,200,142
69,15,131,383,297,266,294,501,397,30,402,74
69,16,355,53,207,345,260,61,127,222,96,467
69,17,193,349,453,403,319,336,16,190,283,245
69,18,67,117,494,487,13,235,408,252,170,173
69,19,21,19,73,445,209,438,102,464,362,34
69,20,437,506,66,373,412,125,252,310,6,272
69,21,11,32,442,223,400,199,345,206,436,252
69,22,136,269,414,468,148,495,295,500,142,133
69,23,394,4,308,251,201,162,147,506,160,438
69,24,427,277,73,110,260,510,225,66,164,237
69,25,246,242,267,460,404,372,410,511,70,127
69,26,293,501,50,415,67,217,307,371,489,437
69,27,123,233,16,375,387,353,432,443,352,89
69,28,345,249,334,372,408,111,91,440,11,84
69,29,401,177,355,331,169,15,51,64,167,500
69,30,509,404,46,238,291,153,405,114,470,467
69,31,294,131,74,297,397,60,146,275,266,501
69,32,345,31,355,222,96,207,252,476,171,382
69,33,371,453,283,346,118,245,449,409,309,336
69,34,117,67,487,494,80,156,94,416,132,422
69,35,21,506,50,487,19,468,445,464,313,307
69,36,45,506,297,436,42,315,478,213,189,66
69,37,11,435,199,442,398,345,32,436,206,400
69,38,136,500,252,495,269,468,414,295,242,148
69,39,139,394,401,81,155,438,337,403,201,494
69,40,190,18,165,396,77,168,205,434,442,340
69,41,245,157,273,171,306,46,45,414,475,353
69,42,273,97,257,205,93,17,267,479,187,455
69,43,365,445,190,359,173,161,58,320,420,14
69,44,474,337,294,292,419,471,173,418,137,143
69,45,297,119,126,201,381,210,330,225,132,280
69,46,66,248,359,261,446,41,502,281,213,511
69,47,203,125,126,181,29,463,12,242,417,33
70,0,200,4,180,126,275,274,162,156,356,228
70,1,108,451,176,394,368,475,0,391,477,286
70,2,236,452,268,391,346,296,112,180,237,200
70,3,29,402,381,108,11,47,447,282,199,331
70,4,34,223,114,212,5,130,296,332,317,257
70,5,247,501,374,312,93,80,153,318,27,47
70,6,140,118,288,496,68,176,320,342,259,461
70,7,496,135,155,410,65,113,123,94,167,316
70,8,442,104,30,88,186,70,126,496,370,357
70,9,70,32,48,29,263,372,359,410,44,511
70,10,326,1,217,180,441,26,409,98,279,51
70,11,509,89,399,85,432,311,353,502,408,446
70,12,432,87,306,363,78,288,84,372,135,251
70,13,385,250,411,304,483,119,203,457,265,7
70,14,160,19,85,505,291,104,474,83,99,486
70,15,146,294,275,297,245,133,74,321,211,436
70,16,345,10,286,207,144,252,260,98,101,348
70,17,67,309,490,144,402,462,177,381,452,371
70,18,132,422,103,385,435,164,497,336,373,505
70,19,129,21,456,506,407,464,280,505,50,385
70,20,297,321,45,311,5,75,459,53,76,181
70,21,435,40,107,56,305,163,39,21,214,436
70,22,343,381,472,42,56,387,377,74,119,465
70,23,105,139,455,13,433,435,403,187,173,15
70,24,396,30,357,442,126,111,500,186,392,41
70,25,492,29,310,67,32,446,8,206,42,359
70,26,306,441,326,433,238,220,106,393,409,278
70,27,89,509,86,422,169,84,381,397,291,372
70,28,306,356,305,432,100,334,87,78,338,363
70,29,302,250,148,304,157,385,372,96,411,508
70,30,249,19,160,241,508,486,448,470,321,424
70,31,189,146,401,243,103,141,91,371,38,354
70,32,230,350,144,479,473,148,156,339,461,177
70,33,67,144,467,462,287,163,117,298,381,490
70,34,435,193,164,422,485,162,336,94,103,132
70,35,21,456,129,50,443,505,280,19,407,464
70,36,45,216,311,75,310,321,76,5,441,80
70,37,414,40,435,163,21,39,305,32,56,436
70,38,343,252,381,472,42,56,387,509,242,74
70,39,139,394,105,247,368,162,222,226,470,422
70,40,190,18,396,450,96,251,44,218,206,434
70,41,484,51,443,414,358,439,85,302,186,14
70,42,93,91,85,194,482,114,273,205,139,177
70,43,445,161,320,40,430,420,85,488,323,289
70,44,280,212,292,195,419,28,184,104,447,377
70,45,230,381,280,167,450,104,290,356,158,293
70,46,436,199,214,336,41,57,24,185,213,193
70,47,458,270,487,31,298,360,148,461,242,480
71,0,224,305,485,208,178,379,44,200,203,218
71,1,80,477,108,176,242,394,423,132,191,9
71,2,452,162,50,268,296,180,391,112,237,363
71,3,29,381,199,447,331,430,104,371,402,395
71,4,296,507,428,34,114,130,395,317,257,94
71,5,501,416,475,27,47,153,312,37,63,318
71,6,140,288,180,176,208,349,253,342,207,320
71,7,496,123,113,323,258,155,166,410,65,308
71,8,442,111,357,126,59,88,322,190,399,370
71,9,32,29,48,8,446,462,360,206,34,45
71,10,180,370,441,1,106,409,433,393,326,156
71,11,89,509,343,243,353,291,399,443,373,367
71,12,206,432,378,306,84,340,87,78,251,305
71,13,80,157,339,326,35,76,119,283,316,277
71,14,249,508,153,448,65,382,160,241,76,387
71,15,146,189,297,74,245,383,424,397,275,73
71,16,216,10,171,207,168,348,144,210,260,332
71,17,462,144,67,490,214,117,381,306,246,177
71,18,331,435,422,164,178,485,193,336,385,310
71,19,21,129,456,92,464,50,292,75,505,407
71,20,75,5,45,189,321,216,373,311,310,181
71,21,435,39,40,56,414,305,163,21,107,436
71,22,162,381,40,42,387,74,242,509,186,469
71,23,105,434,486,222,435,202,402,394,453,308
71,24,111,357,442,59,510,500,312,126,186,194
71,25,187,29,249,206,8,359,511,32,400,298
71,26,180,1,106,441,36,433,306,409,326,238
71,27,89,343,509,443,311,479,146,99,377,367
71,28,378,206,100,334,432,340,305,338,84,372
71,29,80,96,34,157,283,76,35,339,277,250
71,30,249,153,19,99,109,508,241,470,448,76
71,31,146,189,297,376,397,245,157,275,509,4
71,32,216,171,144,348,10,101,168,71,230,120
71,33,214,462,163,144,306,201,303,442,490,117
71,34,435,193,162,164,422,94,309,331,56,485
71,35,21,50,19,129,498,456,242,443,92,292
71,36,216,373,310,45,437,13,311,189,75,136
71,37,414,40,32,56,163,305,39,435,21,436
71,38,381,252,162,242,40,74,387,42,509,469
71,39,394,162,105,443,247,383,387,160,222,341
71,40,396,18,205,162,190,44,434,450,251,60
71,41,485,273,342,439,414,251,358,443,87,186
71,42,139,114,93,91,482,304,177,137,484,423
71,43,161,445,40,359,164,266,342,95,85,284
71,44,195,280,212,292,104,389,28,402,164,352
71,45,381,230,280,202,290,104,314,401,334,450
71,46,336,214,199,185,57,265,489,379,193,392
71,47,270,31,298,336,480,326,349,152,461,320
72,0,270,401,290,0,9,93,203,98,10,134
72,1,304,162,456,293,34,6,240,62,366,302
72,2,360,315,439,388,296,263,180,470,418,287
72,3,240,78,493,374,289,482,58,24,96,363
72,4,338,116,105,432,308,266,424,445,9,113
72,5,131,90,211,126,19,506,280,158,415,279
72,6,279,42,461,73,102,129,383,417,286,471
72,7,41,307,282,315,143,101,15,187,369,427
72,8,312,510,186,59,496,88,370,173,155,89
72,9,187,400,77,249,511,246,359,160,70,263
72,10,1,180,326,249,490,160,217,253,56,279
72,11,479,146,343,509,432,103,443,89,353,399
72,12,303,372,286,161,299,84,307,120,223,48
72,13,76,283,35,457,248,71,316,80,45,398
72,14,99,505,246,153,109,305,19,200,404,470
72,15,146,297,74,383,245,211,79,397,275,30
72,16,10,260,171,96,348,168,207,144,2,88
72,17,490,214,144,285,346,378,177,190,201,449
72,18,168,414,341,422,246,373,94,472,309,437
72,19,129,21,50,505,19,292,62,464,246,468
72,20,140,216,75,353,373,136,189,218,181,122
72,21,413,502,419,292,312,32,459,470,252,436
72,22,242,17,434,253,349,252,452,215,444,499
72,23,202,256,394,341,477,162,486,156,160,387
72,24,510,312,186,155,59,496,500,89,216,268
72,25,400,187,246,511,77,249,29,359,160,128
72,26,50,1,326,249,217,117,44,409,114,361
72,27,443,479,146,509,353,311,432,103,352,89
72,28,286,161,372,334,303,307,11,299,356,84
72,29,356,167,304,203,241,457,463,500,7,45
72,30,99,19,404,160,85,246,249,470,200,505
72,31,146,297,231,74,275,376,245,383,397,131
72,32,171,10,144,96,216,348,168,101,53,230
72,33,403,214,346,67,490,303,144,285,378,449
72,34,341,168,94,472,414,437,122,80,193,246
72,35,21,129,19,443,242,246,62,50,468,99
72,36,140,176,397,437,373,136,45,311,122,13
72,37,419,292,502,32,459,435,331,268,470,436
72,38,252,242,17,349,253,434,215,444,300,499
72,39,383,105,394,156,337,221,162,127,213,504
72,40,205,190,162,251,301,442,96,176,282,356
72,41,485,251,342,52,273,439,302,56,11,416
72,42,93,95,402,33,387,491,362,508,455,261
72,43,95,342,164,85,266,451,27,488,467,328
72,44,164,195,220,389,250,319,452,362,127,104
72,45,354,280,220,316,44,33,193,489,202,472
72,46,265,76,185,431,281,44,112,329,67,417
72,47,37,175,45,166,278,488,461,376,269,356
73,0,376,440,133,113,175,10,497,93,106,207
73,1,4,237,39,499,244,447,403,169,445,197
73,2,191,486,433,382,70,178,36,210,252,96
73,3,391,58,152,446,363,200,449,78,191,289
73,4,412,338,216,44,266,424,105,116,277,272
73,5,19,161,22,191,382,211,305,222,165,330
73,6,45,358,214,174,32,148,486,387,354,492
73,7,71,255,228,15,206,187,285,2,411,371
73,8,31,292,312,510,73,39,68,66,496,186
73,9,249,246,372,70,456,400,263,267,432,160
73,10,56,87,50,411,440,236,117,217,279,145
73,11,34,179,407,117,157,353,432,242,129,479
73,12,372,369,60,498,50,6,155,404,95,51
73,13,396,169,380,318,167,178,203,467,163,187
73,14,505,142,256,238,194,509,456,85,5,46
73,15,131,294,383,146,30,311,74,98,402,501
73,16,355,61,252,152,260,168,345,207,2,10
73,17,236,266,207,490,327,159,283,228,87,409
73,18,229,437,500,34,80,461,408,309,13,418
73,19,21,99,165,223,152,482,19,316,183,498
73,20,445,96,347,385,213,353,176,89,71,117
73,21,409,119,253,48,436,222,301,479,32,115
73,22,193,384,300,316,252,435,111,33,66,422
73,23,464,308,223,162,251,394,443,78,477,480
73,24,292,312,510,31,73,68,365,66,331,39
73,25,249,372,246,400,70,456,316,267,511,263
73,26,50,56,411,117,217,87,44,162,361,381
73,27,479,179,34,353,117,16,311,157,86,308
73,28,372,498,60,51,369,95,334,356,11,16
73,29,167,349,203,467,163,187,307,318,169,401
73,30,505,218,291,509,99,19,85,238,109,213
73,31,146,294,131,383,74,30,79,275,311,297
73,32,31,355,10,152,378,345,61,168,2,252
73,33,236,266,403,490,228,409,164,159,359,283
73,34,80,229,94,403,437,418,217,494,482,500
73,35,21,129,223,502,482,165,428,19,468,124
73,36,96,213,89,347,445,437,373,298,412,66
73,37,409,32,11,253,435,436,119,301,407,17
73,38,252,300,384,316,193,435,111,96,422,66
73,39,105,394,111,383,223,104,464,82,330,92
73,40,190,205,165,60,18,168,470,34,232,96
73,41,342,485,21,273,439,11,416,56,87,302
73,42,235,402,93,455,479,286,452,436,154,95
73,43,95,342,266,359,85,313,79,27,467,321
73,44,47,195,192,389,362,76,231,213,15,430
73,45,435,145,346,356,363,440,289,100,489,437
73,46,185,281,417,112,44,264,67,241,200,424
73,47,37,376,461,321,442,45,498,338,356,417
74,0,247,481,67,349,134,61,93,451,471,400
74,1,135,179,342,183,39,305,296,263,143,384
74,2,28,76,256,351,138,96,431,55,173,88
74,3,391,58,152,376,446,261,289,78,449,363
74,4,266,412,338,105,116,422,424,432,272,277
74,5,186,19,22,21,36,382,165,390,358,211
74,6,384,24,472,36,298,296,26,458,141,387
74,7,250,235,116,244,338,2,44,37,285,411
74,8,277,510,312,73,427,66,146,186,292,164
74,9,246,400,410,456,460,249,160,267,372,511
74,10,487,56,67,501,117,78,371,50,293,346
74,11,2,509,233,353,479,432,295,352,406,297
74,12,372,345,408,6,249,442,91,457,127,334
74,13,169,307,401,355,203,177,250,318,64,380
74,14,505,85,83,320,200,46,160,424,238,93
74,15,383,297,146,131,266,397,501,294,206,295
74,16,61,207,127,355,168,10,345,252,378,348
74,17,490,236,403,193,409,327,228,453,62,371
74,18,67,494,487,117,408,416,80,506,173,235
74,19,21,19,141,130,445,468,246,34,464,209
74,20,125,480,373,66,506,437,412,181,216,433
74,21,442,206,461,400,299,223,32,11,435,436
74,22,136,414,148,468,269,10,445,15,295,142
74,23,394,111,452,464,162,82,147,251,256,477
74,24,427,510,312,277,66,155,225,216,258,237
74,25,246,400,460,499,242,249,456,431,160,372
74,26,50,293,117,501,483,6,346,217,415,353
74,27,114,295,479,233,353,352,2,146,123,406
74,28,345,334,408,11,372,190,91,249,1,356
74,29,307,401,51,349,404,407,167,331,416,203
74,30,443,239,99,200,505,404,405,61,470,320
74,31,383,146,380,297,266,397,311,131,187,206
74,32,127,168,61,96,348,267,467,10,260,492
74,33,418,490,282,449,346,455,403,406,459,25
74,34,80,67,494,117,217,173,422,487,234,416
74,35,21,141,464,50,19,130,362,331,313,307
74,36,45,125,297,506,412,436,373,480,417,216
74,37,435,32,474,11,436,242,345,442,324,223
74,38,136,468,414,148,252,445,10,269,159,133
74,39,401,155,95,104,127,383,365,394,23,425
74,40,53,60,18,190,232,251,229,103,381,293
74,41,353,385,118,245,157,433,493,14,17,171
74,42,388,93,97,455,257,479,17,438,335,273
74,43,64,86,133,14,508,116,500,207,365,85
74,44,338,276,315,248,173,418,192,474,430,394
74,45,22,168,237,356,201,225,119,289,248,301
74,46,281,261,56,232,374,286,342,432,33,463
74,47,463,242,125,442,417,213,14,289,285,294
75,0,251,319,412,371,205,168,235,431,109,475
75,1,440,57,125,88,389,100,446,423,181,383
75,2,180,296,511,37,207,496,84,137,107,338
75,3,335,447,331,78,403,196,408,310,293,205
75,4,325,73,506,357,465,346,257,294,344,156
75,5,294,56,68,74,110,236,326,354,20,154
75,6,259,496,68,435,118,292,320,412,237,397
75,7,276,351,33,316,139,302,489,303,144,242
75,8,370,356,88,186,312,510,496,191,283,304
75,9,70,511,359,29,68,32,249,462,111,263
75,10,326,424,217,26,238,160,370,409,50,279
75,11,311,89,509,399,432,479,443,422,353,446
75,12,372,288,246,356,220,338,63,37,228,84
75,13,385,250,302,304,411,265,330,203,483,387
75,14,486,160,19,99,505,470,383,268,424,212
75,15,146,245,74,297,275,321,294,206,211,459
75,16,10,144,260,191,171,207,299,348,482,450
75,17,490,67,381,144,177,172,371,449,499,386
75,18,318,503,475,510,422,497,483,127,282,6
75,19,21,331,464,362,184,412,297,26,307,313
75,20,45,417,170,297,228,507,78,127,55,388
75,21,435,242,474,54,150,18,324,308,176,464
75,22,470,283,43,264,86,78,261,281,445,77
75,23,49,442,384,127,14,150,403,187,433,89
75,24,41,356,370,500,154,88,206,503,510,325
75,25,511,32,446,29,111,504,210,466,80,298
75,26,424,238,50,370,306,322,220,433,296,326
75,27,311,86,89,397,422,58,456,291,33,509
75,28,356,334,459,338,288,246,37,228,220,96
75,29,385,302,203,148,153,260,250,508,411,40
75,30,383,90,470,486,160,99,57,424,109,432
75,31,146,245,74,79,297,293,459,212,103,203
75,32,101,428,62,135,191,482,144,36,300,2
75,33,467,144,72,484,386,25,324,372,67,196
75,34,318,475,503,497,422,483,127,510,6,49
75,35,26,331,21,412,362,384,212,313,307,174
75,36,45,170,417,507,423,228,55,175,76,290
75,37,54,474,324,435,150,18,242,220,464,39
75,38,470,283,264,43,78,345,77,86,401,104
75,39,95,394,6,465,368,82,464,365,242,222
75,40,434,471,397,262,44,222,396,98,91,18
75,41,55,434,353,342,435,385,391,14,452,493
75,42,388,294,93,248,476,457,215,287,459,289
75,43,445,207,284,85,200,40,133,420,359,161
75,44,338,276,315,433,51,248,189,105,344,494
75,45,22,270,442,215,168,237,248,303,356,357
75,46,25,432,88,418,24,56,346,281,232,374
75,47,445,254,79,242,343,442,388,207,213,344
76,0,380,298,194,109,165,83,315,216,20,169
76,1,36,128,74,389,349,88,235,51,466,506
76,2,325,180,296,137,295,37,84,338,270,89
76,3,447,331,4,335,403,14,408,497,82,400
76,4,325,506,465,496,233,263,257,426,423,410
76,5,100,1,41,468,98,354,326,236,263,482
76,6,394,468,164,505,126,412,76,52,91,395
76,7,10,351,241,288,140,242,158,489,316,99
76,8,356,370,187,439,54,41,160,191,87,219
76,9,68,29,111,214,361,376,446,71,488,368
76,10,393,424,432,379,394,48,129,345,36,35
76,11,89,509,234,291,422,456,311,273,371,268
76,12,288,228,37,390,63,459,246,290,220,346
76,13,385,387,128,265,250,286,274,302,329,461
76,14,486,212,160,138,90,127,154,383,274,14
76,15,193,169,226,494,289,318,325,245,6,199
76,16,391,23,243,201,58,299,429,74,91,51
76,17,372,381,499,422,67,365,386,324,419,72
76,18,318,42,475,422,49,510,497,483,212,6
76,19,362,26,463,384,297,453,90,145,331,174
76,20,45,170,127,55,78,417,175,355,388,507
76,21,435,324,150,54,242,308,474,392,176,394
76,22,60,104,30,264,345,75,24,210,293,470
76,23,127,242,233,403,244,49,236,14,292,442
76,24,41,356,439,370,206,54,87,500,11,187
76,25,68,111,361,280,511,29,368,492,0,450
76,26,424,240,48,299,393,203,71,264,306,238
76,27,422,311,84,273,49,250,234,456,89,397
76,28,228,459,356,37,390,220,217,346,290,96
76,29,288,22,387,385,302,16,184,286,148,97
76,30,212,14,314,486,138,154,80,470,233,274
76,31,193,68,494,426,375,226,459,346,169,510
76,32,391,58,243,74,429,23,51,62,149,163
76,33,305,499,372,50,422,389,467,419,324,209
76,34,318,475,42,212,497,49,264,422,119,503
76,35,362,26,307,372,174,426,384,412,21,297
76,36,45,417,170,55,355,15,388,270,76,375
76,37,324,5,150,435,54,474,308,18,394,176
76,38,60,104,30,24,345,210,75,264,78,293
76,39,242,465,95,368,244,236,115,448,232,494
76,40,262,493,486,451,91,138,397,18,96,381
76,41,55,42,493,287,434,353,385,226,391,84
76,42,124,27,248,215,93,368,226,140,87,151
76,43,133,77,207,85,86,231,139,445,157,116
76,44,433,338,276,315,170,56,418,300,345,143
76,45,22,442,47,215,168,238,160,270,475,443
76,46,418,338,283,281,388,346,56,232,27,374
76,47,138,273,204,242,343,367,442,344,162,358
77,0,45,478,298,433,154,114,83,299,121,333
77,1,510,97,128,74,146,51,235,223,505,36
77,2,357,325,180,295,51,89,372,358,475,239
77,3,331,447,4,403,203,335,14,408,496,386
77,4,325,465,28,506,426,257,496,156,289,252
77,5,98,292,100,468,9,1,236,111,354,446
77,6,505,394,280,35,164,395,144,233,194,468
77,7,288,158,260,9,241,242,173,425,489,144
77,8,87,439,370,11,397,54,191,19,414,175
77,9,29,68,361,0,214,446,488,111,376,344
77,10,432,393,492,240,264,36,320,394,424,158
77,11,89,291,234,367,371,422,268,273,163,456
77,12,288,228,459,53,390,37,63,346,290,9
77,13,286,260,347,423,385,128,93,387,352,447
77,14,486,138,212,383,335,274,127,154,179,402
77,15,193,289,245,494,199,318,486,169,405,487
77,16,391,243,74,58,429,91,299,23,201,479
77,17,372,499,467,72,386,488,166,422,144,365
77,18,318,42,212,49,471,422,115,264,10,483
77,19,362,26,297,453,463,384,174,145,212,63
77,20,45,170,507,55,417,355,127,78,311,388
77,21,324,54,150,435,308,5,474,100,392,242
77,22,210,30,223,24,104,75,81,345,293,264
77,23,242,244,285,95,493,233,389,127,260,292
77,24,54,439,87,500,370,206,262,187,27,409
77,25,0,450,29,361,153,180,68,280,488,511
77,26,320,492,48,424,71,393,158,432,240,211
77,27,237,291,422,311,89,234,492,221,456,346
77,28,228,459,53,37,153,346,217,390,9,253
77,29,286,93,423,97,387,260,273,352,385,447
77,30,486,14,154,212,460,470,377,138,383,314
77,31,193,494,68,199,352,487,203,245,293,426
77,32,391,429,260,58,23,74,243,62,479,282
77,33,467,144,372,499,488,386,72,422,80,105
77,34,318,42,212,471,115,49,497,264,399,10
77,35,362,26,297,174,435,384,453,145,212,463
77,36,45,55,355,170,417,230,210,175,311,15
77,37,324,5,54,308,150,435,474,392,18,394
77,38,210,30,75,24,104,223,345,81,293,284
77,39,368,242,95,285,313,493,167,394,234,465
77,40,262,91,18,471,449,397,141,396,186,357
77,41,55,42,434,243,493,391,226,385,48,449
77,42,124,248,215,27,93,87,476,287,151,319
77,43,207,284,445,77,346,180,133,13,87,124
77,44,167,433,56,276,189,277,104,51,292,170
77,45,215,280,47,227,442,282,220,332,365,270
77,46,469,338,393,421,239,77,418,147,67,348
77,47,360,138,273,280,122,338,142,451,246,382
78,0,121,154,299,332,433,420,45,478,279,336
78,1,510,128,223,97,340,38,431,152,146,60
78,2,357,325,240,51,77,358,338,113,89,180
78,3,331,447,496,203,14,418,238,386,4,228
78,4,28,363,257,322,190,198,144,284,500,367
78,5,100,369,292,1,98,49,20,436,231,175
78,6,35,395,233,52,144,427,80,345,394,285
78,7,144,288,327,150,489,158,438,163,60,437
78,8,497,500,470,370,151,283,510,239,87,148
78,9,29,372,410,70,44,504,0,152,32,446
78,10,211,173,349,489,176,280,456,195,64,419
78,11,89,311,33,291,399,127,252,377,193,234
78,12,217,140,470,444,317,288,160,448,304,228
78,13,423,202,257,347,153,411,427,260,385,311
78,14,486,387,274,99,470,441,383,405,57,96
78,15,383,297,79,146,131,294,245,74,311,30
78,16,88,260,467,168,171,348,345,207,98,61
78,17,490,420,80,144,459,177,346,449,245,255
78,18,318,422,386,212,291,91,284,42,49,239
78,19,362,21,412,464,26,297,313,395,307,398
78,20,45,170,417,507,55,127,175,78,228,56
78,21,54,435,39,150,474,324,18,242,16,220
78,22,104,77,81,317,264,270,86,78,175,293
78,23,95,363,327,403,224,150,165,433,89,261
78,24,500,312,510,497,3,370,397,88,252,76
78,25,70,29,504,249,511,372,32,0,446,400
78,26,211,217,56,238,153,240,176,395,299,280
78,27,89,311,291,422,193,221,353,33,397,192
78,28,356,288,444,338,459,217,470,228,80,317
78,29,202,306,423,153,257,302,260,489,286,284
78,30,366,486,294,109,153,470,68,428,383,283
78,31,146,356,131,294,74,211,245,111,297,48
78,32,101,428,355,345,62,207,28,245,299,330
78,33,144,467,25,72,222,265,495,410,272,372
78,34,318,422,386,212,291,475,42,91,19,239
78,35,26,21,412,313,19,207,362,435,384,50
78,36,45,170,507,417,175,423,310,55,228,478
78,37,54,324,435,474,150,39,18,220,464,91
78,38,104,317,81,77,78,264,345,293,270,30
78,39,95,394,82,6,493,464,242,443,222,368
78,40,434,471,262,44,397,98,396,205,91,232
78,41,434,342,55,243,452,414,8,226,14,435
78,42,93,248,215,457,287,476,87,455,428,393
78,43,207,445,284,161,40,359,85,200,13,266
78,44,167,189,276,56,51,277,292,104,170,212
78,45,215,280,47,227,332,270,365,282,230,237
78,46,469,393,421,239,147,141,77,185,351,348
78,47,280,142,451,11,222,338,194,246,151,37
79,0,37,377,481,27,220,2,353,174,443,53
79,1,431,197,393,128,60,373,152,186,491,157
79,2,325,180,393,338,471,220,84,89,211,59
79,3,331,447,280,14,24,78,326,335,217,469
79,4,289,424,430,257,13,62,432,167,402,307
79,5,280,111,1,449,463,354,419,109,71,98
79,6,395,144,280,234,329,415,233,286,158,174
79,7,392,451,84,438,287,226,40,49,120,288
79,8,439,500,370,458,262,87,510,239,283,252
79,9,260,29,484,180,511,426,432,68,360,69
79,10,263,349,177,264,211,341,424,240,485,208
79,11,89,221,291,311,492,214,234,422,371,268
79,12,288,123,228,21,2,509,160,440,168,153
79,13,286,260,93,423,202,309,146,110,311,418
79,14,384,212,138,486,6,377,274,165,460,260
79,15,245,189,392,73,461,193,57,424,50,352
79,16,391,428,260,191,238,429,375,7,74,270
79,17,144,265,80,272,488,467,504,210,365,38
79,18,318,46,212,88,10,115,422,312,299,121
79,19,362,297,435,463,26,453,172,90,434,107
79,20,355,45,417,55,311,230,291,388,127,101
79,21,324,5,477,308,435,150,392,176,32,485
79,22,175,210,204,322,104,345,284,357,270,75
79,23,244,242,104,494,27,233,465,127,203,32
79,24,500,439,87,262,458,510,370,283,239,409
79,25,260,29,511,108,484,407,0,426,180,450
79,26,263,211,492,485,208,106,424,177,228,264
79,27,221,89,291,422,492,92,311,234,346,214
79,28,160,288,228,501,123,153,53,188,168,21
79,29,286,93,423,260,352,97,311,110,245,202
79,30,486,212,476,154,384,470,260,377,14,460
79,31,189,68,293,494,392,74,193,431,245,73
79,32,391,428,260,62,238,53,429,191,58,346
79,33,144,488,265,80,467,499,210,372,504,491
79,34,318,212,46,115,312,399,285,10,88,258
79,35,435,362,297,26,453,162,384,412,342,9
79,36,45,355,230,291,55,104,417,243,151,145
79,37,5,324,477,308,392,150,220,435,460,205
79,38,204,322,210,175,345,104,284,75,24,30
79,39,244,104,494,242,275,334,299,89,465,27
79,40,493,218,262,18,470,125,282,185,270,251
79,41,449,493,391,231,132,243,433,476,26,55
79,42,388,271,215,248,124,313,363,289,76,66
79,43,133,77,11,446,48,139,24,311,296,86
79,44,315,169,276,248,394,358,135,441,356,418
79,45,237,270,168,22,181,303,233,55,356,225
79,46,510,165,56,374,286,232,60,346,33,362
79,47,120,242,398,403,417,99,442,25,236,263
80,0,499,241,192,212,457,294,240,60,318,23
80,1,328,431,468,259,245,175,373,393,171,453
80,2,208,325,180,12,179,323,147,59,193,393
80,3,78,58,200,363,152,391,331,135,494,45
80,4,266,272,432,412,116,105,424,91,422,293
80,5,19,165,22,452,382,322,464,211,327,293
80,6,395,125,286,457,387,36,238,174,141,37
80,7,368,355,244,285,377,152,303,35,493,148
80,8,66,370,164,290,237,488,89,225,312,508
80,9,246,267,456,372,44,511,20,70,404,302
80,10,143,374,44,234,489,366,212,217,365,298
80,11,211,375,385,356,295,311,399,215,392,87
80,12,80,356,448,130,489,139,511,274,315,151
80,13,154,365,290,250,253,349,302,334,153,331
80,14,246,46,83,414,200,470,471,99,377,238
80,15,501,383,131,206,79,143,402,297,211,263
80,16,207,168,4,53,28,191,260,171,228,429
80,17,194,132,86,105,50,325,497,347,449,469
80,18,119,137,419,179,209,238,358,242,90,144
80,19,222,307,309,362,364,426,221,7,229,142
80,20,327,162,216,288,217,422,76,468,353,195
80,21,497,47,478,123,283,273,503,35,317,315
80,22,378,6,363,492,244,88,108,197,474,402
80,23,107,308,506,162,394,147,201,477,496,158
80,24,164,237,89,290,498,36,225,204,488,370
80,25,246,267,511,302,20,466,128,44,127,410
80,26,366,293,332,365,298,100,238,374,7,267
80,27,352,211,123,295,397,422,375,177,311,49
80,28,356,489,0,440,130,1,264,338,185,302
80,29,365,154,184,435,16,401,290,331,302,288
80,30,200,95,268,414,46,246,80,470,6,83
80,31,501,131,402,383,30,143,79,206,211,192
80,32,207,168,228,53,260,32,428,61,28,191
80,33,194,50,16,449,347,325,259,106,497,398
80,34,407,119,419,347,230,11,36,335,265,280
80,35,222,309,362,426,307,223,52,221,364,9
80,36,327,8,373,437,76,229,84,396,272,162
80,37,288,152,438,234,241,168,273,278,197,503
80,38,6,234,421,147,372,418,175,371,218,470
80,39,394,506,223,167,464,111,201,104,4,82
80,40,168,398,176,16,205,84,141,18,402,110
80,41,342,79,485,37,300,415,296,273,299,501
80,42,319,243,466,462,95,318,14,179,389,181
80,43,266,342,224,300,427,421,95,497,124,24
80,44,350,76,177,100,389,160,103,334,213,183
80,45,481,168,220,226,225,412,37,183,324,72
80,46,357,290,346,374,292,24,217,85,33,146
80,47,445,242,79,443,367,55,49,442,296,14
81,0,227,194,380,261,83,88,331,298,114,165
81,1,206,70,468,245,382,466,171,88,36,74
81,2,325,365,312,426,59,147,270,239,180,132
81,3,331,447,4,497,496,335,14,408,182,405
81,4,325,426,465,496,156,390,506,59,198,27
81,5,1,445,84,100,129,111,228,242,91,419
81,6,54,144,395,505,67,485,97,427,415,112
81,7,84,60,288,76,10,438,287,303,499,241
81,8,500,54,439,409,397,393,443,262,175,239
81,9,260,29,407,58,344,484,69,494,443,504
81,10,211,263,419,428,358,432,304,325,264,394
81,11,89,221,14,291,319,388,92,311,402,252
81,12,188,501,123,53,160,168,153,99,57,288
81,13,286,423,260,110,158,489,101,202,223,361
81,14,384,66,501,165,492,257,428,495,417,366
81,15,189,107,215,248,398,424,382,55,448,188
81,16,428,332,391,159,163,496,270,7,259,389
81,17,144,265,38,117,272,80,287,488,155,455
81,18,318,285,212,312,10,115,305,91,375,42
81,19,297,320,107,26,412,463,435,362,382,172
81,20,355,145,45,373,417,178,502,169,74,182
81,21,477,485,324,5,435,150,96,360,392,308
81,22,24,322,210,175,60,270,75,104,345,284
81,23,236,233,433,259,240,203,150,292,108,32
81,24,500,194,443,165,265,409,115,306,76,262
81,25,260,108,364,43,383,484,27,387,445,60
81,26,263,134,211,504,259,491,474,394,400,35
81,27,221,89,388,14,319,424,61,92,252,104
81,28,501,188,123,444,234,364,53,68,389,423
81,29,158,286,489,110,101,260,361,127,423,496
81,30,249,384,137,312,492,9,257,428,444,108
81,31,391,189,382,139,394,215,260,330,444,328
81,32,428,403,31,391,53,134,238,107,230,382
81,33,144,265,38,80,155,130,100,455,115,489
81,34,312,318,285,212,305,277,374,115,42,399
81,35,297,435,412,362,382,107,320,500,267,329
81,36,355,45,145,155,375,169,424,417,270,152
81,37,5,477,324,485,308,360,332,241,258,368
81,38,60,24,322,210,175,270,75,104,284,345
81,39,115,383,470,494,281,189,465,47,275,32
81,40,493,270,251,229,18,4,301,442,185,470
81,41,493,449,476,55,42,433,265,383,301,52
81,42,124,319,248,27,226,363,93,233,329,368
81,43,77,11,14,500,309,446,85,139,48,311
81,44,433,356,358,170,434,150,215,213,300,430
81,45,356,238,168,268,442,468,233,285,388,507
81,46,418,338,219,56,374,33,438,232,320,342
81,47,138,242,273,246,343,398,367,403,227,442
82,0,433,121,478,45,154,332,195,56,405,124
82,1,223,219,468,340,510,431,186,443,502,245
82,2,51,240,113,426,77,358,180,325,147,142
82,3,331,461,386,403,447,500,326,496,418,399
82,4,363,284,408,390,297,392,307,279,144,320
82,5,3,228,369,100,9,1,419,231,271,84
82,6,35,427,345,144,97,395,125,485,232,286
82,7,327,84,76,287,288,202,475,438,144,189
82,8,500,443,129,453,207,237,89,370,66,288
82,9,246,20,267,372,410,456,260,79,44,133
82,10,298,489,281,474,44,211,190,249,160,186
82,11,14,295,123,89,375,352,87,311,401,20
82,12,80,315,151,241,511,356,46,371,203,384
82,13,334,331,449,179,401,435,127,24,483,16
82,14,238,387,281,276,441,200,61,405,68,99
82,15,383,79,311,131,297,30,204,266,74,146
82,16,260,61,88,168,467,267,355,348,322,207
82,17,319,193,16,165,245,401,346,442,420,255
82,18,144,419,179,206,237,169,114,15,342,137
82,19,130,209,141,19,362,450,395,463,438,397
82,20,102,217,353,24,490,51,433,480,352,310
82,21,288,391,142,125,283,326,224,179,234,275
82,22,317,490,234,458,6,322,197,117,395,496
82,23,464,82,97,111,394,284,452,223,480,222
82,24,66,427,258,70,225,443,86,510,312,370
82,25,246,456,404,372,499,267,242,400,133,410
82,26,293,489,307,483,374,437,353,217,298,44
82,27,295,233,375,123,292,311,432,401,312,352
82,28,1,249,440,487,359,270,80,185,2,356
82,29,331,401,449,284,334,153,179,435,127,51
82,30,238,405,150,114,151,1,320,137,300,292
82,31,383,311,110,266,79,297,30,146,131,188
82,32,61,260,88,267,467,168,355,96,366,322
82,33,319,193,165,245,420,336,403,16,236,449
82,34,407,19,144,179,206,342,230,419,57,312
82,35,130,141,21,362,395,399,107,209,238,19
82,36,327,373,480,24,430,272,437,8,102,400
82,37,288,391,438,342,267,408,503,196,127,468
82,38,6,411,317,490,421,478,395,234,409,217
82,39,82,111,464,223,394,185,452,234,406,104
82,40,18,176,168,141,135,188,74,170,165,205
82,41,342,299,300,87,273,36,348,356,485,439
82,42,319,218,265,222,66,93,162,248,296,95
82,43,342,148,359,266,24,124,207,44,131,173
82,44,350,76,358,177,100,227,213,430,485,59
82,45,481,349,425,412,168,507,173,220,243,441
82,46,250,433,297,219,438,281,374,503,112,33
82,47,246,242,442,227,367,399,461,388,510,462
83,0,451,446,327,302,414,145,471,211,95,394
83,1,131,78,390,144,314,431,197,454,205,64
83,2,180,431,337,256,202,394,39,28,445,92
83,3,96,58,24,326,78,331,499,21,250,332
83,4,116,424,432,293,412,105,422,266,289,272
83,5,452,165,380,378,19,293,422,306,22,130
83,6,286,428,40,457,381,26,329,121,464,30
83,7,355,505,408,304,474,312,377,2,406,250
83,8,443,500,44,7,258,324,370,431,491,21
83,9,20,79,267,44,133,511,323,410,153,383
83,10,298,489,365,415,16,50,474,178,385,361
83,11,123,20,295,89,87,452,14,375,311,222
83,12,1,185,190,302,440,24,130,11,511,159
83,13,331,127,401,275,435,24,334,16,153,449
83,14,281,387,200,238,405,470,99,294,274,276
83,15,383,79,297,245,204,266,138,206,241,187
83,16,260,88,168,467,171,61,135,322,348,428
83,17,319,255,346,245,420,284,508,193,459,442
83,18,419,237,206,179,15,144,243,312,65,438
83,19,362,395,130,209,185,141,397,463,398,19
83,20,217,24,353,490,178,360,262,102,480,152
83,21,477,101,160,142,316,326,5,488,283,179
83,22,252,324,496,265,204,229,148,84,173,502
83,23,464,222,353,97,394,308,284,498,387,477
83,24,312,510,70,370,443,6,89,225,107,204
83,25,404,44,410,372,400,267,511,20,246,133
83,26,489,298,290,34,56,397,201,234,366,100
83,27,311,295,443,401,239,479,275,434,399,61
83,28,440,356,0,310,418,180,80,329,125,304
83,29,284,331,449,334,309,302,153,432,46,416
83,30,99,281,470,274,237,405,95,294,291,61
83,31,383,294,146,79,204,138,245,241,157,297
83,32,260,88,168,355,428,169,312,378,450,150
83,33,245,420,255,80,319,144,109,336,236,181
83,34,419,19,206,256,312,217,451,344,389,3
83,35,362,395,297,451,185,228,268,351,340,208
83,36,144,155,217,324,113,152,107,375,45,262
83,37,477,5,499,324,286,160,93,485,306,204
83,38,204,265,229,238,411,324,117,148,395,496
83,39,470,115,189,292,281,39,185,47,9,44
83,40,18,229,251,98,4,60,34,270,119,124
83,41,449,27,383,44,479,495,301,342,52,302
83,42,402,296,93,463,271,319,248,168,313,279
83,43,48,85,14,500,13,451,311,496,114,200
83,44,184,76,207,231,150,394,227,418,448,358
83,45,179,456,356,233,205,168,269,25,283,326
83,46,443,503,227,510,281,384,232,293,85,355
83,47,242,235,246,398,486,345,417,442,443,468
84,0,254,308,67,163,105,161,326,350,451,54
84,1,78,390,421,426,263,1,124,94,119,73
84,2,145,431,256,180,202,445,74,92,79,28
84,3,78,391,58,332,434,135,96,261,60,94
84,4,116,432,412,424,105,293,422,366,430,122
84,5,380,378,165,222,362,492,19,252,422,169
84,6,251,381,501,464,55,286,353,115,395,170
84,7,505,355,312,408,474,304,107,32,397,12
84,8,443,500,258,324,370,431,44,194,89,172
84,9,79,20,133,260,410,164,331,511,372,456
84,10,298,474,16,179,489,361,419,108,267,278
84,11,222,89,319,20,14,123,114,410,35,311
84,12,190,440,13,1,511,372,191,126,185,254
84,13,110,127,331,489,61,369,212,51,260,504
84,14,384,281,507,150,510,16,239,257,9,265
84,15,383,79,204,64,317,365,298,157,25,137
84,16,428,169,260,168,415,267,280,457,279,191
84,17,144,38,293,325,319,282,494,453,219,224
84,18,206,18,312,232,118,266,494,221,258,218
84,19,362,107,81,395,297,463,412,480,21,147
84,20,217,355,373,45,417,51,272,102,285,262
84,21,477,53,499,324,32,160,5,204,362,435
84,22,204,348,148,265,187,357,238,460,414,62
84,23,464,39,97,278,292,281,174,259,108,169
84,24,443,258,300,107,500,265,203,44,72,204
84,25,79,20,108,331,511,445,43,133,199,298
84,26,298,179,474,16,489,50,108,139,437,34
84,27,20,14,89,222,221,311,35,239,123,61
84,28,440,190,13,1,334,159,123,125,167,25
84,29,110,127,331,61,260,212,369,309,32,286
84,30,384,281,507,150,137,331,239,470,68,153
84,31,383,79,294,204,64,287,418,298,260,382
84,32,428,260,169,267,168,355,391,191,416,415
84,33,144,282,38,293,455,494,477,78,165,325
84,34,312,18,118,232,206,217,258,80,494,218
84,35,362,412,21,297,107,92,310,480,329,435
84,36,45,217,373,355,51,102,417,375,433,178
84,37,32,324,477,5,499,53,435,333,150,362
84,38,204,265,148,47,238,187,45,140,493,402
84,39,464,97,174,111,394,189,234,494,240,292
84,40,18,98,168,135,141,298,262,396,420,229
84,41,449,439,273,342,511,299,443,27,301,118
84,42,248,93,455,168,319,95,463,279,218,222
84,43,342,13,346,24,266,445,508,478,245,365
84,44,104,292,228,402,167,59,290,358,177,418
84,45,280,215,283,270,440,332,220,401,365,173
84,46,503,200,510,469,471,185,147,226,351,141
84,47,360,458,400,11,120,246,461,280,45,403
85,0,499,241,212,457,240,294,182,192,60,475
85,1,328,245,468,313,259,219,486,148,309,431
85,2,180,208,65,378,228,95,259,107,296,220
85,3,331,447,491,309,202,335,496,217,408,314
85,4,125,163,279,73,257,390,325,437,289,506
85,5,369,4,101,149,111,129,29,354,98,344
85,6,231,451,52,59,193,65,286,333,269,280
85,7,430,493,378,129,81,260,202,325,11,417
85,8,500,443,510,431,370,262,191,258,160,414
85,9,2,260,29,450,153,488,125,229,484,0
85,10,35,158,278,167,400,394,345,432,320,263
85,11,89,221,291,14,319,268,367,391,238,244
85,12,444,140,288,53,228,182,123,501,304,186
85,13,110,286,489,277,260,328,146,504,350,245
85,14,153,384,504,6,137,33,76,239,68,432
85,15,189,383,64,431,204,424,328,371,317,136
85,16,428,260,391,267,169,216,490,308,312,383
85,17,144,477,466,495,282,403,78,488,38,325
85,18,91,118,378,422,285,95,405,312,291,472
85,19,92,21,412,242,362,463,147,480,297,310
85,20,373,45,217,355,417,433,289,272,170,175
85,21,32,435,324,252,333,208,150,5,237,155
85,22,175,270,405,149,204,45,195,210,104,309
85,23,464,174,292,111,259,39,189,233,97,4
85,24,500,265,203,194,300,134,510,269,435,107
85,25,43,2,445,450,29,260,79,93,199,136
85,26,320,158,246,400,260,35,134,167,106,309
85,27,221,89,291,422,14,454,439,311,314,478
85,28,444,140,288,228,217,364,304,182,53,219
85,29,110,286,328,277,350,127,274,202,489,260
85,30,153,384,137,109,281,239,443,486,428,76
85,31,383,189,64,204,408,431,79,317,418,311
85,32,428,391,169,260,168,267,101,216,312,191
85,33,144,477,403,282,78,25,325,495,494,214
85,34,118,91,378,422,285,312,95,472,494,19
85,35,21,92,412,362,480,112,242,147,11,409
85,36,45,217,373,433,355,102,272,478,51,178
85,37,32,324,435,5,333,252,150,237,155,436
85,38,175,45,270,405,149,204,317,104,210,309
85,39,464,97,111,394,174,234,469,189,494,362
85,40,18,98,168,141,135,396,262,304,411,231
85,41,439,273,342,511,299,443,449,0,229,482
85,42,93,248,455,95,104,319,218,23,85,222
85,43,13,342,346,246,266,24,505,445,284,478
85,44,104,402,292,167,228,59,290,445,407,358
85,45,280,215,283,270,332,202,401,334,365,220
85,46,200,503,185,469,141,147,351,241,226,67
85,47,280,11,45,246,461,222,142,194,157,204
86,0,37,308,67,95,451,139,471,164,49,327
86,1,197,324,78,86,91,126,325,314,245,118
86,2,180,394,431,74,296,173,28,76,69,273
86,3,96,24,331,200,78,391,447,58,280,62
86,4,412,424,116,432,105,422,293,351,312,436
86,5,380,165,222,296,492,293,147,126,506,422
86,6,329,353,286,501,464,472,179,52,184,280
86,7,355,509,44,235,304,193,147,37,367,368
86,8,500,258,399,431,510,443,408,370,110,172
86,9,79,20,331,29,372,133,410,452,511,404
86,10,437,345,298,88,167,307,106,267,6,361
86,11,89,20,14,291,114,148,221,311,170,432
86,12,380,370,444,1,169,127,75,440,233,84
86,13,277,404,167,110,331,489,418,210,286,127
86,14,281,153,150,239,142,443,137,384,238,95
86,15,383,64,204,408,281,79,365,317,218,206
86,16,260,169,428,267,415,312,168,150,13,493
86,17,144,403,282,266,252,186,325,78,494,107
86,18,118,327,494,266,422,394,206,310,344,280
86,19,21,480,362,463,316,73,412,445,92,81
86,20,217,373,45,125,272,433,49,355,102,216
86,21,223,32,435,252,476,436,324,400,59,299
86,22,295,404,414,348,15,269,300,242,148,379
86,23,464,174,97,443,9,234,87,353,39,63
86,24,500,258,107,265,510,203,443,399,134,190
86,25,79,445,20,331,43,133,29,93,511,298
86,26,298,437,367,88,489,345,385,106,307,167
86,27,89,20,221,14,275,241,314,148,439,291
86,28,380,1,3,440,444,190,125,25,13,329
86,29,110,331,127,277,286,167,489,404,309,260
86,30,281,153,150,137,430,384,76,109,495,428
86,31,383,189,204,79,64,157,317,408,365,477
86,32,428,169,168,391,260,317,141,267,150,312
86,33,144,403,325,494,214,78,186,187,42,282
86,34,327,118,494,310,422,266,378,394,255,472
86,35,21,412,480,242,62,362,112,409,50,246
86,36,217,125,45,373,272,433,216,136,91,478
86,37,32,435,223,252,324,419,436,155,59,5
86,38,242,295,300,414,148,404,142,379,15,164
86,39,464,97,174,4,443,215,111,9,394,469
86,40,18,98,143,396,165,231,168,141,411,437
86,41,342,511,273,100,439,0,299,443,463,56
86,42,93,71,455,62,261,104,95,142,154,222
86,43,266,505,342,346,246,365,321,127,262,14
86,44,104,164,402,292,472,345,154,295,111,59
86,45,280,405,149,356,188,396,11,283,93,100
86,46,41,200,503,185,68,438,463,281,172,273
86,47,52,458,136,246,242,148,461,207,406,14
87,0,362,190,267,186,430,265,101,301,209,312
87,1,316,61,402,197,76,230,203,226,250,477
87,2,180,472,105,490,198,483,142,296,249,307
87,3,416,383,331,447,175,391,385,247,174,279
87,4,175,265,74,310,405,152,449,87,116,260
87,5,380,37,54,206,272,82,415,296,370,284
87,6,338,87,175,382,3,464,501,472,224,161
87,7,355,470,164,305,44,282,267,14,449,359
87,8,500,258,386,443,431,399,172,294,370,89
87,9,20,79,88,267,133,331,29,372,452,302
87,10,298,345,446,88,415,253,106,167,437,60
87,11,148,89,20,343,14,113,291,123,128,498
87,12,380,400,243,484,379,370,444,267,84,105
87,13,110,233,277,486,82,331,127,239,489,350
87,14,153,76,489,281,273,150,145,108,367,378
87,15,383,189,204,79,25,317,157,408,442,461
87,16,428,169,168,216,260,303,207,150,472,490
87,17,325,42,403,214,144,426,477,101,123,187
87,18,118,330,183,472,122,255,390,378,310,422
87,19,242,21,20,480,62,223,1,412,160,113
87,20,217,373,272,45,136,216,90,49,162,293
87,21,32,419,252,459,111,62,435,208,113,119
87,22,440,221,242,297,243,441,328,428,434,303
87,23,4,464,443,97,308,174,147,304,87,194
87,24,386,500,203,265,107,428,194,426,142,279
87,25,20,43,93,88,445,27,79,136,234,199
87,26,298,309,260,120,345,415,367,259,446,437
87,27,89,221,20,343,148,454,123,275,180,128
87,28,380,243,400,484,444,288,267,84,379,278
87,29,110,331,277,82,233,127,286,489,350,486
87,30,153,76,281,428,150,489,273,200,109,351
87,31,383,189,408,79,204,25,127,328,342,311
87,32,428,168,216,169,391,317,207,312,141,366
87,33,325,403,144,214,187,426,123,477,16,67
87,34,118,330,494,472,183,422,122,378,310,309
87,35,21,480,242,113,412,1,112,409,20,129
87,36,217,45,373,272,216,90,136,137,433,478
87,37,32,459,419,111,252,119,62,435,113,324
87,38,242,428,221,243,297,328,303,441,300,440
87,39,464,97,4,394,107,223,201,477,174,469
87,40,18,98,165,231,485,16,141,110,304,229
87,41,342,511,273,439,482,443,299,501,264,335
87,42,93,95,104,261,387,455,40,62,158,211
87,43,505,266,346,342,246,417,127,262,27,488
87,44,104,301,164,389,145,445,59,402,468,407
87,45,280,334,382,509,314,133,401,397,424,202
87,46,185,200,329,31,503,317,241,67,51,45
87,47,458,446,246,45,292,461,175,264,360,333
88,0,330,130,71,32,160,278,149,221,170,25
88,1,112,59,427,134,471,71,250,251,9,485
88,2,142,483,180,250,226,494,380,490,472,198
88,3,357,272,354,383,216,332,331,252,500,255
88,4,245,359,196,329,349,440,116,417,438,260
88,5,456,96,273,258,452,206,370,380,55,284
88,6,452,382,166,50,338,189,236,6,87,258
88,7,170,355,268,231,44,437,305,280,470,274
88,8,500,386,3,370,89,443,297,290,65,294
88,9,20,267,88,410,302,246,29,467,79,511
88,10,298,415,251,489,32,7,281,323,160,246
88,11,89,20,123,295,352,311,211,353,87,385
88,12,248,380,463,409,406,80,356,484,338,243
88,13,250,365,331,302,290,127,16,200,274,330
88,14,200,246,46,414,441,268,470,377,95,212
88,15,383,501,79,206,143,131,297,211,459,127
88,16,207,168,260,191,4,28,169,228,201,32
88,17,194,325,132,121,50,86,497,105,187,319
88,18,330,90,434,464,436,119,15,242,137,209
88,19,222,307,362,24,364,309,395,426,142,480
88,20,217,451,497,162,324,272,262,468,76,357
88,21,119,3,459,419,32,238,252,104,208,62
88,22,150,177,441,426,471,243,112,422,276,300
88,23,464,97,308,147,107,318,394,454,201,406
88,24,370,89,204,66,164,510,325,297,312,488
88,25,20,267,246,511,86,372,44,404,466,79
88,26,298,213,100,238,365,56,395,489,117,7
88,27,397,311,49,422,385,211,273,405,192,180
88,28,356,0,338,264,180,489,182,449,288,300
88,29,184,449,154,16,302,288,22,127,365,385
88,30,470,212,80,486,233,441,99,274,200,377
88,31,79,459,146,193,383,510,494,74,501,258
88,32,429,74,228,391,428,58,243,168,62,260
88,33,50,499,389,305,467,372,84,105,469,398
88,34,464,434,119,347,419,337,19,11,330,118
88,35,222,362,426,309,21,307,223,372,413,118
88,36,217,451,497,34,272,137,508,45,357,373
88,37,119,3,32,459,104,252,435,62,324,436
88,38,441,177,150,422,300,426,471,112,243,242
88,39,464,97,394,201,223,4,215,107,494,406
88,40,18,98,229,16,141,304,428,231,23,497
88,41,342,511,501,482,83,283,273,299,37,264
88,42,93,235,426,95,104,56,158,455,211,142
88,43,505,266,417,391,346,142,342,323,156,473
88,44,104,79,389,145,407,59,402,33,421,445
88,45,280,382,133,334,509,314,172,508,424,367
88,46,185,31,200,241,196,315,51,461,339,503
88,47,88,45,246,154,188,333,264,461,112,66
89,0,369,328,103,434,37,293,360,27,370,15
89,1,413,243,465,197,454,42,134,273,319,91
89,2,445,394,96,273,230,169,417,260,179,427
89,3,58,24,200,494,161,96,135,376,261,332
89,4,412,266,116,424,272,105,293,174,432,264
89,5,452,19,165,102,240,380,322,22,382,108
89,6,169,457,39,286,387,238,213,464,95,258
89,7,355,2,509,152,368,285,70,304,71,306
89,8,500,355,290,204,164,331,488,66,49,89
89,9,246,267,20,410,372,183,456,302,67,432
89,10,365,152,437,361,234,307,178,311,298,374
89,11,375,89,123,205,57,392,177,276,86,432
89,12,189,302,1,24,177,327,372,494,11,185
89,13,331,29,435,177,2,275,167,247,250,321
89,14,46,238,114,330,200,281,150,5,95,441
89,15,383,131,79,402,206,266,311,64,30,74
89,16,207,168,260,96,61,53,2,171,267,222
89,17,319,165,16,401,193,449,404,442,346,186
89,18,280,80,494,278,19,442,252,422,403,5
89,19,55,502,21,362,147,118,480,460,236,395
89,20,217,202,102,34,298,353,433,162,45,369
89,21,48,119,459,479,115,32,166,458,381,440
89,22,504,399,302,400,123,164,402,252,232,423
89,23,234,223,464,82,201,394,251,318,99,319
89,24,66,355,500,370,510,453,89,466,225,495
89,25,246,372,456,267,20,306,432,83,484,106
89,26,489,307,365,437,234,152,138,374,51,408
89,27,385,329,375,239,179,432,66,16,311,392
89,28,1,302,177,440,152,24,369,338,385,2
89,29,331,401,449,178,334,396,275,506,435,169
89,30,291,238,282,509,470,495,137,153,224,257
89,31,294,383,131,311,146,74,79,188,55,30
89,32,61,355,168,345,252,260,2,267,497,307
89,33,16,193,67,401,165,463,236,283,333,102
89,34,280,80,403,473,494,5,118,19,217,442
89,35,502,428,21,45,81,55,124,222,490,118
89,36,217,34,202,298,369,412,137,162,45,102
89,37,32,48,166,435,458,119,471,115,436,479
89,38,504,302,399,400,164,252,423,300,96,133
89,39,464,394,223,97,201,127,477,104,167,496
89,40,18,168,16,141,98,165,280,304,428,231
89,41,342,511,482,253,384,273,404,299,79,410
89,42,235,93,95,490,455,104,402,39,495,403
89,43,505,380,266,417,195,42,346,330,85,365
89,44,104,341,505,407,389,283,59,123,292,421
89,45,280,262,382,29,509,363,90,429,268,302
89,46,233,31,185,269,200,68,405,241,281,294
89,47,37,76,246,45,170,0,498,230,359,356
90,0,481,102,103,254,67,349,134,471,451,93
90,1,467,243,279,413,263,20,2,296,45,210
90,2,505,76,145,445,410,169,45,417,256,351
90,3,58,494,376,273,45,152,135,191,69,446
90,4,432,266,412,455,116,272,293,105,295,424
90,5,452,36,165,19,102,21,186,240,390,22
90,6,36,238,457,213,95,464,141,169,25,39
90,7,355,2,448,304,152,368,306,193,116,411
90,8,199,66,488,355,217,49,370,331,508,164
90,9,246,20,274,267,456,183,126,372,410,511
90,10,234,361,152,143,437,365,83,278,374,282
90,11,86,353,295,205,89,375,352,123,432,392
90,12,216,372,189,494,1,177,347,24,185,51
90,13,40,331,167,2,203,483,250,29,247,226
90,14,300,5,498,150,153,320,238,200,462,292
90,15,383,131,311,110,206,79,402,408,204,30
90,16,260,168,61,207,171,244,267,150,96,114
90,17,463,457,16,165,442,187,401,409,325,102
90,18,280,418,379,111,80,494,422,252,442,118
90,19,21,81,124,259,140,428,480,71,328,362
90,20,217,34,202,125,298,102,369,162,137,293
90,21,32,48,479,115,370,436,440,471,119,458
90,22,460,423,133,164,102,399,487,302,232,123
90,23,464,394,82,104,97,234,223,308,201,147
90,24,66,199,331,217,500,370,365,89,105,49
90,25,246,456,20,67,267,372,410,17,511,183
90,26,234,361,152,346,437,278,385,17,307,480
90,27,89,205,353,295,432,375,392,123,292,312
90,28,177,1,372,189,494,165,185,51,408,302
90,29,331,167,40,435,203,127,321,177,2,384
90,30,300,153,238,432,320,5,19,150,200,428
90,31,383,311,131,266,206,297,110,211,139,376
90,32,61,168,267,207,355,244,171,101,7,428
90,33,16,463,401,457,25,187,67,325,409,252
90,34,280,379,494,80,418,118,422,252,217,111
90,35,21,81,480,412,428,259,328,141,19,331
90,36,217,34,45,202,298,225,417,66,433,506
90,37,32,435,370,458,115,253,223,436,11,119
90,38,423,164,133,102,302,503,148,399,300,252
90,39,464,97,104,394,215,234,454,406,289,407
90,40,18,165,98,143,110,168,340,231,66,141
90,41,342,511,16,157,273,142,12,116,443,299
90,42,235,93,490,455,495,67,479,95,59,71
90,43,505,365,266,417,346,85,342,14,323,22
90,44,104,283,292,337,445,472,59,389,184,231
90,45,280,225,286,90,201,507,429,210,141,309
90,46,31,185,281,200,241,438,503,244,233,138
90,47,246,89,400,76,45,498,461,157,230,263
91,0,451,446,254,327,7,326,414,471,382,302
91,1,286,279,243,263,119,195,413,78,441,454
91,2,256,28,424,180,445,179,117,431,76,143
91,3,332,161,58,353,261,7,74,295,471,34
91,4,293,116,432,266,105,112,80,454,427,240
91,5,452,130,165,19,380,322,240,293,108,418
91,6,455,296,26,457,464,431,357,170,450,496
91,7,355,250,2,314,450,494,44,193,90,368
91,8,500,370,294,6,65,89,505,443,258,14
91,9,20,410,267,389,246,79,511,63,372,456
91,10,251,78,298,448,415,193,361,88,489,437
91,11,123,89,20,205,389,14,353,432,193,289
91,12,91,185,345,1,136,18,121,440,457,479
91,13,331,127,275,177,355,167,45,401,51,500
91,14,150,420,281,200,153,432,46,282,470,114
91,15,383,79,25,459,317,206,204,127,297,131
91,16,168,428,169,207,150,260,366,94,171,472
91,17,371,252,409,325,187,453,319,40,403,349
91,18,494,117,118,416,487,506,76,67,422,156
91,19,21,81,480,395,412,445,398,285,362,25
91,20,217,506,225,45,417,272,262,252,373,39
91,21,32,435,223,442,206,458,436,461,26,252
91,22,290,414,10,503,3,133,148,269,468,357
91,23,464,9,97,108,374,318,99,169,369,126
91,24,107,500,443,416,370,454,279,89,510,121
91,25,20,267,389,67,445,63,79,511,246,298
91,26,298,251,415,448,78,193,346,385,120,361
91,27,123,89,275,20,454,180,439,295,311,4
91,28,91,1,185,345,179,18,302,440,136,364
91,29,331,127,401,177,61,435,275,210,355,161
91,30,420,470,150,200,281,428,238,507,384,432
91,31,383,294,79,459,342,188,297,55,146,418
91,32,168,428,88,171,355,61,366,264,141,317
91,33,325,453,144,371,252,403,187,447,25,308
91,34,117,118,487,494,416,67,76,422,506,234
91,35,21,412,331,19,141,445,329,50,480,130
91,36,217,45,417,433,297,310,506,436,102,272
91,37,435,32,223,442,206,53,400,436,324,26
91,38,503,414,3,290,133,269,148,159,415,295
91,39,464,97,174,394,111,194,9,51,289,407
91,40,18,434,98,165,143,168,340,64,396,76
91,41,342,273,353,12,299,511,245,16,439,0
91,42,97,93,67,438,479,388,455,138,71,45
91,43,64,365,266,445,505,58,359,190,342,85
91,44,337,474,292,173,59,136,184,10,310,107
91,45,126,210,119,201,456,405,167,280,297,132
91,46,248,446,31,503,185,261,432,221,343,359
91,47,463,125,400,29,181,246,33,254,370,340
92,0,371,319,251,205,412,168,235,431,296,372
92,1,440,57,125,389,446,88,310,475,208,181
92,2,180,137,37,107,296,511,496,207,116,261
92,3,331,335,447,403,196,408,237,405,293,235
92,4,506,325,73,357,257,294,346,465,233,156
92,5,56,294,58,68,41,74,250,354,110,98
92,6,118,269,68,259,435,168,126,320,111,510
92,7,351,316,33,302,11,139,276,399,92,489
92,8,500,356,41,443,431,205,510,258,370,160
92,9,29,260,511,68,240,321,87,265,367,452
92,10,48,264,129,273,393,478,298,88,484,35
92,11,89,221,422,291,163,371,492,311,268,84
92,12,288,37,228,246,63,220,96,143,264,301
92,13,22,97,274,387,265,128,288,127,385,16
92,14,486,138,212,90,335,80,14,460,274,506
92,15,193,289,494,169,375,288,318,68,426,174
92,16,243,391,58,74,429,441,23,201,91,479
92,17,389,372,166,324,419,105,499,209,365,422
92,18,318,475,497,510,503,49,127,483,347,250
92,19,451,90,362,463,170,176,235,360,413,181
92,20,45,417,78,250,127,355,348,240,495,400
92,21,435,220,150,477,324,264,5,474,308,242
92,22,470,283,43,78,264,281,86,261,445,122
92,23,127,115,49,14,442,325,142,233,338,152
92,24,356,500,41,160,439,370,205,503,463,181
92,25,450,68,29,87,153,374,150,324,511,96
92,26,264,48,71,240,484,393,213,320,299,203
92,27,49,422,273,311,84,163,291,250,89,237
92,28,228,459,37,390,220,246,96,356,21,113
92,29,288,22,97,387,385,184,221,417,128,16
92,30,80,14,138,284,154,486,212,233,314,506
92,31,68,193,426,375,494,289,199,449,306,385
92,32,391,243,58,74,23,51,255,429,441,278
92,33,372,422,499,389,419,305,166,50,324,209
92,34,318,347,497,49,119,510,475,503,127,350
92,35,426,222,362,372,453,162,349,509,342,192
92,36,45,417,243,485,304,240,500,447,363,113
92,37,220,324,435,5,474,150,32,477,18,242
92,38,470,283,43,78,264,345,77,86,478,281
92,39,9,39,338,374,221,448,44,383,197,95
92,40,18,434,471,397,138,96,143,292,382,420
92,41,353,434,52,55,103,385,435,426,22,498
92,42,294,93,388,248,476,272,365,287,85,303
92,43,207,87,445,13,85,508,231,97,361,311
92,44,276,189,51,136,141,292,315,184,419,483
92,45,215,282,270,168,280,356,315,441,335,6
92,46,469,261,281,56,77,25,239,27,432,346
92,47,254,142,445,242,407,246,280,207,442,388
93,0,380,194,298,162,109,3,114,216,83,487
93,1,128,36,74,389,466,77,10,88,206,158
93,2,137,180,37,325,295,296,270,239,312,125
93,3,331,447,335,4,403,405,408,461,468,196
93,4,325,233,506,465,156,496,426,423,59,263
93,5,41,58,100,111,468,98,9,250,496,294
93,6,394,126,505,468,158,164,395,280,152,427
93,7,399,241,479,351,10,158,140,316,113,372
93,8,500,443,431,213,370,397,87,160,19,439
93,9,260,364,29,407,47,265,69,202,68,240
93,10,264,48,478,432,394,22,419,392,461,35
93,11,89,221,388,291,371,268,449,477,367,92
93,12,288,187,346,336,432,153,53,123,389,501
93,13,260,447,489,158,146,80,505,28,127,54
93,14,384,510,57,436,257,165,108,501,492,278
93,15,189,248,88,472,424,107,38,448,24,167
93,16,428,332,163,391,259,230,496,7,317,435
93,17,144,38,142,155,298,472,455,307,287,473
93,18,42,318,85,475,447,312,485,118,497,120
93,19,280,297,412,107,435,362,463,320,310,90
93,20,355,45,417,145,178,74,373,234,182,101
93,21,477,324,5,485,435,308,220,96,150,509
93,22,24,60,210,322,104,293,264,30,75,365
93,23,433,233,15,203,392,142,428,165,448,108
93,24,194,500,443,213,115,5,200,431,378,390
93,25,260,364,167,47,184,29,484,34,387,427
93,26,175,235,340,474,22,492,432,264,491,394
93,27,89,14,388,221,319,99,262,449,311,291
93,28,123,324,501,187,440,159,188,294,467,21
93,29,110,260,158,96,212,127,489,286,188,32
93,30,249,384,68,510,330,331,190,153,9,165
93,31,356,382,189,294,392,145,215,48,401,352
93,32,428,355,171,260,391,280,238,53,134,330
93,33,144,455,163,38,25,222,117,190,112,80
93,34,312,318,42,118,475,485,232,135,120,107
93,35,297,412,362,435,107,310,280,329,382,52
93,36,355,45,145,417,375,424,304,425,169,155
93,37,477,324,5,485,308,332,96,368,473,142
93,38,60,24,210,104,322,30,293,75,289,117
93,39,383,338,115,448,9,470,221,433,301,366
93,40,493,251,270,442,64,4,420,301,103,96
93,41,493,287,55,476,52,42,383,265,302,349
93,42,124,2,27,363,248,76,319,165,84,262
93,43,77,139,85,451,353,500,493,57,311,317
93,44,433,356,338,150,362,408,213,395,419,394
93,45,220,168,238,356,268,420,442,507,22,42
93,46,418,374,219,206,347,346,338,286,281,85
93,47,138,242,343,398,273,155,44,278,227,331
94,0,121,478,433,45,154,195,332,229,135,124
94,1,128,223,340,510,219,506,323,81,186,234
94,2,240,113,325,358,51,180,77,282,159,481
94,3,461,331,326,386,395,447,500,418,225,403
94,4,363,408,484,284,322,307,190,144,297,205
94,5,188,3,100,9,228,247,271,140,260,309
94,6,158,345,468,427,394,232,58,405,395,309
94,7,479,112,150,399,58,113,12,76,335,358
94,8,500,443,213,431,133,194,115,393,129,76
94,9,260,364,484,311,452,108,69,47,98,396
94,10,392,264,510,41,428,364,22,492,471,491
94,11,14,89,388,319,343,259,221,457,119,445
94,12,140,501,324,8,446,203,156,398,263,149
94,13,110,212,260,127,96,489,80,413,369,498
94,14,68,384,249,428,510,33,266,192,40,354
94,15,297,228,294,146,356,206,383,131,321,382
94,16,428,207,171,345,355,280,260,168,259,330
94,17,222,306,144,455,38,346,459,87,201,116
94,18,312,118,237,305,120,135,472,318,335,239
94,19,412,297,107,39,487,237,90,206,463,362
94,20,178,355,289,201,92,51,234,417,376,373
94,21,477,469,157,196,390,375,485,368,256,283
94,22,490,317,322,234,207,319,256,197,344,367
94,23,251,394,270,477,162,368,193,55,438,201
94,24,237,9,164,73,443,50,290,500,66,4
94,25,70,432,246,372,23,195,160,184,511,410
94,26,217,153,6,51,374,100,397,238,234,293
94,27,179,311,385,187,131,375,14,329,89,87
94,28,356,511,80,16,440,264,241,180,0,338
94,29,483,89,203,334,349,302,369,127,457,212
94,30,68,291,104,491,330,470,238,387,505,456
94,31,294,131,64,74,30,146,402,228,266,501
94,32,345,355,207,171,252,476,260,222,428,364
94,33,283,306,245,346,336,236,440,177,211,432
94,34,407,179,467,57,419,256,144,293,15,438
94,35,21,487,19,152,464,307,412,50,292,24
94,36,327,278,289,440,318,176,437,459,75,127
94,37,288,48,503,5,152,328,350,382,186,89
94,38,6,411,397,234,317,53,289,378,299,409
94,39,251,394,201,402,438,477,464,443,223,162
94,40,168,205,396,162,84,402,460,364,120,16
94,41,79,342,273,414,365,415,272,0,46,399
94,42,291,23,268,319,93,423,33,10,484,321
94,43,342,173,266,445,161,284,40,224,293,182
94,44,350,76,213,442,362,430,334,164,418,365
94,45,481,168,324,507,220,272,254,335,95,308
94,46,357,219,250,290,85,226,297,374,206,281
94,47,399,60,224,227,59,278,310,442,242,367
95,0,198,376,62,175,189,401,167,145,0,353
95,1,131,197,476,128,205,431,115,244,1,237
95,2,486,180,283,154,433,337,210,39,202,435
95,3,505,58,24,391,78,96,200,482,347,444
95,4,287,216,480,424,412,116,105,338,266,399
95,5,506,245,378,346,161,347,305,165,19,306
95,6,428,174,40,45,472,381,286,459,387,139
95,7,228,505,406,12,312,71,304,322,274,206
95,8,50,500,44,443,366,66,237,73,260,68
95,9,340,70,160,432,184,246,372,320,263,400
95,10,50,123,16,361,474,153,87,56,8,415
95,11,14,187,375,442,179,2,385,131,129,239
95,12,50,155,372,11,16,369,511,159,110,442
95,13,203,369,212,127,187,349,178,167,89,134
95,14,68,85,46,83,291,491,437,330,367,19
95,15,294,131,64,402,30,146,228,98,206,266
95,16,355,345,207,260,171,53,99,476,222,364
95,17,283,443,403,346,222,306,440,228,159,336
95,18,229,221,500,283,437,403,237,258,173,418
95,19,412,21,143,107,223,19,362,463,209,82
95,20,339,96,373,347,437,51,433,278,122,494
95,21,372,477,101,160,499,350,451,332,301,409
95,22,66,300,193,384,33,187,252,265,318,316
95,23,251,394,438,201,477,385,103,368,402,343
95,24,44,73,68,366,331,50,31,500,491,237
95,25,70,160,340,184,319,246,432,23,320,263
95,26,50,123,16,217,361,415,87,56,8,236
95,27,179,14,375,187,353,385,239,329,2,442
95,28,50,16,110,511,372,334,440,442,11,369
95,29,203,369,349,212,167,187,127,459,89,134
95,30,68,85,46,218,291,300,153,238,1,491
95,31,294,131,64,501,266,402,30,146,98,228
95,32,355,171,345,260,207,53,222,252,364,476
95,33,283,346,403,443,159,112,144,440,455,222
95,34,418,221,80,217,173,403,258,312,18,118
95,35,412,21,143,107,362,297,102,209,464,141
95,36,45,339,96,51,355,373,437,347,256,304
95,37,477,32,499,372,101,451,53,160,435,5
95,38,204,265,187,66,252,300,193,238,33,229
95,39,394,251,215,174,201,438,478,464,111,292
95,40,168,18,340,434,165,56,84,205,176,396
95,41,399,449,273,171,21,394,439,52,485,184
95,42,402,93,168,279,248,319,235,293,455,121
95,43,342,13,95,445,24,85,182,173,365,359
95,44,292,442,418,47,76,502,183,231,215,228
95,45,179,405,25,42,507,315,435,280,233,4
95,46,227,384,393,333,510,232,85,281,112,242
95,47,235,77,242,37,120,453,417,223,388,461
96,0,451,446,481,349,163,400,211,53,54,414
96,1,305,491,421,135,263,78,241,252,73,390
96,2,127,92,431,145,351,28,256,76,337,364
96,3,58,391,78,494,376,200,135,96,45,24
96,4,412,266,424,116,105,338,422,272,91,240
96,5,36,19,378,506,222,492,186,21,218,22
96,6,174,384,138,55,472,387,381,296,286,501
96,7,505,116,406,408,12,304,312,2,244,61
96,8,44,500,443,366,66,50,73,164,237,239
96,9,246,432,160,184,456,372,23,70,485,410
96,10,50,16,153,123,474,6,361,346,293,179
96,11,375,14,222,352,2,139,179,114,308,329
96,12,190,345,511,408,440,372,127,6,110,347
96,13,369,127,212,110,203,349,134,64,197,384
96,14,404,239,68,83,238,330,46,320,85,384
96,15,131,64,294,228,402,74,30,266,206,98
96,16,355,222,171,345,260,53,207,364,476,99
96,17,346,283,403,165,336,443,245,38,159,211
96,18,67,18,494,258,221,206,173,68,312,266
96,19,412,209,107,362,21,463,141,143,297,450
96,20,51,121,355,373,437,106,102,433,125,45
96,21,477,499,101,160,53,372,32,350,443,152
96,22,204,148,187,136,265,238,357,414,3,133
96,23,394,251,438,284,464,201,111,223,103,297
96,24,44,443,258,73,500,277,4,366,50,300
96,25,246,23,160,410,184,484,70,432,485,239
96,26,16,50,346,293,179,6,474,123,468,361
96,27,222,14,375,352,179,139,114,2,329,385
96,28,511,440,408,190,159,13,334,345,110,338
96,29,110,127,212,369,203,61,134,459,401,331
96,30,68,404,320,239,384,507,85,238,401,83
96,31,64,131,294,356,382,228,266,402,297,98
96,32,171,428,355,222,260,267,345,207,348,364
96,33,144,346,455,282,403,25,112,293,219,222
96,34,312,118,18,258,418,232,173,221,366,217
96,35,412,21,297,362,310,107,92,329,331,19
96,36,45,51,373,355,256,417,433,101,437,311
96,37,32,333,324,435,477,5,499,53,101,150
96,38,204,265,187,148,238,45,140,357,493,47
96,39,394,234,174,464,251,292,103,368,438,111
96,40,18,168,396,135,434,262,450,439,143,145
96,41,449,439,399,273,171,157,210,27,87,0
96,42,93,248,455,168,95,319,218,62,293,279
96,43,13,342,445,24,359,365,346,44,508,182
96,44,104,292,402,228,389,352,59,167,442,358
96,45,215,280,332,365,401,220,202,334,421,359
96,46,469,147,141,351,510,200,241,185,226,412
96,47,360,11,458,280,59,292,120,45,461,293
97,0,499,241,212,457,240,182,294,192,60,475
97,1,328,468,245,389,313,208,486,148,386,259
97,2,180,208,378,95,65,259,214,193,32,228
97,3,331,447,491,202,54,229,309,496,408,204
97,4,125,163,279,73,257,390,317,94,3,66
97,5,369,4,101,149,129,29,496,344,354,433
97,6,231,451,59,52,496,193,333,269,168,65
97,7,81,430,378,112,202,493,489,417,129,93
97,8,500,443,431,44,172,50,318,407,479,491
97,9,2,260,29,450,184,340,153,488,125,164
97,10,158,35,36,278,274,394,432,285,340,167
97,11,89,14,222,319,221,244,291,239,0,357
97,12,444,140,288,159,143,76,324,264,53,440
97,13,110,212,260,369,188,127,277,146,464,9
97,14,68,153,384,504,404,330,109,33,402,260
97,15,356,382,228,189,392,64,297,294,206,266
97,16,428,171,260,355,280,53,101,326,267,222
97,17,144,477,346,455,222,403,466,25,190,282
97,18,118,91,422,378,312,285,291,405,331,386
97,19,21,412,92,463,310,362,297,331,147,112
97,20,373,45,51,355,417,311,101,170,127,175
97,21,32,435,333,324,5,208,477,252,101,155
97,22,204,270,405,149,444,175,45,195,417,104
97,23,394,292,438,402,174,368,478,6,251,4
97,24,500,194,203,443,300,431,206,76,510,44
97,25,260,2,29,184,340,410,220,70,199,160
97,26,235,158,179,285,340,474,274,106,35,22
97,27,89,14,221,239,291,222,244,187,311,388
97,28,444,140,288,440,324,143,338,159,0,123
97,29,110,212,188,127,277,260,72,369,286,350
97,30,68,153,404,384,109,239,357,504,486,330
97,31,356,294,382,228,131,297,189,64,266,146
97,32,171,428,355,101,260,216,330,345,207,368
97,33,144,477,403,25,455,346,222,190,495,466
97,34,118,91,422,378,312,291,309,472,494,37
97,35,412,92,21,19,50,112,362,310,242,147
97,36,45,373,51,437,355,433,478,175,178,289
97,37,32,435,324,333,252,119,5,150,419,155
97,38,270,149,405,175,204,45,104,317,444,210
97,39,394,251,464,368,174,111,438,234,103,313
97,40,18,168,434,396,262,135,176,205,141,145
97,41,439,399,273,171,449,210,87,0,79,424
97,42,93,248,95,455,23,104,85,319,508,218
97,43,13,342,24,445,359,346,246,182,284,124
97,44,104,402,292,352,167,389,59,228,445,442
97,45,215,280,332,202,365,334,401,270,359,314
97,46,469,141,185,147,351,241,200,412,67,226
97,47,280,11,142,222,292,45,112,59,333,88
98,0,173,37,179,198,19,184,242,272,93,392
98,1,197,244,91,403,237,245,160,86,353,118
98,2,180,210,215,296,310,394,273,486,399,142
98,3,331,13,447,24,505,450,200,96,280,482
98,4,399,287,424,458,216,324,349,430,314,495
98,5,109,346,161,506,133,280,187,147,492,398
98,6,52,329,179,459,387,27,280,174,354,395
98,7,228,206,71,322,5,154,315,274,457,324
98,8,500,399,317,190,471,431,419,510,236,408
98,9,184,260,340,29,319,410,432,320,70,300
98,10,345,31,235,88,65,437,106,87,494,158
98,11,89,14,239,291,187,129,353,193,427,432
98,12,495,50,155,444,404,288,84,419,252,312
98,13,110,277,188,9,59,146,260,306,464,274
98,14,68,153,484,291,109,384,402,260,492,381
98,15,356,294,189,228,382,392,461,301,254,98
98,16,428,171,355,260,53,330,21,101,207,222
98,17,144,306,222,477,338,505,410,25,455,187
98,18,500,310,422,229,118,34,283,150,220,19
98,19,21,412,92,223,147,165,463,483,112,362
98,20,45,355,373,51,339,347,180,511,96,478
98,21,32,435,324,119,409,5,301,253,252,436
98,22,300,316,422,193,66,192,384,111,177,204
98,23,394,438,368,292,462,121,78,251,297,284
98,24,500,471,510,431,190,419,27,390,236,317
98,25,260,184,29,76,410,320,340,70,330,405
98,26,235,31,106,65,345,397,226,56,87,92
98,27,89,239,14,427,291,221,353,187,422,311
98,28,495,404,50,444,155,288,95,84,3,440
98,29,110,9,277,59,188,260,306,167,360,286
98,30,68,153,109,291,384,404,330,501,402,432
98,31,356,294,228,64,131,145,401,266,57,297
98,32,428,171,355,260,330,493,473,209,460,101
98,33,144,187,190,25,306,222,346,477,403,455
98,34,118,500,310,422,229,494,309,312,34,150
98,35,412,21,362,147,92,112,223,310,483,19
98,36,51,45,355,373,101,339,437,511,433,347
98,37,32,324,435,119,5,252,409,301,436,253
98,38,300,66,193,422,316,384,192,177,242,204
98,39,394,103,251,464,368,234,438,215,284,111
98,40,18,168,135,262,396,56,165,439,364,141
98,41,399,439,273,449,264,443,289,210,87,299
98,42,93,455,95,436,235,104,319,389,403,248
98,43,13,24,342,346,44,508,182,246,365,124
98,44,104,402,505,339,352,228,290,292,445,358
98,45,280,435,202,334,421,314,193,363,114,325
98,46,185,200,241,405,67,503,151,281,85,339
98,47,45,286,498,88,89,157,220,461,77,226
99,0,103,451,99,95,426,349,75,360,403,400
99,1,197,263,135,305,179,413,405,342,143,78
99,2,180,273,394,69,351,215,153,431,296,337
99,3,331,24,280,37,96,58,200,247,183,36
99,4,458,424,412,289,314,116,105,425,321,430
99,5,296,186,147,284,492,109,381,270,506,422
99,6,95,499,387,286,280,90,24,17,476,147
99,7,147,244,235,509,506,321,44,360,314,61
99,8,500,67,399,50,443,317,236,431,471,265
99,9,410,246,29,160,260,127,184,432,456,340
99,10,437,88,179,60,408,345,235,487,293,65
99,11,89,14,239,352,297,295,329,193,274,222
99,12,165,3,444,440,380,338,6,343,84,75
99,13,110,277,71,9,489,127,384,134,418,498
99,14,404,320,153,68,384,238,239,2,85,151
99,15,64,266,382,131,228,356,297,98,206,189
99,16,171,428,260,326,355,222,267,348,96,179
99,17,346,144,403,187,282,449,25,477,293,190
99,18,494,118,327,280,422,216,170,312,310,472
99,19,21,412,92,223,463,362,147,107,81,445
99,20,51,373,355,45,8,437,125,433,417,102
99,21,32,252,400,435,223,436,119,324,419,5
99,22,295,417,163,15,414,242,404,269,304,300
99,23,394,174,251,292,185,464,438,284,4,111
99,24,500,443,203,445,67,399,258,279,144,194
99,25,410,160,246,127,445,239,29,340,43,70
99,26,437,179,408,60,293,106,120,278,88,337
99,27,89,14,352,239,329,297,222,55,476,47
99,28,444,380,3,165,440,13,288,351,338,343
99,29,110,277,127,203,489,369,212,331,61,9
99,30,404,153,320,68,239,76,85,507,384,238
99,31,64,228,131,294,356,266,98,402,297,436
99,32,171,355,428,345,222,207,260,267,476,127
99,33,403,144,346,187,25,477,283,282,214,449
99,34,118,494,216,472,422,327,280,310,170,117
99,35,21,412,19,92,223,242,112,50,409,220
99,36,45,437,373,51,433,8,125,355,102,478
99,37,32,435,252,119,324,400,459,419,436,223
99,38,295,242,163,300,15,414,192,444,441,204
99,39,394,251,464,111,174,45,368,4,438,223
99,40,168,18,165,340,176,135,205,56,143,396
99,41,439,273,399,485,299,79,394,443,87,210
99,42,93,68,95,222,455,104,389,261,77,508
99,43,95,342,24,246,346,13,182,266,445,359
99,44,104,402,59,164,442,389,352,445,145,160
99,45,280,202,283,334,220,421,314,44,363,173
99,46,245,185,241,412,41,44,200,431,339,67
99,47,458,360,136,45,37,269,333,146,323,461
100,0,101,301,76,361,21,265,321,362,23,209
100,1,76,250,61,226,230,493,405,264,316,9
100,2,180,166,354,483,142,215,273,490,226,189
100,3,331,495,397,416,37,234,104,462,447,414
100,4,265,458,314,175,449,359,438,89,391,495
100,5,284,296,206,37,270,186,411,373,233,379
100,6,87,95,382,175,499,387,236,479,243,3
100,7,470,244,305,44,491,274,339,390,282,147
100,8,500,50,386,258,317,366,239,67,399,237
100,9,160,246,432,184,340,29,456,70,465,332
100,10,153,293,354,65,88,60,82,437,120,453
100,11,14,352,89,297,375,168,2,139,131,277
100,12,380,400,351,243,444,343,484,47,267,338
100,13,277,486,203,110,127,369,71,9,134,239
100,14,68,153,76,85,484,239,404,46,83,320
100,15,294,64,131,266,228,146,206,311,297,74
100,16,355,345,207,171,476,252,222,53,330,260
100,17,403,283,346,440,159,193,306,101,443,222
100,18,472,118,216,330,108,220,308,144,422,183
100,19,21,223,412,242,246,92,135,19,112,102
100,20,437,433,8,373,51,45,478,138,289,278
100,21,32,419,252,119,425,208,435,459,301,436
100,22,192,221,243,441,300,242,177,444,163,417
100,23,251,402,394,4,174,6,464,443,111,368
100,24,386,500,366,73,239,260,237,427,3,399
100,25,246,70,23,160,432,184,372,410,484,319
100,26,138,51,217,153,56,468,293,8,258,295
100,27,179,375,329,385,239,89,432,353,139,454
100,28,380,343,351,444,243,6,400,271,93,355
100,29,277,203,178,110,350,459,391,233,369,89
100,30,153,484,46,76,330,85,291,238,83,354
100,31,131,294,64,74,30,402,98,266,501,383
100,32,355,222,345,53,260,476,207,171,252,419
100,33,283,403,346,440,193,165,214,159,443,101
100,34,118,472,494,216,144,220,308,309,422,369
100,35,21,412,223,152,242,19,92,112,409,102
100,36,45,437,433,373,8,51,47,478,102,355
100,37,32,119,425,252,459,435,419,208,436,301
100,38,221,441,300,243,192,242,177,444,422,419
100,39,251,394,111,464,223,45,201,174,103,143
100,40,168,18,340,165,176,205,135,143,84,262
100,41,273,439,399,299,394,485,79,415,443,486
100,42,93,95,222,389,104,508,235,23,77,268
100,43,95,342,246,24,266,182,13,346,173,224
100,44,104,59,442,402,164,445,352,389,145,279
100,45,280,202,334,314,363,283,173,421,472,162
100,46,185,241,412,44,200,339,431,417,329,67
100,47,37,175,45,112,333,166,66,356,323,269
101,0,198,376,62,175,401,360,93,272,167,474
101,1,237,251,415,499,4,325,197,403,84,493
101,2,180,154,210,483,433,486,435,310,296,490
101,3,505,58,391,446,416,200,449,135,152,94
101,4,287,216,480,412,424,105,266,116,399,338
101,5,245,506,346,161,19,347,282,305,382,222
101,6,174,45,472,387,354,459,286,139,489,27
101,7,228,509,71,322,206,315,371,285,15,274
101,8,68,500,366,50,155,317,427,66,426,496
101,9,340,70,160,184,432,320,263,246,29,319
101,10,361,87,385,88,415,307,8,161,217,153
101,11,179,2,129,503,442,329,205,375,89,385
101,12,50,155,369,84,372,286,312,355,16,6
101,13,277,203,89,167,178,316,71,349,169,384
101,14,153,484,85,76,68,46,437,491,291,238
101,15,294,131,64,501,402,98,30,266,311,146
101,16,355,345,207,260,53,99,252,171,476,364
101,17,283,440,403,443,159,228,193,222,306,346
101,18,500,118,229,34,494,472,422,220,309,437
101,19,21,223,412,246,482,19,242,152,82,445
101,20,339,96,437,433,478,66,347,373,71,494
101,21,32,253,459,252,409,301,436,119,435,425
101,22,300,66,316,193,384,422,33,318,177,419
101,23,251,394,438,385,111,201,506,402,174,263
101,24,366,68,500,73,44,331,31,426,365,224
101,25,160,184,319,70,340,320,246,23,432,29
101,26,361,385,87,88,307,415,162,8,217,56
101,27,179,329,89,353,14,375,432,503,205,2
101,28,50,155,372,369,442,16,51,380,511,288
101,29,203,277,167,369,349,212,89,127,110,187
101,30,484,153,85,68,46,76,5,330,83,402
101,31,131,294,64,266,402,501,98,30,228,311
101,32,355,345,171,207,252,53,101,222,476,260
101,33,403,283,440,159,443,346,409,193,187,101
101,34,494,118,500,229,437,34,422,309,403,220
101,35,21,482,412,223,19,112,242,409,445,82
101,36,339,437,96,433,347,45,373,297,8,478
101,37,32,435,252,301,253,409,425,119,459,436
101,38,300,66,316,193,384,422,177,419,192,164
101,39,251,394,111,223,464,45,201,174,263,438
101,40,168,18,340,165,143,84,205,176,135,275
101,41,273,21,439,394,399,79,299,415,12,443
101,42,93,235,95,222,455,104,67,436,389,490
101,43,95,342,246,365,24,182,266,173,85,224
101,44,104,442,352,59,445,47,402,389,177,279
101,45,435,280,202,334,173,314,363,405,145,346
101,46,185,241,44,200,339,405,417,195,67,151
101,47,37,45,112,333,323,356,66,226,92,76
102,0,451,446,134,349,93,394,211,414,471,327
102,1,305,263,4,135,342,415,413,78,84,182
102,2,180,28,92,237,431,127,351,76,173,256
102,3,58,391,376,152,494,446,78,200,449,69
102,4,412,266,424,105,116,240,272,422,295,91
102,5,19,492,186,506,22,222,382,165,218,431
102,6,174,121,138,384,387,472,286,26,298,296
102,7,509,250,44,285,244,2,408,61,461,450
102,8,500,66,427,258,164,110,4,260,225,44
102,9,246,23,484,432,456,184,372,267,409,485
102,10,361,153,178,307,487,415,6,385,212,293
102,11,375,308,139,432,89,114,331,385,353,144
102,12,345,6,511,347,127,75,190,442,440,372
102,13,167,401,51,349,203,71,384,177,247,331
102,14,330,46,238,239,83,404,142,401,114,443
102,15,131,64,402,30,74,98,501,266,383,311
102,16,53,222,355,260,419,99,476,207,96,267
102,17,159,404,193,283,319,165,409,346,403,236
102,18,494,67,235,252,487,117,394,408,170,173
102,19,21,445,112,362,73,412,102,438,19,209
102,20,121,433,437,373,51,66,412,6,125,289
102,21,115,32,252,407,370,223,417,237,435,436
102,22,148,230,133,300,305,414,164,15,115,503
102,23,251,394,111,223,438,121,368,464,284,201
102,24,427,73,258,4,500,260,217,110,44,66
102,25,246,23,484,410,267,485,432,404,475,372
102,26,293,385,468,361,153,415,178,307,6,346
102,27,375,308,385,139,331,239,114,353,432,352
102,28,345,190,511,440,6,249,372,127,11,408
102,29,401,167,203,477,51,459,15,127,331,64
102,30,46,404,330,239,83,238,153,443,509,320
102,31,64,131,294,228,402,501,98,266,30,74
102,32,222,355,53,260,345,171,267,127,419,207
102,33,403,346,211,283,409,165,282,159,440,449
102,34,494,118,487,67,235,422,117,217,252,173
102,35,21,412,445,259,19,50,112,55,102,316
102,36,433,45,412,297,125,373,506,437,51,66
102,37,32,223,435,252,407,115,299,417,206,370
102,38,148,414,230,133,300,305,164,295,15,269
102,39,251,394,111,464,443,402,201,223,438,174
102,40,168,18,340,165,143,176,135,84,396,205
102,41,273,125,12,394,299,439,399,0,378,171
102,42,93,222,67,235,490,455,479,71,138,187
102,43,365,342,95,24,445,42,190,182,79,85
102,44,337,104,474,442,472,500,59,352,136,445
102,45,456,202,173,280,429,145,210,162,126,330
102,46,221,185,241,417,44,38,161,67,244,200
102,47,37,76,356,45,461,226,232,61,321,438
103,0,254,63,481,67,326,7,349,161,12,451
103,1,78,305,119,263,197,179,426,491,135,498
103,2,180,145,431,402,256,92,127,28,351,186
103,3,58,24,200,376,135,96,391,132,363,365
103,4,50,412,424,266,105,116,316,458,62,376
103,5,506,21,36,186,19,492,22,222,252,306
103,6,501,251,174,170,353,296,138,387,84,472
103,7,61,116,44,244,147,509,235,400,285,314
103,8,500,258,66,50,427,155,4,443,366,260
103,9,246,485,432,184,23,410,160,372,70,127
103,10,78,6,293,153,487,193,437,88,60,17
103,11,114,375,139,352,14,2,89,297,308,239
103,12,6,190,408,345,136,233,511,75,440,127
103,13,404,277,51,127,369,384,203,401,83,197
103,14,239,404,238,85,320,153,443,46,68,83
103,15,64,131,266,98,294,228,392,311,30,402
103,16,355,222,171,267,260,345,127,61,419,207
103,17,282,403,346,409,165,283,371,449,211,144
103,18,494,266,67,416,118,394,506,422,327,117
103,19,445,21,412,102,34,316,213,246,100,19
103,20,433,45,437,373,51,297,506,102,66,436
103,21,223,32,442,435,206,400,299,252,436,417
103,22,10,269,148,136,468,414,15,295,133,273
103,23,394,251,464,174,401,438,368,111,402,284
103,24,258,500,260,66,4,73,443,499,399,44
103,25,246,23,410,485,70,160,432,484,29,10
103,26,293,78,88,6,487,437,483,17,468,193
103,27,89,375,352,353,114,14,329,139,179,432
103,28,190,345,136,408,233,6,511,75,84,380
103,29,203,127,277,404,420,355,369,110,51,167
103,30,153,484,432,239,68,404,320,85,109,238
103,31,294,64,228,131,297,356,146,266,392,436
103,32,345,355,101,171,428,252,348,222,476,207
103,33,403,371,144,25,409,283,440,346,270,252
103,34,494,118,67,416,422,394,266,156,117,309
103,35,412,21,445,50,19,16,112,331,409,184
103,36,45,297,433,93,436,315,506,478,189,125
103,37,32,435,223,442,299,206,400,252,39,168
103,38,295,136,269,414,10,133,148,468,273,142
103,39,443,394,402,401,251,96,478,6,464,155
103,40,168,340,434,205,18,165,396,143,275,56
103,41,273,12,245,394,365,0,157,171,399,414
103,42,93,479,97,67,187,138,17,438,71,45
103,43,365,445,342,64,161,359,378,190,246,284
103,44,337,474,352,136,104,59,471,389,173,212
103,45,330,126,202,201,119,405,381,280,145,210
103,46,446,185,248,504,261,412,393,6,57,44
103,47,125,181,29,463,12,48,370,321,444,2
104,0,381,416,464,79,219,188,325,506,218,362
104,1,262,434,5,76,61,230,414,331,174,316
104,2,180,454,379,490,249,107,296,142,294,483
104,3,288,416,447,331,414,403,283,357,489,391
104,4,128,152,267,329,114,257,14,340,317,471
104,5,290,172,47,340,350,63,180,331,354,483
104,6,188,416,447,3,175,496,269,441,174,472
104,7,119,267,315,166,72,275,258,44,16,437
104,8,500,32,177,126,399,68,50,426,322,73
104,9,70,160,340,300,184,320,29,432,195,2
104,10,362,265,446,88,137,345,217,120,60,36
104,11,14,89,2,129,187,380,432,179,297,352
104,12,493,33,380,444,284,84,340,143,144,289
104,13,303,239,277,203,110,212,127,233,369,316
104,14,484,406,68,153,504,344,85,239,384,146
104,15,294,146,228,237,64,131,66,275,311,297
104,16,345,355,252,101,476,330,171,207,286,21
104,17,283,440,403,477,306,346,236,222,42,223
104,18,98,178,331,249,390,118,309,96,422,308
104,19,21,412,152,254,50,246,19,421,33,213
104,20,391,45,10,260,189,47,478,176,433,249
104,21,496,83,277,39,136,435,281,32,252,28
104,22,408,65,74,489,20,242,469,339,358,23
104,23,402,443,6,251,263,478,35,438,394,74
104,24,126,500,177,32,366,68,426,399,73,260
104,25,70,160,29,319,340,256,184,320,300,348
104,26,362,265,137,446,88,120,217,8,490,373
104,27,89,179,432,113,353,76,329,380,14,343
104,28,493,33,380,288,444,84,340,289,267,47
104,29,277,303,203,239,316,110,486,233,306,178
104,30,484,153,406,344,85,76,68,328,109,238
104,31,294,131,237,146,224,74,275,266,228,64
104,32,355,345,101,252,207,476,216,65,360,17
104,33,283,440,403,101,173,193,443,113,223,104
104,34,98,309,249,178,369,390,96,331,310,242
104,35,21,152,19,409,112,412,62,254,50,242
104,36,45,93,433,10,478,47,272,189,391,260
104,37,496,83,277,136,252,39,28,281,384,32
104,38,408,489,65,20,242,74,339,328,469,444
104,39,443,478,402,394,251,4,438,111,121,263
104,40,168,340,205,434,157,165,18,215,396,56
104,41,273,394,12,439,46,0,1,342,365,87
104,42,138,303,93,232,342,197,410,261,480,16
104,43,342,365,445,460,119,359,246,266,384,498
104,44,136,104,134,223,292,389,352,95,164,212
104,45,202,280,111,282,381,290,314,334,351,84
104,46,185,66,504,329,181,272,241,200,44,261
104,47,202,175,234,80,112,37,461,270,152,39
105,0,234,416,464,188,334,58,320,485,381,79
105,1,414,262,251,264,447,434,102,363,272,437
105,2,215,490,180,379,454,399,142,503,321,494
105,3,416,288,397,357,391,489,176,384,216,447
105,4,314,329,237,128,349,267,391,339,495,14
105,5,284,180,270,399,373,172,331,233,273,96
105,6,151,447,50,188,416,452,175,382,441,3
105,7,274,466,390,491,44,119,315,176,327,16
105,8,500,426,427,177,140,366,68,169,210,32
105,9,335,246,262,320,432,242,319,70,284,456
105,10,137,446,415,31,8,362,146,469,120,293
105,11,432,474,297,89,325,353,233,365,76,179
105,12,380,249,343,93,493,221,84,33,144,457
105,13,277,263,303,233,391,316,238,82,118,122
105,14,76,484,489,292,153,85,406,320,404,344
105,15,131,266,294,64,297,228,392,74,211,311
105,16,345,355,207,476,467,222,61,53,326,334
105,17,440,101,193,426,283,443,403,113,16,44
105,18,220,216,48,96,98,255,309,198,330,369
105,19,242,223,1,21,62,20,507,19,152,135
105,20,272,8,437,93,478,10,45,176,362,433
105,21,83,419,43,277,459,252,32,119,39,436
105,22,110,489,419,163,177,432,471,422,141,242
105,23,394,443,4,183,111,0,251,482,477,35
105,24,427,366,140,386,426,68,500,499,237,169
105,25,246,335,242,284,460,127,70,29,60,410
105,26,146,137,415,293,8,446,120,163,483,469
105,27,89,432,365,113,233,329,353,474,179,76
105,28,380,249,221,343,84,93,457,493,33,271
105,29,233,10,277,82,263,401,243,178,138,486
105,30,76,489,153,484,39,85,109,331,238,367
105,31,131,294,266,74,383,106,501,297,211,402
105,32,355,345,101,65,207,53,476,222,252,216
105,33,426,403,101,193,283,440,453,16,123,87
105,34,216,48,220,309,330,198,494,472,144,255
105,35,21,223,242,482,1,429,19,135,409,152
105,36,8,272,437,176,45,478,190,373,433,10
105,37,83,43,32,279,252,119,459,436,0,435
105,38,110,419,489,177,163,432,243,422,471,300
105,39,394,4,223,251,111,464,82,438,162,201
105,40,168,165,18,205,176,16,396,84,135,340
105,41,273,342,439,264,46,415,399,79,87,501
105,42,436,93,95,235,389,104,232,403,508,342
105,43,266,342,427,246,224,24,359,365,293,497
105,44,104,389,177,136,160,352,445,145,59,292
105,45,202,346,314,280,334,193,141,401,421,44
105,46,185,241,45,412,200,339,431,195,244,236
105,47,89,45,88,112,333,323,166,66,269,226
106,0,270,9,58,349,134,358,360,93,0,425
106,1,454,305,263,183,334,84,179,329,414,413
106,2,28,351,431,92,256,180,138,76,117,96
106,3,58,391,78,449,363,70,200,161,152,135
106,4,266,105,412,424,116,272,240,338,80,295
106,5,19,186,95,211,22,322,165,108,382,330
106,6,472,26,384,298,431,387,119,174,458,286
106,7,250,244,466,2,44,377,235,285,116,37
106,8,427,140,164,66,500,277,260,365,225,67
106,9,246,242,460,267,511,456,438,372,409,484
106,10,415,163,293,448,307,251,308,67,162,146
106,11,432,365,375,233,389,353,89,297,123,274
106,12,249,345,6,457,91,343,372,408,75,442
106,13,177,10,401,247,263,243,384,51,367,355
106,14,404,46,320,509,330,238,292,83,153,324
106,15,131,266,383,297,74,501,402,397,30,311
106,16,53,61,355,222,207,96,260,127,2,476
106,17,193,349,453,403,283,319,16,190,409,426
106,18,494,117,67,48,487,252,235,170,216,173
106,19,21,445,73,428,362,102,19,112,307,347
106,20,10,190,272,506,66,412,252,437,362,373
106,21,412,496,281,32,136,83,279,299,348,252
106,22,489,414,20,148,290,133,201,110,269,136
106,23,394,223,201,4,251,111,438,162,82,158
106,24,427,505,73,260,140,237,164,67,225,277
106,25,246,267,460,410,242,484,404,372,127,432
106,26,415,307,67,293,448,437,468,162,251,44
106,27,375,123,432,353,89,233,308,385,74,352
106,28,345,249,91,111,457,408,152,75,440,1
106,29,177,401,247,355,15,167,331,10,238,51
106,30,404,46,509,114,153,330,238,83,176,109
106,31,131,74,266,294,402,501,64,60,55,30
106,32,355,222,53,260,345,476,256,207,419,96
106,33,453,440,349,283,193,441,403,409,113,460
106,34,117,494,487,48,67,369,428,260,309,319
106,35,152,273,21,254,102,19,445,412,50,243
106,36,10,190,391,45,433,478,177,448,66,47
106,37,136,281,496,164,412,28,32,435,252,436
106,38,489,20,414,65,110,136,290,469,201,148
106,39,394,402,35,478,438,251,263,464,121,223
106,40,168,165,18,340,143,205,396,84,176,16
106,41,46,273,12,352,439,0,125,365,399,79
106,42,202,410,342,93,20,16,448,232,482,480
106,43,365,445,161,119,173,359,85,266,384,342
106,44,136,292,104,352,134,223,337,212,446,442
106,45,84,111,290,381,201,202,280,230,126,122
106,46,185,181,272,57,200,432,199,261,138,221
106,47,202,29,204,337,326,501,336,144,320,289
107,0,190,378,34,384,138,316,463,320,458,474
107,1,203,18,294,410,363,265,102,293,378,281
107,2,495,367,180,30,310,490,106,253,460,296
107,3,505,1,416,175,444,288,174,58,371,383
107,4,311,399,287,393,54,339,480,329,443,267
107,5,290,160,133,430,483,350,331,158,414,89
107,6,5,151,145,250,447,132,119,356,142,496
107,7,168,322,374,16,315,72,275,20,466,44
107,8,366,140,68,426,500,399,427,328,31,211
107,9,391,70,340,29,483,432,320,319,263,160
107,10,137,8,409,51,3,217,395,88,376,257
107,11,432,76,179,89,155,353,329,385,442,152
107,12,312,401,154,84,313,380,50,144,33,495
107,13,277,391,263,486,203,316,77,238,134,430
107,14,406,76,484,153,207,344,85,437,456,291
107,15,294,131,74,98,146,224,275,297,311,228
107,16,345,355,252,382,207,476,360,101,61,348
107,17,440,283,113,193,443,225,505,236,87,403
107,18,395,98,331,309,369,48,93,319,19,308
107,19,273,21,152,396,254,243,314,292,389,19
107,20,391,10,478,177,93,433,176,448,45,5
107,21,28,164,496,281,305,136,412,23,56,88
107,22,429,489,121,424,186,469,224,20,125,320
107,23,402,438,35,251,394,74,263,486,6,477
107,24,366,73,68,31,500,140,426,177,399,260
107,25,391,319,483,70,29,184,246,432,160,298
107,26,137,51,138,8,1,409,88,62,120,162
107,27,179,89,432,76,329,113,353,385,470,152
107,28,312,154,380,401,84,313,50,33,144,193
107,29,277,203,391,178,486,316,238,263,350,276
107,30,76,153,406,484,85,207,344,291,354,109
107,31,294,131,64,74,98,501,402,266,311,483
107,32,355,345,222,53,171,260,207,101,61,476
107,33,440,283,443,113,193,403,354,505,245,225
107,34,98,395,369,309,93,494,48,422,331,19
107,35,21,152,292,102,112,306,396,254,273,19
107,36,391,433,177,437,10,45,93,478,278,102
107,37,164,252,496,281,32,56,435,88,28,305
107,38,429,489,121,424,469,224,242,186,125,20
107,39,394,251,438,402,464,223,121,201,111,35
107,40,168,18,165,143,340,205,135,141,84,396
107,41,273,439,352,46,0,12,399,365,210,79
107,42,137,202,139,93,342,482,448,304,197,232
107,43,365,445,173,246,161,119,24,342,266,359
107,44,28,104,134,223,292,352,446,212,442,402
107,45,111,280,290,381,84,202,230,122,421,351
107,46,185,200,272,336,57,214,199,252,193,67
107,47,270,298,320,326,31,501,336,349,480,461
108,0,401,316,264,427,347,98,62,36,93,201
108,1,238,410,293,363,420,302,287,240,370,294
108,2,367,180,253,439,470,486,493,106,460,406
108,3,416,58,391,168,135,449,376,200,444,191
108,4,339,192,412,393,311,316,105,69,422,83
108,5,60,400,424,215,331,485,483,143,186,158
108,6,132,174,42,495,447,255,387,371,471,145
108,7,44,426,128,256,282,16,48,72,244,457
108,8,366,500,68,73,317,31,260,140,426,427
108,9,246,23,432,484,372,184,267,70,319,483
108,10,137,51,3,8,153,291,212,138,409,354
108,11,432,179,375,385,329,353,239,168,89,139
108,12,6,326,84,502,418,453,369,198,307,50
108,13,391,355,203,459,178,263,384,367,163,169
108,14,455,85,291,404,330,196,238,98,287,46
108,15,294,64,131,228,266,74,397,297,402,98
108,16,355,222,345,260,171,53,419,207,476,348
108,17,283,346,245,236,336,193,461,443,440,118
108,18,416,321,156,369,341,70,395,494,48,309
108,19,21,438,209,102,141,445,19,450,362,306
108,20,278,51,27,297,121,315,436,506,102,122
108,21,461,32,435,442,206,252,436,250,311,152
108,22,489,160,273,52,253,17,320,445,33,242
108,23,438,394,251,401,223,284,155,96,179,201
108,24,73,366,31,317,68,260,328,499,426,140
108,25,246,70,404,410,184,160,484,319,432,166
108,26,138,51,397,88,217,56,385,6,137,468
108,27,179,385,375,239,329,353,432,311,352,89
108,28,326,418,6,369,347,453,440,125,233,95
108,29,203,459,355,420,89,477,167,349,314,163
108,30,85,291,404,432,238,68,505,146,218,176
108,31,294,131,64,74,98,146,228,30,436,392
108,32,345,222,355,260,171,252,476,207,211,348
108,33,283,118,371,346,461,336,245,144,409,309
108,34,321,416,234,156,494,70,422,341,217,76
108,35,412,21,184,102,285,19,50,16,445,66
108,36,45,297,436,506,433,102,315,53,417,278
108,37,435,32,442,474,199,436,206,252,266,465
108,38,160,273,489,33,253,242,269,445,17,415
108,39,251,438,401,394,179,464,96,155,81,368
108,40,168,205,143,165,434,18,283,39,135,396
108,41,353,273,245,210,171,195,399,439,11,52
108,42,388,93,97,479,17,71,45,257,438,491
108,43,64,365,173,445,190,181,359,207,139,378
108,44,474,338,294,173,276,248,35,402,418,315
108,45,132,22,119,126,405,168,511,357,402,93
108,46,432,359,261,219,193,499,56,286,436,501
108,47,463,125,343,126,242,417,289,442,213,453
109,0,412,251,319,371,205,168,235,431,148,294
109,1,440,125,57,475,88,423,389,446,100,310
109,2,180,37,511,496,207,107,296,137,116,109
109,3,331,403,335,408,447,293,196,249,235,217
109,4,233,506,325,465,73,294,357,257,346,199
109,5,41,58,496,294,56,471,68,111,181,74
109,6,259,435,68,237,168,118,269,126,320,185
109,7,351,316,33,302,139,276,485,489,52,92
109,8,500,356,41,154,399,205,50,443,366,160
109,9,70,29,340,511,260,410,332,432,68,184
109,10,129,273,48,88,60,217,432,82,65,453
109,11,14,89,422,3,187,311,193,131,353,222
109,12,288,246,220,37,287,301,63,338,143,228
109,13,127,483,369,203,128,212,314,197,195,45
109,14,68,388,146,85,291,323,74,470,45,507
109,15,294,146,228,275,297,74,131,133,102,211
109,16,345,355,171,476,207,260,252,330,348,98
109,17,118,346,306,293,336,112,17,144,103,281
109,18,503,510,497,127,475,118,385,282,483,318
109,19,412,21,184,50,362,16,209,331,438,19
109,20,45,297,417,228,53,436,227,413,484,127
109,21,435,18,242,474,54,220,456,464,477,324
109,22,470,283,43,445,78,77,401,171,281,122
109,23,404,438,401,95,150,384,0,448,49,442
109,24,500,154,356,41,443,205,503,327,50,138
109,25,70,29,62,296,210,184,332,160,511,195
109,26,273,217,129,397,125,65,179,16,238,6
109,27,187,14,89,311,12,422,415,3,193,383
109,28,288,356,246,220,338,95,16,123,301,37
109,29,314,369,212,127,203,128,260,483,188,484
109,30,68,146,507,291,388,323,432,85,140,74
109,31,294,356,146,228,231,275,297,436,245,74
109,32,345,355,148,280,428,98,171,450,88,330
109,33,144,468,293,336,103,112,459,222,375,281
109,34,475,318,232,503,497,18,118,127,510,193
109,35,412,166,297,362,21,331,374,310,52,475
109,36,45,417,423,228,297,355,152,227,51,484
109,37,324,220,435,18,474,5,32,477,242,464
109,38,470,283,43,78,445,77,264,401,171,373
109,39,95,438,327,394,179,474,448,221,108,9
109,40,397,493,471,434,451,486,18,143,96,4
109,41,353,210,171,55,493,434,435,349,20,385
109,42,388,93,294,248,124,476,287,254,85,43
109,43,139,77,445,207,87,133,495,24,370,467
109,44,356,338,315,276,51,433,189,248,395,136
109,45,22,442,270,237,215,280,168,16,318,489
109,46,418,432,469,25,77,219,286,242,27,58
109,47,254,343,445,242,204,142,79,283,113,388
110,0,298,380,194,216,315,109,3,165,395,431
110,1,36,158,466,74,77,128,88,506,346,181
110,2,37,180,325,295,296,125,239,137,27,511
110,3,331,447,4,335,403,408,196,405,468,14
110,4,233,325,506,263,426,465,496,410,423,156
110,5,41,58,496,100,111,98,468,294,9,354
110,6,394,505,126,427,164,91,468,76,280,152
110,7,241,399,10,351,99,479,316,140,489,158
110,8,500,356,187,160,87,41,179,54,205,414
110,9,29,488,68,260,202,240,214,450,344,111
110,10,432,394,48,35,129,36,273,484,320,492
110,11,89,422,291,14,221,456,268,371,368,402
110,12,288,37,228,246,220,63,346,459,9,264
110,13,314,128,127,369,212,260,259,483,329,464
110,14,68,486,388,384,146,57,90,470,140,507
110,15,294,146,297,245,325,301,356,321,188,290
110,16,345,148,428,450,88,280,292,144,98,330
110,17,103,144,293,196,491,468,459,484,375,306
110,18,318,42,497,510,475,49,483,6,503,127
110,19,412,297,463,362,66,125,90,107,219,128
110,20,45,355,227,417,297,301,484,234,500,113
110,21,477,324,220,435,394,308,5,392,150,469
110,22,60,24,210,104,30,264,293,75,78,345
110,23,142,455,442,448,392,14,369,49,15,203
110,24,500,443,356,154,41,327,205,35,160,187
110,25,29,260,35,296,184,511,280,62,70,407
110,26,235,129,48,273,22,474,179,340,125,65
110,27,422,89,14,311,12,184,122,72,456,291
110,28,123,459,346,37,228,113,338,220,246,288
110,29,314,127,128,260,212,61,369,414,484,94
110,30,507,146,68,384,57,388,90,470,291,266
110,31,294,356,245,297,228,146,188,136,74,57
110,32,280,450,88,98,428,345,148,171,330,36
110,33,293,468,103,144,336,375,459,19,479,119
110,34,318,232,475,42,312,18,497,453,480,251
110,35,435,297,362,412,492,398,313,128,206,462
110,36,45,355,417,270,375,33,152,424,447,484
110,37,477,324,5,308,394,220,392,96,441,144
110,38,60,24,104,210,30,75,249,264,345,284
110,39,244,145,115,301,203,448,27,494,15,332
110,40,493,451,486,295,262,18,143,4,471,470
110,41,493,287,55,42,353,476,84,385,434,103
110,42,124,27,248,93,368,226,215,319,140,87
110,43,77,139,133,24,353,12,91,495,493,231
110,44,356,338,395,433,276,315,359,209,238,302
110,45,22,47,442,215,160,237,115,270,303,280
110,46,418,338,388,283,348,484,378,67,168,408
110,47,138,343,273,204,44,451,244,346,330,453
111,0,45,478,433,298,114,83,135,333,453,154
111,1,97,510,146,128,74,223,88,32,51,227
111,2,357,325,180,295,239,37,113,125,13,89
111,3,331,4,403,447,335,203,14,408,182,461
111,4,325,28,465,426,59,156,506,257,496,252
111,5,9,111,292,98,100,58,468,41,482,154
111,6,505,260,394,194,280,427,164,126,234,185
111,7,241,158,399,9,260,425,372,215,288,173
111,8,87,356,500,160,19,439,397,431,414,370
111,9,260,29,407,68,111,360,202,35,214,367
111,10,492,320,48,432,129,273,264,313,484,235
111,11,89,221,268,291,371,402,422,311,7,367
111,12,288,459,228,9,37,346,153,53,21,290
111,13,314,128,260,286,259,127,347,115,447,385
111,14,384,486,57,510,68,165,179,257,507,138
111,15,290,424,203,347,68,472,401,243,394,27
111,16,391,428,450,260,148,41,36,277,191,493
111,17,144,80,484,372,491,340,468,467,298,420
111,18,318,42,49,251,359,510,471,128,193,497
111,19,297,435,362,463,174,52,475,90,412,363
111,20,355,45,417,250,291,356,151,230,170,78
111,21,308,324,477,96,5,394,435,469,150,441
111,22,210,30,24,223,104,264,75,293,284,345
111,23,244,127,203,242,442,39,9,290,233,142
111,24,19,439,510,500,87,356,5,54,458,395
111,25,450,260,29,233,35,504,407,280,511,180
111,26,492,320,48,313,297,484,235,71,22,432
111,27,89,221,422,291,311,456,492,92,367,371
111,28,228,459,346,153,37,9,53,123,21,471
111,29,115,260,128,52,447,329,286,136,508,387
111,30,470,57,486,90,421,388,282,169,492,148
111,31,146,245,294,293,74,376,79,73,167,68
111,32,391,428,260,2,135,62,36,300,327,134
111,33,144,467,80,484,372,499,88,324,25,196
111,34,318,42,193,497,6,49,251,475,115,19
111,35,435,362,297,174,372,329,363,313,341,453
111,36,45,355,417,230,170,33,265,395,407,375
111,37,324,308,5,477,394,96,220,469,150,441
111,38,30,24,210,104,223,75,284,293,249,264
111,39,242,368,332,9,27,259,244,130,236,394
111,40,262,18,295,229,96,449,445,493,4,391
111,41,55,287,493,42,65,391,70,434,406,34
111,42,215,124,296,248,27,271,217,501,425,233
111,43,77,133,20,231,157,488,48,476,368,496
111,44,433,167,56,356,286,300,418,5,394,207
111,45,215,442,47,22,220,356,398,238,270,317
111,46,418,338,469,281,374,56,324,472,421,438
111,47,138,273,242,343,442,129,195,495,506,346
112,0,121,154,299,332,45,397,433,420,488,124
112,1,510,340,152,146,223,128,60,97,345,38
112,2,322,357,113,325,77,51,358,240,489,89
112,3,331,447,203,386,148,14,461,403,4,465
112,4,480,28,363,198,322,463,211,270,502,441
112,5,292,433,9,469,3,100,291,448,175,173
112,6,260,194,158,233,379,35,415,150,505,80
112,7,399,158,382,372,150,425,242,241,414,26
112,8,439,458,87,19,26,397,414,370,181,5
112,9,504,407,29,180,360,361,260,233,240,0
112,10,240,393,313,243,471,71,107,325,358,264
112,11,89,371,311,350,252,250,268,84,33,291
112,12,459,296,230,290,199,253,123,356,217,389
112,13,385,423,411,153,347,260,387,250,302,35
112,14,99,387,486,274,405,470,505,200,57,61
112,15,146,297,383,294,131,74,245,311,275,30
112,16,10,88,348,171,260,345,2,168,378,467
112,17,490,346,420,62,449,459,236,177,264,245
112,18,179,144,128,237,419,193,438,104,167,137
112,19,362,209,395,107,185,19,498,39,297,141
112,20,373,353,151,216,490,51,311,181,437,204
112,21,275,288,326,375,283,489,493,274,157,126
112,22,6,197,97,214,284,267,458,234,322,263
112,23,394,308,162,160,73,202,201,247,147,464
112,24,510,312,89,225,216,370,164,6,155,66
112,25,246,400,511,249,160,187,302,410,44,128
112,26,56,117,217,258,89,293,239,44,298,238
112,27,479,443,311,295,352,146,16,24,2,419
112,28,356,80,440,180,16,0,383,487,338,385
112,29,449,416,284,90,356,203,307,334,15,349
112,30,505,99,85,404,470,61,405,331,283,490
112,31,397,146,297,275,245,157,383,376,187,79
112,32,378,171,348,88,96,10,152,98,451,168
112,33,346,323,490,265,264,459,449,25,359,219
112,34,237,407,193,179,144,230,153,57,1,167
112,35,107,207,21,91,106,19,362,152,395,39
112,36,373,327,176,195,490,8,353,216,96,437
112,37,288,280,316,101,160,48,32,125,477,332
112,38,6,411,299,157,234,62,458,167,439,197
112,39,156,394,162,4,201,111,223,251,147,494
112,40,205,168,162,396,141,18,16,84,135,39
112,41,485,342,300,399,79,273,87,348,439,135
112,42,319,243,462,93,508,218,225,95,248,466
112,43,427,342,95,124,266,24,40,148,359,421
112,44,350,76,358,344,177,389,104,366,362,108
112,45,481,215,220,324,168,226,158,401,95,217
112,46,357,290,393,297,355,469,136,421,112,496
112,47,399,224,142,60,346,338,293,82,139,242
113,0,270,0,353,316,290,401,99,282,37,481
113,1,197,393,60,431,128,152,86,353,373,131
113,2,287,325,180,286,87,393,322,49,335,471
113,3,331,240,447,280,111,268,24,500,209,132
113,4,257,424,279,62,289,339,167,402,430,144
113,5,279,280,433,71,337,159,1,449,115,91
113,6,260,415,329,239,395,379,80,234,280,179
113,7,392,438,84,234,49,348,183,417,451,40
113,8,510,500,283,252,458,370,64,439,188,147
113,9,187,260,180,44,404,29,511,426,360,32
113,10,263,106,22,419,349,208,76,492,456,37
113,11,89,443,221,291,92,479,252,216,268,319
113,12,123,440,57,303,288,509,501,31,188,132
113,13,286,110,260,202,35,255,257,311,423,418
113,14,384,57,153,6,99,470,404,137,260,117
113,15,74,245,79,382,73,146,383,297,138,293
113,16,260,2,96,16,450,135,171,238,88,11
113,17,144,265,80,490,190,214,25,177,477,117
113,18,193,318,46,422,312,88,258,91,212,121
113,19,297,435,362,21,463,498,107,90,57,26
113,20,355,45,51,417,311,373,353,291,13,116
113,21,324,308,5,435,472,150,32,392,477,176
113,22,204,54,357,175,453,322,417,284,140,108
113,23,394,236,203,403,494,442,433,462,17,290
113,24,510,500,409,458,262,370,283,194,479,390
113,25,187,260,44,29,511,404,410,180,364,220
113,26,263,106,22,208,404,76,437,179,134,492
113,27,443,221,89,479,388,311,252,291,92,57
113,28,123,440,188,444,288,356,324,303,21,501
113,29,110,286,260,202,356,352,423,504,56,153
113,30,404,470,99,153,486,57,384,137,497,492
113,31,74,146,297,245,79,376,73,397,383,203
113,32,2,96,53,171,348,260,101,16,230,336
113,33,144,265,25,80,190,264,467,490,449,346
113,34,193,318,46,312,19,258,212,91,422,507
113,35,362,435,21,57,297,9,26,372,329,52
113,36,45,355,51,417,373,311,353,490,375,304
113,37,324,32,5,308,435,150,333,477,101,392
113,38,204,175,357,54,140,322,242,470,173,397
113,39,394,242,368,504,292,130,118,448,108,226
113,40,18,262,219,311,396,135,437,96,251,420
113,41,449,439,399,55,493,273,349,434,443,471
113,42,248,388,93,62,455,168,215,319,10,76
113,43,24,13,231,508,124,263,346,139,207,449
113,44,276,315,248,148,76,167,169,358,220,402
113,45,237,270,168,55,238,356,220,215,233,42
113,46,510,60,286,232,362,281,374,19,33,346
113,47,120,242,292,417,398,25,355,442,403,207
114,0,499,241,212,192,294,240,60,457,475,245
114,1,328,468,259,373,245,431,171,175,309,209
114,2,208,325,180,59,147,65,287,132,228,423
114,3,331,202,491,447,95,309,240,427,500,209
114,4,163,125,279,390,70,373,381,258,3,73
114,5,279,209,237,110,129,4,433,101,442,356
114,6,125,493,112,485,97,490,364,283,198,446
114,7,202,493,60,288,81,475,144,438,452,102
114,8,510,312,37,320,89,370,66,70,497,55
114,9,246,70,267,404,400,263,249,187,372,44
114,10,56,217,293,153,44,117,411,51,453,142
114,11,479,179,117,146,34,385,352,157,399,432
114,12,80,356,16,383,151,511,241,171,448,338
114,13,203,349,153,483,89,334,169,45,457,100
114,14,505,85,99,238,291,387,83,404,405,469
114,15,294,131,74,297,146,383,30,397,275,64
114,16,260,345,222,355,53,207,10,61,96,171
114,17,236,490,245,336,346,420,281,283,319,449
114,18,144,419,179,137,468,237,438,309,369,361
114,19,209,471,99,438,107,306,39,19,166,185
114,20,353,181,373,151,51,121,178,176,397,385
114,21,288,101,126,438,32,50,317,162,133,230
114,22,6,237,492,53,421,197,108,470,22,234
114,23,394,162,202,256,160,111,486,45,193,482
114,24,312,510,155,216,258,89,164,237,31,67
114,25,246,400,249,364,511,70,160,127,499,187
114,26,217,468,44,293,89,117,6,483,239,56
114,27,479,114,144,443,146,352,103,16,375,311
114,28,80,356,511,440,383,16,0,215,487,180
114,29,449,284,334,307,356,349,416,24,46,174
114,30,99,443,384,404,61,114,505,239,331,200
114,31,146,131,383,397,297,501,60,74,30,376
114,32,53,127,96,10,168,61,419,2,222,260
114,33,490,406,455,188,38,282,420,459,418,449
114,34,144,153,237,419,57,312,37,1,407,179
114,35,471,107,141,11,253,39,130,91,209,395
114,36,121,178,373,102,353,289,327,151,306,51
114,37,332,288,237,96,118,280,485,125,477,316
114,38,6,420,175,470,234,411,453,458,421,89
114,39,111,256,82,464,223,4,267,452,394,251
114,40,176,168,84,135,141,205,16,170,402,234
114,41,342,87,299,348,273,300,356,178,296,501
114,42,218,319,462,243,248,95,466,93,131,37
114,43,173,342,359,24,148,44,261,124,224,266
114,44,358,177,195,350,59,76,104,442,209,389
114,45,412,173,226,37,220,349,168,421,324,162
114,46,357,290,433,200,85,374,346,55,217,281
114,47,445,242,79,254,204,25,442,367,343,207
115,0,227,194,380,261,88,487,83,331,298,90
115,1,206,468,171,245,70,74,466,382,88,36
115,2,325,312,426,365,147,59,180,60,270,389
115,3,331,461,447,408,4,497,405,335,111,500
115,4,325,426,465,496,506,279,257,156,131,125
115,5,279,1,445,4,100,433,84,91,276,111
115,6,395,485,54,280,198,112,505,35,144,306
115,7,84,76,60,288,81,10,241,438,287,120
115,8,510,500,147,19,406,479,194,76,188,408
115,9,187,29,260,58,427,114,387,450,202,156
115,10,263,158,395,432,492,304,419,76,264,404
115,11,89,221,443,291,445,92,504,244,268,201
115,12,140,53,160,288,444,123,217,153,228,182
115,13,286,110,260,223,28,350,296,170,393,68
115,14,6,165,153,117,137,384,476,76,417,257
115,15,189,74,73,146,418,382,245,123,347,438
115,16,260,391,2,238,56,216,115,32,269,506
115,17,144,265,190,80,490,477,25,488,466,264
115,18,318,193,91,285,212,121,115,46,422,42
115,19,362,463,21,297,435,26,107,92,498,320
115,20,355,51,373,45,13,311,417,353,490,55
115,21,324,32,5,435,150,392,308,101,333,220
115,22,270,104,175,24,210,60,204,417,149,195
115,23,118,394,242,292,203,236,108,244,290,234
115,24,510,194,500,262,203,165,479,76,269,265
115,25,187,29,260,410,445,364,387,136,27,298
115,26,263,158,106,134,492,246,432,211,228,437
115,27,221,89,443,291,388,422,237,439,346,311
115,28,140,53,160,217,444,288,228,168,440,324
115,29,286,110,350,93,352,202,504,260,423,356
115,30,153,486,476,470,404,137,109,260,99,212
115,31,74,189,266,131,73,245,382,203,376,146
115,32,260,391,53,2,96,171,419,326,115,101
115,33,144,265,264,190,25,404,80,467,477,488
115,34,193,91,318,285,212,42,291,399,312,484
115,35,362,21,57,26,297,9,435,107,207,79
115,36,355,45,51,373,490,353,311,417,101,13
115,37,324,5,32,435,150,101,333,308,362,392
115,38,60,24,270,104,175,210,264,204,345,75
115,39,394,368,242,118,167,104,215,130,226,162
115,40,18,311,262,396,135,364,351,141,96,434
115,41,449,439,399,493,55,273,434,42,348,87
115,42,248,124,93,319,62,27,455,463,87,169
115,43,24,124,508,13,207,346,359,322,231,77
115,44,356,402,167,358,104,1,228,433,195,302
115,45,215,47,280,442,227,237,223,508,10,220
115,46,338,469,418,92,471,200,60,350,317,308
115,47,138,292,360,273,280,343,458,242,142,154
116,0,121,433,478,45,154,195,405,332,124,56
116,1,223,219,340,468,510,502,431,186,443,110
116,2,51,240,180,358,113,426,77,132,389,325
116,3,331,447,461,386,403,500,115,161,47,95
116,4,363,284,279,500,317,144,392,502,41,381
116,5,279,369,3,100,4,9,276,128,352,228
116,6,35,427,345,52,40,125,493,198,370,144
116,7,84,202,112,327,81,438,287,189,76,17
116,8,510,500,431,3,407,172,67,265,6,400
116,9,187,246,44,404,260,410,36,458,128,467
116,10,437,106,395,37,510,360,364,179,288,419
116,11,89,443,343,221,388,377,445,259,238,57
116,12,140,444,380,217,168,123,234,501,188,57
116,13,110,260,356,202,101,153,35,296,427,277
116,14,404,153,76,384,351,165,49,501,510,33
116,15,297,74,382,146,383,266,397,275,131,245
116,16,171,96,348,216,2,260,115,451,168,207
116,17,264,265,144,490,477,25,190,359,449,214
116,18,193,91,472,312,378,305,422,291,118,468
116,19,498,21,107,242,92,57,362,207,297,463
116,20,373,51,355,13,45,311,490,417,353,406
116,21,32,324,119,435,101,208,5,252,333,438
116,22,270,444,175,104,417,149,405,317,490,453
116,23,394,118,368,247,190,162,284,121,139,173
116,24,510,500,312,216,3,67,400,89,330,402
116,25,187,471,160,364,246,410,266,44,243,163
116,26,258,217,239,82,161,89,468,34,179,293
116,27,443,479,71,410,146,24,311,419,179,233
116,28,356,80,440,338,380,398,0,444,234,182
116,29,101,356,15,26,416,203,90,307,393,236
116,30,85,404,147,283,470,497,153,41,505,384
116,31,146,397,297,275,294,231,131,245,383,79
116,32,171,348,152,403,31,451,378,345,88,96
116,33,265,346,264,449,359,323,144,403,490,190
116,34,193,312,468,144,95,118,91,291,419,285
116,35,57,107,21,362,207,29,19,329,26,9
116,36,355,373,45,51,490,13,311,417,310,353
116,37,324,32,5,435,252,119,101,477,360,38
116,38,175,270,317,104,453,444,149,405,374,45
116,39,394,118,162,368,130,156,226,4,337,108
116,40,18,311,396,262,437,135,179,96,141,251
116,41,439,399,449,273,300,342,52,349,77,443
116,42,248,93,319,455,62,293,95,463,169,43
116,43,124,24,342,359,508,346,164,231,322,13
116,44,402,104,167,358,1,281,195,292,352,290
116,45,280,215,237,223,227,455,10,47,488,459
116,46,469,92,185,200,350,106,226,283,80,239
116,47,280,292,142,154,11,222,407,66,461,451
117,0,46,505,399,160,223,37,28,44,280,353
117,1,71,86,197,60,431,353,468,283,245,112
117,2,10,180,142,101,321,286,287,363,272,380
117,3,331,510,216,240,447,416,24,237,449,357
117,4,349,417,495,118,447,458,391,245,257,359
117,5,279,373,258,169,273,180,177,147,379,109
117,6,329,189,476,52,179,198,387,280,285,80
117,7,231,170,147,491,438,327,315,40,348,280
117,8,510,500,307,67,431,432,370,64,147,408
117,9,187,410,44,246,260,156,36,29,452,321
117,10,106,437,60,345,288,395,490,37,179,360
117,11,89,443,221,343,377,291,373,432,268,391
117,12,351,463,444,380,84,288,440,502,271,132
117,13,110,202,356,274,260,277,296,306,286,350
117,14,404,351,153,384,165,283,49,109,99,6
117,15,74,297,266,382,245,189,383,73,131,301
117,16,96,171,260,115,326,53,2,216,179,348
117,17,265,144,190,264,25,187,490,477,449,442
117,18,193,213,122,422,434,310,19,472,121,118
117,19,21,483,362,57,498,242,463,92,147,112
117,20,51,355,373,45,13,490,353,310,311,478
117,21,32,271,119,154,324,435,252,208,5,436
117,22,417,479,374,150,422,177,242,453,192,276
117,23,394,118,368,465,108,433,278,203,173,403
117,24,510,500,307,194,445,130,479,67,285,390
117,25,187,364,410,74,475,450,29,243,260,51
117,26,106,345,60,437,337,295,404,288,432,120
117,27,221,89,443,454,275,439,128,302,466,209
117,28,351,463,444,440,271,168,380,288,373,395
117,29,110,350,356,286,85,173,277,26,54,494
117,30,404,283,444,497,378,153,137,282,49,108
117,31,266,297,74,376,382,131,203,409,411,258
117,32,171,53,96,419,317,326,269,2,336,260
117,33,144,264,25,401,404,190,449,187,265,346
117,34,193,213,434,19,122,494,310,484,118,220
117,35,483,57,362,9,21,444,52,147,112,81
117,36,51,45,355,373,490,311,417,353,310,101
117,37,32,271,324,154,119,5,435,252,436,176
117,38,374,479,242,150,422,177,243,192,300,417
117,39,394,368,118,103,226,494,130,292,242,465
117,40,18,311,262,165,135,141,364,396,143,304
117,41,439,264,399,273,443,449,87,342,348,350
117,42,93,403,455,95,319,235,104,77,169,248
117,43,346,24,508,124,322,246,342,13,359,365
117,44,247,104,402,281,352,1,505,228,290,195
117,45,280,508,202,421,334,44,114,455,223,193
117,46,185,200,241,165,78,405,350,195,339,67
117,47,45,88,89,498,461,226,420,170,407,501
118,0,139,360,451,134,67,93,102,308,349,358
118,1,405,179,197,413,263,84,23,58,78,454
118,2,180,394,273,69,287,170,96,419,256,190
118,3,331,280,24,96,469,240,78,447,37,350
118,4,458,424,289,105,45,412,116,167,430,62
118,5,279,186,109,492,12,147,296,280,381,293
118,6,387,476,286,95,280,486,33,26,499,90
118,7,147,509,244,235,506,304,348,227,226,314
118,8,510,500,67,431,307,6,312,70,204,260
118,9,187,44,260,246,243,410,364,404,29,511
118,10,437,60,106,345,361,419,307,82,179,267
118,11,89,443,71,111,168,319,221,311,239,479
118,12,165,3,440,6,2,288,84,75,127,444
118,13,260,110,26,286,167,106,393,306,418,504
118,14,404,153,260,384,497,283,99,470,357,109
118,15,74,73,266,297,245,392,383,98,382,211
118,16,260,115,171,53,8,96,179,476,326,2
118,17,144,187,265,25,401,404,190,264,394,449
118,18,193,280,494,213,19,422,151,121,170,117
118,19,21,362,57,81,463,9,112,348,475,147
118,20,51,355,13,45,373,437,66,490,417,236
118,21,32,400,324,146,435,252,5,31,271,436
118,22,15,417,453,295,304,269,414,133,404,164
118,23,394,118,368,121,185,494,234,120,292,130
118,24,500,510,67,307,144,204,260,6,239,370
118,25,364,243,410,260,246,187,44,29,404,432
118,26,106,437,345,60,179,468,361,82,404,49
118,27,443,89,221,71,239,388,168,311,479,439
118,28,3,440,165,288,444,6,372,84,13,75
118,29,26,286,356,167,110,83,260,277,202,306
118,30,404,283,153,497,114,260,357,137,384,470
118,31,266,74,297,131,175,245,73,60,392,382
118,32,53,171,260,96,8,2,115,326,419,101
118,33,265,144,25,187,404,264,449,190,401,346
118,34,280,193,494,170,19,117,151,118,167,422
118,35,9,21,57,362,112,452,81,207,26,50
118,36,355,51,45,373,13,125,417,437,311,490
118,37,32,324,400,146,5,252,435,38,438,436
118,38,15,295,414,453,242,304,133,269,417,164
118,39,394,368,118,121,162,452,284,179,251,4
118,40,18,311,135,165,396,364,434,262,141,168
118,41,16,439,399,449,273,124,87,300,125,23
118,42,93,67,68,455,438,319,172,138,265,30
118,43,24,365,342,349,359,124,445,246,190,346
118,44,292,148,402,337,104,195,352,358,281,90
118,45,280,494,126,202,119,201,456,290,421,500
118,46,245,248,221,185,446,200,412,359,163,510
118,47,181,29,400,370,136,125,2,461,65,369
119,0,401,264,175,347,36,316,98,62,376,470
119,1,76,5,405,262,197,238,293,61,316,287
119,2,180,454,470,253,294,142,493,439,200,20
119,3,331,416,447,391,168,240,333,316,385,51
119,4,458,339,192,267,62,424,257,429,123,289
119,5,424,279,119,284,146,186,97,37,158,127
119,6,3,387,132,447,175,129,280,42,33,87
119,7,282,128,44,244,305,72,429,256,227,147
119,8,510,500,67,177,239,260,32,312,408,144
119,9,187,246,410,260,243,364,44,29,432,88
119,10,106,345,437,3,137,490,60,404,362,468
119,11,89,221,443,148,168,71,343,111,291,432
119,12,380,444,288,84,395,502,6,168,400,303
119,13,110,26,277,202,286,356,283,350,260,427
119,14,404,153,76,455,114,384,283,497,260,165
119,15,74,266,189,297,382,245,73,60,397,383
119,16,171,8,115,260,96,53,2,216,326,419
119,17,265,264,144,477,214,25,190,449,490,38
119,18,122,193,468,422,108,19,472,246,310,121
119,19,21,498,242,112,348,26,371,463,92,57
119,20,13,373,51,355,437,45,311,278,136,216
119,21,32,252,470,120,324,436,424,502,435,31
119,22,444,453,349,17,242,320,434,417,321,304
119,23,394,118,368,121,4,139,234,393,494,236
119,24,500,510,239,177,67,194,32,133,144,126
119,25,364,410,243,246,88,187,260,83,29,119
119,26,106,3,345,173,468,137,437,82,362,490
119,27,89,443,71,221,113,388,343,181,479,373
119,28,380,444,288,168,395,502,234,84,6,400
119,29,26,110,356,277,427,286,101,98,80,283
119,30,404,283,153,497,114,76,384,455,109,99
119,31,297,74,146,131,266,60,175,382,397,376
119,32,171,403,348,96,2,31,8,326,294,152
119,33,265,264,144,449,190,25,323,346,214,403
119,34,468,193,122,108,246,472,494,144,118,422
119,35,21,207,19,57,9,112,498,242,141,371
119,36,51,355,373,45,437,13,311,490,353,310
119,37,32,324,470,419,252,502,119,436,5,29
119,38,242,444,453,17,349,320,434,321,328,52
119,39,394,368,4,118,156,284,162,247,121,111
119,40,18,396,135,311,205,168,179,437,434,250
119,41,439,399,273,342,16,87,449,210,348,243
119,42,93,362,95,261,172,491,77,455,319,62
119,43,342,24,359,246,124,95,346,26,266,164
119,44,148,220,402,104,164,389,276,352,35,281
119,45,280,494,200,202,421,33,401,44,440,220
119,46,329,510,185,200,457,44,67,110,120,432
119,47,175,407,120,234,400,292,461,501,45,37
120,0,212,499,241,240,294,60,192,475,391,245
120,1,328,245,386,215,475,229,385,394,57,285
120,2,180,208,147,200,107,296,444,132,59,211
120,3,331,447,202,496,491,237,403,335,309,461
120,4,163,390,73,346,62,125,257,279,223,212
120,5,129,110,101,424,478,279,354,339,12,98
120,6,66,33,201,168,446,269,387,281,231,132
120,7,288,499,202,120,493,93,76,244,339,441
120,8,500,239,510,509,67,431,370,144,184,6
120,9,260,187,29,246,364,44,69,243,410,404
120,10,211,106,437,82,468,424,179,263,345,155
120,11,89,443,221,71,388,311,181,291,168,111
120,12,234,160,168,288,188,84,217,501,338,97
120,13,356,26,110,260,286,202,416,101,306,487
120,14,384,404,283,470,99,153,2,9,482,501
120,15,146,297,74,424,405,428,383,397,382,260
120,16,171,10,348,2,16,302,451,260,115,8
120,17,265,490,144,264,25,459,288,477,190,359
120,18,285,468,193,398,212,422,19,118,374,358
120,19,297,107,26,21,362,29,232,363,54,348
120,20,373,355,51,45,417,13,311,490,353,262
120,21,32,220,435,392,324,5,438,178,252,436
120,22,470,175,270,453,281,321,345,149,309,417
120,23,394,162,494,54,415,3,442,284,15,504
120,24,500,510,239,312,89,370,6,67,443,402
120,25,511,187,246,400,410,302,128,44,127,298
120,26,22,211,238,332,213,117,100,203,119,239
120,27,443,311,479,397,89,422,252,261,84,49
120,28,356,180,264,0,338,182,234,288,459,440
120,29,356,260,302,416,22,286,385,449,11,203
120,30,470,486,424,212,99,160,404,510,137,200
120,31,74,146,297,459,131,245,258,501,79,206
120,32,53,96,171,2,348,191,135,294,429,58
120,33,265,144,490,190,25,264,467,449,404,210
120,34,285,212,468,193,19,95,398,305,118,374
120,35,362,26,9,207,145,21,219,29,52,17
120,36,45,355,373,51,417,490,311,121,104,80
120,37,324,32,220,5,392,435,101,29,38,178
120,38,175,470,270,345,309,149,281,264,24,321
120,39,394,108,301,139,368,433,236,492,278,130
120,40,18,91,493,96,135,437,116,4,356,412
120,41,493,449,399,55,353,476,349,439,42,300
120,42,248,124,93,388,471,43,220,319,318,455
120,43,24,320,77,13,124,508,14,250,200,321
120,44,276,356,315,141,433,248,448,460,481,394
120,45,270,22,237,168,442,494,325,420,402,6
120,46,432,56,281,58,232,438,374,83,346,472
120,47,242,445,254,79,343,207,398,453,223,442
121,0,227,194,380,487,20,216,114,140,298,331
121,1,245,206,74,36,466,468,88,382,389,70
121,2,147,132,325,365,180,312,59,37,84,444
121,3,331,447,335,408,403,497,4,461,496,182
121,4,325,426,263,465,496,233,506,390,27,257
121,5,100,129,84,58,41,98,445,354,9,468
121,6,505,164,427,66,168,144,468,280,201,33
121,7,288,499,76,10,241,140,120,158,60,441
121,8,239,500,510,87,276,19,433,184,509,54
121,9,29,187,494,443,446,360,0,114,2,260
121,10,211,345,48,106,393,424,240,437,492,158
121,11,89,221,422,291,214,443,163,456,268,367
121,12,288,160,228,37,168,53,217,234,182,63
121,13,286,26,352,260,110,28,265,146,274,418
121,14,486,138,6,153,476,165,402,383,257,117
121,15,189,74,266,73,347,376,424,173,399,450
121,16,115,391,260,419,56,189,53,58,375,490
121,17,144,265,488,372,210,365,491,25,190,72
121,18,285,212,42,318,193,49,422,115,471,468
121,19,26,362,463,435,145,453,452,212,475,21
121,20,45,355,51,417,55,373,13,311,101,56
121,21,324,5,392,220,435,32,150,438,33,308
121,22,270,60,24,175,104,210,345,264,75,293
121,23,394,145,27,244,242,433,494,292,236,127
121,24,500,239,510,184,87,509,54,67,115,160
121,25,29,443,260,187,0,364,246,410,111,239
121,26,211,492,106,48,424,158,437,432,394,345
121,27,89,221,422,443,311,234,214,291,181,237
121,28,228,160,53,288,217,37,234,459,168,346
121,29,286,26,93,352,260,350,110,504,306,379
121,30,486,476,283,109,470,153,383,212,404,137
121,31,74,266,131,392,73,203,245,401,246,96
121,32,260,391,419,53,101,115,326,2,476,8
121,33,144,264,265,25,488,210,72,467,372,404
121,34,285,212,42,318,193,305,115,19,277,49
121,35,362,26,9,207,145,21,52,297,453,348
121,36,45,355,51,417,373,490,311,55,63,101
121,37,324,5,220,32,392,150,435,101,131,54
121,38,60,24,270,175,104,210,345,75,30,264
121,39,394,368,145,121,244,9,251,494,438,452
121,40,91,18,493,116,135,262,143,364,434,168
121,41,449,493,42,476,55,353,399,439,265,87
121,42,248,124,93,27,220,319,168,87,226,471
121,43,24,77,124,320,139,322,207,148,26,13
121,44,276,356,433,299,167,302,358,402,395,199
121,45,47,442,215,227,280,22,486,237,494,266
121,46,418,338,343,283,388,484,348,432,58,396
121,47,138,343,273,44,451,207,346,453,223,289
122,0,121,478,433,154,45,124,279,195,135,229
122,1,340,223,510,245,506,219,290,292,139,186
122,2,77,147,240,51,132,113,358,325,322,301
122,3,331,461,447,386,403,400,140,418,95,236
122,4,363,390,263,284,190,392,233,297,46,325
122,5,100,3,9,129,98,84,58,41,392,174
122,6,379,468,427,194,144,505,164,35,201,309
122,7,288,150,76,499,287,10,202,479,140,260
122,8,239,500,0,184,510,432,147,350,269,54
122,9,153,450,229,488,344,369,114,119,378,29
122,10,211,492,320,400,392,468,395,97,304,445
122,11,89,443,221,181,97,237,388,361,19,54
122,12,234,140,160,168,53,217,501,469,506,142
122,13,101,328,110,170,28,285,26,262,158,350
122,14,310,366,11,510,230,123,319,17,426,100
122,15,398,200,188,107,424,167,189,448,371,362
122,16,473,379,259,317,328,451,131,111,461,302
122,17,265,62,119,183,489,251,341,482,100,130
122,18,285,305,42,212,460,95,374,422,318,131
122,19,54,346,232,128,293,43,107,219,236,413
122,20,373,51,380,45,500,234,417,33,355,116
122,21,220,324,392,438,435,32,5,150,178,101
122,22,270,104,60,175,210,24,317,345,264,293
122,23,394,162,160,284,308,190,4,54,368,92
122,24,510,500,6,67,402,89,225,216,491,330
122,25,246,410,44,127,163,404,128,160,187,372
122,26,293,89,217,229,437,239,489,8,400,415
122,27,443,410,387,352,16,295,311,419,479,146
122,28,234,440,338,373,474,356,142,25,156,203
122,29,356,101,15,416,203,90,47,307,328,467
122,30,404,470,153,85,114,200,76,360,405,2
122,31,297,397,131,74,60,383,79,245,146,157
122,32,171,96,403,348,31,168,2,88,473,207
122,33,346,265,449,144,190,264,403,219,224,459
122,34,95,305,193,285,312,118,144,91,135,358
122,35,107,21,362,29,141,19,329,297,26,471
122,36,373,51,355,490,353,45,121,311,84,417
122,37,32,324,220,101,485,5,332,392,316,477
122,38,270,175,60,104,317,24,210,293,149,345
122,39,394,156,4,162,284,160,111,368,251,477
122,40,18,205,396,135,168,116,141,176,91,9
122,41,399,300,485,342,273,87,210,16,449,439
122,42,93,248,319,62,168,220,95,218,43,293
122,43,24,124,342,427,148,131,359,266,246,26
122,44,104,177,358,389,402,1,145,195,279,164
122,45,215,401,280,412,45,349,227,332,202,359
122,46,343,469,393,297,471,23,147,241,211,323
122,47,122,451,142,280,488,37,356,108,151,278
123,0,493,297,215,220,396,90,494,108,239,110
123,1,186,245,313,431,386,146,468,328,229,111
123,2,358,147,180,104,56,77,46,325,200,296
123,3,331,447,225,381,335,408,461,403,496,237
123,4,390,392,379,403,333,325,289,257,155,307
123,5,100,101,392,228,98,354,279,37,129,3
123,6,345,158,239,329,144,309,379,194,52,468
123,7,76,287,202,327,288,120,499,165,105,129
123,8,500,510,239,115,67,432,184,370,408,402
123,9,29,187,246,260,471,364,432,443,69,410
123,10,211,341,492,400,106,468,437,413,320,392
123,11,89,181,221,443,209,291,432,113,388,343
123,12,140,234,168,160,288,217,501,53,444,188
123,13,101,328,110,26,202,286,393,489,260,504
123,14,153,384,165,404,360,76,151,283,109,260
123,15,74,382,266,73,189,297,472,392,394,418
123,16,403,260,8,171,2,419,96,31,78,115
123,17,265,144,25,264,477,190,490,38,323,224
123,18,305,285,193,399,91,95,422,212,42,398
123,19,21,362,107,26,207,112,297,242,463,348
123,20,373,51,355,45,490,417,311,13,101,483
123,21,32,324,5,435,220,252,438,485,101,150
123,22,270,175,317,104,482,149,405,444,309,345
123,23,394,139,368,121,292,118,156,4,284,203
123,24,500,115,510,194,239,330,87,402,67,184
123,25,364,187,29,410,246,119,443,83,493,60
123,26,400,211,341,492,396,468,106,437,413,35
123,27,89,443,388,221,181,410,113,479,311,343
123,28,234,140,160,168,444,440,217,288,53,380
123,29,101,110,328,356,286,427,26,416,489,260
123,30,404,147,153,384,76,114,402,109,9,470
123,31,391,231,297,146,74,266,245,382,60,383
123,32,403,171,348,2,96,31,8,294,260,152
123,33,265,144,264,449,25,323,190,346,477,455
123,34,305,95,285,193,91,399,277,312,472,118
123,35,21,362,107,112,207,19,26,92,29,141
123,36,373,51,355,45,490,311,417,353,121,437
123,37,32,324,5,252,220,101,419,435,178,119
123,38,317,270,482,175,104,149,405,444,309,345
123,39,394,284,162,368,156,4,111,160,251,477
123,40,18,396,135,205,168,116,141,434,262,98
123,41,399,439,273,342,449,87,300,210,485,79
123,42,93,248,62,95,319,104,455,218,261,85
123,43,24,124,342,246,359,148,427,131,224,266
123,44,104,389,177,358,402,195,1,167,228,279
123,45,215,280,332,401,202,193,45,412,359,505
123,46,469,23,393,147,241,141,200,185,351,211
123,47,66,142,280,37,112,108,166,11,222,488
124,0,46,505,399,160,223,28,33,280,37,44
124,1,71,86,325,60,313,197,186,245,353,427
124,2,10,142,180,101,483,363,296,380,46,307
124,3,216,510,331,416,447,391,240,363,357,333
124,4,417,495,118,349,458,447,359,245,391,499
124,5,373,279,258,169,273,109,147,280,284,331
124,6,329,189,476,198,345,387,52,179,309,40
124,7,231,170,147,327,44,244,491,40,226,232
124,8,500,510,67,6,432,307,402,431,89,312
124,9,246,187,410,63,44,260,404,119,364,127
124,10,60,400,437,106,468,345,490,179,288,413
124,11,181,443,89,410,388,377,352,343,113,432
124,12,351,463,444,380,84,343,457,502,234,501
124,13,101,110,328,356,260,277,416,202,489,283
124,14,404,153,351,76,384,29,100,350,147,85
124,15,297,397,74,266,146,382,245,275,60,383
124,16,171,403,96,348,31,2,152,260,216,451
124,17,477,265,144,264,346,190,490,25,403,323
124,18,213,193,95,122,434,422,472,118,310,309
124,19,21,483,242,92,362,94,19,107,297,223
124,20,51,373,355,45,311,417,490,216,406,478
124,21,32,271,119,154,252,208,435,101,210,324
124,22,479,374,417,150,177,422,242,276,192,243
124,23,394,284,292,203,368,278,108,54,433,23
124,24,500,510,330,194,67,307,402,479,279,400
124,25,410,187,160,106,298,29,127,220,249,475
124,26,400,258,106,217,179,161,60,288,392,438
124,27,443,410,89,479,419,221,387,311,468,16
124,28,444,351,380,463,501,304,338,288,84,343
124,29,110,101,356,328,56,15,416,90,307,47
124,30,404,470,85,147,153,99,424,291,488,405
124,31,146,275,297,294,231,397,245,4,157,74
124,32,348,171,152,403,378,2,16,345,31,451
124,33,346,323,144,449,403,477,62,264,490,281
124,34,213,95,193,118,434,144,494,19,369,309
124,35,483,21,141,19,92,102,94,329,219,218
124,36,51,355,373,45,311,353,417,490,121,293
124,37,32,271,154,119,252,324,435,101,436,155
124,38,479,374,242,150,300,177,422,192,243,417
124,39,394,284,368,240,448,494,130,234,213,278
124,40,18,135,165,396,168,96,262,239,143,141
124,41,439,399,264,273,87,342,443,37,348,349
124,42,93,403,95,455,104,235,77,23,319,169
124,43,508,24,346,359,342,200,124,246,195,266
124,44,247,402,104,505,1,290,228,389,352,195
124,45,508,280,114,421,202,193,334,455,494,367
124,46,200,185,78,241,405,165,281,67,195,503
124,47,88,45,89,498,501,420,461,407,286,475
125,0,360,103,451,102,99,349,95,75,93,426
125,1,405,179,197,263,84,58,413,285,78,23
125,2,180,273,394,483,69,351,431,142,488,419
125,3,280,331,24,58,37,96,276,36,166,463
125,4,458,424,412,289,116,105,430,351,45,477
125,5,296,147,186,109,492,284,279,381,280,124
125,6,95,476,387,499,286,280,90,26,27,277
125,7,147,244,509,235,506,304,321,40,37,348
125,8,510,500,67,6,432,402,307,431,260,144
125,9,410,246,404,187,44,160,127,260,279,452
125,10,437,60,400,106,307,468,94,253,293,179
125,11,89,410,443,352,295,239,209,377,113,297
125,12,3,165,440,380,6,84,13,345,343,444
125,13,110,328,404,356,277,101,384,416,408,489
125,14,404,153,320,444,76,384,357,151,350,371
125,15,297,266,131,397,74,383,245,189,382,60
125,16,171,96,348,260,2,467,207,326,294,322
125,17,187,144,264,346,190,477,449,265,403,25
125,18,494,280,193,213,95,118,327,117,216,170
125,19,21,81,362,242,112,141,107,19,147,218
125,20,373,51,355,45,8,437,311,417,66,490
125,21,32,400,271,252,223,154,435,324,11,417
125,22,417,295,15,414,304,163,269,404,242,374
125,23,394,234,4,284,162,203,465,368,433,54
125,24,500,510,67,6,307,144,216,432,427,330
125,25,410,246,127,29,160,242,187,44,298,404
125,26,437,60,106,400,179,293,120,345,361,468
125,27,89,443,295,352,221,113,388,239,311,297
125,28,3,380,444,440,165,343,13,288,372,351
125,29,110,356,328,101,277,80,416,384,260,47
125,30,404,153,76,320,114,470,109,402,488,455
125,31,131,74,297,266,397,60,146,106,383,189
125,32,171,403,96,348,101,216,31,317,2,168
125,33,403,190,346,449,144,477,265,25,187,264
125,34,95,118,494,193,144,216,327,472,280,117
125,35,21,19,242,112,92,141,50,223,332,152
125,36,373,51,437,45,176,8,355,353,125,136
125,37,32,252,419,119,400,435,324,436,417,271
125,38,242,15,295,163,414,300,417,444,304,374
125,39,394,4,156,111,251,162,464,368,223,160
125,40,168,18,205,396,135,165,176,411,141,162
125,41,399,485,273,439,342,79,87,210,415,348
125,42,93,68,95,508,389,104,261,268,455,319
125,43,95,24,342,427,246,266,346,359,322,124
125,44,104,402,164,389,352,505,160,1,279,177
125,45,401,202,280,314,334,421,193,44,141,381
125,46,185,245,241,412,41,431,211,44,200,417
125,47,458,360,136,37,501,269,45,166,149,488
126,0,101,76,301,21,361,321,265,360,362,209
126,1,405,76,250,226,61,230,264,9,316,285
126,2,483,180,166,142,354,215,10,490,189,271
126,3,416,391,331,495,58,385,397,166,216,161
126,4,458,265,314,175,391,495,449,412,438,424
126,5,284,296,206,186,37,279,270,147,373,411
126,6,87,95,499,175,387,382,236,479,476,3
126,7,244,470,305,491,147,339,44,282,274,390
126,8,510,500,67,6,155,386,427,216,144,249
126,9,246,160,410,187,127,242,404,366,128,400
126,10,293,437,253,60,400,179,106,239,94,205
126,11,352,295,343,113,297,64,233,89,443,148
126,12,380,400,351,243,343,484,444,84,165,440
126,13,328,486,101,110,356,277,416,15,47,260
126,14,76,404,153,320,85,371,29,114,200,61
126,15,131,297,74,397,383,266,146,60,501,79
126,16,96,152,207,216,171,348,260,168,2,61
126,17,403,346,190,477,144,449,490,214,193,62
126,18,472,122,95,216,118,193,330,422,183,144
126,19,21,242,223,332,152,92,19,34,175,62
126,20,373,8,437,51,176,45,136,353,478,311
126,21,32,419,119,208,425,252,121,238,301,435
126,22,243,417,221,441,242,444,434,374,199,192
126,23,4,394,303,453,402,308,156,162,251,237
126,24,510,386,500,260,312,68,194,64,31,3
126,25,246,410,46,372,160,187,127,404,249,29
126,26,400,120,437,260,293,217,51,246,288,106
126,27,89,443,387,343,419,113,428,179,311,16
126,28,380,444,400,343,351,243,288,484,84,47
126,29,110,277,356,328,82,138,15,101,233,37
126,30,76,153,404,406,114,470,85,238,109,505
126,31,131,294,74,146,275,397,297,383,189,106
126,32,216,152,345,96,403,168,252,31,207,348
126,33,403,123,190,214,449,477,140,490,156,144
126,34,472,95,144,309,330,118,122,193,216,422
126,35,21,152,242,19,223,327,332,409,112,1
126,36,373,176,45,437,353,8,51,216,195,391
126,37,32,119,425,419,459,208,252,436,435,121
126,38,221,441,243,242,444,434,300,177,192,374
126,39,394,156,4,162,251,111,223,201,160,464
126,40,168,205,18,396,176,141,135,16,162,165
126,41,273,342,485,439,399,79,87,210,348,415
126,42,93,95,508,389,104,387,268,23,319,261
126,43,95,342,266,24,427,246,346,124,497,224
126,44,104,402,389,164,352,160,177,1,279,505
126,45,401,202,314,280,334,193,141,421,363,44
126,46,185,241,412,431,44,211,200,417,339,329
126,47,37,166,175,269,501,45,149,112,488,461
127,0,392,100,19,120,198,272,247,376,93,474
127,1,237,251,244,415,499,197,4,403,84,334
127,2,180,486,210,382,483,154,36,451,296,435
127,3,58,391,416,363,135,444,78,240,45,70
127,4,216,338,412,424,116,376,493,105,316,149
127,5,161,19,347,346,109,506,95,283,159,191
127,6,472,354,214,174,312,459,387,27,45,476
127,7,228,206,71,255,315,317,16,371,234,353
127,8,510,68,31,260,500,312,66,6,73,419
127,9,246,160,70,372,400,404,410,263,511,432
127,10,87,51,217,293,415,56,120,8,437,145
127,11,179,387,432,443,2,53,428,407,479,16
127,12,50,155,369,60,84,95,266,16,338,224
127,13,47,416,138,178,101,203,324,167,467,356
127,14,153,5,85,147,505,291,76,218,509,456
127,15,294,146,131,275,74,297,397,383,501,30
127,16,152,345,355,252,207,10,61,286,260,168
127,17,403,164,281,440,336,62,283,87,359,461
127,18,229,500,34,482,95,422,494,283,309,53
127,19,21,152,223,482,82,242,19,165,316,464
127,20,347,96,89,373,176,298,218,66,353,117
127,21,409,119,253,32,301,48,436,459,252,425
127,22,300,193,316,384,111,66,422,177,419,437
127,23,394,4,160,162,251,308,438,464,443,303
127,24,510,31,68,312,73,260,331,365,419,500
127,25,70,372,160,246,76,511,263,404,249,127
127,26,51,87,217,415,162,400,88,56,161,397
127,27,179,387,428,479,443,419,53,16,353,95
127,28,95,369,155,50,16,60,442,51,107,356
127,29,167,138,101,467,203,416,356,15,277,349
127,30,147,153,218,85,5,291,505,76,509,109
127,31,294,131,74,231,146,275,297,383,397,373
127,32,345,403,152,216,96,31,10,355,2,348
127,33,403,164,409,144,190,490,283,449,62,187
127,34,229,494,500,482,118,34,95,422,217,173
127,35,21,482,223,19,82,242,50,112,102,141
127,36,373,347,96,437,45,51,8,176,89,117
127,37,32,119,409,252,253,459,301,435,425,436
127,38,300,193,316,384,422,419,177,66,111,242
127,39,394,4,251,464,223,111,160,162,234,167
127,40,168,18,165,205,176,396,135,16,141,340
127,41,342,273,485,439,399,79,296,415,87,378
127,42,93,235,95,436,389,104,455,77,490,67
127,43,95,342,24,266,224,497,124,346,246,322
127,44,104,47,389,402,177,352,505,279,164,160
127,45,435,202,314,334,193,280,145,363,141,346
127,46,185,241,417,211,44,412,339,45,200,195
127,47,37,45,333,356,112,323,226,66,321,175
128,0,481,9,270,349,134,400,93,327,97,360
128,1,305,263,135,179,84,78,413,183,182,459
128,2,28,92,351,431,138,256,180,76,265,117
128,3,58,391,78,376,488,449,363,135,200,24
128,4,105,266,116,424,412,272,338,91,458,111
128,5,19,186,36,22,95,147,21,109,293,211
128,6,472,298,24,387,384,431,26,296,174,286
128,7,250,116,377,244,2,408,371,37,235,285
128,8,260,67,277,510,225,427,6,66,70,164
128,9,246,410,389,404,242,63,511,372,160,127
128,10,487,293,437,60,78,346,307,162,67,122
128,11,352,443,295,89,51,257,2,74,233,375
128,12,345,408,440,75,6,372,13,190,338,91
128,13,356,401,15,177,384,443,307,167,64,416
128,14,404,509,46,83,320,200,238,324,414,153
128,15,131,74,501,266,383,402,297,60,397,79
128,16,96,260,222,53,207,2,171,61,150,127
128,17,403,190,409,371,346,319,193,449,144,187
128,18,494,67,117,487,173,422,408,394,416,252
128,19,21,445,471,73,107,316,209,19,362,34
128,20,506,373,51,437,252,66,353,412,355,125
128,21,32,223,400,442,299,206,435,417,436,31
128,22,148,136,3,269,414,295,133,468,10,15
128,23,394,4,284,251,308,162,201,160,223,368
128,24,510,500,217,67,427,260,277,225,164,6
128,25,246,389,410,242,404,511,267,127,372,460
128,26,293,437,346,78,487,468,179,408,67,415
128,27,89,443,375,352,123,353,311,257,222,194
128,28,345,408,13,440,372,190,288,136,91,249
128,29,356,401,15,404,110,64,416,167,138,277
128,30,432,404,153,509,114,320,109,357,200,238
128,31,74,131,297,383,266,397,60,106,98,311
128,32,96,101,171,403,260,222,31,348,53,168
128,33,403,190,449,371,144,346,409,25,270,477
128,34,494,67,117,118,416,95,487,422,506,193
128,35,21,19,445,50,331,112,16,141,130,102
128,36,45,506,297,373,51,436,437,417,176,478
128,37,32,223,442,400,435,53,252,206,299,333
128,38,3,136,414,269,148,133,295,10,357,15
128,39,394,155,401,251,4,284,464,111,368,478
128,40,168,18,165,434,396,340,135,205,176,143
128,41,273,399,16,342,245,12,353,439,157,87
128,42,93,67,479,97,438,17,45,284,455,138
128,43,365,24,342,359,445,190,266,427,161,322
128,44,337,402,104,474,352,292,389,471,495,489
128,45,126,201,119,202,132,210,314,334,381,297
128,46,393,185,211,248,446,41,412,314,177,340
128,47,125,29,181,400,36,488,370,149,37,218
129,0,456,217,74,248,212,265,496,475,474,218
129,1,190,386,5,14,213,208,389,76,475,406
129,2,300,236,180,200,107,4,296,17,112,261
129,3,204,331,163,178,447,115,381,465,51,202
129,4,302,20,24,73,114,325,257,458,103,199
129,5,348,368,47,213,101,63,12,354,186,98
129,6,195,496,118,52,168,269,248,292,68,208
129,7,444,93,167,186,410,166,115,11,244,298
129,8,500,510,126,377,67,471,260,6,431,144
129,9,410,246,2,160,187,44,404,29,432,127
129,10,437,265,362,400,158,120,60,468,179,65
129,11,89,443,432,377,352,291,171,479,353,295
129,12,507,289,97,410,444,143,84,288,432,506
129,13,110,303,328,101,356,260,72,306,277,416
129,14,432,153,404,381,85,147,242,320,504,109
129,15,294,297,275,74,146,397,266,373,424,245
129,16,403,171,152,348,345,377,260,378,96,355
129,17,495,477,403,144,25,346,62,323,449,466
129,18,276,95,249,118,100,178,193,494,422,309
129,19,21,331,184,50,19,112,213,141,16,166
129,20,10,45,51,297,417,373,315,355,260,436
129,21,32,178,454,435,252,467,31,39,456,460
129,22,462,308,3,465,74,321,23,281,45,171
129,23,394,478,402,251,368,6,438,292,284,464
129,24,500,377,126,471,510,353,177,442,67,260
129,25,2,29,410,246,372,187,152,432,160,83
129,26,265,362,437,226,158,106,120,400,468,137
129,27,89,443,171,432,377,113,353,239,311,343
129,28,289,507,410,97,288,444,84,219,143,432
129,29,303,306,328,110,202,277,138,356,76,348
129,30,153,404,381,432,109,406,114,238,76,470
129,31,74,131,294,297,146,383,397,266,98,311
129,32,96,101,355,171,348,260,222,377,61,53
129,33,495,190,449,25,477,144,403,346,223,394
129,34,276,249,100,178,309,118,494,144,388,422
129,35,21,19,50,112,141,242,110,440,409,102
129,36,51,45,437,478,10,373,433,355,102,175
129,37,32,454,178,467,252,163,107,435,456,460
129,38,465,462,3,308,74,321,45,281,444,23
129,39,394,251,368,223,464,234,111,121,284,162
129,40,168,18,165,434,396,135,205,364,176,262
129,41,273,399,485,439,342,171,51,79,87,210
129,42,93,194,85,95,104,248,268,23,45,261
129,43,24,365,342,246,359,266,346,445,95,322
129,44,402,104,489,352,129,389,471,505,474,292
129,45,449,28,202,359,334,314,421,280,401,132
129,46,393,185,177,340,314,188,241,211,51,412
129,47,272,37,36,414,218,152,280,425,333,323
130,0,234,334,416,464,107,188,485,320,44,304
130,1,14,115,80,264,434,262,251,5,427,437
130,2,215,300,321,180,294,142,454,200,296,379
130,3,397,416,357,391,216,331,489,288,447,176
130,4,314,14,237,349,329,128,391,458,267,447
130,5,284,180,270,348,373,379,47,340,399,186
130,6,52,207,452,50,189,3,195,416,40,147
130,7,274,466,491,119,186,390,176,244,44,16
130,8,353,500,177,427,510,140,126,67,399,499
130,9,246,410,29,2,262,242,225,119,456,152
130,10,362,497,226,265,31,293,437,137,163,1
130,11,432,171,89,377,297,295,365,233,113,209
130,12,249,343,181,221,93,289,84,444,380,6
130,13,42,257,303,306,202,76,263,155,348,110
130,14,153,404,292,406,320,381,242,114,76,109
130,15,131,266,74,297,60,397,383,98,245,392
130,16,96,260,222,101,476,53,2,467,294,127
130,17,495,193,477,190,25,144,403,449,101,16
130,18,216,249,48,220,276,337,369,310,422,309
130,19,21,242,19,112,50,213,223,482,1,362
130,20,10,8,437,51,45,478,433,373,355,417
130,21,32,252,178,454,467,435,31,496,279,412
130,22,110,419,163,432,435,177,141,422,471,20
130,23,394,478,443,368,251,402,4,464,183,74
130,24,353,500,427,140,177,67,510,126,116,260
130,25,246,410,2,60,29,242,372,127,432,83
130,26,437,362,293,137,226,163,31,497,106,468
130,27,89,171,432,377,233,113,297,353,343,365
130,28,249,181,343,84,221,6,289,93,288,380
130,29,202,76,303,306,42,257,489,283,277,110
130,30,114,404,153,109,292,238,320,406,76,381
130,31,131,74,266,60,383,98,297,211,397,402
130,32,96,222,260,101,53,476,127,355,61,168
130,33,193,190,495,25,16,144,449,394,477,442
130,34,48,249,216,494,337,276,369,220,309,144
130,35,21,112,482,19,50,242,409,429,102,223
130,36,10,437,8,45,51,478,433,373,417,102
130,37,32,412,454,252,43,279,435,178,119,467
130,38,419,110,163,432,358,435,141,242,422,20
130,39,394,478,251,368,121,111,464,234,402,223
130,40,165,18,168,396,434,135,340,176,364,56
130,41,273,439,46,399,352,87,0,342,473,264
130,42,436,389,93,130,232,62,197,382,342,25
130,43,365,359,445,24,342,84,246,435,119,161
130,44,292,104,352,402,160,495,136,99,389,212
130,45,202,132,346,89,280,421,334,314,381,122
130,46,241,185,211,412,248,446,124,195,200,38
130,47,89,112,149,202,292,2,29,281,65,333
131,0,270,9,358,58,360,134,349,0,327,93
131,1,305,454,325,334,183,84,263,329,179,264
131,2,256,28,431,351,92,138,180,76,55,81
131,3,391,58,488,449,161,47,499,363,295,37
131,4,412,458,424,105,116,266,420,490,422,272
131,5,186,19,95,293,130,382,22,222,330,358
131,6,26,298,384,472,119,387,431,458,357,98
131,7,450,466,250,2,244,377,408,44,186,82
131,8,500,427,353,365,140,301,67,434,499,260
131,9,246,242,29,410,460,456,432,63,389,475
131,10,163,497,361,293,308,130,437,216,251,415
131,11,89,365,205,432,171,251,233,297,377,295
131,12,249,345,181,6,343,84,91,440,7,457
131,13,257,171,306,202,42,263,177,243,401,51
131,14,404,153,292,114,320,324,109,381,238,16
131,15,131,266,297,74,60,397,402,383,260,98
131,16,96,53,222,260,207,244,127,256,476,326
131,17,193,453,349,190,403,25,319,187,409,16
131,18,494,48,117,260,67,428,487,216,235,118
131,19,21,347,112,213,445,73,228,19,94,149
131,20,51,10,190,373,412,66,355,121,437,478
131,21,32,412,279,31,496,252,435,136,223,98
131,22,20,148,414,110,469,290,269,133,15,130
131,23,394,478,4,251,201,162,368,284,402,292
131,24,353,500,140,202,215,427,505,301,365,67
131,25,246,410,29,460,127,2,242,60,267,432
131,26,163,437,361,415,468,293,308,497,130,251
131,27,89,205,432,171,375,123,365,251,377,319
131,28,249,345,181,84,91,6,7,343,444,177
131,29,257,306,171,177,401,202,51,76,42,489
131,30,114,153,404,406,109,238,455,330,350,354
131,31,131,74,60,402,383,266,30,297,98,397
131,32,96,222,355,260,53,101,476,171,345,127
131,33,190,349,495,453,193,144,25,449,490,403
131,34,494,48,117,260,369,428,487,19,309,118
131,35,21,50,19,112,102,440,409,254,152,141
131,36,51,10,45,190,478,437,353,433,373,417
131,37,32,412,496,88,136,435,252,467,279,31
131,38,20,110,148,414,469,136,133,290,65,321
131,39,394,478,251,402,368,121,111,284,464,234
131,40,18,168,165,396,135,340,434,176,364,205
131,41,273,439,399,352,46,342,0,365,87,125
131,42,62,232,93,342,410,197,25,20,478,202
131,43,365,445,119,24,359,161,246,384,346,342
131,44,292,136,402,337,104,223,134,352,495,505
131,45,111,132,122,381,202,280,290,421,126,84
131,46,124,185,211,421,181,272,200,221,57,248
131,47,202,144,29,338,149,292,337,181,370,458
132,0,463,378,337,21,406,462,300,96,324,158
132,1,294,378,18,370,265,102,87,262,476,336
132,2,63,106,30,253,180,294,296,142,495,460
132,3,1,212,416,23,331,447,229,391,479,288
132,4,393,63,54,443,25,437,237,329,317,370
132,5,290,278,379,29,430,493,186,331,76,424
132,6,145,5,119,250,371,387,269,168,52,318
132,7,72,93,20,374,466,186,16,44,119,315
132,8,500,275,353,140,365,427,510,67,399,260
132,9,2,391,46,246,29,410,432,225,262,44
132,10,497,437,226,362,293,106,137,413,1,212
132,11,89,171,432,377,297,443,319,291,353,214
132,12,154,395,444,249,181,84,502,6,98,22
132,13,306,257,202,76,42,77,110,489,303,348
132,14,404,153,242,114,260,381,109,406,324,238
132,15,131,74,266,98,60,297,392,245,397,383
132,16,260,96,222,476,294,377,53,179,244,326
132,17,495,477,190,113,144,156,394,193,25,442
132,18,92,122,93,48,260,95,422,309,193,369
132,19,21,242,112,147,362,213,50,507,463,452
132,20,51,10,355,478,98,45,180,373,437,177
132,21,32,412,167,31,252,324,435,119,136,88
132,22,45,321,35,121,224,417,320,242,444,23
132,23,394,251,368,292,185,353,203,284,464,226
132,24,500,275,353,140,177,510,223,416,445,190
132,25,2,410,246,391,29,432,220,372,83,46
132,26,437,226,362,106,497,155,137,367,1,480
132,27,89,171,377,432,239,319,113,375,291,221
132,28,395,154,181,84,502,288,444,380,168,289
132,29,76,110,356,202,303,82,277,25,306,379
132,30,404,114,153,76,109,238,430,30,490,406
132,31,131,74,98,266,60,383,30,397,297,311
132,32,96,260,222,476,53,101,294,419,171,2
132,33,190,495,144,156,477,449,113,442,193,404
132,34,122,92,93,494,19,369,144,309,193,48
132,35,21,242,112,50,362,19,409,9,147,79
132,36,51,45,355,353,437,180,478,373,177,102
132,37,32,167,119,252,324,419,470,435,88,164
132,38,45,35,242,321,121,224,320,444,328,434
132,39,394,251,353,223,368,234,464,167,284,121
132,40,18,168,135,396,165,262,364,141,176,434
132,41,439,399,273,342,352,264,0,87,443,348
132,42,93,382,62,95,130,260,202,23,104,268
132,43,24,246,365,346,342,322,359,266,445,427
132,44,402,104,505,352,99,1,228,290,225,495
132,45,280,202,223,89,334,421,314,26,200,294
132,46,185,329,412,200,211,268,241,92,431,195
132,47,292,458,2,234,149,501,112,281,446,461
133,0,46,160,505,258,330,117,324,219,25,82
133,1,71,370,113,427,378,112,238,87,23,102
133,2,142,10,180,253,63,153,387,106,472,101
133,3,212,416,510,216,391,58,23,229,176,331
133,4,495,417,237,458,359,391,447,443,438,394
133,5,379,373,278,29,186,493,284,76,424,258
133,6,198,476,387,403,189,220,286,452,231,98
133,7,231,93,244,72,170,44,147,16,186,128
133,8,500,358,275,510,67,365,236,140,399,260
133,9,246,432,410,2,372,456,29,267,484,391
133,10,437,468,60,293,212,489,226,367,414,85
133,11,89,432,239,377,375,171,443,51,73,209
133,12,463,351,395,380,444,440,181,502,484,84
133,13,486,356,82,25,277,404,427,202,331,76
133,14,404,153,114,238,260,324,330,83,384,76
133,15,131,74,383,266,98,402,64,397,297,60
133,16,96,222,260,53,476,419,207,61,355,179
133,17,319,190,269,220,255,185,251,394,354,245
133,18,122,434,92,369,213,309,193,144,472,118
133,19,21,450,213,242,209,102,438,362,94,79
133,20,51,353,121,102,180,98,373,355,490,478
133,21,119,32,154,271,208,252,419,362,324,31
133,22,374,479,150,417,45,177,242,276,323,422
133,23,394,251,223,464,368,438,284,353,167,121
133,24,510,260,6,73,312,386,500,66,225,67
133,25,246,372,410,404,484,267,306,456,432,187
133,26,437,489,468,307,229,414,56,44,381,395
133,27,239,375,387,443,329,123,407,16,257,432
133,28,440,351,1,80,95,132,373,102,347,338
133,29,401,331,449,15,138,334,178,87,61,416
133,30,114,238,404,291,490,507,331,89,46,287
133,31,131,74,294,383,98,30,60,402,311,266
133,32,222,355,260,96,476,2,419,53,61,492
133,33,336,319,190,245,283,130,404,354,490,236
133,34,419,369,19,144,92,434,451,280,494,193
133,35,21,102,147,362,9,483,94,79,112,314
133,36,51,355,180,45,353,437,102,8,478,373
133,37,32,119,271,154,459,252,324,362,208,435
133,38,374,479,150,177,300,242,422,45,243,192
133,39,394,251,234,223,353,167,464,368,284,201
133,40,18,168,165,135,364,262,396,141,176,205
133,41,439,264,399,273,342,87,348,296,501,415
133,42,403,93,95,104,235,319,268,23,293,77
133,43,24,346,246,342,322,266,124,359,427,365
133,44,104,247,402,505,352,228,1,290,358,389
133,45,508,280,202,334,223,314,114,421,44,401
133,46,185,200,241,92,339,405,412,431,51,236
133,47,88,45,89,112,66,333,323,501,461,92
134,0,360,97,508,134,93,451,328,492,253,398
134,1,179,405,263,197,113,413,84,23,78,267
134,2,394,180,273,69,96,445,153,419,431,256
134,3,58,200,280,24,96,376,47,276,37,180
134,4,458,412,424,289,105,116,266,376,321,45
134,5,147,186,492,109,19,306,293,419,381,390
134,6,387,403,286,90,280,95,26,141,476,486
134,7,147,509,244,260,304,37,506,457,250,285
134,8,500,236,260,358,399,6,66,365,510,427
134,9,246,372,410,484,432,267,456,404,511,409
134,10,437,307,60,162,234,282,212,88,468,85
134,11,239,375,89,377,432,347,13,392,139,359
134,12,440,3,6,345,24,152,347,51,487,13
134,13,167,404,321,472,76,356,241,83,408,489
134,14,404,153,142,330,238,441,324,260,357,109
134,15,131,74,266,98,297,60,402,383,392,64
134,16,96,260,419,222,53,476,207,2,244,179
134,17,409,187,371,190,144,319,266,394,186,25
134,18,280,494,416,118,252,117,19,422,487,482
134,19,21,140,81,362,445,112,316,147,285,463
134,20,51,355,506,66,478,213,417,353,45,373
134,21,32,400,206,442,31,223,252,311,324,435
134,22,15,269,417,133,414,304,295,423,305,148
134,23,394,251,368,284,223,54,353,483,201,464
134,24,500,6,510,260,67,355,144,236,290,204
134,25,246,410,372,484,432,404,267,260,127,29
134,26,437,60,307,162,468,311,88,236,226,480
134,27,89,375,239,432,353,123,171,311,347,443
134,28,3,440,327,345,181,494,13,372,84,51
134,29,167,356,404,321,83,472,76,15,420,241
134,30,404,153,114,432,109,357,238,402,509,142
134,31,131,74,266,64,98,30,402,383,297,501
134,32,96,222,355,53,260,476,101,171,419,2
134,33,190,270,371,409,187,403,144,25,449,461
134,34,280,494,416,117,487,217,118,67,193,234
134,35,21,50,19,445,102,140,112,141,285,16
134,36,45,297,506,436,417,51,478,433,437,315
134,37,32,400,442,435,206,223,252,299,324,467
134,38,15,414,295,133,11,269,136,500,468,148
134,39,394,251,111,223,201,464,368,121,402,14
134,40,168,165,18,396,434,176,340,205,135,56
134,41,273,399,245,439,12,353,46,342,0,171
134,42,67,25,93,97,68,9,479,438,138,45
134,43,365,445,190,24,266,315,69,84,342,11
134,44,337,292,474,352,402,505,212,104,471,136
134,45,126,201,119,202,210,381,290,280,167,132
134,46,246,248,245,446,185,211,221,412,87,57
134,47,181,231,29,485,125,149,370,2,17,491
135,0,172,183,31,329,506,69,445,168,251,450
135,1,276,52,462,389,142,57,475,129,207,440
135,2,236,37,107,467,195,511,296,207,261,109
135,3,39,330,331,447,468,196,335,465,108,403
135,4,73,388,325,346,506,294,357,465,344,384
135,5,196,294,113,368,154,74,137,250,459,110
135,6,435,403,292,68,269,259,118,66,387,397
135,7,469,182,186,436,244,316,82,147,13,276
135,8,500,356,67,510,154,6,260,144,205,399
135,9,410,246,432,404,372,29,127,44,211,242
135,10,437,273,29,88,129,293,226,137,60,85
135,11,171,89,239,432,329,3,221,353,443,347
135,12,84,288,181,440,132,284,338,410,220,249
135,13,356,404,420,384,83,489,128,472,168,314
135,14,404,320,57,432,109,238,324,85,260,350
135,15,131,397,297,266,74,383,60,245,79,294
135,16,96,171,348,222,207,88,467,98,260,61
135,17,270,346,62,371,449,144,403,461,190,409
135,18,233,193,497,76,118,416,422,494,276,234
135,19,90,285,209,102,94,363,346,460,21,398
135,20,417,116,506,45,492,297,443,355,152,113
135,21,220,435,400,32,53,31,442,264,155,417
135,22,470,11,415,366,445,417,171,500,357,10
135,23,139,14,369,142,203,455,15,187,90,17
135,24,500,154,356,510,41,205,67,399,144,160
135,25,410,246,29,404,296,187,127,62,298,372
135,26,437,273,129,88,400,226,179,48,293,60
135,27,443,89,311,422,171,352,367,291,353,239
135,28,220,301,288,228,37,410,459,338,246,287
135,29,356,314,128,329,15,416,420,404,203,260
135,30,404,432,320,470,85,140,424,388,90,57
135,31,397,297,245,146,294,74,266,275,383,376
135,32,348,171,88,378,96,230,36,294,435,451
135,33,468,346,449,511,103,459,490,144,435,270
135,34,193,233,475,497,234,19,118,503,11,494
135,35,127,506,228,141,331,329,219,90,17,398
135,36,417,45,107,113,152,80,149,144,304,247
135,37,220,32,324,264,435,256,400,5,392,283
135,38,470,11,415,366,171,445,264,136,110,411
135,39,90,383,301,203,157,115,23,433,408,3
135,40,471,356,442,4,34,96,224,251,109,185
135,41,353,331,385,290,434,197,52,11,345,452
135,42,272,388,93,10,76,427,36,185,274,296
135,43,195,48,14,231,430,250,500,357,85,508
135,44,276,315,286,418,44,213,433,366,159,300
135,45,168,356,22,42,237,481,420,398,238,360
135,46,88,374,281,56,346,232,438,307,33,511
135,47,445,254,242,442,398,488,207,250,453,107
136,0,20,194,380,109,298,213,165,162,3,395
136,1,389,36,466,74,349,158,77,51,506,440
136,2,37,17,296,511,207,180,295,325,125,496
136,3,331,447,196,403,335,4,468,504,496,408
136,4,325,465,506,496,357,294,346,233,156,257
136,5,58,100,250,41,98,294,468,154,354,84
136,6,126,435,181,68,259,292,320,158,66,237
136,7,399,260,316,241,113,469,158,489,27,76
136,8,500,510,356,67,402,205,6,154,160,431
136,9,410,187,44,246,29,404,260,167,34,160
136,10,400,273,437,129,320,48,60,441,179,492
136,11,89,443,99,291,367,268,311,456,221,422
136,12,288,432,228,294,324,143,37,182,78,346
136,13,356,128,416,314,329,260,168,220,26,307
136,14,404,85,57,320,470,384,388,146,405,424
136,15,294,275,297,146,397,245,74,383,187,373
136,16,171,348,88,345,32,98,451,16,43,378
136,17,163,144,138,62,490,449,346,142,459,511
136,18,193,42,85,485,497,132,120,118,318,164
136,19,127,506,280,346,236,293,232,460,90,54
136,20,417,45,152,292,443,350,116,311,355,33
136,21,220,435,324,32,392,264,107,155,210,163
136,22,24,60,293,264,104,210,270,30,377,417
136,23,139,433,142,203,471,392,17,442,23,278
136,24,500,510,356,154,378,41,442,402,205,383
136,25,187,364,167,34,29,511,404,246,410,360
136,26,179,441,468,258,296,22,392,217,48,129
136,27,443,99,479,311,89,352,422,24,71,221
136,28,294,187,356,288,440,324,338,378,432,13
136,29,356,260,314,15,416,307,203,32,212,26
136,30,404,436,470,85,57,320,424,146,384,99
136,31,146,297,245,397,401,157,376,394,243,409
136,32,348,171,2,230,71,16,8,10,416,356
136,33,163,144,490,298,468,511,455,246,138,449
136,34,193,42,485,85,120,107,318,447,164,497
136,35,280,127,329,219,372,188,90,297,362,30
136,36,417,45,325,355,270,291,492,338,80,107
136,37,220,324,32,392,333,5,29,435,139,157
136,38,24,60,293,264,104,270,377,210,78,30
136,39,115,332,9,448,301,108,433,54,463,233
136,40,493,471,18,96,224,451,486,442,34,414
136,41,287,55,493,353,476,42,399,52,385,349
136,42,124,27,248,93,271,76,10,296,321,62
136,43,77,320,14,311,430,385,482,500,318,398
136,44,433,419,299,184,135,276,207,448,150,300
136,45,168,238,268,356,220,42,158,420,25,398
136,46,418,338,374,232,271,281,168,343,27,33
136,47,138,242,273,398,343,367,44,139,49,129
137,0,121,478,433,45,263,195,124,154,420,336
137,1,340,223,506,510,219,346,81,234,469,139
137,2,240,358,77,325,113,17,37,301,247,356
137,3,331,381,225,447,29,54,461,395,386,199
137,4,390,363,190,403,392,296,284,502,48,263
137,5,100,188,228,98,392,9,3,58,279,339
137,6,158,309,263,140,425,126,208,211,181,274
137,7,113,76,399,112,479,410,489,335,150,323
137,8,500,432,402,442,378,115,510,111,30,87
137,9,34,471,364,167,45,187,410,328,360,260
137,10,441,492,392,436,437,364,106,468,41,413
137,11,99,443,89,243,181,388,209,432,373,168
137,12,324,140,432,294,378,206,501,234,187,78
137,13,96,356,26,34,260,416,110,170,157,25
137,14,436,404,384,9,153,151,448,124,108,65
137,15,146,382,297,74,70,294,266,275,73,397
137,16,8,171,2,260,10,348,378,152,16,43
137,17,163,144,490,455,38,190,246,25,219,138
137,18,485,193,120,85,305,42,164,312,118,107
137,19,280,21,107,297,67,408,362,133,30,127
137,20,51,355,325,373,45,417,490,311,353,484
137,21,32,333,435,163,257,21,210,101,324,220
137,22,270,417,42,24,444,374,104,405,377,317
137,23,394,156,420,203,433,9,23,284,292,471
137,24,500,510,194,115,330,442,111,383,67,443
137,25,364,167,34,187,410,260,29,298,246,328
137,26,275,175,340,179,441,2,468,474,396,258
137,27,99,388,443,479,89,262,311,372,319,71
137,28,324,294,187,378,140,440,13,188,159,338
137,29,96,110,356,212,416,55,34,260,497,157
137,30,436,404,384,249,99,470,331,469,153,424
137,31,146,297,231,60,131,74,382,266,4,258
137,32,171,348,96,2,265,53,10,294,8,260
137,33,163,144,346,449,490,191,190,25,455,381
137,34,193,485,107,118,164,120,42,305,312,174
137,35,280,21,92,279,19,329,141,67,471,133
137,36,51,373,45,355,325,417,353,80,84,311
137,37,32,333,324,119,257,435,163,101,29,414
137,38,24,270,104,60,317,374,435,377,417,293
137,39,394,43,448,284,213,72,156,491,359,301
137,40,18,251,437,470,96,356,239,240,476,412
137,41,399,439,251,138,11,373,142,52,318,8
137,42,93,62,296,10,248,321,103,271,239,274
137,43,508,451,14,495,211,488,231,359,434,342
137,44,286,231,138,183,362,184,419,192,213,502
137,45,356,168,268,42,215,289,238,339,388,317
137,46,343,232,297,374,281,120,261,476,168,33
137,47,122,242,292,148,417,460,398,129,462,263
138,0,493,215,297,396,306,220,90,375,148,115
138,1,186,469,313,202,67,346,60,181,283,184
138,2,358,41,199,104,180,471,200,81,50,58
138,3,331,381,225,29,54,395,430,447,246,199
138,4,390,403,392,379,190,296,317,333,279,428
138,5,188,100,392,279,101,369,247,228,37,326
138,6,345,309,158,125,263,198,274,370,425,239
138,7,113,112,76,202,323,327,399,453,410,244
138,8,500,67,510,76,432,402,115,330,129,111
138,9,246,364,187,328,410,127,160,260,44,206
138,10,410,180,340,217,258,56,368,2,364,510
138,11,479,352,443,16,233,295,87,2,146,311
138,12,324,140,234,445,380,80,8,338,378,351
138,13,55,416,499,415,483,96,356,90,34,203
138,14,505,85,99,291,404,238,405,166,33,336
138,15,383,146,294,297,131,397,311,275,501,266
138,16,152,355,378,61,10,348,207,345,260,90
138,17,490,236,228,62,346,281,403,327,449,254
138,18,144,118,472,137,369,193,167,309,361,330
138,19,19,209,21,107,130,152,141,395,102,438
138,20,353,181,51,373,151,176,397,311,385,124
138,21,32,101,120,419,438,429,162,208,58,119
138,22,317,237,444,234,417,374,197,37,217,474
138,23,394,464,256,162,308,183,4,222,438,402
138,24,312,510,66,31,155,292,73,216,39,260
138,25,246,249,400,511,160,372,187,316,70,267
138,26,56,217,258,44,411,293,117,397,239,89
138,27,479,16,34,443,146,428,311,179,295,352
138,28,356,80,174,16,338,95,383,324,0,208
138,29,307,55,90,415,401,349,203,163,416,59
138,30,505,99,404,470,405,85,114,291,238,384
138,31,146,383,294,131,30,297,74,501,79,397
138,32,10,378,61,168,152,260,2,96,355,345
138,33,490,236,346,38,403,281,228,455,449,190
138,34,144,407,193,118,419,36,312,438,237,383
138,35,471,107,21,223,99,362,39,464,19,92
138,36,327,373,353,96,397,181,121,8,176,216
138,37,32,288,332,101,119,120,280,48,419,105
138,38,317,482,234,192,444,374,435,37,447,453
138,39,394,111,156,223,256,162,4,201,167,464
138,40,176,205,168,16,162,84,396,141,135,402
138,41,342,485,251,348,273,399,79,138,170,135
138,42,95,33,218,93,319,243,462,77,268,23
138,43,342,95,164,266,173,224,359,24,421,124
138,44,195,452,104,389,402,177,350,76,164,127
138,45,354,220,412,168,460,44,280,510,31,55
138,46,357,469,290,374,466,76,232,240,281,302
138,47,292,142,242,148,154,293,453,35,280,207
139,0,46,505,399,160,223,28,33,44,324,280
139,1,71,60,86,325,427,313,67,353,186,335
139,2,10,363,180,142,101,483,199,41,380,81
139,3,216,510,331,416,447,430,395,225,381,357
139,4,495,417,349,118,447,499,359,391,245,296
139,5,373,279,258,301,188,273,147,109,169,379
139,6,189,476,198,387,81,329,345,211,309,354
139,7,231,170,323,147,244,280,453,339,40,437
139,8,500,510,67,6,307,432,431,89,3,265
139,9,246,410,187,364,206,127,128,44,93,63
139,10,180,340,60,410,510,288,437,43,392,428
139,11,479,352,443,89,295,377,19,209,212,64
139,12,351,463,445,324,380,502,444,338,440,501
139,13,96,55,416,356,34,112,56,110,497,260
139,14,99,404,505,61,200,114,191,387,426,384
139,15,146,297,383,30,397,74,275,294,131,206
139,16,171,10,260,348,207,61,378,168,88,451
139,17,490,346,449,285,190,459,219,62,455,144
139,18,193,434,137,144,472,213,167,122,312,118
139,19,209,471,107,19,141,395,362,307,21,297
139,20,51,353,373,216,151,490,178,121,355,437
139,21,32,101,119,271,154,257,58,208,141,410
139,22,479,374,150,417,422,177,192,252,276,243
139,23,394,111,162,73,45,202,316,464,308,256
139,24,312,510,89,164,155,225,67,66,258,6
139,25,246,400,511,187,364,499,267,249,127,484
139,26,44,468,217,293,6,249,117,89,353,437
139,27,479,114,352,295,443,377,311,144,103,146
139,28,80,356,0,440,180,338,21,487,264,125
139,29,307,284,46,334,449,356,416,413,11,63
139,30,443,99,384,239,404,114,61,137,470,200
139,31,383,146,266,297,380,311,343,376,418,30
139,32,127,168,96,53,260,267,61,10,348,453
139,33,282,418,455,490,406,38,449,346,420,403
139,34,144,57,312,153,419,37,1,179,36,467
139,35,141,471,107,21,11,209,130,362,19,238
139,36,373,51,121,178,327,102,353,24,289,480
139,37,288,32,332,237,101,271,267,29,154,45
139,38,6,479,374,150,192,422,417,409,419,453
139,39,111,452,394,256,464,223,267,82,477,174
139,40,176,18,135,168,16,141,402,209,234,84
139,41,342,299,87,356,273,348,439,390,36,300
139,42,218,93,403,95,319,265,77,43,179,23
139,43,342,359,24,148,124,224,182,44,173,266
139,44,350,177,195,402,247,59,358,76,292,389
139,45,412,508,421,226,324,173,162,349,396,367
139,46,357,78,290,165,240,324,367,45,281,53
139,47,88,399,407,242,45,420,442,318,188,486
140,0,360,103,451,102,99,349,95,75,327,426
140,1,405,179,197,325,84,53,15,430,81,264
140,2,180,273,394,483,363,215,488,142,455,126
140,3,331,37,280,58,365,24,166,409,96,397
140,4,458,424,314,412,116,105,289,477,62,321
140,5,296,186,147,301,109,284,492,381,279,270
140,6,81,95,499,476,387,211,90,44,286,198
140,7,244,147,323,450,235,321,40,339,506,0
140,8,67,510,500,215,484,6,402,432,147,56
140,9,410,246,160,127,242,44,279,187,128,384
140,10,437,60,180,61,410,2,340,392,24,94
140,11,295,340,352,89,209,443,479,271,233,239
140,12,445,3,380,165,343,324,440,338,13,444
140,13,96,110,55,416,393,497,307,112,26,408
140,14,404,320,153,384,510,76,282,350,371,108
140,15,146,297,266,397,382,275,245,60,74,131
140,16,171,348,152,96,260,451,2,378,43,467
140,17,163,346,191,490,477,219,144,187,449,403
140,18,174,118,193,216,494,213,472,327,422,312
140,19,21,133,503,10,67,107,242,92,279,19
140,20,51,373,8,355,325,45,437,106,311,417
140,21,32,257,400,271,101,119,252,419,417,435
140,22,417,295,15,163,414,242,404,441,304,374
140,23,394,156,4,284,162,43,203,292,234,256
140,24,500,510,67,194,215,40,484,203,6,216
140,25,246,410,127,187,160,211,242,29,206,364
140,26,437,293,179,2,60,66,340,275,61,180
140,27,352,89,0,388,443,479,295,311,113,377
140,28,380,3,444,324,445,351,440,8,343,165
140,29,110,55,356,416,96,56,112,13,415,98
140,30,404,114,31,103,153,320,455,76,99,470
140,31,131,60,146,266,74,297,382,397,383,211
140,32,171,53,96,127,2,348,260,222,101,10
140,33,346,190,191,144,449,403,187,490,404,477
140,34,174,118,144,216,472,193,494,122,327,312
140,35,21,133,279,19,242,129,67,10,92,280
140,36,373,51,437,45,195,8,353,325,355,176
140,37,32,257,400,119,435,252,417,459,324,419
140,38,295,242,15,163,414,300,374,444,417,304
140,39,394,156,4,162,160,111,368,45,247,256
140,40,18,205,168,176,396,135,165,162,16,141
140,41,485,399,251,439,273,342,87,138,170,348
140,42,93,95,68,104,389,455,319,77,261,248
140,43,95,24,342,164,124,246,346,322,359,224
140,44,195,104,164,402,452,389,500,177,505,319
140,45,202,354,44,193,280,314,141,421,401,334
140,46,245,241,265,185,431,44,417,41,339,412
140,47,360,458,136,37,356,45,269,333,323,166
141,0,76,101,301,21,361,321,360,362,209,23
141,1,76,405,250,226,61,230,264,9,316,198
141,2,483,166,354,180,142,363,215,10,307,189
141,3,495,331,416,216,397,409,385,166,357,272
141,4,458,265,314,175,449,495,391,359,349,245
141,5,284,296,206,301,37,270,279,186,411,373
141,6,87,95,382,499,81,387,175,479,236,211
141,7,470,323,244,305,339,491,390,274,282,128
141,8,386,510,67,215,500,312,59,155,3,402
141,9,246,160,366,249,242,128,400,127,187,410
141,10,56,410,293,2,180,217,258,340,275,60
141,11,479,352,428,16,146,179,343,64,233,157
141,12,380,445,400,351,243,484,343,47,8,444
141,13,55,486,415,416,90,96,499,169,112,307
141,14,505,76,153,85,33,20,406,336,151,99
141,15,294,146,383,131,275,297,501,311,373,74
141,16,152,61,378,345,10,355,260,286,168,2
141,17,490,403,236,228,327,123,62,346,101,193
141,18,472,330,122,118,174,108,144,216,422,308
141,19,21,133,67,242,223,503,152,19,92,464
141,20,373,325,353,397,176,51,181,385,8,124
141,21,32,419,119,208,257,425,459,238,252,435
141,22,243,417,221,441,444,242,192,146,434,199
141,23,156,394,4,162,402,453,183,308,256,52
141,24,510,500,386,312,155,3,194,68,260,445
141,25,246,249,160,187,127,410,400,389,46,511
141,26,2,258,293,56,468,437,217,410,179,275
141,27,443,479,89,428,352,16,419,115,343,146
141,28,380,445,324,8,351,444,400,484,338,343
141,29,55,37,415,110,96,277,112,416,15,307
141,30,505,404,99,76,85,114,153,470,30,61
141,31,146,275,131,294,74,383,297,397,428,30
141,32,10,152,378,168,2,127,96,53,120,61
141,33,490,403,346,190,236,285,449,303,455,191
141,34,144,472,330,118,174,378,122,422,309,193
141,35,21,133,223,471,242,19,67,129,143,107
141,36,373,353,397,176,195,8,51,216,437,181
141,37,32,425,257,459,119,208,419,252,435,121
141,38,221,441,242,243,300,444,434,374,192,177
141,39,156,394,162,111,160,256,4,45,223,201
141,40,205,162,176,168,16,18,396,84,141,135
141,41,485,251,342,273,399,439,170,138,79,348
141,42,93,95,389,104,508,387,23,455,268,319
141,43,95,342,164,24,224,124,266,346,421,271
141,44,104,195,402,452,164,389,500,177,160,505
141,45,202,354,193,314,141,280,44,334,346,401
141,46,265,241,185,431,44,417,339,412,211,319
141,47,37,166,175,356,112,45,333,269,323,66
142,0,376,440,113,133,175,106,10,497,93,341
142,1,237,499,4,39,244,251,415,403,459,160
142,2,191,486,433,70,382,178,180,36,96,133
142,3,58,391,152,363,200,78,446,96,135,240
142,4,338,412,44,216,424,266,105,116,376,493
142,5,19,161,431,109,22,95,191,222,282,305
142,6,358,45,387,174,214,32,148,486,472,492
142,7,71,234,255,228,187,15,206,2,371,353
142,8,292,31,510,312,68,73,365,39,66,260
142,9,249,246,400,70,372,160,511,456,432,4
142,10,56,87,411,440,142,361,162,257,117,217
142,11,179,428,34,509,157,479,407,146,117,353
142,12,372,498,369,60,50,16,6,155,404,95
142,13,467,415,318,396,167,499,178,187,203,55
142,14,505,5,142,153,509,166,336,194,19,99
142,15,294,131,146,383,311,30,74,436,295,98
142,16,152,252,355,10,61,260,2,345,207,216
142,17,236,490,327,266,207,409,403,228,159,281
142,18,229,437,500,34,80,461,494,422,418,482
142,19,21,223,165,152,99,183,482,19,143,428
142,20,96,445,347,353,89,213,385,176,397,373
142,21,409,119,253,32,48,222,115,436,479,301
142,22,193,384,300,316,33,111,306,422,437,66
142,23,4,308,162,464,443,394,223,477,183,256
142,24,510,292,31,312,68,73,365,39,331,66
142,25,249,372,246,400,316,70,267,160,511,263
142,26,56,87,361,411,117,217,415,162,67,123
142,27,479,179,353,34,428,157,16,509,419,443
142,28,498,372,16,174,95,369,51,60,110,442
142,29,167,55,349,467,415,135,203,307,15,163
142,30,505,509,5,218,99,85,153,213,404,19
142,31,146,294,131,383,74,275,30,428,311,141
142,32,10,152,61,2,216,168,345,378,252,355
142,33,403,490,236,266,164,346,190,159,409,67
142,34,494,229,173,403,80,500,482,418,437,34
142,35,21,223,428,482,502,143,471,19,129,107
142,36,96,373,412,353,437,347,89,51,117,298
142,37,32,253,115,409,119,435,222,407,252,479
142,38,300,384,193,316,96,164,111,265,15,356
142,39,394,111,162,4,45,223,160,256,464,201
142,40,205,168,176,165,16,162,18,84,141,485
142,41,342,485,21,273,378,251,415,87,439,289
142,42,235,95,490,93,210,104,455,389,436,39
142,43,95,342,24,359,224,266,458,164,365,124
142,44,195,104,47,500,389,39,177,452,402,352
142,45,145,435,202,346,314,193,141,363,280,162
142,46,241,185,44,417,265,339,129,195,244,424
142,47,37,321,356,89,112,76,45,226,333,66
143,0,247,67,61,95,394,134,471,93,451,400
143,1,305,263,342,135,4,296,413,78,84,143
143,2,76,351,431,28,55,256,92,96,138,180
143,3,391,58,152,200,96,376,78,449,363,446
143,4,266,412,424,105,116,272,432,338,458,422
143,5,186,22,19,382,390,147,419,431,322,358
143,6,121,36,384,298,26,24,458,472,296,141
143,7,250,244,2,338,145,408,235,377,285,44
143,8,66,510,277,312,365,110,427,217,67,73
143,9,246,460,400,267,456,410,511,431,63,242
143,10,487,67,371,117,56,415,178,293,346,78
143,11,295,353,509,406,233,87,2,352,117,375
143,12,345,372,6,249,1,91,11,127,442,45
143,13,64,307,51,349,167,396,367,187,401,177
143,14,142,238,46,194,200,292,505,83,320,153
143,15,383,131,266,311,297,146,501,402,397,110
143,16,61,207,355,168,127,267,260,394,467,2
143,17,236,349,327,193,490,403,453,409,16,165
143,18,494,235,487,67,252,117,173,506,408,154
143,19,21,141,130,19,259,183,55,143,107,445
143,20,125,373,480,412,437,66,102,51,353,151
143,21,32,115,370,222,407,417,58,391,435,252
143,22,148,230,305,414,133,164,15,102,115,396
143,23,111,464,394,82,452,480,251,147,97,4
143,24,427,217,66,510,258,312,155,110,67,237
143,25,246,400,460,456,431,389,310,372,267,242
143,26,293,415,117,371,178,346,361,67,17,501
143,27,353,123,233,114,144,295,419,352,125,375
143,28,345,91,249,372,110,136,1,190,11,288
143,29,307,401,51,64,367,349,404,177,29,138
143,30,114,239,505,404,384,443,238,51,99,311
143,31,383,146,131,266,311,74,380,30,297,397
143,32,127,61,168,96,10,267,53,260,222,378
143,33,490,403,406,190,38,282,455,346,449,453
143,34,173,494,235,506,154,422,252,118,487,157
143,35,21,259,471,55,143,107,464,112,79,141
143,36,412,373,51,353,506,437,216,125,45,121
143,37,32,115,435,407,253,370,252,436,206,11
143,38,148,230,133,305,164,96,300,102,414,15
143,39,394,111,162,368,477,45,464,256,247,251
143,40,18,168,176,396,165,135,141,205,16,340
143,41,125,273,378,342,439,399,485,348,27,87
143,42,93,490,95,455,39,235,495,141,104,319
143,43,95,342,24,365,42,124,359,346,266,224
143,44,104,500,195,39,402,389,505,224,1,337
143,45,202,456,280,193,314,429,141,346,363,383
143,46,185,417,241,244,44,221,265,373,339,405
143,47,37,356,226,76,45,112,29,333,461,338
144,0,289,254,291,7,133,290,93,49,161,415
144,1,119,78,342,263,305,351,197,498,491,279
144,2,92,180,28,138,313,431,351,364,127,296
144,3,391,58,363,152,200,376,96,78,444,333
144,4,338,166,412,105,116,277,424,376,266,375
144,5,90,79,109,186,22,126,431,306,95,506
144,6,251,170,279,472,455,296,174,347,431,138
144,7,461,307,377,235,101,314,44,244,400,413
144,8,155,381,312,510,500,6,491,277,508,164
144,9,246,400,63,187,511,432,249,410,127,260
144,10,78,17,6,293,291,437,120,468,117,217
144,11,352,479,443,89,144,146,114,311,103,2
144,12,360,75,136,6,84,440,288,127,48,161
144,13,367,71,307,443,416,404,356,169,349,64
144,14,99,404,153,246,505,61,109,443,200,83
144,15,146,131,383,266,297,30,397,501,74,206
144,16,10,53,260,127,370,207,96,168,171,348
144,17,490,346,190,449,219,285,403,38,187,327
144,18,494,298,394,506,422,327,67,170,207,173
144,19,21,471,107,259,209,73,362,19,112,34
144,20,373,51,353,216,218,140,75,412,289,121
144,21,32,400,442,435,206,223,425,252,31,146
144,22,452,269,10,230,148,468,142,295,3,379
144,23,394,155,263,162,308,45,401,111,4,297
144,24,155,381,500,510,312,110,164,508,254,67
144,25,246,400,511,29,364,187,127,484,260,404
144,26,17,468,78,437,88,293,179,291,153,494
144,27,89,443,479,353,352,311,144,114,87,377
144,28,360,75,136,288,84,6,161,127,440,345
144,29,443,356,367,416,56,64,45,167,71,138
144,30,404,99,114,109,153,384,330,142,470,200
144,31,146,74,266,131,60,297,383,211,397,501
144,32,53,96,127,10,101,260,348,2,171,115
144,33,190,371,346,449,144,490,187,403,25,38
144,34,506,494,67,118,416,422,394,117,173,170
144,35,21,445,50,19,10,331,112,313,471,452
144,36,106,45,51,297,506,437,436,121,373,417
144,37,32,435,333,400,442,206,146,223,53,324
144,38,10,269,230,3,133,148,468,136,414,295
144,39,394,155,111,401,478,368,284,250,95,81
144,40,18,165,168,434,176,396,135,340,56,143
144,41,16,399,273,245,505,353,342,171,12,125
144,42,479,93,97,438,67,17,455,187,133,45
144,43,365,342,24,190,445,359,64,95,26,294
144,44,337,204,292,474,148,402,104,471,195,173
144,45,126,202,119,132,297,280,346,201,210,381
144,46,185,393,104,138,417,248,44,446,221,241
144,47,29,37,400,125,203,370,112,356,181,463
145,0,4,180,126,162,228,274,251,200,275,235
145,1,394,108,451,368,0,391,172,423,260,150
145,2,346,236,107,391,180,452,296,200,112,508
145,3,402,331,447,282,108,395,29,381,416,385
145,4,73,223,5,199,325,346,294,114,34,506
145,5,80,93,374,47,318,348,312,354,26,63
145,6,118,195,168,496,208,269,52,288,435,292
145,7,65,167,166,94,11,244,496,316,410,93
145,8,500,126,155,510,67,6,356,216,205,491
145,9,246,187,410,160,127,260,400,511,44,404
145,10,340,265,362,2,120,180,410,437,179,60
145,11,89,479,443,432,377,352,297,311,456,146
145,12,363,410,289,288,432,143,444,284,87,84
145,13,72,110,55,416,356,56,135,260,261,303
145,14,404,153,505,85,99,504,320,384,147,61
145,15,146,297,231,275,397,266,294,382,245,74
145,16,171,348,152,378,10,43,260,2,96,88
145,17,346,490,191,144,449,190,25,219,403,455
145,18,103,118,178,193,497,422,494,249,385,282
145,19,21,331,10,19,313,209,50,112,184,471
145,20,51,106,417,45,297,355,10,373,436,353
145,21,32,454,178,435,107,31,456,333,39,56
145,22,343,472,465,56,74,453,281,171,23,469
145,23,478,394,155,401,292,95,96,74,9,402
145,24,500,126,41,510,356,205,177,390,154,138
145,25,246,2,210,29,187,410,511,220,206,364
145,26,2,293,340,30,179,468,158,320,265,362
145,27,89,479,352,443,0,311,295,291,144,353
145,28,363,410,289,288,444,143,220,228,219,87
145,29,110,55,72,56,416,356,443,135,306,352
145,30,404,153,432,99,114,109,320,470,103,357
145,31,146,297,266,131,231,74,60,383,418,275
145,32,53,171,96,127,348,101,2,260,10,222
145,33,25,144,346,449,190,495,191,72,490,404
145,34,103,178,497,118,249,282,19,385,388,193
145,35,19,21,50,112,331,452,313,10,421,141
145,36,45,10,175,417,478,51,433,437,56,121
145,37,32,454,178,107,456,252,435,39,324,163
145,38,465,472,343,74,56,281,23,171,181,381
145,39,394,111,478,368,443,121,183,402,284,247
145,40,18,434,165,168,396,56,143,135,340,176
145,41,51,399,273,439,77,171,87,46,484,342
145,42,194,85,93,67,45,438,114,43,91,248
145,43,294,365,445,359,24,84,190,161,342,481
145,44,489,292,402,474,104,471,212,495,352,148
145,45,167,280,202,381,26,122,421,290,282,89
145,46,446,185,248,412,261,200,457,211,64,71
145,47,487,152,171,17,2,281,149,65,407,175
146,0,464,346,44,416,320,485,381,219,264,458
146,1,80,434,115,5,262,394,174,316,76,190
146,2,454,294,180,107,379,296,500,200,321,363
146,3,416,283,391,395,331,447,384,489,288,403
146,4,14,152,128,85,471,114,267,458,399,24
146,5,47,257,5,424,340,509,172,348,63,54
146,6,416,188,52,207,441,3,269,14,142,22
146,7,105,166,119,72,357,244,44,93,305,275
146,8,500,177,126,353,32,510,67,322,399,144
146,9,246,2,187,410,225,0,432,160,127,29
146,10,265,362,437,106,137,490,1,402,468,395
146,11,89,377,432,352,373,214,295,113,268,297
146,12,501,493,444,340,289,33,288,84,168,380
146,13,303,306,42,202,76,277,257,110,72,348
146,14,153,404,381,455,109,103,16,114,30,505
146,15,266,146,297,131,74,397,383,73,392,30
146,16,53,96,260,171,222,127,101,2,61,267
146,17,25,495,190,346,449,144,490,477,165,278
146,18,96,178,249,386,422,122,309,118,19,324
146,19,21,60,19,112,10,452,50,463,9,90
146,20,423,417,51,45,335,355,433,170,373,478
146,21,32,252,384,435,424,91,39,454,178,436
146,22,408,59,339,358,334,181,444,69,401,467
146,23,394,443,95,0,292,118,121,224,368,284
146,24,500,126,177,353,32,116,67,239,510,509
146,25,246,2,410,29,0,127,239,432,494,60
146,26,106,362,265,173,437,137,30,490,468,155
146,27,89,377,432,113,373,139,214,353,297,352
146,28,501,493,340,168,288,289,33,6,434,84
146,29,202,303,42,306,76,489,110,257,379,427
146,30,114,404,153,283,455,109,366,320,381,398
146,31,131,266,74,60,297,146,376,409,397,418
146,32,53,101,127,222,260,419,96,476,323,61
146,33,25,495,404,190,346,449,144,101,193,396
146,34,96,386,178,144,249,19,309,374,324,37
146,35,19,21,60,112,242,228,238,452,102,50
146,36,417,45,437,423,478,433,175,51,373,311
146,37,32,252,384,91,435,83,436,419,324,39
146,38,408,339,59,181,358,401,444,242,69,328
146,39,394,111,4,443,368,78,183,162,407,121
146,40,434,18,168,135,176,396,205,56,364,143
146,41,273,439,399,87,434,415,332,46,171,264
146,42,93,95,261,119,104,303,77,190,387,428
146,43,342,24,359,246,498,164,346,121,32,397
146,44,104,225,402,292,195,160,352,148,389,164
146,45,282,280,346,202,44,162,193,200,31,354
146,46,329,185,241,504,265,45,431,195,200,412
146,47,458,175,234,461,120,407,45,80,146,112
147,0,234,416,464,188,79,334,320,485,381,124
147,1,414,264,434,251,174,262,437,281,471,272
147,2,215,142,321,454,180,294,379,483,296,494
147,3,357,416,397,391,216,176,331,489,58,447
147,4,314,237,128,329,349,458,391,14,499,495
147,5,284,180,373,270,186,233,11,172,399,96
147,6,416,50,452,188,207,151,441,27,387,447
147,7,274,491,466,327,244,390,44,119,176,105
147,8,500,427,353,140,177,67,426,499,510,301
147,9,246,242,410,225,127,2,29,494,239,262
147,10,137,293,437,163,1,106,362,31,413,497
147,11,89,377,295,432,297,352,113,365,139,64
147,12,249,221,493,343,64,380,501,84,444,6
147,13,202,257,42,76,306,110,303,62,489,277
147,14,404,292,153,320,114,109,151,312,2,76
147,15,266,297,131,60,146,383,397,74,245,188
147,16,260,127,96,171,348,53,467,61,222,2
147,17,25,193,190,346,449,490,44,101,144,426
147,18,216,220,48,96,337,196,369,144,422,323
147,19,21,1,223,242,19,10,112,482,396,238
147,20,8,10,51,437,45,373,433,417,90,311
147,21,32,252,43,119,98,279,424,435,452,476
147,22,419,110,422,432,163,177,471,141,417,435
147,23,394,4,78,478,443,183,284,368,111,402
147,24,500,427,140,353,67,177,505,301,144,215
147,25,60,246,410,242,494,127,29,2,475,460
147,26,293,106,137,437,163,216,173,1,468,155
147,27,89,377,432,352,233,295,297,365,113,274
147,28,249,221,343,6,64,501,84,493,380,445
147,29,202,62,243,257,110,306,109,489,76,42
147,30,404,114,153,320,292,76,109,312,9,180
147,31,266,131,60,297,74,146,376,397,189,418
147,32,53,127,260,96,222,419,101,476,171,467
147,33,193,190,404,25,44,403,449,426,101,144
147,34,337,220,216,48,196,494,309,144,19,340
147,35,482,223,1,21,242,112,19,429,396,50
147,36,8,45,10,437,51,478,373,90,417,433
147,37,32,279,43,252,119,98,301,435,436,83
147,38,419,110,163,432,177,422,242,300,471,141
147,39,394,4,111,368,478,78,162,251,121,234
147,40,18,135,165,168,56,176,364,205,396,141
147,41,273,264,439,399,87,415,462,342,251,46
147,42,436,389,93,95,232,478,342,235,104,403
147,43,342,24,359,246,346,164,365,124,458,256
147,44,104,160,292,195,402,500,452,352,505,389
147,45,280,346,202,193,314,44,421,354,162,141
147,46,185,241,265,45,244,200,319,195,53,339
147,47,89,45,88,323,112,226,333,66,357,461
148,0,270,58,290,358,349,304,93,291,134,0
148,1,305,454,263,84,179,197,58,183,78,264
148,2,180,351,431,435,28,296,168,92,256,76
148,3,391,58,96,280,376,78,363,51,176,37
148,4,458,412,424,338,116,299,266,422,166,312
148,5,186,109,492,95,419,222,358,126,296,124
148,6,387,384,174,472,298,119,280,138,286,26
148,7,44,244,235,466,250,338,314,116,101,377
148,8,500,427,140,260,67,505,301,375,172,510
148,9,246,410,242,127,211,29,260,44,431,225
148,10,293,437,102,468,308,163,67,415,89,137
148,11,89,295,432,352,377,297,251,365,443,353
148,12,6,249,75,127,84,345,343,7,440,408
148,13,257,202,306,171,489,110,137,263,42,443
148,14,404,153,320,109,292,114,99,384,405,165
148,15,266,297,131,397,60,245,146,383,382,74
148,16,171,260,127,348,53,222,96,467,61,2
148,17,190,193,346,25,490,449,187,404,477,319
148,18,494,117,67,170,260,48,428,216,327,422
148,19,21,112,19,362,445,263,73,9,347,213
148,20,10,51,190,45,66,437,373,311,8,355
148,21,412,32,496,31,279,299,98,252,324,136
148,22,20,414,304,417,110,15,295,130,269,290
148,23,394,478,284,402,292,302,368,9,111,438
148,24,500,427,505,140,67,510,275,260,301,144
148,25,246,410,494,60,220,364,127,29,2,242
148,26,293,437,106,468,137,102,179,173,155,60
148,27,89,352,377,443,319,432,295,139,311,375
148,28,6,249,75,127,288,84,7,345,168,395
148,29,110,56,356,489,202,443,306,427,379,416
148,30,114,404,476,455,153,247,109,99,320,357
148,31,131,60,146,266,382,74,297,397,383,376
148,32,53,260,96,419,127,222,101,61,230,2
148,33,190,404,144,193,25,477,495,187,490,449
148,34,494,117,170,369,67,48,19,193,260,309
148,35,21,112,50,452,313,10,471,9,19,329
148,36,51,45,10,121,190,13,353,175,56,478
148,37,32,412,496,252,324,136,435,31,279,56
148,38,20,414,469,242,453,110,290,136,133,304
148,39,394,111,478,368,402,45,121,167,251,223
148,40,18,168,165,56,176,135,396,340,450,364
148,41,273,439,399,46,352,0,342,87,365,171
148,42,93,197,342,410,62,232,20,478,114,335
148,43,365,24,445,246,119,359,342,161,26,346
148,44,292,148,223,402,134,104,337,212,505,352
148,45,111,84,290,126,202,381,122,280,421,104
148,46,185,272,124,421,181,57,199,200,104,259
148,47,202,144,338,326,29,336,349,480,292,320
149,0,463,378,337,21,406,462,96,324,300,158
149,1,378,18,294,370,265,87,281,277,336,203
149,2,63,253,106,30,180,460,38,142,493,296
149,3,212,416,1,23,391,331,229,238,447,389
149,4,393,54,63,458,437,443,237,103,317,329
149,5,29,278,493,290,379,430,186,424,37,76
149,6,145,5,168,119,387,318,269,371,250,310
149,7,72,93,44,466,244,374,20,75,16,128
149,8,500,275,140,427,260,67,510,399,144,499
149,9,246,2,391,46,410,432,29,127,220,364
149,10,437,137,293,106,468,1,362,490,155,179
149,11,89,297,432,377,73,139,239,443,352,295
149,12,395,154,249,444,84,380,502,6,168,501
149,13,202,110,76,306,427,472,257,489,303,277
149,14,404,114,153,99,109,384,334,476,324,2
149,15,266,131,146,74,60,382,297,30,383,397
149,16,53,260,96,222,179,2,419,127,61,267
149,17,190,490,495,449,25,477,144,193,346,38
149,18,122,92,93,193,48,118,369,331,422,139
149,19,21,362,471,218,463,242,9,297,79,147
149,20,51,355,353,10,45,373,13,490,311,121
149,21,32,31,167,324,412,252,435,119,470,38
149,22,35,45,417,321,304,453,121,224,242,320
149,23,394,292,368,471,331,9,284,203,465,226
149,24,500,275,184,510,67,239,445,353,144,300
149,25,246,364,220,2,484,475,410,260,127,29
149,26,437,468,106,173,36,295,65,137,408,362
149,27,89,377,443,139,274,372,114,311,373,73
149,28,395,168,288,154,502,380,6,396,440,234
149,29,110,379,56,98,37,25,427,356,489,202
149,30,114,404,99,247,330,283,30,384,470,334
149,31,146,131,74,382,60,266,383,30,376,501
149,32,53,96,260,419,127,2,222,61,10,230
149,33,190,490,404,144,449,495,38,406,265,187
149,34,122,92,193,19,144,93,494,369,309,37
149,35,21,471,9,79,362,112,50,129,220,19
149,36,51,121,45,353,355,437,373,13,311,478
149,37,32,167,324,119,252,470,435,419,436,31
149,38,35,45,242,321,121,224,453,320,304,444
149,39,394,111,167,368,353,292,284,45,251,103
149,40,18,168,135,165,176,396,262,364,141,311
149,41,439,399,273,342,352,87,443,348,350,133
149,42,93,382,62,130,260,95,23,202,335,104
149,43,24,342,322,246,346,365,508,26,359,266
149,44,402,148,104,505,99,352,195,292,495,1
149,45,280,202,223,89,421,200,334,26,294,314
149,46,185,329,412,200,241,268,431,67,195,339
149,47,292,458,2,234,461,501,289,204,175,112
150,0,46,160,505,258,330,117,324,25,82,407
150,1,71,370,113,112,427,281,378,87,140,277
150,2,142,180,10,253,63,387,472,101,153,296
150,3,212,510,416,216,391,58,23,272,331,389
150,4,417,495,458,237,359,447,391,499,443,438
150,5,379,373,278,29,493,186,258,284,424,76
150,6,198,476,387,189,403,452,286,231,220,168
150,7,231,170,244,93,44,72,147,16,128,82
150,8,500,67,510,313,275,427,260,140,312,358
150,9,246,400,364,127,432,410,372,187,260,484
150,10,437,468,293,179,217,89,44,117,60,483
150,11,479,352,257,157,114,146,117,295,443,103
150,12,351,463,380,395,249,444,234,84,47,484
150,13,307,427,153,169,349,61,396,51,331,56
150,14,505,99,85,239,404,405,194,83,469,238
150,15,383,146,131,311,64,266,30,294,297,397
150,16,61,10,267,127,207,168,260,222,53,378
150,17,490,327,38,236,406,193,403,449,319,455
150,18,144,434,122,472,213,206,312,92,137,309
150,19,471,107,320,21,209,183,238,19,242,141
150,20,373,51,480,102,353,178,289,121,151,433
150,21,32,119,271,154,419,208,362,252,58,31
150,22,479,374,150,177,45,192,417,422,323,242
150,23,111,452,464,394,267,256,4,82,480,183
150,24,258,510,155,312,66,225,443,500,216,67
150,25,246,499,400,364,460,267,372,410,456,306
150,26,483,6,353,117,468,44,217,293,474,59
150,27,114,295,144,479,2,233,222,406,123,311
150,28,80,190,249,440,0,487,356,383,13,76
150,29,307,51,334,212,284,32,401,349,449,61
150,30,239,443,384,99,405,200,238,404,357,247
150,31,383,146,380,266,297,311,343,30,187,418
150,32,127,168,61,260,10,467,267,348,492,453
150,33,418,38,490,282,455,265,406,327,449,403
150,34,419,144,213,494,434,312,468,92,193,19
150,35,141,471,483,21,362,348,9,107,130,209
150,36,51,121,355,353,373,45,178,412,417,56
150,37,32,271,154,119,252,324,435,362,436,31
150,38,374,479,150,242,177,300,422,192,243,417
150,39,394,111,284,353,167,448,28,292,368,213
150,40,18,165,168,135,176,262,143,56,141,239
150,41,439,399,264,273,342,443,87,52,11,348
150,42,93,403,335,95,235,104,67,319,293,455
150,43,24,508,342,346,322,365,26,385,246,445
150,44,402,247,104,148,292,505,195,352,184,281
150,45,508,280,202,223,421,334,314,193,114,97
150,46,185,241,200,405,339,195,92,78,67,236
150,47,89,45,88,461,112,204,66,498,289,323
151,0,360,97,508,134,93,451,492,328,253,327
151,1,179,405,263,84,113,413,197,23,267,183
151,2,180,394,273,431,96,256,445,69,351,153
151,3,58,280,200,96,276,51,47,40,37,372
151,4,458,412,424,289,116,105,45,166,376,112
151,5,186,147,492,109,306,364,293,390,381,387
151,6,387,403,286,90,280,26,95,476,221,141
151,7,147,244,457,506,2,37,250,450,40,304
151,8,500,6,260,313,140,427,236,67,510,358
151,9,246,410,372,484,127,260,432,404,187,211
151,10,437,60,468,91,179,137,267,381,293,89
151,11,89,443,239,377,139,257,375,352,432,479
151,12,3,440,6,487,84,64,288,165,249,408
151,13,83,76,404,321,472,241,408,356,443,71
151,14,404,330,99,324,320,83,153,114,384,200
151,15,131,74,266,60,297,146,30,206,402,397
151,16,53,419,96,260,222,207,2,127,476,171
151,17,187,490,190,449,346,38,404,144,409,25
151,18,280,494,206,117,193,170,167,118,422,213
151,19,81,21,362,463,471,73,313,9,112,316
151,20,51,121,355,353,45,373,417,490,66,311
151,21,400,32,31,324,252,146,442,206,435,271
151,22,304,295,453,15,269,417,414,133,468,148
151,23,394,111,465,292,368,185,471,362,284,201
151,24,500,6,510,67,215,313,239,89,312,236
151,25,246,410,484,260,511,364,29,220,127,63
151,26,437,468,60,179,106,293,381,162,49,267
151,27,89,443,311,239,375,139,353,479,352,347
151,28,3,440,288,13,6,84,0,21,487,345
151,29,83,356,167,24,443,98,110,416,432,56
151,30,404,114,330,99,247,324,109,153,476,402
151,31,131,74,266,146,60,297,501,376,383,397
151,32,419,53,96,260,127,222,2,101,207,10
151,33,187,404,190,188,265,144,490,449,25,477
151,34,280,494,170,117,118,19,193,468,67,217
151,35,21,313,112,452,50,19,471,331,329,362
151,36,45,121,13,175,478,373,10,437,51,433
151,37,32,400,324,252,146,435,442,206,436,155
151,38,414,295,15,133,453,269,242,304,136,148
151,39,111,394,121,118,368,478,45,201,251,402
151,40,18,168,165,396,450,176,135,56,434,53
151,41,439,273,399,243,46,0,365,125,245,87
151,42,438,335,93,388,67,97,138,187,479,133
151,43,365,26,445,246,342,24,161,359,119,190
151,44,148,292,248,337,104,212,474,195,471,402
151,45,126,201,280,202,290,381,237,167,22,104
151,46,432,446,185,248,200,221,245,261,57,510
151,47,29,181,204,125,289,370,65,2,136,17
152,0,264,305,312,321,362,36,430,76,209,132
152,1,76,5,61,262,3,316,405,402,226,164
152,2,307,454,180,253,359,294,303,249,20,296
152,3,416,495,391,58,331,395,283,414,503,176
152,4,192,458,267,14,265,161,175,310,152,74
152,5,146,424,331,47,54,37,186,284,255,272
152,6,132,3,387,87,175,161,403,447,269,174
152,7,128,305,44,72,166,244,48,282,16,259
152,8,500,32,177,126,510,67,358,399,260,144
152,9,246,484,432,364,260,23,410,69,187,29
152,10,137,362,437,265,3,468,60,106,367,36
152,11,89,432,377,73,239,443,139,353,148,479
152,12,17,138,444,502,400,6,380,84,288,267
152,13,303,76,202,277,110,306,239,348,489,486
152,14,153,404,114,330,455,354,247,109,83,99
152,15,131,146,60,266,74,297,397,30,206,382
152,16,53,419,260,96,2,222,127,99,101,207
152,17,265,188,490,25,142,187,477,144,449,495
152,18,122,468,81,249,19,494,178,422,309,246
152,19,313,21,112,471,452,463,242,50,362,92
152,20,13,121,278,433,51,437,373,45,289,175
152,21,32,252,233,470,424,31,435,419,324,436
152,22,320,453,444,434,243,242,416,304,328,334
152,23,394,111,4,118,45,121,368,316,256,251
152,24,500,239,177,32,510,509,126,67,184,353
152,25,364,246,29,400,484,260,187,511,2,220
152,26,468,137,106,362,3,173,44,211,413,490
152,27,89,114,139,377,479,443,71,168,432,144
152,28,17,168,502,138,288,380,6,234,501,84
152,29,26,427,37,98,303,76,202,306,307,25
152,30,114,404,283,247,99,330,443,239,476,455
152,31,146,131,383,501,74,266,297,30,428,343
152,32,53,419,127,10,2,260,99,96,222,61
152,33,188,265,490,455,406,404,38,282,449,25
152,34,468,122,246,494,81,144,309,37,19,249
152,35,471,21,112,498,50,19,242,313,141,9
152,36,121,278,373,178,289,433,306,353,45,13
152,37,233,32,252,470,419,324,506,435,183,502
152,38,320,242,453,434,243,444,416,334,428,328
152,39,111,394,251,4,121,45,464,263,368,201
152,40,168,176,18,135,396,170,53,205,262,145
152,41,273,243,439,399,87,417,348,342,299,36
152,42,93,214,362,95,261,104,388,335,23,387
152,43,342,24,246,224,346,359,146,26,182,95
152,44,148,35,104,164,500,195,248,127,81,402
152,45,280,202,171,401,162,421,412,200,173,220
152,46,185,329,510,432,44,241,200,412,6,457
152,47,175,37,45,234,120,289,356,369,112,407
153,0,212,499,240,294,241,60,192,251,475,391
153,1,245,328,386,285,229,482,394,385,475,215
153,2,147,208,180,200,296,406,107,109,132,236
153,3,331,416,202,447,395,403,461,178,51,494
153,4,163,346,390,233,294,73,173,506,263,325
153,5,129,110,41,98,471,354,424,101,58,478
153,6,66,201,132,427,269,441,33,67,168,505
153,7,499,288,120,202,9,93,244,76,167,493
153,8,500,239,509,67,177,313,317,184,66,164
153,9,246,484,260,432,400,29,69,409,364,23
153,10,211,137,468,437,362,155,157,381,179,293
153,11,89,432,443,479,377,311,352,353,257,139
153,12,168,160,234,288,84,6,138,338,289,97
153,13,56,356,306,153,26,416,443,110,345,456
153,14,404,99,83,61,470,109,320,153,330,115
153,15,146,297,275,397,228,383,428,294,131,102
153,16,10,348,171,127,96,345,207,115,120,61
153,17,490,346,449,38,455,403,188,193,406,190
153,18,285,468,212,398,422,374,19,277,118,312
153,19,471,313,26,107,320,209,463,19,297,183
153,20,178,121,373,13,51,45,353,355,289,417
153,21,220,32,392,435,332,118,324,96,240,506
153,22,175,470,270,453,445,309,281,345,321,264
153,23,111,256,301,408,162,504,3,43,302,150
153,24,239,500,312,510,509,155,184,258,443,306
153,25,400,364,249,246,187,511,460,443,220,499
153,26,468,293,179,217,483,340,44,6,117,89
153,27,352,479,443,144,16,233,295,146,311,89
153,28,234,356,249,0,440,501,383,188,99,97
153,29,307,56,37,443,416,415,401,153,110,196
153,30,505,404,85,99,247,405,114,470,384,320
153,31,146,294,383,297,275,131,501,30,311,266
153,32,10,61,127,53,168,378,152,2,157,355
153,33,490,38,455,265,406,188,327,346,282,236
153,34,144,285,468,312,212,374,277,360,494,100
153,35,471,107,320,141,11,91,183,39,362,15
153,36,373,121,178,102,353,151,306,289,355,51
153,37,332,220,392,118,96,32,324,233,5,29
153,38,470,175,270,345,453,309,24,445,264,281
153,39,111,452,464,256,82,267,394,4,223,251
153,40,176,135,168,18,188,74,88,91,84,141
153,41,493,342,476,87,299,300,55,273,356,348
153,42,124,388,248,93,319,218,43,214,174,37
153,43,24,139,173,359,124,148,342,26,44,261
153,44,276,356,315,81,248,433,358,338,105,59
153,45,442,412,270,168,22,237,171,227,425,220
153,46,418,432,281,6,24,55,348,378,56,346
153,47,445,343,242,79,254,289,398,442,453,124
154,0,227,20,194,216,380,213,165,3,472,109
154,1,36,245,74,466,506,382,206,51,88,158
154,2,147,37,325,296,301,312,132,295,125,17
154,3,331,447,4,335,408,403,504,497,496,196
154,4,325,263,465,233,506,426,496,390,156,294
154,5,100,41,129,84,98,58,354,468,445,112
154,6,505,66,427,164,91,168,54,201,76,144
154,7,288,241,499,76,10,333,140,99,489,158
154,8,356,500,239,187,205,87,160,150,54,19
154,9,29,446,2,210,494,488,443,214,0,344
154,10,48,432,273,129,492,394,437,36,211,265
154,11,89,456,422,432,291,415,214,402,367,443
154,12,288,228,160,53,37,63,168,143,220,459
154,13,128,352,464,356,260,110,72,345,26,329
154,14,486,404,383,109,388,153,90,432,175,99
154,15,266,146,231,245,297,397,74,131,60,275
154,16,171,101,53,96,2,348,115,88,326,378
154,17,495,196,144,25,191,491,490,346,372,17
154,18,42,285,318,497,212,460,49,422,19,471
154,19,313,26,463,452,21,145,90,362,155,331
154,20,45,417,55,13,51,175,311,56,170,355
154,21,392,220,324,435,5,150,32,240,131,33
154,22,24,60,104,270,175,210,264,75,345,293
154,23,145,394,110,292,95,23,433,121,150,471
154,24,500,239,509,356,87,184,54,510,223,187
154,25,246,29,443,0,2,239,364,220,210,511
154,26,492,106,211,48,432,468,424,273,129,125
154,27,89,422,214,311,415,456,291,12,432,72
154,28,228,160,53,288,346,37,168,459,220,217
154,29,128,306,379,352,110,302,329,286,489,220
154,30,476,486,404,109,383,114,470,212,153,90
154,31,131,74,501,266,146,297,376,64,409,206
154,32,419,53,260,101,96,115,62,222,429,416
154,33,488,144,210,25,265,372,404,72,495,499
154,34,285,42,212,318,460,115,468,497,19,49
154,35,26,362,145,9,21,452,471,453,112,155
154,36,121,45,63,51,306,417,55,355,101,178
154,37,324,220,392,5,32,118,435,150,131,506
154,38,60,24,270,104,210,175,75,345,264,30
154,39,145,111,394,82,121,438,110,9,95,284
154,40,493,91,135,168,295,262,18,173,186,208
154,41,493,476,42,55,353,449,399,265,287,84
154,42,124,248,27,93,87,471,276,319,226,393
154,43,77,139,24,499,320,26,124,146,162,207
154,44,276,356,433,302,81,395,299,358,199,277
154,45,47,442,227,171,215,266,22,280,283,270
154,46,418,338,283,388,484,343,348,200,6,493
154,47,138,343,273,44,497,247,209,346,289,451
155,0,433,478,45,121,154,284,124,135,397,51
155,1,223,510,245,219,340,506,186,502,51,4
155,2,77,147,51,240,113,358,426,132,56,301
155,3,331,386,403,447,217,461,465,21,384,14
155,4,363,284,390,392,263,426,89,325,190,289
155,5,100,9,98,3,129,84,419,228,354,368
155,6,427,35,194,144,505,164,379,52,468,66
155,7,287,288,499,76,260,202,150,430,9,165
155,8,500,239,184,54,150,387,187,87,509,432
155,9,484,246,450,29,153,229,23,443,430,494
155,10,492,211,320,468,341,35,445,97,137,224
155,11,89,237,432,214,377,221,291,209,311,477
155,12,53,160,168,234,217,140,288,97,501,153
155,13,26,487,202,311,379,413,146,489,306,328
155,14,404,114,369,417,151,398,476,384,2,153
155,15,260,428,376,103,409,347,450,401,355,485
155,16,53,419,96,179,260,435,99,2,302,107
155,17,265,188,210,88,495,490,25,144,404,488
155,18,285,212,42,318,115,468,399,374,277,10
155,19,26,362,463,313,90,9,471,297,435,452
155,20,121,51,45,306,417,355,353,101,55,178
155,21,220,392,324,32,435,118,5,506,150,252
155,22,270,210,60,104,175,24,345,264,347,75
155,23,145,331,394,389,121,433,150,236,110,318
155,24,500,239,184,115,54,87,76,510,223,509
155,25,364,246,29,484,260,443,108,450,220,229
155,26,468,492,211,320,35,432,394,445,194,400
155,27,89,114,139,237,181,484,421,443,221,368
155,28,234,160,53,168,97,501,140,217,469,188
155,29,379,37,26,413,427,328,286,98,489,307
155,30,114,476,404,247,239,339,330,384,417,83
155,31,146,131,501,60,376,74,266,297,428,383
155,32,419,53,127,260,96,99,222,230,2,10
155,33,188,265,455,490,406,282,38,404,210,449
155,34,285,212,277,305,42,468,374,115,95,261
155,35,471,26,107,320,15,362,110,91,141,172
155,36,121,178,373,306,51,502,353,289,45,355
155,37,332,220,118,392,324,32,506,5,96,485
155,38,270,60,210,175,104,24,345,264,75,317
155,39,111,394,452,464,251,256,267,45,162,438
155,40,176,168,135,91,18,170,205,141,88,98
155,41,87,273,265,399,300,348,342,299,178,61
155,42,248,93,168,319,218,293,27,30,43,87
155,43,24,342,26,173,146,44,246,261,224,359
155,44,81,177,358,104,195,59,276,402,389,302
155,45,412,171,227,173,215,47,465,45,280,283
155,46,297,343,469,6,200,471,433,89,283,219
155,47,451,122,479,497,151,247,280,142,369,163
156,0,493,215,297,396,306,220,90,375,115,472
156,1,186,313,245,469,283,386,285,229,328,111
156,2,358,147,56,77,180,46,104,200,406,296
156,3,331,381,225,447,54,178,461,395,496,403
156,4,390,392,403,379,333,66,325,289,458,257
156,5,100,101,98,228,392,37,354,129,369,63
156,6,158,239,345,144,329,427,194,309,379,52
156,7,287,76,202,327,288,120,165,499,239,430
156,8,500,239,115,317,67,432,87,408,177,144
156,9,246,484,23,432,364,443,260,69,29,239
156,10,211,492,468,341,400,413,137,106,173,157
156,11,89,432,181,377,221,209,214,443,291,311
156,12,234,168,140,160,288,217,444,138,501,53
156,13,328,26,202,489,101,379,110,413,306,286
156,14,153,476,404,114,455,354,384,283,151,330
156,15,74,146,131,266,60,297,392,73,64,382
156,16,53,419,260,96,222,99,2,127,179,8
156,17,265,188,490,495,25,165,144,455,38,488
156,18,305,285,42,399,212,468,95,422,277,91
156,19,471,26,362,110,463,21,112,106,15,107
156,20,121,51,373,178,502,306,45,355,13,490
156,21,32,332,324,118,252,506,5,485,220,435
156,22,270,317,175,104,482,304,149,405,12,309
156,23,394,121,111,251,368,297,45,347,110,331
156,24,500,239,115,184,87,76,510,194,446,133
156,25,364,246,443,484,29,23,2,511,260,119
156,26,468,211,400,492,413,341,194,106,35,445
156,27,89,114,181,484,139,221,443,144,421,377
156,28,234,168,160,140,97,446,440,217,53,288
156,29,37,413,427,328,26,379,101,160,307,286
156,30,114,247,239,476,404,443,99,329,384,330
156,31,146,383,131,501,74,266,428,297,30,376
156,32,53,419,127,10,2,96,99,61,260,222
156,33,188,265,455,490,38,282,406,327,404,449
156,34,261,305,277,285,358,95,212,399,374,37
156,35,471,107,320,91,15,141,362,143,39,110
156,36,121,373,178,502,306,353,289,102,51,151
156,37,332,118,324,32,485,96,506,280,5,178
156,38,317,270,175,482,104,321,345,149,405,12
156,39,111,256,452,464,267,394,251,4,82,223
156,40,176,135,168,205,18,141,84,170,16,74
156,41,342,87,348,299,300,273,356,178,296,265
156,42,93,248,218,319,95,30,462,293,104,243
156,43,173,24,342,44,261,224,359,146,124,148
156,44,81,358,177,104,195,59,389,322,402,1
156,45,412,171,173,215,45,162,280,227,465,498
156,46,433,6,469,200,23,471,219,378,507,241
156,47,369,479,142,66,280,112,92,108,151,137
157,0,199,269,476,157,33,108,480,5,74,406
157,1,229,470,386,228,324,431,186,313,245,197
157,2,180,306,469,151,296,39,147,177,149,434
157,3,331,461,124,115,58,447,171,24,78,51
157,4,325,342,283,81,424,289,458,235,390,469
157,5,454,492,167,478,98,354,502,344,12,204
157,6,329,345,392,77,201,169,281,239,387,60
157,7,263,9,239,80,22,304,260,350,244,287
157,8,500,239,184,317,432,260,446,67,132,510
157,9,246,484,485,432,69,260,23,184,410,372
157,10,468,400,341,194,413,211,445,170,315,437
157,11,89,484,239,443,181,375,311,432,384,114
157,12,168,97,265,162,446,234,440,288,3,261
157,13,328,379,346,413,26,416,472,489,260,286
157,14,247,329,404,99,239,330,476,151,384,283
157,15,146,131,297,266,74,383,60,397,382,428
157,16,53,10,127,96,260,207,419,61,267,2
157,17,265,188,490,455,38,449,224,406,327,190
157,18,261,277,100,47,378,358,95,305,28,468
157,19,471,107,91,320,15,362,39,463,172,183
157,20,121,178,373,502,51,353,306,151,490,289
157,21,332,280,118,485,96,80,324,260,27,81
157,22,49,275,12,256,238,410,405,309,345,365
157,23,111,256,267,394,162,193,452,4,45,482
157,24,115,510,133,258,76,500,446,239,312,306
157,25,246,364,400,499,511,187,127,220,298,484
157,26,468,400,179,211,117,445,194,170,44,483
157,27,114,144,443,484,479,181,139,311,113,388
157,28,446,97,440,188,234,0,265,168,356,182
157,29,307,37,413,328,212,443,427,24,416,350
157,30,443,114,239,247,384,404,99,200,331,238
157,31,383,146,266,131,311,380,297,501,30,74
157,32,168,127,61,10,260,53,267,96,222,157
157,33,265,490,455,38,188,406,327,418,282,236
157,34,277,261,378,144,312,237,100,95,137,360
157,35,471,107,143,320,91,183,141,39,11,15
157,36,373,178,121,353,102,151,306,51,289,396
157,37,332,96,485,118,280,260,237,477,324,350
157,38,49,256,12,275,411,238,405,410,345,309
157,39,111,256,464,82,452,267,223,394,4,251
157,40,176,135,168,141,205,84,16,188,74,170
157,41,342,348,299,87,300,356,273,296,178,79
157,42,218,462,243,319,357,466,276,37,279,293
157,43,173,24,124,342,148,44,224,261,266,359
157,44,358,177,104,195,59,389,322,1,442,402
157,45,412,173,280,28,235,455,484,162,45,349
157,46,433,177,6,340,23,200,241,370,314,188
157,47,272,414,36,218,137,92,246,119,409,324
158,0,309,67,103,95,471,352,451,403,349,42
158,1,1,398,44,319,78,496,324,247,296,500
158,2,76,39,431,351,92,173,55,177,45,202
158,3,391,58,152,446,78,433,70,200,494,96
158,4,266,432,412,277,338,272,422,116,299,105
158,5,186,19,506,382,165,22,358,222,419,390
158,6,36,298,428,395,77,141,384,26,37,472
158,7,250,408,377,392,61,338,47,244,306,12
158,8,44,66,258,164,510,260,427,500,4,73
158,9,246,456,267,400,511,133,372,460,484,317
158,10,468,415,117,293,307,67,6,123,44,374
158,11,123,295,114,87,375,144,479,233,406,389
158,12,345,1,110,190,127,91,76,6,249,24
158,13,307,51,212,331,404,401,349,369,167,24
158,14,238,239,405,443,142,311,200,194,150,1
158,15,383,311,266,131,501,146,297,79,110,295
158,16,61,267,260,467,127,168,207,492,348,88
158,17,403,490,327,236,418,319,282,165,193,349
158,18,235,494,173,487,258,206,221,157,67,237
158,19,107,141,130,183,143,362,471,21,209,450
158,20,480,102,373,125,142,82,353,151,412,217
158,21,332,499,372,391,248,237,84,451,168,96
158,22,148,265,204,305,414,187,164,230,275,13
158,23,452,82,464,111,256,267,480,394,4,477
158,24,66,258,44,427,225,510,443,237,96,370
158,25,246,400,456,499,460,372,511,404,267,133
158,26,293,178,117,415,483,123,353,236,489,6
158,27,295,114,123,233,353,406,144,312,125,222
158,28,345,190,110,1,76,91,249,440,356,233
158,29,307,167,212,331,51,404,61,401,369,349
158,30,239,238,443,405,311,384,200,247,357,470
158,31,383,380,146,311,266,343,297,187,110,418
158,32,61,168,467,127,267,260,492,348,453,96
158,33,418,455,38,327,490,282,403,219,406,232
158,34,258,173,157,221,235,494,312,217,33,18
158,35,107,143,141,471,130,320,183,55,362,39
158,36,412,373,102,480,178,51,121,24,125,306
158,37,332,499,372,451,84,477,248,118,96,29
158,38,265,148,204,187,275,13,238,305,164,425
158,39,111,452,256,464,82,267,394,477,223,480
158,40,135,176,18,141,188,84,16,205,74,88
158,41,27,378,342,299,125,348,87,356,273,449
158,42,279,218,357,243,265,462,431,319,9,276
158,43,24,124,359,148,342,31,44,173,261,182
158,44,472,358,39,104,1,59,509,177,402,195
158,45,456,149,136,412,455,269,173,280,162,429
158,46,221,227,257,384,6,38,200,454,185,433
158,47,235,217,444,75,342,232,128,119,317,132
159,0,254,67,63,326,163,49,54,350,92,451
159,1,78,1,426,324,119,263,124,241,296,421
159,2,431,145,351,273,39,76,45,256,28,445
159,3,58,391,78,446,70,152,96,376,200,339
159,4,266,432,338,277,412,424,116,65,272,105
159,5,186,165,222,358,252,19,378,156,22,382
159,6,251,36,55,353,249,115,298,501,170,296
159,7,61,209,244,338,44,392,62,304,386,406
159,8,258,66,164,44,500,427,225,510,237,370
159,9,400,246,499,511,267,133,460,456,44,242
159,10,6,117,468,292,123,44,353,236,374,78
159,11,295,114,2,479,144,406,352,312,233,311
159,12,190,233,76,136,110,345,1,383,6,487
159,13,307,51,212,404,369,416,349,167,61,24
159,14,239,405,320,238,443,142,453,470,391,194
159,15,383,297,380,266,311,146,501,343,206,295
159,16,467,61,260,127,348,267,88,168,492,207
159,17,418,490,403,282,327,455,25,449,406,38
159,18,266,494,506,258,221,157,173,360,18,33
159,19,141,107,362,130,143,183,11,209,450,21
159,20,480,373,24,102,319,82,458,51,490,433
159,21,499,53,84,332,372,477,324,248,45,391
159,22,148,187,204,265,414,15,423,275,410,13
159,23,452,31,111,256,464,267,407,477,82,87
159,24,258,44,510,225,443,500,66,237,164,155
159,25,499,400,246,460,511,404,133,456,306,410
159,26,6,483,292,353,123,468,117,17,16,44
159,27,295,114,144,222,311,479,353,2,16,406
159,28,190,233,110,136,76,440,345,356,13,0
159,29,307,212,167,51,404,61,416,190,32,110
159,30,239,443,405,1,50,384,357,142,238,300
159,31,380,383,297,311,343,266,146,187,186,245
159,32,61,453,267,467,260,348,127,492,96,168
159,33,418,282,455,25,490,38,327,144,403,219
159,34,258,18,266,494,157,221,173,118,217,366
159,35,141,81,21,11,378,130,310,331,471,143
159,36,256,373,51,417,355,102,45,433,319,24
159,37,32,499,53,333,435,218,84,324,332,204
159,38,204,265,187,148,275,133,3,15,238,47
159,39,452,111,174,394,256,464,478,438,292,467
159,40,18,135,143,254,176,56,396,234,88,60
159,41,449,356,273,299,16,439,87,210,390,100
159,42,93,248,9,463,168,218,431,455,279,495
159,43,342,359,24,322,4,365,490,445,13,206
159,44,402,292,104,59,195,358,177,337,253,352
159,45,421,280,215,162,10,283,472,235,182,173
159,46,87,6,510,200,469,257,147,185,41,227
159,47,491,444,90,120,235,458,132,11,395,163
160,0,1,499,69,35,457,212,241,498,240,31
160,1,166,328,245,464,486,228,389,142,324,313
160,2,180,208,469,65,467,95,39,107,17,259
160,3,331,447,202,491,416,178,124,335,408,309
160,4,163,73,125,92,325,390,81,223,283,346
160,5,101,129,4,29,492,459,348,149,98,110
160,6,59,451,231,251,52,501,77,398,510,115
160,7,378,493,129,436,430,81,417,202,11,221
160,8,500,258,44,510,164,431,34,66,260,225
160,9,246,2,23,499,484,193,364,220,225,404
160,10,468,285,400,6,35,274,158,278,455,44
160,11,114,89,144,479,139,35,2,377,311,443
160,12,444,396,140,410,288,289,219,76,440,143
160,13,110,328,346,307,101,212,260,489,443,472
160,14,239,153,443,432,83,402,384,109,404,29
160,15,266,297,146,380,428,501,481,424,228,60
160,16,127,53,267,96,61,99,348,222,453,260
160,17,282,455,477,25,490,38,418,144,495,315
160,18,118,285,91,95,405,398,233,258,422,494
160,19,21,463,92,331,310,362,11,471,242,348
160,20,373,51,45,355,417,433,256,102,63,289
160,21,32,324,333,435,178,499,252,362,45,5
160,22,204,175,270,149,309,405,321,45,328,140
160,23,452,4,111,174,292,467,443,251,394,478
160,24,500,258,44,206,510,300,431,133,377,72
160,25,2,220,499,364,29,193,23,246,119,400
160,26,468,400,285,158,274,35,278,179,6,292
160,27,89,114,144,311,291,181,35,239,353,302
160,28,444,140,288,219,440,396,380,182,289,143
160,29,110,328,101,277,212,307,306,260,489,506
160,30,239,153,443,137,109,432,404,357,49,391
160,31,146,380,418,428,266,376,297,343,311,481
160,32,453,127,96,53,267,101,99,70,348,61
160,33,282,455,25,403,477,144,418,490,495,449
160,34,118,91,95,494,285,233,405,258,422,193
160,35,21,92,11,242,141,50,19,112,130,412
160,36,373,45,102,51,433,417,355,82,289,63
160,37,32,237,333,324,252,419,435,476,178,499
160,38,204,175,270,45,309,149,405,321,275,32
160,39,452,111,174,4,256,464,394,443,438,477
160,40,18,254,135,396,143,141,176,88,205,60
160,41,273,356,299,439,87,449,342,210,36,61
160,42,248,93,218,95,463,85,194,261,455,104
160,43,359,342,24,322,246,365,346,445,206,266
160,44,104,402,59,292,195,145,164,352,297,509
160,45,280,215,421,162,472,202,148,10,283,270
160,46,200,185,469,241,434,6,147,412,92,350
160,47,280,142,175,66,222,446,11,407,112,152
161,0,71,32,130,160,278,286,324,25,330,170
161,1,245,86,91,313,427,71,434,468,353,200
161,2,180,380,142,483,494,296,321,363,250,286
161,3,357,416,216,331,272,447,354,391,229,383
161,4,245,349,329,196,440,340,447,359,14,417
161,5,456,169,29,379,96,180,258,97,252,273
161,6,52,452,189,329,179,269,501,207,231,6
161,7,193,170,268,119,437,44,327,231,491,61
161,8,500,258,399,3,510,353,432,190,431,306
161,9,2,499,225,29,450,400,128,193,23,88
161,10,345,158,88,400,6,468,35,167,44,490
161,11,114,89,2,113,144,295,432,377,460,373
161,12,380,444,406,409,248,288,463,493,84,33
161,13,110,277,307,138,328,51,486,306,416,239
161,14,76,153,367,239,443,30,484,489,381,273
161,15,383,380,146,266,297,311,343,418,428,328
161,16,127,61,267,63,70,348,65,467,492,101
161,17,403,418,477,282,25,455,42,495,490,327
161,18,472,118,464,434,95,422,310,309,378,122
161,19,92,242,21,11,130,246,141,135,1,424
161,20,373,451,433,497,289,480,45,102,272,82
161,21,237,476,32,45,419,3,435,252,104,436
161,22,150,426,422,177,112,243,461,300,242,471
161,23,452,111,4,464,174,256,183,82,267,480
161,24,500,258,3,510,399,386,190,426,203,265
161,25,499,2,29,450,400,225,369,119,246,475
161,26,320,345,400,158,88,264,260,337,6,44
161,27,89,114,113,422,144,291,221,295,377,353
161,28,380,444,406,288,248,409,463,84,182,76
161,29,110,277,328,138,307,486,233,350,212,404
161,30,239,153,443,76,367,238,109,391,30,49
161,31,380,383,311,418,343,146,266,297,186,376
161,32,61,453,127,267,168,348,467,101,70,63
161,33,403,418,25,282,477,455,327,490,144,440
161,34,118,472,494,464,144,434,309,310,422,467
161,35,21,141,11,242,130,92,19,246,112,238
161,36,373,451,497,102,433,45,480,272,176,289
161,37,237,32,3,476,104,119,252,435,459,45
161,38,300,426,150,422,243,177,112,461,242,471
161,39,111,452,256,174,464,82,4,394,267,477
161,40,18,141,143,135,254,60,176,234,428,88
161,41,273,439,299,356,342,501,87,36,61,129
161,42,93,95,218,426,56,225,104,455,508,77
161,43,342,359,391,246,266,346,505,164,13,24
161,44,104,59,79,402,145,195,33,509,297,389
161,45,280,162,421,202,334,148,44,220,396,314
161,46,200,185,241,196,412,45,434,195,67,503
161,47,45,88,89,92,188,323,461,333,407,112
162,0,293,369,67,103,471,349,338,95,451,93
162,1,243,465,454,263,197,319,296,459,16,78
162,2,76,431,351,55,28,173,180,92,256,117
162,3,391,58,78,152,70,433,446,332,449,376
162,4,432,412,266,289,338,116,422,19,105,272
162,5,186,222,358,165,390,19,382,506,22,102
162,6,36,298,384,26,472,481,286,121,501,258
162,7,509,250,61,44,338,450,408,244,2,34
162,8,427,258,66,500,510,164,4,225,426,375
162,9,246,456,400,267,372,242,460,511,499,133
162,10,307,361,415,293,6,178,385,117,374,44
162,11,295,125,312,123,233,205,432,2,407,403
162,12,345,249,6,91,1,190,347,487,24,233
162,13,167,404,51,401,307,331,177,138,384,247
162,14,238,320,1,150,405,194,142,239,300,153
162,15,383,311,110,266,131,297,65,79,187,380
162,16,61,260,267,467,168,88,348,394,127,207
162,17,403,193,409,319,165,418,16,349,252,25
162,18,494,252,235,487,67,117,118,51,280,422
162,19,141,21,130,445,348,450,183,73,19,339
162,20,480,102,66,373,125,82,433,142,24,458
162,21,223,237,476,32,115,45,299,252,458,391
162,22,148,414,305,230,295,15,133,164,290,348
162,23,452,464,82,111,4,267,256,480,97,9
162,24,258,427,66,202,500,96,510,426,225,4
162,25,246,456,400,499,404,133,372,460,267,410
162,26,307,361,293,415,385,353,178,59,162,117
162,27,295,123,312,233,125,403,2,432,205,114
162,28,345,1,190,249,91,6,233,51,487,440
162,29,404,401,307,331,167,51,138,177,61,277
162,30,238,239,405,153,320,1,357,150,443,109
162,31,383,146,380,311,418,266,297,187,343,110
162,32,61,467,168,127,260,267,492,348,10,453
162,33,403,418,252,25,282,327,476,409,232,490
162,34,494,118,235,252,51,117,266,487,422,217
162,35,21,141,130,246,19,73,11,445,152,183
162,36,125,480,373,412,45,66,433,272,102,176
162,37,223,32,435,237,299,45,115,252,458,436
162,38,148,414,15,300,164,305,290,295,133,230
162,39,174,111,452,4,256,443,464,402,267,82
162,40,143,18,165,275,88,205,254,340,188,162
162,41,356,273,12,125,299,100,439,87,342,46
162,42,93,235,67,138,455,490,218,187,68,265
162,43,365,359,342,445,190,47,435,380,85,336
162,44,472,337,104,292,59,509,90,195,499,474
162,45,210,456,280,162,149,429,126,202,421,396
162,46,221,185,200,161,241,405,138,67,38,108
162,47,89,76,45,29,461,439,226,342,61,498
163,0,254,67,7,63,326,49,12,349,461,350
163,1,78,426,243,263,119,498,296,197,210,45
163,2,431,145,256,351,273,180,28,45,76,483
163,3,391,58,152,70,78,446,267,339,240,176
163,4,432,412,338,424,266,116,65,105,277,289
163,5,186,222,165,358,156,252,95,7,506,28
163,6,251,36,353,249,170,296,298,501,286,30
163,7,509,450,61,44,244,338,62,418,6,2
163,8,258,500,66,510,399,225,164,427,426,365
163,9,499,400,246,460,456,133,511,372,193,242
163,10,361,6,385,88,117,307,44,78,353,251
163,11,295,114,89,205,2,432,144,125,479,353
163,12,233,190,6,136,345,380,1,76,169,487
163,13,277,404,307,167,138,51,169,110,266,212
163,14,239,153,238,443,142,453,367,1,391,300
163,15,383,311,380,343,297,266,218,110,65,146
163,16,260,61,267,467,348,453,127,168,322,492
163,17,418,403,25,282,490,455,409,252,327,41
163,18,494,118,266,506,327,422,394,67,51,467
163,19,21,445,141,130,11,246,316,140,450,362
163,20,480,373,24,66,102,319,433,506,45,82
163,21,223,45,476,32,252,435,299,458,442,84
163,22,414,10,269,15,295,3,148,133,502,468
163,23,452,4,174,111,256,464,267,250,31,82
163,24,258,500,510,225,202,426,66,155,427,216
163,25,499,400,246,133,225,460,456,29,306,410
163,26,361,6,88,385,307,78,353,162,483,345
163,27,295,114,89,479,353,432,311,144,2,16
163,28,190,233,345,136,380,6,1,84,487,76
163,29,404,167,307,110,51,277,212,416,138,61
163,30,153,239,484,432,443,109,357,367,142,238
163,31,380,146,343,266,297,383,418,311,187,428
163,32,127,61,453,101,267,348,65,70,63,467
163,33,403,25,418,282,252,409,490,371,144,455
163,34,118,494,266,117,394,422,67,327,506,416
163,35,21,141,11,130,19,50,445,73,246,16
163,36,125,45,373,433,176,102,297,417,272,436
163,37,223,32,299,435,252,442,45,436,53,206
163,38,414,295,15,269,148,133,3,10,290,142
163,39,174,443,402,256,111,464,478,4,452,438
163,40,143,162,18,205,88,188,165,275,340,56
163,41,299,273,16,100,356,12,245,87,342,394
163,42,68,187,67,93,97,138,479,455,45,17
163,43,365,359,445,342,47,84,190,378,435,336
163,44,337,195,59,474,292,471,104,499,313,173
163,45,210,126,119,5,280,162,202,132,421,201
163,46,221,446,185,245,248,502,265,499,200,412
163,47,125,29,181,400,12,370,17,2,444,33
164,0,186,36,321,132,301,346,265,312,430,362
164,1,164,262,61,3,230,76,316,493,250,29
164,2,490,437,180,97,249,296,303,359,483,142
164,3,391,279,416,264,262,489,339,265,370,252
164,4,85,175,161,267,449,405,17,260,338,264
164,5,370,255,54,146,186,222,233,252,7,284
164,6,224,175,382,87,251,36,3,501,243,30
164,7,51,44,283,422,449,470,305,61,14,355
164,8,258,169,426,32,500,399,499,427,66,294
164,9,88,499,284,434,400,460,246,29,424,335
164,10,446,362,88,415,345,251,353,44,6,117
164,11,113,295,89,432,2,148,353,419,318,407
164,12,380,38,243,278,267,400,416,6,84,231
164,13,277,233,307,404,138,303,122,82,169,486
164,14,153,76,273,145,489,367,443,239,391,453
164,15,383,380,418,311,266,297,343,65,206,186
164,16,168,61,267,348,127,63,467,453,70,260
164,17,426,403,418,25,231,440,252,101,327,156
164,18,183,265,330,255,43,118,309,494,198,472
164,19,242,21,507,62,1,141,130,11,246,19
164,20,29,90,373,216,480,272,217,102,433,45
164,21,299,111,183,216,252,476,62,419,236,32
164,22,325,243,334,297,416,328,428,242,221,434
164,23,464,4,97,443,256,111,394,87,82,308
164,24,169,32,386,500,426,258,510,66,399,68
164,25,88,499,284,246,410,400,29,20,456,133
164,26,446,415,88,59,362,298,310,120,353,44
164,27,295,113,123,89,419,353,432,389,312,114
164,28,380,243,38,278,267,400,84,416,231,484
164,29,233,82,138,404,226,277,307,303,51,254
164,30,153,76,489,367,273,145,443,109,239,200
164,31,383,418,311,380,297,266,204,65,186,408
164,32,168,61,467,101,348,267,63,322,260,143
164,33,426,403,418,325,25,123,440,231,16,284
164,34,183,330,265,43,309,255,494,198,144,472
164,35,21,507,242,1,141,62,130,112,19,409
164,36,29,90,272,216,217,45,373,102,468,125
164,37,216,183,299,111,252,419,32,435,62,436
164,38,325,243,334,297,416,242,428,328,221,440
164,39,4,464,97,394,82,174,111,256,477,223
164,40,18,141,98,143,396,88,428,231,188,205
164,41,342,448,511,273,299,439,87,501,430,61
164,42,207,24,387,95,93,104,261,216,158,77
164,43,127,505,340,342,266,246,359,498,220,346
164,44,104,468,106,164,145,59,389,445,177,195
164,45,280,313,334,202,421,440,141,162,367,193
164,46,353,200,329,185,45,241,411,412,162,67
164,47,458,446,246,24,461,360,45,207,295,223
165,0,330,130,71,32,278,160,149,170,221,409
165,1,112,59,427,250,471,71,251,9,482,192
165,2,97,250,490,437,180,142,494,226,380,483
165,3,357,272,391,354,332,279,58,454,255,261
165,4,245,359,85,196,112,260,440,394,116,417
165,5,370,456,96,452,255,165,19,206,258,22
165,6,166,382,224,36,50,452,243,175,258,87
165,7,51,170,268,44,283,422,355,305,470,244
165,8,60,386,370,66,3,164,89,237,500,498
165,9,246,267,88,20,372,456,400,410,511,44
165,10,415,310,251,489,298,117,293,7,160,217
165,11,295,123,385,352,432,353,311,406,375,89
165,12,248,380,463,38,243,409,484,356,338,80
165,13,331,396,302,290,250,365,349,16,330,17
165,14,238,194,470,46,200,83,320,405,99,404
165,15,383,311,131,297,266,146,110,294,30,501
165,16,355,61,168,267,260,345,207,88,467,2
165,17,236,193,401,319,165,16,245,336,382,223
165,18,361,309,419,144,369,206,330,434,464,137
165,19,99,438,19,130,209,450,102,508,141,152
165,20,353,102,217,433,176,385,233,151,328,51
165,21,3,288,216,227,321,429,119,243,32,263
165,22,471,150,243,325,426,394,496,441,422,112
165,23,464,223,251,438,256,82,97,394,353,111
165,24,312,66,73,510,31,260,292,225,496,427
165,25,372,404,456,246,70,400,267,306,410,249
165,26,489,56,307,397,138,51,411,117,293,217
165,27,179,16,479,117,239,385,375,34,311,329
165,28,80,383,1,0,95,440,347,2,152,456
165,29,396,334,449,467,401,178,307,331,163,349
165,30,505,238,291,218,194,114,405,109,357,402
165,31,294,383,146,131,79,74,391,311,30,98
165,32,31,260,2,168,355,61,252,10,101,403
165,33,236,265,245,87,336,490,327,193,266,59
165,34,419,19,383,179,422,468,36,309,265,407
165,35,21,99,152,498,508,183,395,102,112,19
165,36,327,385,102,176,418,433,353,466,124,278
165,37,288,216,189,481,436,350,435,152,3,341
165,38,471,426,150,112,422,394,441,325,177,243
165,39,297,294,302,318,470,406,510,242,223,228
165,40,205,168,396,162,434,18,141,275,165,44
165,41,342,439,501,273,299,46,482,394,36,145
165,42,235,426,93,24,95,207,67,56,455,104
165,43,266,342,173,359,391,505,164,365,246,445
165,44,79,104,145,33,195,177,353,59,292,76
165,45,280,202,452,172,421,334,141,162,193,367
165,46,185,200,196,241,45,244,339,31,405,412
165,47,246,89,45,88,188,461,333,112,323,226
166,0,369,451,446,293,327,471,349,414,338,302
166,1,195,454,273,243,482,47,465,263,78,413
166,2,256,28,431,180,445,432,76,351,138,117
166,3,391,58,78,332,70,449,339,493,250,261
166,4,432,116,293,412,266,112,105,422,289,424
166,5,452,165,130,19,380,293,222,186,22,322
166,6,26,457,357,431,286,36,95,298,472,11
166,7,355,250,44,2,21,31,494,148,359,481
166,8,60,505,66,258,370,171,489,164,500,197
166,9,20,267,246,410,79,133,499,456,511,372
166,10,415,448,310,251,489,298,308,133,307,146
166,11,123,295,389,432,353,256,220,407,20,87
166,12,91,345,185,18,111,84,1,24,308,440
166,13,331,355,138,177,307,254,404,144,51,275
166,14,281,420,150,320,405,404,367,109,239,200
166,15,383,297,380,79,266,397,65,311,245,218
166,16,88,168,260,61,467,348,322,171,492,267
166,17,453,403,418,349,409,319,426,325,346,490
166,18,76,494,117,487,252,416,235,309,156,422
166,19,21,130,141,285,362,19,445,395,183,348
166,20,217,480,66,506,272,29,225,24,373,308
166,21,442,223,32,435,206,458,45,236,252,216
166,22,290,415,325,201,148,3,269,503,414,133
166,23,464,97,87,256,9,452,194,111,267,374
166,24,60,505,258,107,510,500,225,454,171,66
166,25,20,404,267,246,400,499,79,456,410,133
166,26,448,415,298,310,489,251,421,162,117,88
166,27,295,123,353,419,432,89,389,311,352,256
166,28,91,111,1,345,331,18,302,418,7,477
166,29,404,307,331,355,177,138,51,401,144,167
166,30,153,109,432,239,367,443,238,405,357,420
166,31,418,146,380,383,297,311,343,186,65,364
166,32,61,168,348,472,63,127,264,453,36,366
166,33,403,25,418,225,371,282,409,270,453,441
166,34,118,494,76,401,416,117,51,422,310,67
166,35,21,11,141,19,130,50,445,246,16,152
166,36,417,45,433,297,176,102,480,373,24,436
166,37,32,223,435,45,442,53,218,436,252,299
166,38,3,290,415,414,133,269,15,148,159,273
166,39,452,174,256,111,438,179,9,155,443,464
166,40,143,18,162,88,56,205,254,188,165,340
166,41,356,273,299,16,100,87,245,210,353,251
166,42,93,67,97,455,479,138,15,365,388,45
166,43,359,365,445,84,47,190,294,85,435,342
166,44,195,337,292,474,59,104,489,402,281,173
166,45,210,126,280,421,456,162,167,202,201,351
166,46,446,221,185,248,200,161,502,457,265,314
166,47,125,400,29,181,370,254,65,33,343,340
167,0,456,217,74,248,212,496,218,375,158,475
167,1,190,386,475,14,208,213,5,394,148,333
167,2,180,236,300,200,107,4,296,32,116,261
167,3,204,178,331,447,163,416,202,115,465,108
167,4,302,20,24,73,114,325,199,506,346,294
167,5,348,368,213,47,101,63,354,185,98,478
167,6,195,251,269,118,168,111,68,259,501,208
167,7,444,186,167,93,410,11,166,115,83,298
167,8,500,258,126,377,510,399,471,34,92,353
167,9,499,2,29,400,225,152,404,193,133,79
167,10,6,88,265,362,44,345,158,437,353,395
167,11,114,89,432,295,144,3,2,171,377,139
167,12,507,410,289,97,288,432,143,444,84,506
167,13,303,306,404,110,307,51,277,138,489,356
167,14,381,239,153,432,443,109,238,405,83,93
167,15,383,380,311,297,146,266,343,397,294,218
167,16,267,260,101,453,61,70,348,127,467,322
167,17,25,418,495,282,455,490,449,144,477,403
167,18,118,276,249,178,100,422,494,309,19,497
167,19,21,141,331,184,11,50,213,130,19,112
167,20,417,45,24,436,102,297,433,315,175,63
167,21,45,178,32,467,454,435,252,31,460,218
167,22,3,308,465,74,462,321,23,281,171,181
167,23,452,111,478,467,394,438,179,464,267,68
167,24,500,377,126,258,471,353,92,510,225,177
167,25,499,2,29,225,400,410,193,372,456,23
167,26,265,88,362,158,59,226,345,367,44,437
167,27,89,171,432,114,295,311,353,291,292,377
167,28,507,289,410,97,288,84,219,143,448,432
167,29,110,303,306,404,76,307,138,188,234,489
167,30,381,239,443,238,153,432,109,357,391,469
167,31,380,383,311,343,418,297,373,146,186,266
167,32,453,260,61,348,101,267,96,355,467,70
167,33,25,495,418,282,144,357,165,477,41,490
167,34,276,249,118,178,100,19,309,494,422,37
167,35,141,21,11,130,50,213,19,112,58,190
167,36,24,45,417,82,102,63,433,480,274,311
167,37,178,218,32,454,467,460,435,84,45,324
167,38,308,462,465,74,321,3,281,171,23,45
167,39,452,111,256,464,394,82,446,438,267,179
167,40,143,18,135,88,254,141,188,234,327,428
167,41,356,273,299,439,210,87,36,342,88,61
167,42,93,194,85,248,47,58,130,265,455,218
167,43,359,365,445,342,84,246,346,47,190,24
167,44,104,292,57,489,402,195,59,297,495,474
167,45,449,280,421,28,162,202,440,359,122,381
167,46,177,340,314,185,434,188,200,446,372,350
167,47,272,425,36,416,280,414,218,152,78,501
168,0,87,107,436,20,159,287,143,364,84,449
168,1,14,161,364,229,432,115,489,399,231,284
168,2,180,300,149,229,177,110,251,150,296,273
168,3,391,397,374,78,331,416,58,119,447,262
168,4,183,338,194,412,432,248,394,307,424,64
168,5,186,156,222,270,165,307,132,388,228,252
168,6,36,436,25,281,303,499,100,385,429,7
168,7,96,82,186,62,61,34,240,480,338,465
168,8,500,258,353,66,220,510,225,471,365,158
168,9,499,400,133,456,225,246,404,193,372,410
168,10,59,315,42,235,226,353,56,324,413,44
168,11,295,114,239,403,171,432,311,2,175,89
168,12,62,181,71,487,338,3,157,6,126,355
168,13,404,472,83,182,306,110,489,416,307,79
168,14,239,453,42,443,153,238,469,423,405,357
168,15,383,311,380,343,146,297,373,295,266,187
168,16,260,61,348,453,467,267,70,127,88,168
168,17,418,25,41,282,490,382,403,315,327,232
168,18,456,73,276,118,180,494,422,53,217,47
168,19,141,130,21,11,77,140,348,166,312,369
168,20,480,503,24,82,314,102,458,274,319,63
168,21,84,467,218,282,158,32,435,298,460,450
168,22,107,95,67,313,275,390,437,364,300,174
168,23,452,464,194,267,256,111,438,179,87,31
168,24,500,220,258,510,353,331,375,66,225,315
168,25,499,456,133,246,400,404,225,372,493,410
168,26,59,42,315,353,437,324,235,226,352,115
168,27,295,292,403,432,311,89,114,171,175,353
168,28,71,181,62,3,327,6,338,487,1,440
168,29,404,83,167,321,472,306,389,182,489,416
168,30,239,238,357,109,423,443,153,453,42,50
168,31,380,311,186,383,418,266,364,343,173,297
168,32,453,61,467,101,348,486,260,267,492,366
168,33,25,418,41,434,357,282,144,165,110,403
168,34,456,73,118,276,217,180,19,51,280,494
168,35,141,11,21,140,130,213,77,412,61,348
168,36,503,24,45,314,256,89,102,298,82,274
168,37,218,467,465,48,84,282,435,32,158,460
168,38,107,95,67,300,46,138,313,355,390,15
168,39,111,452,194,464,394,256,477,438,179,128
168,40,143,18,135,234,88,141,254,327,428,60
168,41,356,439,273,299,293,210,87,265,342,482
168,42,36,340,499,25,93,455,79,487,391,30
168,43,380,320,315,359,483,365,346,332,342,245
168,44,104,404,199,228,407,454,302,160,283,70
168,45,280,213,103,69,440,163,459,162,421,66
168,46,200,53,445,185,164,67,211,221,209,85
168,47,501,210,475,61,410,342,178,120,461,45
169,0,33,253,150,358,120,322,131,111,291,142
169,1,326,274,499,458,279,334,143,301,362,482
169,2,180,177,245,96,86,273,351,435,85,296
169,3,391,374,78,290,370,331,152,200,287,376
169,4,412,424,436,183,432,316,289,64,394,149
169,5,186,497,156,139,165,222,358,351,426,324
169,6,100,423,25,436,7,499,286,49,108,90
169,7,71,82,61,367,457,156,465,186,62,411
169,8,500,331,258,66,353,220,510,489,236,92
169,9,499,133,372,410,456,193,246,225,333,409
169,10,59,226,367,437,212,353,187,234,29,402
169,11,432,295,171,89,377,114,311,175,353,2
169,12,181,327,404,6,288,71,165,62,338,417
169,13,404,76,306,83,321,489,246,472,167,416
169,14,153,42,239,469,443,453,238,357,109,391
169,15,380,311,383,297,266,343,373,218,295,65
169,16,453,260,348,61,70,96,267,322,340,467
169,17,25,418,461,357,371,282,41,409,142,270
169,18,229,440,280,34,165,422,19,51,276,416
169,19,140,141,21,82,130,11,213,482,38,316
169,20,24,503,480,180,417,298,96,66,319,45
169,21,465,32,467,435,282,206,442,448,460,343
169,22,15,102,511,300,188,33,384,111,11,502
169,23,452,194,9,464,111,446,438,113,351,31
169,24,500,331,258,92,225,510,66,220,370,471
169,25,499,29,410,193,372,225,456,255,50,133
169,26,59,226,437,480,402,88,110,29,87,367
169,27,89,171,432,295,311,292,353,114,377,291
169,28,327,181,71,6,499,326,338,448,288,21
169,29,404,167,321,83,420,306,76,489,472,226
169,30,239,469,432,109,357,42,238,153,5,443
169,31,380,186,418,173,373,311,376,297,481,266
169,32,453,486,317,348,101,366,362,114,70,96
169,33,25,270,461,371,418,144,409,435,65,403
169,34,229,280,276,165,51,217,118,416,19,234
169,35,11,141,21,130,285,50,19,213,374,140
169,36,45,417,24,297,300,436,211,96,66,298
169,37,465,32,467,435,442,282,218,45,460,53
169,38,15,11,102,511,300,188,33,384,482,193
169,39,9,115,236,189,126,455,187,174,165,28
169,40,143,234,34,437,60,270,420,18,382,301
169,41,353,293,21,210,245,356,58,249,273,52
169,42,25,9,93,203,76,79,501,286,417,391
169,43,48,475,389,289,218,197,311,500,27,315
169,44,184,300,418,490,286,192,231,345,106,419
169,45,7,316,356,168,280,42,177,510,367,497
169,46,429,54,491,246,281,56,162,219,18,346
169,47,232,178,231,242,417,442,486,475,153,398
170,0,175,10,376,120,253,326,489,291,2,133
170,1,499,334,274,458,476,326,143,33,301,362
170,2,180,433,245,273,504,296,24,191,96,252
170,3,391,374,416,370,78,371,290,306,500,376
170,4,394,25,64,443,412,33,218,436,420,262
170,5,186,497,139,156,215,165,222,426,358,107
170,6,7,100,423,25,36,499,45,90,436,249
170,7,71,457,186,61,82,62,354,465,397,34
170,8,258,500,66,510,375,220,92,164,370,50
170,9,499,246,400,372,404,456,133,44,267,410
170,10,44,293,217,117,353,483,59,317,239,249
170,11,295,479,114,2,352,311,406,16,87,233
170,12,453,181,383,338,249,1,108,202,45,16
170,13,307,51,404,416,61,197,401,407,94,369
170,14,405,239,320,99,85,238,505,443,93,146
170,15,383,146,311,343,380,187,297,30,294,397
170,16,88,467,61,260,348,168,345,98,322,378
170,17,490,382,418,193,236,245,319,420,449,459
170,18,144,167,309,467,419,206,179,451,118,416
170,19,209,395,141,130,438,185,19,450,362,397
170,20,353,480,24,102,181,490,386,385,176,311
170,21,343,442,282,461,206,32,429,435,374,460
170,22,159,11,102,415,500,33,15,357,502,273
170,23,464,256,236,251,222,452,247,477,111,353
170,24,312,510,66,258,252,225,70,216,427,260
170,25,400,494,404,246,372,254,249,456,44,511
170,26,56,293,489,483,117,217,44,290,397,381
170,27,479,311,295,16,401,443,427,352,434,233
170,28,356,440,249,0,383,487,2,208,139,58
170,29,449,401,284,307,362,416,331,334,153,11
170,30,99,505,405,291,61,470,238,404,179,384
170,31,146,294,383,311,79,245,30,275,74,297
170,32,355,61,345,10,260,88,378,98,168,2
170,33,490,236,228,245,336,459,38,420,319,359
170,34,419,118,256,66,234,383,276,451,19,132
170,35,21,130,141,269,246,102,183,438,19,372
170,36,417,480,45,300,297,227,102,270,24,373
170,37,32,220,435,282,264,45,223,467,460,442
170,38,11,15,159,102,171,33,415,300,193,500
170,39,179,236,174,9,113,330,165,383,408,15
170,40,143,34,437,188,18,117,292,60,382,239
170,41,353,210,171,299,293,21,245,273,52,24
170,42,9,388,25,93,286,67,45,97,17,296
170,43,475,311,500,48,359,418,190,315,85,125
170,44,184,300,474,418,489,419,337,192,231,292
170,45,168,356,42,126,238,420,280,507,182,402
170,46,246,87,281,58,346,232,374,465,438,56
170,47,231,242,491,485,125,398,453,472,207,417
171,0,172,183,31,329,445,482,506,450,439,168
171,1,52,276,462,142,475,432,207,63,315,132
171,2,195,467,180,236,107,296,112,37,109,81
171,3,330,39,447,331,398,318,395,468,143,391
171,4,388,73,346,294,506,357,325,452,107,233
171,5,294,196,250,113,154,74,137,41,58,68
171,6,435,499,7,251,126,259,419,36,100,134
171,7,469,182,186,82,6,61,436,34,386,276
171,8,258,500,510,356,34,164,375,205,66,155
171,9,499,400,193,246,404,460,511,225,133,44
171,10,273,129,117,6,89,483,88,59,353,44
171,11,114,295,479,144,2,352,311,432,16,89
171,12,288,338,148,249,487,383,190,202,220,356
171,13,404,61,307,51,314,83,416,356,369,212
171,14,239,405,453,42,320,404,93,85,83,443
171,15,380,383,146,297,266,343,311,187,295,397
171,16,467,127,492,348,61,88,267,260,70,98
171,17,418,490,282,293,449,455,385,406,403,38
171,18,480,233,76,51,494,18,118,453,380,232
171,19,209,471,141,107,285,130,445,218,450,395
171,20,480,417,227,178,152,319,292,384,373,53
171,21,264,220,96,223,435,45,267,32,74,155
171,22,470,11,445,415,500,417,171,502,366,420
171,23,9,301,452,236,504,408,138,39,150,197
171,24,258,500,327,154,443,356,375,205,510,44
171,25,364,499,400,460,246,296,35,412,254,29
171,26,179,483,468,273,292,6,129,474,117,44
171,27,114,295,222,144,479,233,184,2,3,311
171,28,148,249,190,336,76,13,356,440,187,383
171,29,314,61,307,51,212,32,416,128,235,401
171,30,239,278,443,384,405,99,432,146,50,411
171,31,146,383,343,311,297,380,266,501,428,157
171,32,61,127,168,267,10,492,260,53,8,222
171,33,38,490,455,282,103,327,406,418,293,511
171,34,462,397,18,480,447,312,232,132,497,360
171,35,471,107,320,133,39,130,297,183,141,11
171,36,102,373,178,353,227,151,121,51,355,306
171,37,264,332,96,220,316,32,477,485,392,214
171,38,11,470,445,394,420,500,366,411,474,15
171,39,464,82,4,256,111,223,480,267,394,45
171,40,176,18,188,168,205,141,135,396,170,88
171,41,299,342,273,300,348,439,87,36,284,178
171,42,388,93,218,67,43,273,365,248,296,332
171,43,173,342,24,148,359,266,124,49,164,85
171,44,195,177,59,76,192,104,358,504,366,249
171,45,412,173,280,220,168,349,210,226,167,283
171,46,200,374,248,232,346,281,56,438,55,378
171,47,445,254,242,79,207,107,398,453,223,124
172,0,20,194,109,380,298,3,165,213,114,216
172,1,36,74,389,466,158,506,77,349,440,51
172,2,37,180,296,207,17,511,496,125,295,109
172,3,331,447,196,335,403,468,4,408,249,405
172,4,325,506,465,357,294,233,346,496,156,344
172,5,41,58,250,100,468,294,154,354,98,111
172,6,126,435,181,185,259,237,68,158,152,320
172,7,399,241,260,316,113,479,158,140,10,489
172,8,500,258,510,356,205,431,164,154,41,213
172,9,364,499,400,246,404,29,260,34,409,225
172,10,468,273,400,340,129,48,6,292,179,89
172,11,114,311,144,479,89,352,295,139,2,3
172,12,288,63,338,432,264,228,336,346,306,356
172,13,314,61,51,307,416,212,32,369,356,24
172,14,404,405,239,99,320,83,93,443,384,470
172,15,146,297,383,266,397,275,295,380,428,131
172,16,127,10,61,467,348,53,378,267,222,98
172,17,490,38,449,455,403,406,282,346,382,193
172,18,42,485,447,132,85,497,462,318,397,120
172,19,471,107,320,269,297,39,133,209,215,302
172,20,178,353,121,289,51,373,181,311,151,355
172,21,264,220,96,332,214,392,441,324,5,367
172,22,24,60,293,264,210,30,377,104,75,205
172,23,383,43,475,301,9,39,403,408,474,193
172,24,312,500,510,181,30,378,213,160,187,258
172,25,68,249,400,280,511,364,346,29,187,35
172,26,48,213,71,240,107,203,129,296,348,125
172,27,49,311,422,84,273,250,163,500,371,48
172,28,459,228,390,37,113,96,356,346,288,220
172,29,288,22,387,97,184,385,302,128,16,273
172,30,138,14,80,486,154,212,284,233,314,506
172,31,193,68,494,289,426,375,226,449,199,169
172,32,243,58,391,74,23,51,201,255,429,278
172,33,372,422,305,499,389,419,50,166,324,209
172,34,318,347,49,119,471,497,510,184,211,264
172,35,453,426,222,362,174,103,349,377,372,162
172,36,485,16,55,210,442,248,243,45,300,348
172,37,379,255,150,44,469,33,418,10,324,152
172,38,205,345,41,86,30,261,287,57,264,81
172,39,334,389,27,430,450,242,323,338,325,244
172,40,138,172,178,508,354,186,209,173,335,91
172,41,240,385,59,391,353,491,213,65,198,48
172,42,140,272,366,124,322,393,151,212,273,87
172,43,86,162,278,337,413,207,388,45,91,133
172,44,350,433,356,105,87,207,276,408,199,205
172,45,47,168,237,22,220,430,51,396,280,388
172,46,418,338,232,374,85,281,55,168,378,132
172,47,138,343,273,242,44,442,389,207,462,346
173,0,121,433,478,45,336,284,195,154,135,124
173,1,223,340,51,506,510,219,184,234,346,473
173,2,37,240,113,77,358,17,325,50,363,51
173,3,331,381,461,225,29,395,199,386,54,447
173,4,390,403,392,363,284,190,103,394,296,469
173,5,188,100,9,228,3,416,392,98,247,140
173,6,158,309,263,208,370,140,427,274,253,181
173,7,399,113,76,479,112,335,410,150,455,100
173,8,500,378,442,213,115,111,432,30,87,258
173,9,364,23,34,484,360,45,260,246,225,69
173,10,468,441,492,392,436,478,400,155,413,341
173,11,89,243,114,99,484,413,181,144,90,139
173,12,432,140,324,294,42,336,187,378,135,206
173,13,157,212,160,260,26,472,489,291,416,314
173,14,404,239,384,83,114,436,443,324,99,464
173,15,146,60,266,131,297,382,397,428,74,275
173,16,53,127,96,8,10,267,419,260,2,99
173,17,490,188,38,455,449,265,282,246,406,190
173,18,485,42,447,120,305,85,164,132,107,497
173,19,471,133,107,320,302,15,39,463,297,408
173,20,121,178,502,51,373,353,306,355,289,151
173,21,332,96,485,118,280,214,257,324,220,29
173,22,256,24,377,270,42,60,12,405,264,104
173,23,193,45,111,256,43,39,267,394,297,464
173,24,213,115,378,500,30,442,383,87,133,76
173,25,364,246,400,45,34,167,484,35,47,260
173,26,468,441,179,175,492,129,400,273,474,292
173,27,114,413,99,144,243,479,443,89,184,181
173,28,336,187,324,294,432,265,188,440,42,140
173,29,157,307,160,291,443,212,413,34,416,260
173,30,114,278,99,384,247,436,239,404,443,65
173,31,146,74,131,383,501,428,60,30,343,311
173,32,10,53,2,96,61,260,168,8,378,222
173,33,455,490,38,265,188,282,327,138,406,246
173,34,447,485,42,378,261,120,312,305,107,164
173,35,107,471,133,320,91,39,143,269,280,297
173,36,373,178,353,121,102,289,151,502,51,306
173,37,332,485,96,280,257,118,260,316,477,214
173,38,24,256,60,270,377,104,42,293,397,210
173,39,111,464,256,4,45,267,223,251,480,263
173,40,176,205,168,141,188,135,18,396,145,170
173,41,342,299,300,273,348,243,87,284,178,439
173,42,462,243,93,319,248,218,95,43,466,275
173,43,173,342,506,24,224,261,266,245,148,124
173,44,195,104,177,500,358,59,81,389,76,452
173,45,412,173,171,283,11,280,226,220,459,349
173,46,343,471,297,6,469,200,281,433,378,85
173,47,122,479,151,242,263,458,207,83,453,67
174,0,493,215,297,396,306,220,375,115,472,127
174,1,186,469,313,202,346,67,283,184,282,181
174,2,41,358,180,199,104,282,58,471,81,200
174,3,381,331,225,461,395,29,416,430,246,54
174,4,403,390,392,379,190,394,103,333,66,262
174,5,188,369,392,100,247,37,228,3,101,500
174,6,125,345,309,158,274,198,370,36,395,474
174,7,112,113,58,327,76,399,202,414,323,479
174,8,312,66,278,164,258,37,155,401,320,237
174,9,400,246,249,267,70,366,456,372,250,484
174,10,117,56,301,411,293,217,44,298,468,257
174,11,117,406,114,375,257,87,479,295,395,157
174,12,140,234,383,80,511,249,336,270,16,338
174,13,307,396,331,349,401,203,483,334,51,427
174,14,238,194,405,114,505,330,85,239,367,291
174,15,131,383,311,146,294,30,110,74,64,402
174,16,2,260,222,61,345,355,168,96,267,88
174,17,236,245,319,490,336,255,327,420,193,165
174,18,206,237,419,369,144,137,104,361,305,243
174,19,438,183,99,152,362,21,185,246,508,107
174,20,353,385,151,466,102,176,373,217,433,213
174,21,332,41,96,280,350,257,214,205,324,316
174,22,256,317,237,394,397,234,197,42,62,478
174,23,464,251,256,223,353,111,368,121,477,394
174,24,312,510,66,31,292,73,225,210,306,76
174,25,372,400,246,404,456,249,187,70,254,306
174,26,117,411,489,301,56,44,307,468,400,397
174,27,479,16,117,395,179,34,157,502,427,375
174,28,76,440,80,383,234,0,95,511,16,356
174,29,307,212,413,188,37,160,334,163,396,407
174,30,114,505,99,384,283,238,402,291,239,247
174,31,146,74,294,30,383,131,311,79,98,374
174,32,260,10,2,168,31,61,222,355,345,378
174,33,490,38,265,236,455,327,188,282,359,245
174,34,237,312,378,144,305,261,308,206,472,419
174,35,107,471,320,39,183,253,269,91,133,362
174,36,102,353,373,178,151,121,289,51,145,217
174,37,485,332,96,280,257,316,477,260,504,160
174,38,256,317,397,12,490,482,42,319,394,115
174,39,111,464,256,4,223,82,267,251,480,45
174,40,168,176,141,205,135,188,18,16,170,396
174,41,342,299,300,348,273,439,87,284,296,501
174,42,462,319,243,218,95,466,93,248,275,222
174,43,173,342,266,24,224,148,124,506,261,245
174,44,195,104,177,500,59,358,389,145,452,322
174,45,412,173,283,28,359,280,346,162,171,11
174,46,471,177,340,241,188,6,314,23,370,200
174,47,360,479,36,218,369,137,458,324,461,92
175,0,199,269,476,157,33,480,5,406,124,74
175,1,470,229,386,228,313,67,186,325,469,324
175,2,306,180,469,151,224,41,149,471,282,362
175,3,461,331,115,225,124,58,381,430,171,447
175,4,342,283,325,81,289,66,103,502,235,50
175,5,454,188,167,492,478,301,502,247,162,252
175,6,345,413,274,306,309,281,40,395,370,392
175,7,112,58,239,80,263,9,350,113,323,414
175,8,500,44,326,431,196,265,34,510,76,115
175,9,364,246,400,484,23,366,128,250,260,499
175,10,468,368,180,340,44,117,407,170,439,388
175,11,484,144,114,479,89,78,339,406,257,446
175,12,446,8,265,234,162,445,440,134,338,140
175,13,307,212,34,339,160,413,350,416,248,260
175,14,247,443,33,464,239,336,505,278,367,114
175,15,146,383,131,311,266,428,30,501,157,343
175,16,10,61,267,53,260,127,345,207,222,252
175,17,490,327,38,236,455,265,403,188,406,42
175,18,261,378,472,100,441,305,120,277,237,312
175,19,107,133,471,269,320,183,246,503,92,407
175,20,178,353,373,151,289,121,102,51,480,397
175,21,332,96,280,257,485,338,260,237,324,504
175,22,256,49,12,115,422,410,397,365,275,62
175,23,4,464,111,267,251,256,162,193,498,45
175,24,3,76,510,213,66,155,30,225,306,258
175,25,246,364,400,372,484,267,475,404,456,314
175,26,117,340,260,468,44,415,474,368,180,483
175,27,114,123,144,419,406,479,103,375,87,502
175,28,446,76,8,324,0,336,234,440,187,140
175,29,307,413,34,212,350,37,15,407,405,160
175,30,114,238,384,367,99,505,200,247,443,470
175,31,383,311,146,74,131,266,30,79,397,294
175,32,61,168,267,96,10,260,492,428,2,222
175,33,490,327,38,455,236,403,319,219,282,265
175,34,378,237,144,472,312,261,206,441,308,137
175,35,107,133,183,471,143,320,130,242,91,362
175,36,102,373,353,178,151,121,289,51,433,217
175,37,332,485,96,257,280,260,477,316,118,324
175,38,49,256,12,275,365,397,410,422,238,411
175,39,111,464,4,82,256,223,267,251,480,394
175,40,168,176,141,135,205,18,188,396,16,84
175,41,342,299,273,300,348,87,439,296,501,284
175,42,462,243,319,218,95,357,276,466,248,275
175,43,173,342,266,24,148,124,224,164,261,506
175,44,195,104,177,59,358,500,389,322,145,442
175,45,412,173,28,283,359,280,346,235,162,349
175,46,177,340,23,241,314,188,370,107,433,200
175,47,272,137,414,36,218,324,119,280,89,92
176,0,289,49,309,347,415,302,327,53,242,451
176,1,1,44,78,398,94,496,324,30,131,390
176,2,39,92,431,351,202,127,28,313,435,138
176,3,58,391,78,494,70,339,433,493,376,262
176,4,412,338,432,266,299,277,422,272,424,65
176,5,222,165,506,390,22,19,234,382,186,102
176,6,472,353,428,298,36,184,174,77,395,384
176,7,392,461,44,61,406,408,307,304,338,377
176,8,66,44,260,164,510,225,258,500,155,4
176,9,246,400,372,267,301,456,484,511,20,133
176,10,6,468,415,117,123,292,236,340,44,298
176,11,114,375,123,144,406,479,308,195,217,87
176,12,6,360,1,331,345,127,110,190,75,511
176,13,307,212,367,51,369,266,404,331,130,15
176,14,238,99,247,194,150,443,455,239,367,114
176,15,383,311,131,146,30,74,295,79,266,402
176,16,61,267,394,168,96,260,492,222,2,355
176,17,327,490,403,319,236,219,38,455,349,165
176,18,258,206,494,235,266,221,173,327,207,360
176,19,107,21,143,73,183,130,450,246,471,82
176,20,102,373,353,51,121,218,151,96,125,433
176,21,499,372,332,223,53,477,205,59,32,160
176,22,148,265,302,187,230,357,204,142,300,414
176,23,464,4,82,394,263,480,111,223,267,251
176,24,260,66,44,510,155,225,443,312,164,258
176,25,246,372,400,267,484,404,456,511,306,301
176,26,340,415,468,123,117,6,236,292,474,16
176,27,123,114,222,375,144,87,406,35,150,419
176,28,1,190,110,345,360,76,127,331,440,13
176,29,307,212,15,61,369,405,110,167,331,135
176,30,238,114,50,142,367,384,99,200,61,150
176,31,383,311,146,74,131,30,418,294,110,343
176,32,61,168,267,96,492,260,394,10,222,428
176,33,490,455,327,282,219,403,38,236,319,315
176,34,258,221,206,173,18,157,494,312,266,366
176,35,21,107,143,450,297,130,166,471,362,310
176,36,102,51,373,256,45,355,353,121,417,96
176,37,499,333,53,32,477,443,435,324,223,372
176,38,204,265,148,187,238,275,357,3,140,302
176,39,464,4,111,480,251,174,394,82,223,477
176,40,18,396,168,135,188,275,141,205,450,176
176,41,299,342,273,439,449,171,27,87,348,210
176,42,93,248,168,279,218,95,431,319,9,455
176,43,342,24,266,365,359,445,245,164,495,467
176,44,195,104,292,402,59,135,249,164,76,447
176,45,283,25,269,365,280,412,356,210,7,335
176,46,87,6,257,469,227,138,510,384,221,41
176,47,491,444,235,242,207,453,350,293,458,120
177,0,499,1,69,241,457,212,35,240,498,31
177,1,328,166,464,245,389,228,486,468,142,309
177,2,180,208,469,65,467,228,95,17,305,378
177,3,331,447,54,202,178,491,225,229,124,171
177,4,163,125,73,92,279,390,81,66,119,283
177,5,101,4,29,129,459,149,171,369,110,348
177,6,59,451,231,52,510,77,398,326,333,387
177,7,378,81,430,392,493,417,112,202,489,436
177,8,500,260,44,66,510,431,67,225,258,164
177,9,246,372,2,484,400,220,23,404,364,187
177,10,468,340,285,158,6,292,35,278,117,239
177,11,114,144,89,443,217,0,244,257,78,222
177,12,444,140,76,396,440,288,1,380,190,324
177,13,110,212,307,443,135,260,248,405,76,56
177,14,153,239,238,404,99,114,384,402,83,443
177,15,146,383,311,74,428,131,266,157,60,347
177,16,267,394,61,96,260,10,168,370,53,222
177,17,455,490,282,477,403,315,38,327,495,144
177,18,118,91,258,285,405,378,95,422,494,18
177,19,21,242,92,463,133,310,331,348,471,107
177,20,373,102,51,45,75,433,353,417,289,355
177,21,333,32,435,324,419,252,208,178,338,155
177,22,270,328,405,149,45,175,204,444,195,321
177,23,4,443,394,464,174,292,263,498,111,316
177,24,500,44,510,260,155,206,377,194,431,203
177,25,246,220,2,400,372,364,29,404,484,199
177,26,468,340,158,285,114,35,179,180,292,2
177,27,0,114,89,144,291,502,35,103,239,311
177,28,444,140,380,324,288,396,76,445,134,440
177,29,110,307,212,55,277,72,135,506,138,96
177,30,153,109,114,404,367,238,76,443,30,99
177,31,383,311,74,146,418,157,428,131,425,397
177,32,96,168,61,101,267,260,10,394,222,146
177,33,403,282,455,477,144,490,214,495,285,449
177,34,118,91,472,309,144,494,174,422,95,378
177,35,21,92,242,50,112,19,409,246,33,130
177,36,102,373,45,176,433,51,353,272,90,289
177,37,32,419,252,333,435,476,237,257,324,338
177,38,45,270,175,328,149,405,321,204,242,24
177,39,464,4,111,82,480,394,251,223,477,174
177,40,18,396,168,188,205,141,135,25,44,485
177,41,299,342,273,439,87,36,501,348,210,443
177,42,95,93,248,261,104,23,218,455,508,387
177,43,342,266,246,359,164,24,391,445,245,498
177,44,104,145,195,59,164,402,249,177,352,445
177,45,280,283,202,334,401,215,472,162,314,148
177,46,469,185,200,241,147,412,351,265,141,6
177,47,458,142,280,360,446,461,11,45,323,292
178,0,71,32,130,160,278,286,25,324,330,437
178,1,245,86,427,313,71,468,434,91,335,353
178,2,180,380,483,142,363,494,250,490,81,488
178,3,357,272,354,216,331,447,416,414,391,166
178,4,245,349,329,440,196,447,340,359,498,417
178,5,456,96,379,273,29,258,180,384,279,69
178,6,452,189,52,329,6,81,198,166,40,277
178,7,170,268,437,280,231,323,327,453,44,25
178,8,500,3,399,260,66,510,155,426,306,225
178,9,372,246,2,29,400,404,301,88,456,298
178,10,415,117,88,251,505,239,438,489,345,334
178,11,114,89,144,113,460,375,2,432,419,87
178,12,380,406,409,444,248,463,84,47,144,493
178,13,307,277,486,110,138,233,405,61,122,15
178,14,76,367,153,238,273,489,114,282,510,484
178,15,383,311,146,131,418,266,110,157,74,16
178,16,61,267,168,492,96,394,260,222,2,101
178,17,403,236,42,327,490,101,319,252,440,477
178,18,472,118,464,434,330,422,310,378,309,122
178,19,242,21,135,1,92,130,246,223,62,286
178,20,373,102,451,497,433,90,176,353,272,45
178,21,419,3,104,32,252,476,208,119,435,238
178,22,112,177,426,150,243,422,471,461,242,300
178,23,4,464,402,82,308,480,394,97,183,443
178,24,386,66,500,3,510,155,426,260,68,265
178,25,246,372,400,456,475,404,306,234,445,2
178,26,260,415,117,88,251,307,246,44,489,367
178,27,123,150,89,419,113,460,114,194,389,353
178,28,380,248,406,409,463,444,288,84,445,76
178,29,233,277,110,307,486,138,15,404,331,350
178,30,76,367,238,153,114,489,505,344,455,109
178,31,383,311,146,131,74,266,294,418,110,376
178,32,61,168,267,65,101,96,216,355,260,492
178,33,403,236,42,327,426,477,490,382,123,440
178,34,118,472,434,464,144,330,494,309,422,337
178,35,21,1,242,223,130,112,135,246,92,183
178,36,102,451,497,373,176,272,433,90,45,353
178,37,3,104,32,119,252,476,208,459,237,435
178,38,243,150,426,422,177,112,471,461,300,242
178,39,464,4,82,111,223,394,480,251,477,121
178,40,18,168,205,396,188,141,425,135,44,25
178,41,501,342,273,299,439,87,36,283,348,443
178,42,56,426,95,225,93,508,104,455,218,23
178,43,391,342,266,164,246,156,359,224,346,24
178,44,104,145,79,195,59,33,402,452,389,445
178,45,280,202,283,334,401,162,314,141,346,193
178,46,185,241,200,196,265,412,45,431,339,195
178,47,88,45,188,112,269,333,323,166,89,226
179,0,247,369,293,93,19,289,134,425,338,432
179,1,403,465,237,251,16,499,197,160,244,493
179,2,180,435,36,483,431,210,215,273,96,371
179,3,58,391,200,494,96,78,70,376,363,69
179,4,412,424,216,422,116,432,376,338,105,266
179,5,346,222,165,380,161,19,293,305,398,7
179,6,258,387,286,30,139,280,354,36,174,476
179,7,228,156,261,355,206,71,44,61,411,274
179,8,500,66,510,399,155,260,320,305,186,312
179,9,372,246,456,267,400,301,404,133,20,511
179,10,31,415,87,88,251,6,44,145,489,437
179,11,432,123,503,144,150,419,375,114,53,87
179,12,155,404,6,266,355,327,442,84,1,288
179,13,307,404,277,367,138,405,212,416,76,180
179,14,238,153,367,76,109,61,404,99,200,443
179,15,383,311,131,74,30,146,79,98,110,204
179,16,267,168,61,96,260,394,101,143,2,222
179,17,403,319,252,219,490,236,505,327,282,214
179,18,283,500,34,422,494,472,206,118,309,229
179,19,82,21,242,429,482,223,24,1,135,50
179,20,102,373,353,96,347,90,216,433,117,217
179,21,32,119,253,252,104,301,458,409,436,476
179,22,300,316,193,422,384,177,66,390,111,419
179,23,4,464,480,308,394,82,251,97,128,223
179,24,66,510,500,155,331,260,305,44,225,186
179,25,372,246,404,400,267,456,306,29,301,511
179,26,88,415,489,437,87,236,44,162,31,251
179,27,123,353,419,150,89,53,432,375,114,389
179,28,155,404,442,266,327,84,288,1,6,355
179,29,138,404,307,167,277,15,235,467,407,331
179,30,238,76,153,367,109,357,200,489,142,50
179,31,383,311,74,131,146,418,110,79,266,106
179,32,61,267,96,168,260,101,394,492,222,263
179,33,403,252,505,282,319,214,490,327,165,219
179,34,494,500,283,118,34,472,309,229,437,422
179,35,21,82,482,242,112,223,429,1,130,409
179,36,102,373,347,96,353,272,433,125,176,90
179,37,32,119,253,252,458,104,409,301,476,435
179,38,193,300,316,384,422,177,111,390,66,15
179,39,464,4,82,480,111,223,394,251,121,128
179,40,18,168,188,135,141,396,391,165,275,205
179,41,342,299,273,439,501,252,289,36,348,87
179,42,95,235,93,436,104,455,56,490,426,286
179,43,342,266,24,246,391,346,164,359,224,124
179,44,104,47,59,195,402,177,339,145,389,500
179,45,435,280,283,202,162,334,346,363,314,141
179,46,185,241,200,151,45,265,405,339,195,244
179,47,45,89,88,226,112,333,92,323,431,66
180,0,289,49,93,349,400,327,43,347,415,233
180,1,243,263,78,182,143,135,413,426,305,454
180,2,28,180,431,92,145,127,351,138,313,435
180,3,391,58,70,200,96,267,494,78,376,273
180,4,412,422,424,312,432,266,272,116,105,338
180,5,222,165,380,390,296,452,186,293,382,79
180,6,353,472,286,296,431,298,174,347,139,184
180,7,509,461,355,450,44,307,235,408,61,392
180,8,260,66,500,155,510,225,164,305,320,44
180,9,246,372,267,456,301,511,20,404,86,400
180,10,361,415,385,236,487,6,78,408,489,44
180,11,375,123,389,432,144,114,292,308,295,87
180,12,6,360,75,345,1,331,127,442,190,372
180,13,307,367,138,61,331,266,51,71,169,24
180,14,238,150,194,404,61,99,50,114,367,153
180,15,383,311,131,110,146,30,204,74,79,43
180,16,61,267,96,260,394,492,168,88,355,2
180,17,403,319,252,219,490,165,282,327,455,236
180,18,494,327,118,394,206,67,422,266,207,235
180,19,21,445,73,130,450,316,429,246,82,348
180,20,102,373,66,506,353,125,217,433,96,71
180,21,223,299,32,458,252,435,436,476,59,11
180,22,295,269,142,148,379,302,230,300,414,468
180,23,464,4,82,480,128,263,394,223,250,111
180,24,260,66,155,500,510,68,217,44,225,305
180,25,246,372,404,456,400,267,484,301,29,133
180,26,385,415,88,361,78,6,408,487,162,489
180,27,123,114,89,419,375,222,353,239,292,144
180,28,190,1,345,75,360,442,380,6,127,331
180,29,307,404,61,15,212,138,369,167,331,407
180,30,238,367,61,109,150,357,153,50,142,432
180,31,311,383,146,110,418,74,294,173,376,397
180,32,61,267,96,168,492,394,355,260,146,101
180,33,403,252,490,282,319,409,455,144,327,236
180,34,494,118,327,266,67,422,394,309,117,310
180,35,21,73,50,130,445,429,112,62,19,242
180,36,102,506,176,297,433,125,373,45,315,272
180,37,223,32,252,435,299,206,11,442,45,152
180,38,295,414,142,148,269,133,242,230,302,379
180,39,443,464,4,82,402,250,174,480,263,111
180,40,18,275,340,205,188,396,165,143,168,44
180,41,342,299,273,12,171,245,394,46,36,439
180,42,68,93,67,97,138,286,455,479,187,17
180,43,365,498,445,342,359,336,190,266,84,218
180,44,337,195,135,204,59,292,474,104,231,164
180,45,210,126,283,132,119,5,145,7,93,351
180,46,245,138,221,333,248,185,58,398,403,281
180,47,136,181,125,242,29,417,227,321,157,442
181,0,301,361,101,76,21,362,265,321,218,186
181,1,250,230,61,76,226,493,182,426,198,16
181,2,490,180,483,354,196,166,431,249,226,435
181,3,391,495,416,58,227,252,255,37,267,494
181,4,175,449,265,412,422,87,425,438,405,74
181,5,206,296,222,165,380,370,37,284,411,186
181,6,382,236,175,87,243,353,387,479,472,174
181,7,44,470,305,355,51,307,283,449,269,411
181,8,260,500,66,155,399,305,386,510,426,169
181,9,372,88,246,335,404,284,301,267,20,133
181,10,446,415,88,103,408,44,489,362,345,120
181,11,113,148,89,460,432,144,407,375,419,353
181,12,380,243,278,400,6,84,267,484,416,144
181,13,233,307,277,138,486,82,405,122,416,149
181,14,489,76,273,153,367,238,145,371,108,151
181,15,383,311,418,266,424,328,157,483,146,222
181,16,61,267,168,65,141,435,382,222,70,490
181,17,403,426,101,252,42,440,319,214,327,382
181,18,183,255,330,472,118,422,310,309,494,198
181,19,242,62,1,21,396,507,135,130,399,246
181,20,272,373,93,102,90,433,176,216,45,386
181,21,425,419,111,252,299,476,459,32,435,436
181,22,441,221,328,243,297,440,242,416,434,444
181,23,4,443,183,111,464,308,82,9,87,174
181,24,386,68,500,107,265,169,66,426,510,428
181,25,284,246,88,60,234,456,335,460,386,29
181,26,415,446,120,88,309,260,367,448,460,408
181,27,89,113,148,419,353,2,8,233,125,454
181,28,380,243,278,400,267,484,84,144,288,445
181,29,233,277,82,51,138,307,110,122,269,486
181,30,76,489,367,153,484,505,371,151,109,336
181,31,146,189,311,380,383,418,275,157,428,376
181,32,65,61,127,168,216,141,435,10,63,490
181,33,403,426,123,42,236,101,440,382,214,0
181,34,183,330,494,198,255,309,118,144,43,310
181,35,21,242,1,135,130,62,152,19,223,396
181,36,272,176,373,45,433,90,125,102,189,29
181,37,425,111,419,252,32,435,459,183,119,476
181,38,441,221,243,328,297,242,440,416,434,444
181,39,4,464,82,111,174,394,480,121,256,97
181,40,205,18,162,396,165,188,44,25,141,275
181,41,342,273,299,439,251,87,36,448,430,501
181,42,95,387,261,93,104,216,40,508,50,77
181,43,164,498,342,127,359,266,246,224,391,107
181,44,104,195,452,164,468,145,59,389,249,333
181,45,280,202,200,162,346,354,334,314,500,44
181,46,265,185,200,431,329,45,241,412,293,339
181,47,458,446,360,45,269,461,9,175,24,333
182,0,130,330,71,32,160,278,361,409,170,221
182,1,112,59,250,427,471,71,9,251,98,485
182,2,250,490,494,226,483,142,354,97,166,180
182,3,357,58,332,391,494,354,94,488,166,135
182,4,266,432,272,412,245,105,201,112,80,422
182,5,456,165,452,19,222,22,322,382,96,273
182,6,166,452,382,36,236,50,284,395,286,6
182,7,268,170,244,231,44,355,51,359,35,437
182,8,370,510,66,164,312,225,260,237,290,89
182,9,246,267,372,511,456,400,44,404,20,70
182,10,293,117,56,489,453,415,217,212,100,44
182,11,385,375,311,211,406,432,89,117,295,356
182,12,248,356,80,338,448,288,409,463,150,130
182,13,250,302,22,387,16,330,290,331,265,154
182,14,212,441,377,80,470,486,95,138,231,238
182,15,193,494,383,79,375,459,169,289,318,199
182,16,243,74,429,391,58,201,23,260,272,189
182,17,389,499,372,422,50,105,305,365,166,419
182,18,347,49,264,318,26,119,184,36,128,211
182,19,463,173,162,453,31,362,222,342,377,509
182,20,127,485,7,348,55,78,210,410,356,388
182,21,469,3,379,152,418,155,435,189,324,70
182,22,471,41,150,205,426,287,261,112,243,441
182,23,334,242,127,199,325,236,290,356,115,302
182,24,356,370,160,11,87,325,35,13,439,503
182,25,68,111,346,511,154,442,14,139,280,214
182,26,71,213,48,240,107,484,203,471,393,335
182,27,49,250,84,273,422,311,500,511,163,165
182,28,459,228,390,37,113,96,346,288,253,356
182,29,288,22,387,97,184,385,16,259,221,273
182,30,138,14,486,80,212,154,284,233,506,314
182,31,193,68,494,289,426,375,449,226,199,169
182,32,243,391,58,74,23,255,51,441,429,201
182,33,419,422,372,305,389,499,166,324,50,209
182,34,318,347,49,471,510,119,497,184,264,211
182,35,453,222,426,342,377,103,362,174,509,192
182,36,485,16,55,210,248,442,243,348,45,7
182,37,379,255,150,44,418,10,33,469,152,453
182,38,205,41,345,86,261,57,30,81,287,196
182,39,334,389,450,27,430,242,325,323,338,9
182,40,138,178,172,354,209,508,335,173,278,381
182,41,240,385,391,59,65,198,48,213,353,441
182,42,426,56,235,95,272,140,508,93,299,225
182,43,86,162,391,278,300,159,459,337,156,343
182,44,104,79,145,195,452,33,177,59,389,509
182,45,280,346,162,202,172,354,334,44,314,421
182,46,185,265,241,45,196,200,431,339,195,76
182,47,89,88,45,166,112,188,333,9,323,269
183,0,369,293,67,103,471,338,349,95,93,451
183,1,454,273,263,243,413,296,183,465,459,65
183,2,76,351,431,256,28,92,273,55,173,167
183,3,58,391,70,332,78,267,433,494,339,152
183,4,432,412,422,266,116,289,293,338,299,272
183,5,186,222,165,358,492,19,382,506,132,390
183,6,36,26,384,298,472,481,286,236,258,138
183,7,250,44,509,61,338,235,2,355,244,408
183,8,66,427,505,260,510,225,60,164,68,305
183,9,246,372,267,456,484,63,404,400,511,133
183,10,448,415,251,308,307,293,162,120,489,501
183,11,375,123,233,125,308,432,407,205,87,389
183,12,345,249,6,91,1,7,18,24,347,121
183,13,177,51,355,331,307,401,61,333,320,167
183,14,150,238,455,114,194,405,420,404,509,247
183,15,383,311,131,110,266,146,79,30,187,43
183,16,61,267,355,394,260,2,168,96,492,88
183,17,409,349,236,403,193,319,165,252,453,382
183,18,117,494,67,76,487,252,416,206,422,280
183,19,21,450,445,130,73,438,102,166,339,348
183,20,102,66,506,125,272,433,353,480,373,213
183,21,223,299,425,32,442,458,435,206,77,436
183,22,290,414,295,148,269,133,201,305,468,369
183,23,82,464,4,9,480,438,128,97,240,223
183,24,66,427,505,510,260,225,258,68,500,443
183,25,456,246,404,372,400,389,267,242,484,511
183,26,448,415,293,307,483,162,120,251,489,44
183,27,123,295,233,375,16,403,239,66,292,205
183,28,249,345,1,91,7,190,191,177,440,6
183,29,401,307,61,331,177,355,51,396,404,127
183,30,238,405,114,150,291,507,432,505,357,50
183,31,294,383,146,311,373,74,30,188,110,376
183,32,61,355,267,345,260,168,96,378,492,2
183,33,336,236,403,319,371,245,293,490,228,453
183,34,494,117,118,76,67,416,487,422,156,217
183,35,21,50,450,445,16,438,166,246,130,183
183,36,102,506,45,297,436,176,373,433,315,172
183,37,223,32,442,435,53,299,199,436,168,252
183,38,290,414,148,3,269,295,133,415,15,500
183,39,464,438,402,174,4,250,401,480,81,179
183,40,168,188,18,143,205,340,275,165,396,135
183,41,299,273,210,171,342,12,16,245,353,365
183,42,97,93,388,67,45,365,138,479,455,286
183,43,365,445,359,266,24,190,370,84,435,47
183,44,474,195,337,59,292,104,471,402,173,489
183,45,210,126,283,132,201,456,351,202,119,381
183,46,446,185,248,221,211,432,499,502,265,314
183,47,125,29,400,254,181,370,343,33,163,12
184,0,20,213,194,380,109,298,216,165,114,162
184,1,389,36,74,466,506,440,77,158,79,125
184,2,37,180,207,511,496,296,17,109,125,115
184,3,196,331,447,335,468,403,4,293,249,408
184,4,325,465,357,294,506,346,233,73,156,344
184,5,58,294,250,41,154,468,68,74,100,354
184,6,118,68,435,259,168,269,251,292,126,320
184,7,399,241,316,158,33,140,52,10,302,479
184,8,66,500,260,258,356,510,155,164,44,225
184,9,372,246,400,404,267,511,456,484,409,133
184,10,6,340,468,292,129,179,117,273,415,44
184,11,114,144,123,217,222,257,2,375,479,352
184,12,288,220,76,1,190,440,287,306,6,383
184,13,307,61,212,369,405,314,51,404,304,235
184,14,238,239,50,150,404,405,367,99,443,384
184,15,383,311,146,397,297,380,131,187,110,266
184,16,267,61,96,260,492,378,394,355,222,88
184,17,490,293,219,282,319,455,38,236,327,403
184,18,18,206,480,232,497,42,453,503,72,510
184,19,471,468,450,463,107,130,269,209,286,285
184,20,102,227,297,353,51,181,417,45,373,436
184,21,264,220,96,267,435,155,24,324,139,426
184,22,60,24,293,264,377,30,210,470,196,445
184,23,9,464,236,383,203,365,23,43,240,504
184,24,443,327,154,258,500,155,356,44,30,66
184,25,364,400,246,296,372,35,404,484,254,360
184,26,340,179,468,292,273,117,129,474,6,44
184,27,114,222,502,3,479,144,184,123,35,311
184,28,306,148,336,190,76,440,187,13,1,383
184,29,314,307,61,212,372,32,416,235,15,128
184,30,278,146,384,99,238,411,150,50,507,404
184,31,146,383,311,74,343,157,428,30,376,131
184,32,10,61,168,2,96,260,267,53,378,222
184,33,490,103,455,38,511,293,468,246,266,282
184,34,462,18,397,232,447,480,72,132,453,42
184,35,385,269,39,471,107,133,320,183,297,302
184,36,353,178,227,373,289,102,121,151,51,145
184,37,264,332,96,220,338,485,441,214,303,477
184,38,24,60,377,249,293,394,470,411,367,210
184,39,256,464,111,223,251,267,43,263,45,9
184,40,176,205,168,145,188,135,170,169,141,229
184,41,287,476,493,243,300,55,353,348,52,366
184,42,124,27,319,273,248,93,226,310,195,368
184,43,173,77,24,506,44,124,449,356,261,262
184,44,356,433,195,358,76,395,419,366,408,184
184,45,442,220,168,412,47,11,22,416,95,315
184,46,418,338,85,281,232,55,374,346,33,58
184,47,138,343,242,273,44,398,367,389,442,296
185,0,121,433,478,45,336,195,279,154,284,124
185,1,223,340,510,506,51,219,81,234,346,184
185,2,37,325,17,240,358,77,247,301,113,50
185,3,381,331,461,225,29,199,395,54,386,447
185,4,390,403,363,392,103,296,284,502,190,119
185,5,188,100,501,9,228,416,247,98,3,260
185,6,158,309,208,140,126,263,507,156,253,425
185,7,113,399,76,112,479,410,335,150,489,222
185,8,500,378,442,213,111,432,30,115,205,109
185,9,364,34,260,45,246,69,372,23,360,167
185,10,468,340,441,292,180,403,175,492,6,155
185,11,114,144,89,243,413,456,99,443,311,479
185,12,432,306,140,336,42,294,324,187,305,378
185,13,212,157,307,260,314,61,416,32,443,372
185,14,404,99,384,436,83,448,402,114,324,239
185,15,146,60,428,297,275,383,397,131,311,382
185,16,10,53,61,378,127,394,260,120,345,157
185,17,38,490,455,188,246,462,327,449,406,282
185,18,485,42,120,447,85,164,305,497,132,107
185,19,471,133,107,39,269,385,463,320,302,408
185,20,178,121,353,502,51,373,289,355,151,306
185,21,332,96,214,280,338,485,118,257,220,324
185,22,256,24,377,270,42,60,264,104,210,293
185,23,193,256,45,52,43,468,162,267,263,316
185,24,213,109,442,378,312,115,500,510,30,111
185,25,364,400,246,47,45,34,187,35,249,167
185,26,468,441,175,340,117,492,179,474,44,180
185,27,99,479,144,413,114,243,103,421,89,443
185,28,306,187,324,305,432,336,288,294,76,140
185,29,307,157,212,34,291,160,413,443,416,96
185,30,114,99,278,436,505,247,384,448,65,404
185,31,146,74,428,30,131,501,275,294,372,343
185,32,10,2,333,53,260,99,96,378,364,222
185,33,455,490,188,38,282,246,359,327,264,144
185,34,485,42,447,120,378,107,164,312,360,237
185,35,133,107,471,269,91,39,320,143,297,280
185,36,353,373,178,121,289,151,306,51,502,102
185,37,332,485,96,338,280,118,260,257,324,477
185,38,24,60,256,377,270,104,397,42,411,12
185,39,256,111,45,464,223,267,263,251,167,143
185,40,205,176,145,168,135,162,141,170,188,18
185,41,243,348,300,299,342,138,284,251,178,47
185,42,462,243,319,218,248,466,93,310,43,95
185,43,173,506,24,342,124,245,261,224,44,198
185,44,195,104,358,177,500,442,407,452,81,509
185,45,412,171,173,11,280,220,349,233,461,45
185,46,471,343,200,6,297,281,433,85,232,99
185,47,122,479,151,242,458,367,263,442,83,207
186,0,493,297,215,396,306,220,375,115,127,472
186,1,186,469,313,202,346,283,67,282,181,207
186,2,358,41,199,282,104,180,58,471,81,247
186,3,381,225,461,331,395,29,54,430,199,246
186,4,403,390,379,392,190,103,394,502,66,296
186,5,188,369,100,247,392,501,260,37,228,108
186,6,125,345,158,309,370,274,198,425,109,442
186,7,113,112,399,58,76,479,150,202,327,414
186,8,66,500,312,401,111,155,115,164,278,288
186,9,400,246,372,456,70,249,267,187,45,484
186,10,180,340,301,368,56,468,217,117,44,411
186,11,144,257,87,408,479,114,375,406,16,311
186,12,140,336,234,324,16,42,306,270,187,511
186,13,307,331,212,349,416,375,369,61,178,24
186,14,238,194,505,99,367,405,114,61,291,469
186,15,383,311,146,131,294,74,30,79,110,64
186,16,260,2,355,96,345,168,222,61,135,267
186,17,236,245,490,255,336,319,402,281,420,394
186,18,206,237,104,137,369,135,243,309,361,419
186,19,99,438,152,183,362,21,102,246,107,185
186,20,353,385,151,102,466,51,178,176,373,289
186,21,332,41,96,350,280,205,338,214,504,316
186,22,256,317,397,237,394,234,178,37,42,490
186,23,464,251,223,256,162,353,394,438,477,193
186,24,312,510,31,66,73,292,260,210,3,306
186,25,372,400,246,404,70,249,4,364,456,475
186,26,117,489,411,468,56,301,44,260,368,397
186,27,479,34,375,395,406,179,16,427,157,443
186,28,76,383,80,440,511,234,16,406,324,336
186,29,307,212,413,37,34,160,188,407,26,266
186,30,505,114,238,283,291,99,384,194,61,402
186,31,146,294,131,74,30,98,311,383,374,79
186,32,10,260,2,31,345,355,222,476,168,252
186,33,236,490,327,265,38,359,455,245,336,281
186,34,237,312,308,378,305,144,419,104,472,36
186,35,107,269,183,246,39,498,471,320,253,91
186,36,353,373,178,289,121,151,397,102,138,51
186,37,332,485,96,280,338,260,504,350,237,477
186,38,256,397,317,12,115,319,490,394,234,73
186,39,223,464,256,111,251,45,167,267,201,263
186,40,176,205,168,135,141,145,162,170,262,84
186,41,342,348,299,243,300,251,284,178,138,296
186,42,462,319,243,218,466,293,275,424,95,286
186,43,173,506,24,266,224,342,44,124,346,261
186,44,195,104,358,177,500,442,59,452,389,407
186,45,412,173,28,171,11,280,354,349,359,45
186,46,471,177,6,200,340,314,433,188,76,241
186,47,360,479,369,36,218,458,509,461,137,367
187,0,199,269,476,157,33,480,406,5,74,423
187,1,470,229,386,313,186,469,228,444,67,181
187,2,306,469,180,41,151,199,282,224,471,281
187,3,461,331,225,115,381,58,124,430,51,447
187,4,342,283,81,325,66,502,157,103,289,469
187,5,454,188,167,492,478,247,162,502,8,301
187,6,345,413,309,40,274,281,370,443,344,270
187,7,112,58,239,80,113,263,350,9,323,205
187,8,500,265,115,40,44,76,431,235,326,196
187,9,364,246,400,372,23,366,484,120,206,456
187,10,468,368,180,454,340,44,170,116,510,439
187,11,484,144,78,479,89,114,296,339,192,419
187,12,446,8,265,140,445,338,406,324,162,134
187,13,307,34,212,339,413,60,416,160,248,257
187,14,448,33,65,354,94,180,247,278,464,505
187,15,146,428,311,131,294,383,74,30,157,493
187,16,10,345,61,355,2,252,53,260,222,378
187,17,490,327,236,455,38,462,403,246,42,188
187,18,378,261,472,100,120,237,441,305,312,485
187,19,107,133,269,183,246,39,471,503,91,463
187,20,353,178,373,289,121,151,397,138,102,51
187,21,332,280,338,96,485,257,260,504,324,388
187,22,256,115,12,49,410,397,365,422,275,178
187,23,256,193,4,464,251,267,78,263,162,45
187,24,312,510,3,213,76,66,155,4,306,30
187,25,400,364,372,246,484,245,249,187,70,4
187,26,340,117,468,301,368,44,260,180,6,217
187,27,479,144,78,114,406,157,395,103,339,87
187,28,76,446,324,511,187,383,440,125,406,8
187,29,307,212,34,413,37,350,25,416,486,405
187,30,114,99,505,283,247,384,94,61,239,9
187,31,146,74,30,131,294,428,311,275,98,48
187,32,10,2,260,345,333,222,364,378,476,154
187,33,490,455,327,38,236,359,147,159,265,403
187,34,378,312,237,308,360,472,137,261,206,144
187,35,107,143,471,269,183,91,253,39,246,133
187,36,353,373,178,289,121,151,397,102,138,306
187,37,332,485,96,280,260,338,350,504,118,237
187,38,256,49,12,275,397,115,365,238,411,319
187,39,256,111,223,464,267,251,45,167,201,143
187,40,205,176,168,135,162,141,145,16,84,170
187,41,342,348,299,243,178,251,284,300,296,79
187,42,462,243,319,218,466,275,424,293,357,95
187,43,173,506,24,266,342,224,44,124,346,182
187,44,195,104,358,177,500,442,59,452,389,129
187,45,412,173,28,280,354,45,359,235,220,455
187,46,177,340,314,188,241,200,23,6,433,76
187,47,272,414,36,218,137,280,509,92,89,45
188,0,290,309,304,196,334,91,398,184,289,2
188,1,1,78,44,94,30,398,496,390,6,348
188,2,39,431,479,92,178,486,138,337,134,28
188,3,58,391,240,78,70,24,449,152,96,433
188,4,338,44,412,432,266,424,65,272,277,105
188,5,109,19,159,222,506,165,191,22,390,102
188,6,428,77,121,30,286,358,395,214,472,174
188,7,187,392,255,406,461,101,61,304,408,413
188,8,312,510,44,66,31,155,39,292,260,4
188,9,400,249,187,372,4,70,246,263,511,456
188,10,468,44,117,123,56,415,236,340,6,178
188,11,479,157,146,144,117,78,406,34,87,257
188,12,60,383,498,110,16,360,511,76,50,338
188,13,307,212,369,349,416,130,487,311,190,266
188,14,505,99,247,194,142,509,469,456,166,239
188,15,146,294,30,131,383,74,311,39,79,343
188,16,10,260,2,378,61,355,345,252,207,168
188,17,490,327,236,455,147,219,159,38,403,165
188,18,82,258,173,235,298,221,494,394,206,157
188,19,107,143,246,362,73,463,183,21,91,471
188,20,353,151,397,289,51,373,57,121,178,412
188,21,499,332,372,338,248,205,53,477,59,451
188,22,204,148,265,187,230,357,96,394,238,142
188,23,256,267,263,353,464,251,78,167,193,45
188,24,312,510,44,4,39,155,443,66,260,210
188,25,400,249,187,372,63,4,511,246,70,404
188,26,340,468,117,44,123,179,6,236,474,16
188,27,479,144,222,114,308,443,157,87,35,78
188,28,190,110,511,383,76,13,440,360,345,16
188,29,307,212,167,110,416,61,135,405,190,24
188,30,99,505,239,114,384,357,469,247,142,50
188,31,146,30,74,343,294,131,311,98,334,73
188,32,260,2,10,267,238,222,422,96,333,99
188,33,455,490,282,38,219,165,327,190,319,403
188,34,258,173,221,18,206,494,157,312,217,235
188,35,143,107,471,362,21,320,297,269,316,15
188,36,353,51,373,412,121,178,289,256,151,355
188,37,499,332,53,333,32,372,248,324,118,451
188,38,265,204,148,187,230,96,275,238,188,357
188,39,256,111,45,263,267,464,234,43,362,143
188,40,18,168,145,188,135,176,450,205,396,170
188,41,27,449,299,378,68,243,439,273,125,348
188,42,93,279,248,168,62,222,463,357,276,218
188,43,173,24,342,49,506,365,471,346,4,245
188,44,195,104,81,292,39,358,500,447,402,441
188,45,173,412,283,346,25,171,235,210,359,126
188,46,87,6,257,227,384,510,38,221,314,469
188,47,491,444,235,75,217,120,90,228,132,207
189,0,499,1,241,69,457,35,212,240,31,498
189,1,328,166,464,245,468,486,389,309,148,228
189,2,208,180,95,65,469,228,17,467,378,214
189,3,331,447,54,202,225,178,124,381,229,491
189,4,163,125,73,92,390,279,66,338,81,223
189,5,101,4,129,459,29,109,369,279,149,171
189,6,59,231,451,77,52,326,30,510,251,398
189,7,378,392,81,430,417,187,493,129,202,112
189,8,500,312,510,44,260,39,34,431,365,31
189,9,63,187,400,184,249,246,2,250,220,23
189,10,468,340,285,6,158,292,35,56,114,44
189,11,144,114,479,89,78,217,443,222,244,257
189,12,444,140,76,396,440,511,288,16,383,190
189,13,110,212,135,307,248,443,260,55,416,56
189,14,239,99,153,384,505,396,404,247,402,443
189,15,146,74,428,30,294,131,343,275,39,60
189,16,10,2,99,260,53,267,394,422,96,222
189,17,455,490,282,477,38,144,219,315,327,25
189,18,91,118,258,378,285,494,193,18,422,233
189,19,21,92,463,310,242,133,107,297,269,246
189,20,51,373,353,289,45,433,355,75,178,102
189,21,32,333,435,338,324,208,419,252,178,150
189,22,270,204,405,149,328,175,215,195,45,321
189,23,4,45,316,256,238,263,193,292,468,267
189,24,500,510,44,312,194,326,206,203,4,300
189,25,220,400,246,187,2,29,364,23,484,63
189,26,468,340,158,285,179,35,114,44,180,292
189,27,144,89,114,0,35,479,291,244,239,78
189,28,444,140,324,288,380,396,445,76,134,8
189,29,110,212,55,277,307,72,96,135,416,457
189,30,153,114,99,109,239,404,76,443,137,247
189,31,146,74,428,30,311,4,131,425,101,48
189,32,2,267,10,101,260,96,99,333,53,222
189,33,455,282,403,144,490,477,285,25,190,165
189,34,118,494,91,193,472,378,309,422,233,37
189,35,21,92,242,112,50,246,269,33,409,133
189,36,353,373,51,45,289,102,433,178,355,75
189,37,32,338,333,435,419,208,252,324,237,6
189,38,270,149,405,45,204,175,328,309,321,104
189,39,256,464,45,111,263,267,251,223,143,394
189,40,18,168,396,188,205,450,135,176,162,170
189,41,299,439,273,424,243,342,170,210,348,443
189,42,93,248,95,62,23,261,455,222,104,85
189,43,342,49,24,346,173,506,246,13,365,266
189,44,104,195,319,402,164,292,445,59,452,500
189,45,401,280,334,283,472,215,332,365,202,232
189,46,469,185,147,351,141,241,200,373,390,412
189,47,280,292,11,142,222,45,112,461,245,333
190,0,46,505,399,223,160,280,227,37,324,28
190,1,71,245,86,91,313,335,137,42,104,353
190,2,10,180,142,363,296,34,321,361,380,13
190,3,510,216,331,416,447,240,229,391,357,212
190,4,495,417,349,118,338,447,329,391,499,237
190,5,373,258,379,109,279,331,29,278,266,500
190,6,189,52,476,198,329,387,231,30,40,59
190,7,231,170,147,315,187,437,44,61,491,40
190,8,500,510,312,307,399,432,260,66,431,320
190,9,246,372,400,187,184,2,23,29,220,456
190,10,60,437,468,345,158,179,340,490,44,106
190,11,89,114,479,217,239,144,257,377,443,432
190,12,351,444,463,380,84,502,440,457,288,47
190,13,110,277,307,416,405,212,457,138,443,56
190,14,99,153,239,114,443,238,351,404,396,505
190,15,146,74,30,311,131,428,383,294,48,275
190,16,10,260,267,2,394,61,96,364,222,422
190,17,490,455,285,190,144,159,25,282,165,147
190,18,118,213,434,122,193,422,310,309,206,472
190,19,21,483,92,463,147,242,362,313,112,183
190,20,51,353,373,433,102,75,45,289,151,355
190,21,32,208,154,271,419,119,252,435,338,324
190,22,479,374,150,192,177,422,242,300,417,276
190,23,45,316,256,238,464,353,251,394,398,267
190,24,312,500,510,307,445,155,51,66,190,4
190,25,400,187,372,246,411,511,29,508,249,298
190,26,117,44,60,468,437,260,179,153,419,312
190,27,479,89,78,114,311,443,103,35,377,261
190,28,351,463,48,288,380,444,84,356,6,448
190,29,307,110,71,457,138,302,405,24,212,306
190,30,99,486,247,114,109,153,495,470,430,61
190,31,146,74,30,294,428,131,311,98,4,48
190,32,260,10,2,267,96,333,141,230,476,222
190,33,490,282,165,190,455,144,159,25,359,285
190,34,213,118,434,494,193,309,122,472,206,19
190,35,483,21,92,112,362,147,50,79,253,9
190,36,51,353,102,373,433,45,355,178,121,289
190,37,271,32,154,119,208,252,435,324,459,436
190,38,479,374,192,150,300,177,242,422,48,243
190,39,464,256,45,111,394,251,368,223,143,353
190,40,18,168,188,135,396,262,176,205,141,450
190,41,439,264,299,273,243,210,170,443,342,348
190,42,93,403,95,23,508,104,455,222,268,319
190,43,346,173,342,24,49,246,322,13,245,256
190,44,104,195,247,402,59,505,445,156,352,273
190,45,508,280,334,401,283,202,232,193,114,162
190,46,185,200,241,373,390,464,412,128,244,339
190,47,45,88,89,226,269,112,431,333,461,323
191,0,360,176,97,302,167,93,134,102,237,9
191,1,405,179,197,263,78,247,16,491,459,84
191,2,180,211,351,364,92,431,296,483,39,28
191,3,493,58,78,376,200,391,96,220,240,24
191,4,338,166,412,424,299,308,90,116,55,44
191,5,90,296,222,109,275,506,143,79,380,145
191,6,279,30,501,476,431,44,251,347,480,102
191,7,101,461,392,307,235,187,61,413,142,338
191,8,500,510,155,312,399,258,66,4,260,431
191,9,400,511,246,162,23,372,29,508,184,168
191,10,88,6,437,60,117,44,468,494,179,236
191,11,114,89,217,479,103,144,78,432,35,146
191,12,48,75,6,360,299,286,84,127,511,288
191,13,71,277,307,110,404,367,457,416,138,212
191,14,153,396,99,239,443,247,238,150,18,305
191,15,146,74,30,311,383,493,131,428,98,343
191,16,267,10,260,394,99,370,333,61,364,480
191,17,490,147,455,282,165,327,285,25,403,159
191,18,327,494,394,118,422,213,298,310,170,206
191,19,21,316,73,246,463,445,92,112,50,82
191,20,140,75,289,373,433,45,445,218,102,353
191,21,338,32,223,400,435,271,413,154,59,436
191,22,295,379,404,269,142,468,414,180,215,417
191,23,45,256,267,316,263,468,238,465,193,89
191,24,500,155,510,312,4,326,258,307,399,66
191,25,400,246,23,372,508,29,484,511,301,130
191,26,88,117,60,6,44,437,468,179,236,494
191,27,114,89,479,78,35,144,353,443,432,103
191,28,48,75,84,6,288,380,3,127,286,511
191,29,71,307,277,110,167,457,212,138,416,405
191,30,99,153,239,150,443,109,396,142,247,94
191,31,146,428,74,493,30,6,258,311,376,4
191,32,10,333,267,2,101,141,370,446,416,480
191,33,147,403,490,378,282,25,455,159,327,165
191,34,327,118,494,394,310,67,170,308,422,298
191,35,21,246,62,269,50,73,33,242,316,92
191,36,140,45,289,397,353,373,125,433,26,151
191,37,338,435,32,59,331,400,252,223,419,292
191,38,295,379,404,242,142,300,414,468,269,215
191,39,263,256,443,267,234,174,43,223,89,4
191,40,205,162,450,18,340,396,145,356,362,168
191,41,424,394,439,251,306,443,243,273,299,12
191,42,68,93,455,133,261,286,438,188,95,33
191,43,498,506,365,173,342,218,49,250,109,471
191,44,195,319,164,104,250,337,292,452,343,119
191,45,472,280,354,510,420,367,353,95,453,489
191,46,245,41,80,281,398,286,102,248,360,200
191,47,136,458,245,148,242,157,170,417,125,461
192,0,101,301,76,21,361,265,218,321,362,474
192,1,226,405,61,76,230,250,247,9,208,316
192,2,483,180,354,142,166,211,490,153,296,249
192,3,416,18,444,240,391,495,104,493,414,45
192,4,265,175,338,449,329,308,166,74,299,310
192,5,90,296,415,206,275,37,284,143,158,79
192,6,87,382,279,175,243,236,501,30,3,84
192,7,282,470,305,101,429,449,44,245,307,187
192,8,155,500,510,312,386,399,496,258,426,326
192,9,400,29,246,335,88,239,245,184,140,250
192,10,88,253,446,437,117,468,354,345,490,179
192,11,148,89,217,114,78,479,144,103,113,460
192,12,380,243,400,299,379,444,144,267,84,48
192,13,277,233,486,307,110,239,71,138,405,316
192,14,76,153,489,505,99,94,18,396,247,302
192,15,146,428,294,275,189,493,311,424,372,445
192,16,10,333,216,61,345,382,252,325,144,449
192,17,147,42,403,327,490,159,236,173,214,378
192,18,472,108,308,183,330,118,310,343,422,309
192,19,246,242,21,62,1,92,269,183,20,135
192,20,397,289,138,176,140,75,45,385,373,181
192,21,338,419,425,331,111,292,435,436,32,413
192,22,215,221,441,440,328,242,243,434,297,444
192,23,263,4,193,256,267,443,6,468,78,402
192,24,386,510,312,155,500,426,265,39,4,210
192,25,249,400,245,29,70,475,298,60,348,187
192,26,246,415,446,117,301,260,120,309,88,44
192,27,89,157,78,454,113,479,148,343,353,406
192,28,380,243,400,144,299,379,267,288,48,47
192,29,277,233,486,307,110,138,71,316,169,457
192,30,505,153,76,344,94,166,99,336,109,247
192,31,146,428,372,294,189,275,30,311,141,74
192,32,10,252,216,333,101,120,345,2,141,168
192,33,147,403,42,159,236,123,490,378,505,440
192,34,308,472,108,309,118,183,330,494,142,310
192,35,246,21,1,242,498,99,33,152,62,92
192,36,397,140,289,45,176,353,385,138,456,151
192,37,338,425,419,331,292,111,459,504,435,32
192,38,221,441,215,242,440,328,243,297,434,444
192,39,263,267,256,234,223,464,251,387,162,201
192,40,205,162,340,145,396,18,215,230,168,16
192,41,424,394,439,251,243,443,273,342,2,12
192,42,387,261,33,93,95,216,104,50,163,424
192,43,173,498,342,506,266,164,106,246,346,109
192,44,195,319,104,452,250,164,119,145,352,500
192,45,472,280,354,401,202,334,314,453,220,141
192,46,329,185,265,412,200,76,373,319,339,218
192,47,245,446,458,175,48,234,112,45,39,461
193,0,130,330,71,32,160,278,170,391,221,409
193,1,112,471,59,250,427,71,215,251,9,247
193,2,483,250,142,494,354,180,166,490,380,226
193,3,357,272,354,216,255,414,257,201,81,47
193,4,338,245,329,359,44,440,394,381,438,498
193,5,456,273,96,258,206,411,66,284,504,48
193,6,452,382,166,50,236,6,36,243,258,395
193,7,187,268,170,437,231,280,470,327,36,51
193,8,312,510,155,386,210,39,3,292,31,73
193,9,400,249,70,263,372,4,246,456,267,44
193,10,117,153,301,56,217,415,411,142,293,251
193,11,157,117,479,406,179,34,395,89,258,446
193,12,248,380,409,383,144,406,463,243,484,338
193,13,487,396,307,311,318,266,427,169,380,203
193,14,505,194,238,291,256,44,99,405,247,277
193,15,383,131,294,311,30,74,146,98,64,110
193,16,355,260,61,2,222,168,267,345,476,320
193,17,236,327,490,245,266,336,319,283,159,281
193,18,309,434,468,19,464,472,330,308,137,21
193,19,99,183,21,362,213,438,130,152,102,313
193,20,353,385,151,102,433,466,124,176,217,397
193,21,3,104,338,481,425,419,388,324,119,208
193,22,177,394,150,112,471,426,422,441,243,192
193,23,464,251,438,223,128,480,267,256,394,82
193,24,312,510,66,73,292,31,39,370,239,210
193,25,372,456,400,404,246,410,70,249,76,306
193,26,56,117,411,397,440,301,153,44,65,489
193,27,239,427,34,406,179,479,385,117,375,16
193,28,383,80,95,0,440,335,347,356,338,16
193,29,396,163,307,334,26,467,449,178,188,59
193,30,505,291,238,283,99,194,109,405,288,192
193,31,294,383,146,311,74,131,79,30,374,98
193,32,61,355,345,168,260,252,267,2,101,155
193,33,236,245,265,490,327,336,147,283,159,228
193,34,419,464,434,308,118,337,472,494,19,220
193,35,21,223,183,498,246,99,1,313,152,109
193,36,451,397,497,45,289,385,151,138,353,233
193,37,3,104,459,425,119,338,435,504,447,436
193,38,177,422,471,112,150,426,300,192,441,461
193,39,263,234,256,267,223,464,251,201,162,111
193,40,205,162,425,340,168,18,16,231,145,141
193,41,501,439,251,342,394,283,443,273,243,297
193,42,426,56,225,93,235,33,95,508,163,286
193,43,391,173,266,156,342,346,164,85,449,246
193,44,104,195,452,79,500,33,145,119,352,445
193,45,280,354,472,314,202,334,453,401,141,220
193,46,185,265,373,319,412,241,196,76,200,339
193,47,431,89,88,45,226,188,357,112,323,333
194,0,290,369,293,304,196,334,91,93,338,398
194,1,454,243,39,465,491,263,273,247,197,413
194,2,479,28,134,178,431,138,92,180,168,39
194,3,58,240,391,78,152,449,70,200,60,286
194,4,338,44,376,493,105,424,412,64,445,432
194,5,109,79,317,191,159,483,19,165,408,384
194,6,358,138,347,472,214,258,32,210,26,480
194,7,187,509,461,450,413,255,101,392,200,269
194,8,210,312,510,155,505,426,4,292,39,500
194,9,400,249,4,70,263,63,372,187,250,29
194,10,361,117,251,415,153,308,385,448,411,56
194,11,157,117,308,406,479,78,395,146,89,28
194,12,360,60,75,498,144,383,50,497,345,372
194,13,307,487,71,311,167,266,138,169,241,349
194,14,505,153,142,99,509,194,166,247,109,336
194,15,146,294,311,383,30,131,110,74,39,295
194,16,10,61,260,355,252,345,378,101,2,286
194,17,147,327,490,252,236,409,159,371,42,403
194,18,82,494,298,394,67,416,117,118,170,327
194,19,445,21,246,73,316,183,313,373,109,19
194,20,57,397,353,385,289,151,176,181,506,45
194,21,223,206,435,442,338,413,458,59,436,425
194,22,290,269,295,142,468,394,379,230,148,96
194,23,263,4,155,256,401,267,117,402,162,302
194,24,312,510,39,155,505,210,426,292,4,31
194,25,249,400,4,187,263,70,372,245,29,63
194,26,385,117,153,251,361,67,415,448,56,162
194,27,157,479,308,34,179,353,117,395,406,89
194,28,75,360,498,60,345,383,16,144,161,511
194,29,307,71,401,26,138,349,355,167,416,212
194,30,505,509,99,432,153,283,109,291,142,497
194,31,146,294,275,428,372,30,74,141,131,258
194,32,10,333,115,101,345,2,252,230,378,355
194,33,147,252,403,371,159,490,25,359,409,266
194,34,494,67,118,82,416,117,394,298,422,266
194,35,21,73,445,246,184,313,16,50,498,183
194,36,45,57,176,506,353,397,56,433,391,289
194,37,223,435,206,442,32,59,53,436,338,146
194,38,295,142,290,269,230,379,394,148,468,414
194,39,263,155,401,443,96,402,478,250,267,256
194,40,340,162,205,362,275,215,18,28,56,157
194,41,12,394,245,306,125,273,171,353,1,251
194,42,388,365,138,97,438,67,133,93,187,479
194,43,365,378,445,84,471,355,190,173,435,323
194,44,337,195,173,474,471,338,104,292,212,500
194,45,210,126,119,22,472,145,381,2,104,235
194,46,418,25,104,248,446,412,185,6,499,56
194,47,343,181,29,125,254,400,321,379,12,157
195,0,194,380,20,213,298,109,216,114,3,162
195,1,389,36,466,158,77,74,440,125,506,79
195,2,37,180,207,511,496,17,296,109,261,125
195,3,196,331,335,447,4,468,403,293,161,143
195,4,325,465,506,357,294,233,346,156,344,59
195,5,58,250,294,41,468,154,68,100,354,74
195,6,68,435,118,168,259,237,501,320,126,292
195,7,399,241,316,10,158,242,140,33,489,222
195,8,312,500,510,356,155,258,205,44,431,294
195,9,400,187,511,246,29,250,249,260,372,23
195,10,340,6,468,273,129,179,26,117,437,292
195,11,114,144,479,217,311,89,78,443,257,35
195,12,288,306,220,287,440,246,301,338,383,76
195,13,212,307,304,314,71,61,372,443,128,416
195,14,99,150,239,505,384,83,404,432,443,146
195,15,146,294,275,74,30,383,311,428,131,297
195,16,10,61,260,115,394,267,98,2,378,345
195,17,490,455,38,282,159,346,165,327,293,144
195,18,497,42,18,480,510,318,72,453,232,503
195,19,297,184,107,269,463,209,471,385,90,66
195,20,417,297,227,45,178,355,53,353,51,228
195,21,264,220,394,435,441,324,392,474,5,24
195,22,60,30,24,249,264,293,78,210,261,75
195,23,401,155,9,96,302,404,403,43,338,89
195,24,500,154,312,510,356,327,443,44,205,258
195,25,364,187,296,400,246,511,360,249,29,260
195,26,468,179,340,273,129,117,292,313,403,474
195,27,479,443,114,144,3,184,263,311,72,222
195,28,306,471,288,148,13,356,21,383,123,113
195,29,314,372,128,416,481,212,136,420,329,307
195,30,432,146,278,404,99,384,57,90,140,388
195,31,146,297,131,74,428,60,230,501,509,376
195,32,53,96,348,10,419,317,230,127,451,2
195,33,468,511,490,103,455,449,38,144,484,324
195,34,193,72,251,318,50,497,49,42,480,453
195,35,383,297,66,174,362,385,90,372,331,412
195,36,45,417,356,297,227,355,353,395,228,265
195,37,394,220,324,441,308,474,435,392,18,5
195,38,60,24,249,30,104,171,293,75,264,78
195,39,244,95,145,110,9,327,368,242,394,290
195,40,486,295,493,451,262,471,143,397,172,449
195,41,287,353,55,493,42,476,385,434,65,171
195,42,124,27,93,248,368,215,87,151,226,393
195,43,77,139,207,180,499,24,13,172,87,318
195,44,356,338,433,395,276,359,315,292,209,56
195,45,442,22,47,215,227,238,475,168,270,280
195,46,418,338,388,348,419,484,69,343,239,281
195,47,138,343,273,451,44,453,207,60,223,367
196,0,121,299,154,45,336,279,397,420,488,47
196,1,510,146,340,345,152,165,223,505,51,140
196,2,322,325,409,0,113,358,51,89,37,114
196,3,331,447,148,203,403,386,14,4,461,249
196,4,480,198,363,233,325,463,169,423,410,59
196,5,154,100,98,482,58,468,9,448,294,236
196,6,468,126,379,260,194,185,13,91,164,76
196,7,10,158,161,399,276,372,382,241,242,141
196,8,356,510,154,503,26,205,35,370,500,304
196,9,68,111,29,161,511,187,360,62,260,446
196,10,273,129,48,348,313,437,424,393,370,10
196,11,89,422,311,443,371,84,291,294,456,415
196,12,288,471,228,37,459,113,220,246,290,301
196,13,128,314,329,356,168,416,136,412,52,195
196,14,99,404,388,486,90,421,323,320,470,146
196,15,146,297,245,397,275,383,79,74,266,138
196,16,171,88,348,467,96,98,148,450,260,10
196,17,468,459,346,490,324,484,70,491,144,172
196,18,6,318,193,49,510,497,483,42,503,453
196,19,297,66,362,383,184,363,90,463,395,174
196,20,417,45,297,78,228,53,227,356,116,262
196,21,308,435,394,324,441,229,220,242,477,215
196,22,60,30,104,210,264,249,345,267,75,196
196,23,127,49,442,471,88,448,236,396,142,150
196,24,154,356,510,500,35,503,26,312,41,205
196,25,29,296,187,511,62,260,161,246,111,280
196,26,273,129,348,313,9,22,48,125,179,370
196,27,443,311,479,422,206,12,89,263,294,415
196,28,471,459,356,346,228,96,37,113,288,220
196,29,314,128,356,260,329,416,52,136,481,414
196,30,404,57,175,146,421,388,90,99,323,140
196,31,146,245,397,231,297,382,138,275,79,294
196,32,88,171,148,348,96,450,294,98,230,378
196,33,468,459,190,103,346,144,420,80,324,484
196,34,318,193,72,6,128,49,251,497,510,453
196,35,362,297,435,174,90,372,228,329,31,107
196,36,45,417,356,291,265,144,230,80,355,15
196,37,308,394,324,157,441,220,474,5,435,477
196,38,104,60,210,249,30,24,383,75,219,264
196,39,242,39,244,9,115,327,108,301,236,27
196,40,262,486,295,451,493,96,125,470,61,34
196,41,287,55,65,385,493,42,353,452,476,132
196,42,215,217,248,151,271,492,366,80,76,363
196,43,133,77,379,249,285,318,397,403,482,216
196,44,433,338,209,362,105,184,418,207,430,417
196,45,168,215,47,303,22,270,237,238,280,220
196,46,297,56,419,374,348,346,215,285,317,305
196,47,242,151,451,346,398,361,95,97,423,38
197,0,220,396,94,215,108,157,90,199,269,45
197,1,146,345,152,505,155,431,181,38,228,234
197,2,325,114,322,409,89,372,389,4,19,172
197,3,331,14,335,447,280,405,392,203,37,24
197,4,13,430,56,59,198,131,463,289,169,148
197,5,84,142,280,236,1,445,337,294,436,314
197,6,260,79,415,144,13,194,379,97,395,280
197,7,276,161,383,382,49,13,500,438,436,60
197,8,370,397,414,443,510,45,439,458,204,88
197,9,260,180,426,360,68,280,511,111,29,446
197,10,54,240,22,157,443,48,419,97,424,456
197,11,89,252,291,268,311,371,92,367,402,456
197,12,123,288,471,459,323,509,230,290,228,342
197,13,286,136,260,115,127,423,23,314,400,447
197,14,507,57,384,179,274,486,470,138,411,252
197,15,383,294,79,382,245,411,258,260,442,55
197,16,428,260,88,391,280,98,450,135,169,238
197,17,80,420,381,144,245,293,255,319,61,375
197,18,318,206,128,160,10,104,232,49,453,359
197,19,362,185,395,13,93,405,438,463,297,172
197,20,141,217,374,360,490,51,230,102,356,151
197,21,246,334,404,401,308,101,457,432,324,316
197,22,420,470,157,120,250,322,284,411,348,249
197,23,464,259,39,236,281,442,438,203,9,133
197,24,45,443,409,491,107,510,312,118,129,438
197,25,79,511,20,504,372,350,298,131,44,331
197,26,298,489,157,22,16,485,240,179,423,422
197,27,401,311,20,239,14,295,443,427,222,399
197,28,323,440,230,123,125,459,342,373,0,182
197,29,331,284,423,127,23,286,153,260,369,61
197,30,179,507,294,470,281,486,274,61,291,150
197,31,383,294,79,245,146,204,138,311,297,241
197,32,260,88,168,450,428,467,169,98,135,322
197,33,420,80,255,245,319,459,375,293,336,346
197,34,206,318,104,160,243,128,10,237,359,232
197,35,362,395,185,13,93,209,405,107,438,284
197,36,141,374,360,490,217,373,51,353,144,107
197,37,101,246,316,334,401,404,457,160,432,308
197,38,420,157,470,120,250,322,411,249,175,284
197,39,394,464,304,226,284,99,118,353,291,19
197,40,451,98,74,486,490,169,262,119,135,4
197,41,300,342,84,140,399,146,391,485,287,290
197,42,388,226,124,319,243,368,27,462,37,318
197,43,124,24,148,421,85,456,131,464,249,77
197,44,315,169,433,338,276,344,76,362,484,366
197,45,168,22,442,220,270,303,237,158,147,469
197,46,374,88,56,346,232,438,281,55,25,168
197,47,445,242,79,254,398,237,442,278,227,14
198,0,261,194,88,333,83,298,380,114,227,331
198,1,97,146,466,70,46,88,178,306,32,270
198,2,325,239,270,125,372,114,89,426,409,365
198,3,14,4,335,203,182,249,205,408,497,310
198,4,325,156,506,59,198,465,131,496,252,426
198,5,468,445,1,242,236,84,354,446,92,98
198,6,79,285,144,54,185,260,112,194,415,13
198,7,60,76,242,158,215,241,438,303,191,10
198,8,87,191,11,397,356,370,252,204,175,283
198,9,68,111,280,214,361,180,504,407,511,446
198,10,240,157,424,10,203,485,48,393,129,299
198,11,371,311,434,422,84,273,234,456,7,127
198,12,288,459,230,228,390,37,123,63,290,346
198,13,286,387,128,385,347,259,352,426,265,273
198,14,486,138,212,179,470,57,90,274,383,402
198,15,193,494,245,289,459,318,73,79,405,156
198,16,391,243,429,74,201,299,58,51,282,23
198,17,372,499,381,72,422,491,80,166,488,209
198,18,318,10,49,128,264,115,471,184,104,359
198,19,362,463,13,453,172,185,26,405,93,220
198,20,141,356,374,360,490,78,210,151,104,388
198,21,334,401,246,101,404,432,324,308,316,457
198,22,157,30,75,250,60,120,210,24,322,345
198,23,236,244,14,185,292,108,384,259,203,403
198,24,409,45,87,54,252,160,77,76,370,206
198,25,504,280,407,111,361,511,220,180,214,68
198,26,157,424,297,22,485,240,335,48,54,393
198,27,311,92,252,492,346,422,456,234,434,250
198,28,230,459,123,323,228,346,153,53,356,9
198,29,286,423,352,260,56,385,387,23,426,302
198,30,179,57,486,470,294,383,212,274,127,331
198,31,245,146,294,79,383,397,297,138,275,74
198,32,88,450,98,171,260,348,322,467,2,96
198,33,80,491,420,459,265,255,346,488,499,72
198,34,318,10,115,128,104,237,359,160,243,193
198,35,362,107,185,93,13,395,209,405,284,453
198,36,141,374,360,490,373,51,353,151,502,178
198,37,101,316,334,246,401,160,404,432,457,485
198,38,157,250,30,120,60,75,210,24,322,345
198,39,394,284,4,162,160,438,247,464,111,368
198,40,74,92,141,176,205,135,98,18,168,120
198,41,300,399,485,140,342,84,433,296,210,265
198,42,226,124,27,243,319,368,462,18,218,439
198,43,124,24,148,421,131,85,121,44,95,173
198,44,177,238,389,344,358,59,100,195,76,362
198,45,204,475,173,401,220,193,147,469,45,442
198,46,338,431,412,471,211,44,67,107,418,23
198,47,360,138,60,273,166,269,278,458,37,204
199,0,121,154,299,279,420,336,45,397,433,332
199,1,340,510,223,361,38,178,141,463,452,81
199,2,240,113,51,426,389,325,338,393,356,269
199,3,203,0,14,154,161,238,280,458,250,92
199,4,56,363,198,469,430,144,68,367,322,366
199,5,242,3,1,445,49,228,291,271,91,337
199,6,285,144,194,445,80,467,286,192,493,160
199,7,76,215,327,438,84,144,453,100,373,49
199,8,491,45,6,77,70,151,216,100,129,397
199,9,254,504,410,372,44,404,32,246,407,70
199,10,489,240,173,485,211,157,195,419,176,164
199,11,311,401,443,295,399,371,234,367,127,384
199,12,230,323,440,298,461,264,123,423,132,217
199,13,423,347,284,309,286,202,255,506,19,146
199,14,179,405,61,274,294,486,99,402,470,387
199,15,383,79,245,297,146,311,131,204,294,30
199,16,88,260,467,168,171,348,98,61,322,450
199,17,420,255,459,80,346,72,381,272,61,32
199,18,10,237,104,318,128,243,160,284,36,192
199,19,362,93,185,13,395,209,107,463,284,405
199,20,141,360,374,373,51,490,217,353,24,355
199,21,101,246,316,334,160,401,404,421,432,485
199,22,157,250,490,120,322,256,319,422,115,234
199,23,394,284,185,130,218,464,259,291,23,319
199,24,491,6,45,510,3,216,70,76,77,409
199,25,504,410,254,246,44,32,404,407,74,187
199,26,157,211,34,485,489,240,173,73,22,504
199,27,443,311,401,295,16,479,57,352,275,346
199,28,230,323,440,123,21,375,182,125,356,338
199,29,423,284,416,350,286,369,347,56,37,413
199,30,61,404,294,179,405,470,274,176,99,320
199,31,245,383,79,297,146,397,266,382,294,131
199,32,88,348,171,168,467,450,260,322,96,61
199,33,459,265,346,420,219,449,490,255,62,264
199,34,237,10,104,312,128,1,378,243,37,144
199,35,107,362,395,209,93,185,207,297,91,463
199,36,373,490,360,374,51,141,353,311,204,502
199,37,101,316,160,485,280,246,421,334,432,404
199,38,490,157,319,250,73,256,120,322,238,411
199,39,394,156,4,162,160,464,284,111,201,251
199,40,205,141,168,18,74,176,16,396,135,98
199,41,300,485,399,342,79,87,296,30,348,146
199,42,226,243,319,462,27,368,218,466,37,300
199,43,124,148,24,427,342,95,266,421,131,359
199,44,177,104,389,238,59,358,195,100,344,370
199,45,204,475,401,173,193,45,220,455,162,280
199,46,23,412,107,241,431,44,236,211,370,503
199,47,166,37,60,66,137,112,108,269,278,356
200,0,392,100,198,120,19,247,376,147,272,173
200,1,144,30,94,390,131,490,371,244,55,496
200,2,486,210,283,382,36,435,202,154,431,371
200,3,58,391,280,78,96,24,482,363,444,70
200,4,216,412,338,116,424,376,266,64,493,90
200,5,161,378,346,347,506,222,19,283,159,165
200,6,381,214,472,174,459,428,312,286,27,354
200,7,228,206,71,255,406,312,317,505,353,367
200,8,491,312,510,66,6,73,365,31,419,44
200,9,160,70,246,372,404,511,400,263,410,456
200,10,16,51,87,217,123,485,407,415,293,145
200,11,16,311,352,443,419,179,222,479,401,387
200,12,50,155,369,16,60,110,266,338,418,442
200,13,416,369,284,101,47,94,328,15,260,130
200,14,85,61,5,505,218,115,404,291,196,99
200,15,294,146,275,383,297,397,311,245,131,74
200,16,152,345,88,378,31,10,168,98,355,61
200,17,219,62,459,164,403,346,490,420,336,245
200,18,237,229,53,500,221,283,34,482,173,378
200,19,107,143,93,482,362,223,209,82,395,297
200,20,373,96,347,51,490,374,298,353,311,117
200,21,101,160,372,316,451,499,409,421,253,64
200,22,193,300,384,265,187,66,316,422,111,419
200,23,394,160,162,284,247,434,303,217,201,147
200,24,510,491,31,312,216,44,6,331,225,73
200,25,160,70,187,246,404,511,263,372,127,410
200,26,16,123,217,161,407,400,51,87,415,258
200,27,443,410,16,419,179,479,311,387,352,401
200,28,16,110,155,442,60,107,50,369,372,440
200,29,416,101,356,369,15,497,349,90,167,196
200,30,404,218,85,147,61,19,16,5,405,99
200,31,297,397,231,245,131,275,74,382,189,383
200,32,171,403,88,348,96,31,317,2,230,168
200,33,219,459,346,164,224,449,190,403,62,490
200,34,221,237,173,157,378,68,229,53,500,403
200,35,107,143,482,362,82,209,56,428,93,297
200,36,96,373,51,490,347,412,117,298,355,311
200,37,101,160,372,316,499,451,421,477,332,409
200,38,265,300,193,204,187,66,384,316,238,422
200,39,394,111,284,251,162,477,506,167,201,464
200,40,176,141,168,16,135,18,205,74,84,402
200,41,485,378,342,399,27,300,21,87,348,79
200,42,279,243,319,235,462,37,354,218,293,466
200,43,124,95,24,148,342,224,266,300,421,359
200,44,177,389,104,39,47,358,500,407,59,129
200,45,136,179,28,435,7,455,363,346,231,173
200,46,393,227,38,454,314,340,370,384,188,167
200,47,37,235,217,75,128,77,457,289,359,119
201,0,481,9,270,163,53,425,97,349,400,54
201,1,305,135,263,241,421,78,182,413,334,390
201,2,92,28,351,138,256,431,202,76,117,145
201,3,391,58,78,280,376,363,449,24,96,333
201,4,412,266,105,424,116,338,422,272,80,420
201,5,36,19,186,21,165,95,378,22,382,293
201,6,472,24,384,298,381,296,55,387,431,174
201,7,116,250,406,244,377,408,2,371,312,37
201,8,491,427,6,277,66,225,73,44,365,260
201,9,246,160,389,242,404,456,410,511,63,267
201,10,16,293,487,123,346,407,408,361,239,217
201,11,352,16,233,443,295,2,64,311,222,375
201,12,345,408,372,110,190,338,440,13,75,91
201,13,416,356,401,369,15,384,64,51,443,47
201,14,404,509,61,46,320,238,200,83,85,507
201,15,131,397,383,297,266,79,74,501,187,295
201,16,96,61,171,53,207,348,98,88,168,127
201,17,219,346,62,459,403,319,449,190,409,490
201,18,67,221,173,237,117,487,68,506,494,438
201,19,107,209,143,34,463,471,445,236,395,93
201,20,51,373,490,252,412,311,355,116,437,492
201,21,101,160,499,372,316,443,421,477,451,279
201,22,148,136,265,187,414,204,329,487,20,396
201,23,394,284,201,111,219,177,162,403,447,104
201,24,6,491,225,44,277,217,510,260,67,216
201,25,246,242,410,404,267,127,511,44,298,372
201,26,293,16,346,89,179,123,407,217,408,239
201,27,443,16,352,222,375,311,295,257,479,401
201,28,408,345,13,440,190,110,41,356,167,338
201,29,356,416,369,15,401,56,196,64,443,190
201,30,404,507,61,405,320,114,490,85,339,176
201,31,397,297,131,74,245,60,383,266,382,187
201,32,96,88,348,98,171,127,467,222,473,260
201,33,459,219,346,190,449,130,490,183,62,28
201,34,18,68,221,173,217,157,232,506,312,258
201,35,209,362,107,506,297,463,236,329,79,141
201,36,51,490,355,107,360,33,311,144,121,304
201,37,101,160,499,443,172,372,457,316,362,421
201,38,204,265,187,238,148,481,229,246,487,497
201,39,394,284,54,126,89,433,448,104,352,236
201,40,135,348,18,483,60,143,168,96,442,239
201,41,27,399,351,265,157,143,140,476,363,346
201,42,279,37,319,18,458,463,293,106,243,354
201,43,24,26,124,31,148,485,200,322,14,231
201,44,358,455,218,292,402,228,451,344,231,183
201,45,494,231,325,124,451,431,225,455,25,233
201,46,454,510,257,283,227,92,200,363,138,393
201,47,457,90,217,75,220,235,163,120,479,246
202,0,393,457,166,116,96,21,335,76,23,265
202,1,417,55,370,307,488,388,87,265,425,270
202,2,378,324,190,419,143,361,299,61,81,437
202,3,0,510,280,14,104,193,50,24,463,60
202,4,56,143,430,502,274,469,446,62,270,33
202,5,29,266,381,48,23,271,256,500,99,149
202,6,381,496,231,59,333,24,193,286,451,95
202,7,417,312,505,244,506,321,453,377,255,27
202,8,491,6,216,70,225,67,510,100,249,288
202,9,160,410,220,246,404,163,95,372,127,254
202,10,16,407,485,240,179,239,173,139,155,419
202,11,443,410,222,311,401,367,16,352,295,419
202,12,396,41,440,467,375,338,123,13,128,16
202,13,416,101,56,369,47,506,146,328,356,284
202,14,404,61,218,85,49,507,115,147,16,176
202,15,245,297,382,397,391,231,275,266,187,146
202,16,171,31,88,403,348,98,96,451,378,43
202,17,459,219,420,346,315,490,224,255,62,449
202,18,18,68,95,243,237,105,172,139,193,206
202,19,236,463,362,93,297,511,107,209,346,506
202,20,51,490,360,311,355,116,492,107,496,482
202,21,101,443,160,499,172,457,353,210,421,65
202,22,73,490,238,481,140,246,319,22,204,272
202,23,185,203,290,15,139,292,394,471,236,309
202,24,491,6,266,300,464,400,156,216,67,285
202,25,220,410,118,254,450,131,74,153,298,498
202,26,179,16,407,485,400,285,460,418,408,504
202,27,443,311,222,275,439,314,401,239,47,302
202,28,41,396,467,440,375,373,13,230,483,123
202,29,416,101,369,230,356,432,110,489,85,319
202,30,404,507,444,237,40,176,49,117,501,434
202,31,245,409,394,507,55,376,136,122,369,422
202,32,403,88,171,348,317,71,230,96,294,379
202,33,459,219,345,489,130,393,330,251,19,346
202,34,68,18,232,40,206,387,128,1,259,53
202,35,362,209,236,462,506,406,261,494,500,451
202,36,51,107,144,487,490,492,227,360,270,152
202,37,101,443,457,499,172,342,141,375,387,174
202,38,238,490,73,22,481,246,140,218,505,219
202,39,284,394,338,352,433,89,185,337,290,104
202,40,451,135,486,34,4,348,470,442,382,251
202,41,399,351,143,433,84,265,476,507,44,244
202,42,37,388,458,319,350,18,293,289,296,51
202,43,26,24,31,20,508,134,493,11,85,237
202,44,81,266,358,150,455,315,402,207,228,393
202,45,494,325,237,451,223,283,42,115,55,171
202,46,363,490,283,86,92,85,382,465,374,396
202,47,479,220,151,242,507,395,442,403,398,396
203,0,494,108,445,383,48,490,442,124,220,474
203,1,417,355,120,55,372,196,129,270,282,388
203,2,419,190,324,378,394,220,34,69,214,170
203,3,280,0,14,36,24,193,58,78,333,107
203,4,99,458,148,143,289,430,424,202,62,109
203,5,109,149,266,394,186,381,376,128,12,276
203,6,231,429,499,333,496,193,387,95,286,291
203,7,244,383,312,147,506,260,404,462,96,348
203,8,6,491,216,225,510,70,312,249,67,323
203,9,410,246,160,187,44,211,95,127,163,404
203,10,179,16,407,89,293,437,240,239,267,56
203,11,443,295,311,352,16,222,410,479,401,239
203,12,41,440,148,3,128,13,338,375,123,467
203,13,416,136,356,369,56,101,432,314,47,196
203,14,404,405,507,320,146,85,61,115,470,49
203,15,397,297,245,275,187,294,266,131,383,146
203,16,98,88,171,348,378,96,467,61,152,345
203,17,420,459,346,219,62,255,490,382,511,245
203,18,480,453,18,128,232,206,68,456,160,193
203,19,185,362,209,93,395,236,405,506,54,463
203,20,360,227,51,116,490,152,141,496,374,492
203,21,101,401,316,246,141,160,125,457,61,404
203,22,420,298,470,120,238,249,234,411,62,359
203,23,139,203,185,54,396,23,138,15,213,221
203,24,327,6,491,216,464,225,323,510,67,416
203,25,410,187,246,220,504,254,160,266,74,298
203,26,179,89,16,407,34,293,426,217,258,267
203,27,443,16,295,311,352,401,222,479,57,475
203,28,41,148,440,123,375,490,373,13,128,467
203,29,314,416,136,356,369,15,101,196,432,23
203,30,405,404,507,146,85,257,179,61,320,339
203,31,397,294,146,275,297,245,187,383,266,55
203,32,88,98,348,378,467,171,345,451,322,61
203,33,459,103,420,219,346,511,138,490,245,163
203,34,480,453,18,232,128,462,359,217,1,160
203,35,209,362,107,93,185,13,395,280,127,297
203,36,227,360,107,374,490,141,144,80,492,152
203,37,101,401,316,246,457,334,160,264,404,139
203,38,420,470,249,120,298,157,250,238,55,191
203,39,294,297,383,406,433,352,221,422,309,15
203,40,451,470,96,251,486,442,437,4,60,324
203,41,84,433,399,52,305,300,471,476,455,498
203,42,388,37,331,76,350,289,296,318,319,306
203,43,85,11,24,151,14,124,203,488,200,368
203,44,315,207,76,213,358,448,344,362,418,231
203,45,481,168,169,22,270,115,220,42,25,407
203,46,290,283,454,374,168,43,232,432,67,85
203,47,445,254,90,220,242,343,398,457,296,440
204,0,194,298,380,83,109,214,262,148,169,114
204,1,466,132,97,77,136,463,141,488,260,70
204,2,324,239,61,84,125,270,299,171,420,419
204,3,0,335,4,14,237,182,496,203,295,405
204,4,56,325,198,156,68,506,99,59,426,423
204,5,242,149,354,1,9,83,111,468,91,162
204,6,429,193,468,18,477,211,487,494,400,280
204,7,479,215,10,241,453,27,335,140,100,106
204,8,491,6,216,327,323,77,408,431,225,397
204,9,504,254,220,407,410,69,187,494,32,44
204,10,485,240,16,407,157,179,164,76,388,419
204,11,443,311,401,367,234,371,16,402,92,479
204,12,230,41,346,375,288,323,182,264,153,336
204,13,416,136,347,157,423,146,369,284,260,309
204,14,179,405,436,61,404,402,49,146,486,507
204,15,245,297,146,397,187,383,275,79,138,135
204,16,88,467,171,98,348,260,450,322,378,168
204,17,459,420,163,219,246,138,255,491,265,490
204,18,104,237,128,359,10,160,447,462,85,318
204,19,107,280,93,362,13,185,463,133,209,297
204,20,373,360,325,51,141,374,490,227,353,355
204,21,101,316,160,246,401,334,485,280,421,404
204,22,60,157,256,120,24,250,75,249,322,234
204,23,156,420,394,453,43,474,23,272,203,3
204,24,491,200,213,194,383,442,510,6,216,111
204,25,34,187,167,254,364,446,298,350,410,43
204,26,407,16,441,175,485,179,22,267,240,504
204,27,443,99,311,401,479,388,16,449,222,372
204,28,230,41,294,375,187,182,123,21,324,323
204,29,96,416,369,110,157,34,399,356,284,158
204,30,404,436,249,61,339,488,76,2,99,252
204,31,382,146,189,297,245,397,231,230,275,60
204,32,171,88,348,216,96,2,230,71,317,322
204,33,163,459,219,346,490,190,449,420,224,191
204,34,237,485,107,378,312,447,164,37,104,1
204,35,107,133,280,209,362,93,143,193,91,503
204,36,373,353,397,325,360,490,374,311,195,51
204,37,101,160,257,316,485,280,246,459,421,377
204,38,60,157,24,256,319,250,120,322,75,73
204,39,156,394,160,162,256,247,111,201,4,45
204,40,205,497,162,141,16,74,176,18,396,395
204,41,485,300,399,342,251,138,87,296,91,79
204,42,243,462,319,124,226,27,378,218,466,368
204,43,95,124,164,148,173,24,342,271,359,266
204,44,195,104,389,452,177,238,322,370,297,59
204,45,354,204,220,193,280,44,475,383,505,500
204,46,265,338,431,23,76,44,471,67,200,241
204,47,360,166,138,273,45,278,458,269,60,356
205,0,121,154,279,420,336,299,260,433,45,306
205,1,340,510,141,81,187,31,292,139,485,140
205,2,324,240,113,481,171,233,389,482,459,52
205,3,0,203,14,280,295,161,31,238,409,471
205,4,363,56,484,144,469,112,217,40,227,246
205,5,242,3,162,469,372,309,91,499,384,149
205,6,467,405,156,257,370,211,180,487,253,406
205,7,215,479,380,58,453,327,420,236,373,189
205,8,491,216,6,312,249,77,421,240,67,45
205,9,254,160,249,504,246,70,95,120,44,410
205,10,505,217,293,510,142,43,257,301,89,388
205,11,401,295,16,311,352,64,19,479,441,443
205,12,230,323,270,336,338,203,260,437,398,428
205,13,416,34,350,284,96,347,339,112,196,369
205,14,405,61,85,505,336,404,20,510,320,197
205,15,146,187,383,275,397,245,297,294,311,295
205,16,88,61,98,348,467,345,378,322,10,355
205,17,459,490,420,62,37,236,346,382,245,228
205,18,237,104,144,128,243,263,312,311,160,333
205,19,107,280,133,67,39,141,209,127,180,93
205,20,360,373,24,397,181,353,51,490,480,311
205,21,101,316,160,280,246,437,208,489,485,157
205,22,490,157,256,319,234,147,250,351,146,120
205,23,156,453,149,394,247,474,422,3,23,365
205,24,312,216,491,510,3,282,271,21,89,225
205,25,70,400,504,511,372,249,499,32,246,359
205,26,217,360,44,64,89,489,22,211,290,117
205,27,401,311,14,383,467,55,352,16,295,187
205,28,159,323,315,16,338,356,440,137,229,21
205,29,284,369,287,188,127,416,413,483,94,272
205,30,61,179,146,507,68,291,85,53,404,405
205,31,294,382,131,245,228,275,297,266,356,146
205,32,88,280,450,345,171,260,98,355,96,467
205,33,459,420,219,293,336,375,255,346,340,479
205,34,237,104,243,206,128,153,160,135,453,232
205,35,185,362,209,395,93,438,13,107,284,450
205,36,51,374,141,490,373,360,106,227,102,178
205,37,246,316,101,404,288,401,432,160,334,421
205,38,120,157,420,250,6,490,249,411,317,422
205,39,294,297,406,77,302,221,510,392,318,228
205,40,471,135,262,439,168,451,205,437,92,151
205,41,140,399,300,210,349,84,434,171,435,301
205,42,243,319,226,462,27,296,37,368,218,147
205,43,173,24,124,421,30,85,148,207,95,342
205,44,195,104,177,238,452,389,76,344,358,370
205,45,354,204,193,383,363,500,220,44,162,412
205,46,265,23,431,76,44,241,211,185,424,417
205,47,166,37,66,278,356,137,269,45,149,112
206,0,376,113,440,133,175,189,106,10,497,341
206,1,30,144,94,499,390,1,131,39,169,237
206,2,283,191,486,433,70,385,36,382,258,371
206,3,391,58,78,152,200,363,96,240,280,444
206,4,338,44,216,412,424,266,116,80,272,55
206,5,378,161,222,19,191,305,159,248,406,95
206,6,358,45,32,214,381,486,148,492,174,387
206,7,71,406,234,255,228,15,187,206,371,353
206,8,31,491,312,292,73,39,365,66,44,68
206,9,249,246,160,400,456,263,372,70,187,4
206,10,16,56,114,87,123,411,217,410,162,267
206,11,479,34,157,428,179,146,117,16,353,407
206,12,498,372,369,16,60,110,174,155,404,383
206,13,416,369,55,467,135,415,248,499,349,187
206,14,505,19,5,509,336,166,51,99,85,108
206,15,146,294,383,275,311,131,157,295,30,225
206,16,152,10,61,378,252,216,355,451,345,168
206,17,236,490,327,403,228,219,62,123,281,409
206,18,237,229,221,437,500,80,482,157,34,173
206,19,143,107,428,165,223,39,463,209,19,55
206,20,96,373,353,445,347,397,385,181,311,412
206,21,101,372,160,451,409,316,253,479,119,115
206,22,193,384,187,300,316,265,435,111,422,96
206,23,78,162,394,256,464,183,443,308,4,55
206,24,31,510,312,39,73,44,491,292,68,331
206,25,249,246,400,160,372,187,316,511,404,70
206,26,16,123,56,2,114,217,411,258,361,162
206,27,479,16,443,34,352,179,353,146,311,144
206,28,16,110,174,372,498,442,177,369,356,60
206,29,416,55,349,369,96,135,356,167,190,15
206,30,505,5,19,404,99,51,85,509,357,166
206,31,146,382,231,297,275,189,131,397,157,258
206,32,171,216,10,168,348,96,2,127,317,141
206,33,346,219,490,190,191,459,67,224,403,449
206,34,173,221,237,157,378,403,229,217,33,482
206,35,107,143,56,362,209,482,471,428,165,297
206,36,96,373,412,51,353,298,490,121,347,195
206,37,101,160,372,451,316,499,332,64,421,409
206,38,265,187,96,193,300,204,384,316,111,13
206,39,394,111,256,162,45,477,167,156,341,284
206,40,205,16,176,141,135,168,231,162,74,98
206,41,485,342,21,378,399,27,87,300,251,79
206,42,279,243,319,235,462,354,37,39,218,378
206,43,95,342,24,124,148,359,224,458,79,182
206,44,195,39,177,389,47,104,129,500,224,407
206,45,136,28,179,346,359,231,435,233,363,325
206,46,393,227,314,454,340,38,188,370,424,257
206,47,37,235,217,75,457,119,128,356,324,289
207,0,247,481,163,61,67,400,349,53,352,471
207,1,263,135,241,421,305,78,413,143,296,179
207,2,256,76,202,351,28,55,431,92,231,138
207,3,391,58,376,152,446,78,370,69,200,96
207,4,266,338,412,105,80,116,424,422,277,55
207,5,186,36,22,19,21,378,165,382,222,109
207,6,36,296,384,24,381,298,55,472,458,141
207,7,116,250,406,408,235,377,2,338,314,244
207,8,277,491,312,66,73,365,510,44,427,292
207,9,246,249,400,460,456,242,187,160,267,431
207,10,67,16,371,346,123,487,56,293,78,408
207,11,295,2,353,233,479,327,352,297,509,117
207,12,345,408,372,110,45,127,136,6,91,440
207,13,416,369,64,307,51,349,401,187,384,467
207,14,19,382,505,262,142,51,200,99,509,447
207,15,383,266,146,297,295,311,206,204,423,408
207,16,61,207,168,216,127,10,467,141,260,426
207,17,490,403,219,236,346,62,327,224,193,37
207,18,237,67,221,506,487,173,157,68,80,117
207,19,107,143,34,209,39,141,259,463,363,236
207,20,373,51,412,125,490,437,397,311,480,262
207,21,101,160,372,499,316,451,421,332,434,64
207,22,187,136,148,265,414,204,487,20,13,460
207,23,394,111,454,9,205,498,147,354,43,3
207,24,491,44,277,510,427,216,312,67,39,36
207,25,246,400,310,249,242,460,67,127,160,511
207,26,16,123,139,293,371,346,17,67,179,78
207,27,352,443,479,222,311,144,146,295,74,16
207,28,110,345,408,13,440,356,136,372,167,128
207,29,416,356,443,190,369,56,401,307,69,196
207,30,404,331,160,339,252,320,204,501,488,49
207,31,382,146,297,376,60,230,397,401,418,509
207,32,171,53,96,348,230,317,356,127,416,71
207,33,459,346,219,190,490,449,447,19,420,435
207,34,68,221,18,173,157,217,506,232,312,258
207,35,209,362,79,297,329,107,395,236,471,143
207,36,51,107,121,490,360,412,355,80,33,96
207,37,101,160,499,372,172,443,362,457,342,141
207,38,187,265,204,148,481,238,229,487,460,423
207,39,394,284,338,433,448,290,422,115,383,61
207,40,251,96,483,60,442,239,213,270,414,382
207,41,399,27,157,351,336,433,20,132,282,472
207,42,279,37,319,296,458,350,51,18,501,80
207,43,26,24,11,476,508,14,231,316,85,493
207,44,419,183,502,231,451,192,307,300,430,358
207,45,494,325,231,168,225,289,55,233,25,398
207,46,257,454,438,240,108,374,227,132,232,289
207,47,457,242,90,220,235,73,139,396,398,453
208,0,393,457,166,96,116,76,21,325,463,245
208,1,417,55,388,488,307,31,170,416,425,270
208,2,378,324,190,419,350,299,228,361,460,420
208,3,510,0,280,463,50,414,236,201,295,495
208,4,56,430,143,274,510,502,446,381,62,227
208,5,29,149,266,48,469,23,128,500,278,309
208,6,496,381,231,59,451,333,193,286,251,95
208,7,417,312,244,505,377,506,500,27,453,187
208,8,491,39,312,216,6,277,44,510,225,67
208,9,249,160,187,128,246,163,400,95,511,127
208,10,16,340,114,123,407,239,2,217,285,179
208,11,352,479,443,222,311,509,295,401,74,144
208,12,174,41,13,396,440,16,338,356,128,254
208,13,356,56,416,369,483,196,55,153,401,24
208,14,99,505,146,85,404,61,19,160,336,470
208,15,146,382,275,297,397,245,187,294,60,383
208,16,88,348,171,98,10,467,378,61,450,322
208,17,459,346,490,420,219,255,449,190,181,62
208,18,18,68,237,243,206,312,232,128,346,387
208,19,209,107,185,93,395,362,39,297,204,284
208,20,360,51,353,490,268,126,116,380,234,382
208,21,101,160,443,499,172,342,457,421,353,489
208,22,73,238,481,490,140,22,246,319,204,251
208,23,43,403,394,150,471,9,290,309,442,149
208,24,491,6,312,181,282,216,336,510,21,463
208,25,323,504,51,74,147,224,511,165,246,187
208,26,89,211,22,489,240,467,316,360,471,342
208,27,401,311,14,443,467,383,385,239,427,222
208,28,159,440,323,338,254,123,337,385,373,16
208,29,284,369,416,287,188,127,413,362,46,272
208,30,61,179,404,146,507,68,291,495,331,282
208,31,131,294,245,146,275,74,30,397,297,228
208,32,88,345,450,98,280,260,96,222,467,264
208,33,459,420,245,346,219,255,336,103,479,229
208,34,128,237,243,453,232,206,160,480,1,18
208,35,395,185,209,362,13,93,107,405,500,39
208,36,360,227,374,141,490,51,24,373,107,178
208,37,101,401,246,316,457,404,334,160,432,443
208,38,420,120,157,238,22,250,249,298,490,470
208,39,394,244,438,284,452,338,384,301,247,19
208,40,451,486,74,135,143,262,439,92,442,437
208,41,84,287,140,399,300,493,143,360,433,210
208,42,388,37,319,350,18,439,154,226,458,306
208,43,77,24,86,26,200,133,44,124,353,85
208,44,338,315,276,266,358,433,81,105,344,37
208,45,494,325,237,168,171,22,442,115,231,42
208,46,363,490,286,374,297,85,92,261,56,89
208,47,479,220,247,151,242,346,294,407,224,278
209,0,494,108,490,445,383,474,124,48,122,509
209,1,417,355,120,55,388,270,282,161,129,234
209,2,419,190,324,378,394,220,34,299,214,1
209,3,280,0,118,295,421,36,332,128,326,193
209,4,99,458,148,143,430,289,202,424,62,274
209,5,109,149,266,186,301,48,128,394,376,276
209,6,231,429,499,496,193,333,95,286,291,451
209,7,244,383,312,506,147,450,500,354,136,234
209,8,6,491,312,216,510,225,39,67,55,89
209,9,246,160,187,410,249,127,128,211,400,44
209,10,340,16,179,2,407,114,89,275,267,285
209,11,443,479,352,295,311,222,16,401,146,239
209,12,41,440,13,148,128,3,338,174,123,375
209,13,416,372,304,136,356,369,56,55,432,314
209,14,404,507,146,320,85,175,405,505,61,99
209,15,382,146,397,60,297,275,187,231,245,266
209,16,171,88,348,98,378,148,96,10,467,2
209,17,346,459,490,219,420,190,255,449,103,62
209,18,18,480,453,232,206,128,72,68,160,387
209,19,185,209,362,93,395,463,13,405,297,107
209,20,360,51,227,490,374,141,353,24,301,355
209,21,101,401,246,404,316,334,160,457,141,125
209,22,420,470,120,298,249,395,62,234,456,259
209,23,422,9,43,448,309,232,15,150,408,290
209,24,491,327,6,216,312,510,323,464,225,400
209,25,187,246,220,410,127,249,511,254,160,504
209,26,179,16,89,340,407,2,275,220,285,34
209,27,443,479,352,16,222,311,295,401,263,146
209,28,148,41,13,440,123,254,230,375,323,356
209,29,314,416,372,136,369,304,356,432,362,56
209,30,146,507,404,99,405,505,179,61,57,85
209,31,146,382,397,245,275,297,294,187,60,418
209,32,98,88,450,10,378,96,348,467,148,2
209,33,459,420,490,103,346,255,219,245,181,468
209,34,480,453,128,18,232,72,359,160,243,206
209,35,395,185,362,209,13,93,141,130,107,405
209,36,360,490,141,227,24,374,107,373,151,178
209,37,101,401,246,316,457,334,404,160,432,421
209,38,249,120,420,470,250,157,298,197,344,117
209,39,294,297,244,383,89,228,127,104,221,299
209,40,451,486,74,295,4,135,262,98,445,483
209,41,84,287,300,140,493,331,399,342,391,21
209,42,388,226,37,368,27,124,243,319,350,273
209,43,77,148,124,24,85,133,44,86,212,200
209,44,315,338,276,433,344,358,76,238,103,397
209,45,22,442,270,168,237,328,160,303,169,386
209,46,25,432,88,418,283,56,24,232,346,374
209,47,445,254,343,242,79,204,60,325,220,344
210,0,194,298,380,83,148,109,262,214,114,331
210,1,466,77,132,136,97,141,452,463,70,492
210,2,324,239,125,365,61,171,420,270,389,299
210,3,0,4,14,335,295,405,203,471,468,237
210,4,56,325,99,156,198,59,68,506,423,426
210,5,242,149,1,354,9,501,140,468,83,111
210,6,468,429,193,211,18,314,508,291,494,442
210,7,479,135,215,10,241,113,399,316,140,453
210,8,491,6,216,327,77,408,109,431,213,442
210,9,254,407,187,410,220,446,69,32,511,128
210,10,16,340,407,220,370,179,240,156,326,89
210,11,443,311,401,479,456,184,71,16,367,222
210,12,230,306,41,346,323,375,148,288,338,264
210,13,136,416,447,347,115,157,372,314,304,423
210,14,179,146,497,405,507,486,404,402,470,61
210,15,245,297,146,397,383,187,79,138,294,275
210,16,88,148,98,467,450,348,171,260,322,270
210,17,420,459,255,219,491,80,103,340,32,490
210,18,359,104,128,160,480,10,72,237,318,453
210,19,362,185,13,93,209,395,405,107,463,130
210,20,360,141,24,374,490,227,217,353,356,395
210,21,101,401,246,316,334,404,160,421,432,509
210,22,60,249,250,120,157,30,24,75,470,256
210,23,9,125,291,464,218,130,259,203,304,185
210,24,491,213,77,45,107,312,216,5,397,510
210,25,254,499,504,128,163,98,74,456,51,147
210,26,157,489,485,34,420,477,407,73,44,240
210,27,295,401,311,16,479,443,275,367,349,439
210,28,230,323,336,375,187,21,306,28,41,270
210,29,416,284,413,369,423,350,136,347,146,386
210,30,405,61,179,99,294,470,257,9,495,399
210,31,383,297,245,146,311,380,79,187,266,397
210,32,467,88,260,348,61,168,322,171,59,450
210,33,459,420,418,219,255,346,490,449,319,245
210,34,104,237,243,128,10,160,359,144,1,312
210,35,395,362,185,209,93,107,141,13,130,284
210,36,360,490,141,24,217,374,373,102,51,353
210,37,101,316,401,246,160,334,404,421,432,457
210,38,157,249,120,250,60,75,24,30,210,256
210,39,464,394,452,111,48,477,291,9,89,4
210,40,74,451,176,486,110,141,46,205,135,98
210,41,300,342,84,287,140,299,493,301,399,61
210,42,27,226,124,243,218,462,368,319,450,234
210,43,148,124,359,24,85,44,421,266,173,456
210,44,338,177,238,195,315,433,344,100,76,59
210,45,22,475,204,442,173,45,168,468,283,147
210,46,418,338,283,388,484,471,433,107,76,136
210,47,138,273,204,343,60,451,137,44,163,244
211,0,45,478,298,114,433,154,299,121,333,194
211,1,97,146,510,303,32,227,88,501,442,340
211,2,357,324,239,89,113,322,295,125,475,171
211,3,203,14,4,335,182,403,408,249,0,405
211,4,325,465,506,156,426,28,59,198,430,56
211,5,242,292,9,111,468,354,482,1,446,100
211,6,505,260,185,194,80,468,233,280,234,13
211,7,215,9,158,260,241,242,425,288,303,239
211,8,87,77,491,408,356,6,414,397,54,160
211,9,254,407,504,446,68,69,32,280,220,494
211,10,240,157,485,370,297,320,393,424,278,211
211,11,311,234,443,371,367,422,456,401,346,127
211,12,288,230,228,459,346,37,182,323,153,53
211,13,347,286,136,423,387,146,505,255,400,265
211,14,179,486,138,402,274,212,383,470,57,335
211,15,245,123,27,325,54,334,103,136,265,376
211,16,88,450,391,467,260,243,58,98,149,189
211,17,420,491,72,80,381,372,340,499,255,166
211,18,359,318,104,10,115,128,160,42,49,101
211,19,362,13,185,93,463,453,395,405,26,172
211,20,360,141,24,374,490,356,78,311,217,492
211,21,101,401,334,246,404,432,316,421,457,324
211,22,210,30,250,24,157,120,223,75,249,264
211,23,14,259,185,169,287,17,236,23,455,442
211,24,77,160,54,45,87,76,19,491,335,252
211,25,504,35,494,280,254,446,407,511,32,220
211,26,157,485,320,492,297,424,240,48,71,393
211,27,311,401,234,443,422,492,346,184,456,371
211,28,230,323,459,153,228,346,53,37,217,253
211,29,423,284,286,136,23,387,56,347,352,385
211,30,179,294,486,405,470,274,57,383,99,212
211,31,383,245,146,79,294,297,138,311,187,204
211,32,88,467,260,450,322,98,61,168,348,171
211,33,420,491,255,80,459,245,346,381,72,319
211,34,318,10,359,104,115,243,160,128,237,42
211,35,362,395,185,13,93,209,438,284,405,107
211,36,360,490,141,374,217,24,51,102,353,151
211,37,101,401,246,404,316,334,432,160,457,421
211,38,120,250,30,157,24,210,249,75,223,284
211,39,394,464,438,284,353,111,222,452,97,134
211,40,74,98,135,176,168,120,141,262,205,18
211,41,300,342,140,84,399,210,265,171,166,299
211,42,226,27,243,124,368,319,462,18,218,423
211,43,124,148,24,44,77,173,421,456,85,131
211,44,238,177,100,195,358,389,76,366,59,442
211,45,475,204,173,45,147,220,209,47,56,349
211,46,338,107,471,418,433,412,503,23,317,452
211,47,360,60,138,273,246,137,458,469,407,356
212,0,121,154,299,279,420,336,433,332,45,229
212,1,340,510,97,223,487,38,452,22,2,253
212,2,357,324,240,113,171,393,51,389,89,482
212,3,203,0,14,332,421,193,280,238,161,236
212,4,56,363,28,198,430,366,322,502,112,441
212,5,242,292,3,309,271,469,488,372,164,162
212,6,233,80,445,260,194,345,467,405,268,35
212,7,215,327,9,239,380,150,189,19,453,236
212,8,491,77,216,45,497,6,151,312,70,361
212,9,504,254,70,44,410,246,372,95,32,494
212,10,489,157,173,211,293,485,176,195,240,505
212,11,295,401,311,399,352,16,441,87,443,2
212,12,230,323,217,270,298,398,132,470,304,358
212,13,284,347,423,202,416,350,400,56,506,146
212,14,405,179,61,404,294,320,495,108,238,9
212,15,383,297,311,79,245,266,187,380,397,146
212,16,88,467,260,61,348,98,322,168,171,441
212,17,420,255,319,459,346,245,32,272,382,204
212,18,237,104,243,10,160,144,206,128,346,342
212,19,362,395,185,93,13,209,463,141,130,236
212,20,360,217,24,141,374,490,102,353,51,480
212,21,101,246,421,404,316,334,401,160,432,443
212,22,250,157,120,490,77,234,317,62,395,249
212,23,464,259,236,9,304,498,284,353,452,291
212,24,491,45,107,312,76,77,3,248,70,416
212,25,404,411,372,494,456,504,410,254,246,147
212,26,489,73,157,34,360,260,211,190,485,298
212,27,401,295,311,275,454,4,160,61,239,314
212,28,323,230,440,125,415,169,398,182,342,21
212,29,284,423,331,413,258,23,506,350,309,416
212,30,61,179,294,405,238,281,237,99,399,9
212,31,383,79,204,311,146,245,297,294,418,241
212,32,260,88,168,467,61,171,135,322,348,366
212,33,420,255,319,459,245,346,219,479,80,298
212,34,104,243,206,160,237,10,1,344,342,128
212,35,395,362,185,93,13,209,107,284,438,130
212,36,217,360,490,141,374,24,102,353,400,373
212,37,101,246,316,404,160,421,401,432,457,334
212,38,157,250,120,490,319,249,73,284,61,233
212,39,464,394,452,284,438,111,353,97,291,89
212,40,74,98,176,141,135,168,18,34,46,205
212,41,300,342,140,299,265,366,399,87,390,301
212,42,226,243,319,27,368,462,218,18,423,248
212,43,124,148,24,44,173,421,266,359,85,383
212,44,177,238,195,358,59,100,389,366,402,442
212,45,475,204,173,45,37,162,56,376,147,395
212,46,23,107,433,5,236,370,503,412,452,44
212,47,60,66,137,108,112,324,119,246,9,323
213,0,320,39,220,464,346,485,416,44,458,38
213,1,144,190,345,214,170,225,209,303,55,191
213,2,335,324,87,321,500,454,286,171,393,110
213,3,280,482,0,489,283,236,13,301,83,392
213,4,83,56,371,471,430,152,274,355,148,399
213,5,83,242,509,433,5,11,173,271,463,40
213,6,239,260,22,144,233,286,80,234,445,345
213,7,49,105,451,172,327,174,275,19,224,476
213,8,45,493,77,312,73,252,470,408,151,84
213,9,70,76,504,388,410,404,254,184,494,105
213,10,485,397,157,290,173,106,419,86,164,349
213,11,427,311,239,491,401,385,402,443,371,283
213,12,230,280,323,342,434,288,495,298,440,182
213,13,258,284,146,506,423,62,503,416,413,109
213,14,291,179,403,451,470,405,257,99,221,263
213,15,294,383,146,245,373,79,136,297,46,104
213,16,88,260,98,428,355,280,191,171,467,238
213,17,420,245,336,281,87,272,32,80,265,236
213,18,346,12,104,10,105,160,206,340,185,243
213,19,362,438,463,395,93,405,104,215,284,461
213,20,106,141,217,51,490,60,24,360,151,102
213,21,404,443,350,485,101,172,432,450,421,500
213,22,82,319,238,481,73,246,69,467,101,490
213,23,438,464,259,284,179,290,236,288,133,312
213,24,493,77,45,470,73,312,510,329,397,491
213,25,504,76,70,410,79,254,404,184,372,511
213,26,485,397,157,56,181,173,347,349,492,490
213,27,239,427,401,311,385,14,121,422,491,384
213,28,280,434,230,342,323,501,440,470,41,211
213,29,258,413,284,81,188,423,369,286,23,163
213,30,291,68,179,61,451,257,470,399,331,9
213,31,294,383,146,356,136,245,311,79,373,74
213,32,355,428,260,98,88,280,171,450,238,322
213,33,245,420,336,459,375,319,219,255,491,80
213,34,12,206,104,243,10,346,160,105,88,185
213,35,362,438,93,395,209,450,461,382,284,185
213,36,51,106,490,102,60,151,121,141,311,217
213,37,443,350,404,485,101,172,421,457,27,160
213,38,82,238,319,73,490,246,481,101,467,360
213,39,438,284,394,464,163,274,290,338,259,368
213,40,92,135,262,168,483,98,339,442,270,420
213,41,340,140,44,143,265,301,399,425,210,383
213,42,319,18,37,458,359,354,16,142,103,296
213,43,173,24,38,85,44,124,30,495,48,496
213,44,456,358,225,76,419,402,383,81,106,393
213,45,428,174,283,171,282,173,205,507,468,395
213,46,250,23,412,107,5,211,503,370,219,236
213,47,66,108,137,246,112,166,479,149,324,281
214,0,198,376,62,189,175,401,167,474,258,272
214,1,90,30,281,438,94,390,336,476,490,104
214,2,433,283,154,486,210,371,435,506,212,382
214,3,434,505,58,391,78,482,347,96,154,450
214,4,287,480,216,83,116,412,105,90,62,424
214,5,378,346,245,506,362,161,305,282,398,222
214,6,428,381,174,45,472,27,286,458,312,94
214,7,474,228,505,406,312,71,371,274,508,2
214,8,73,50,44,324,329,66,317,429,443,164
214,9,340,70,160,432,184,195,246,133,372,332
214,10,397,50,430,123,182,234,6,415,298,16
214,11,14,222,375,187,442,2,385,352,131,179
214,12,159,190,191,511,50,16,372,155,95,110
214,13,258,127,369,483,212,244,188,373,459,163
214,14,68,249,19,507,267,291,384,146,404,239
214,15,294,131,64,228,266,297,382,146,311,392
214,16,355,345,171,428,207,476,280,61,222,53
214,17,336,306,346,222,283,112,459,245,293,87
214,18,232,18,12,237,166,146,221,206,80,173
214,19,438,209,412,39,126,93,395,362,502,107
214,20,51,96,339,106,490,371,311,374,121,60
214,21,350,443,101,499,160,372,421,427,485,404
214,22,82,229,238,158,66,265,69,204,511,300
214,23,438,394,284,217,274,203,213,72,259,179
214,24,324,493,73,329,44,50,491,443,431,232
214,25,184,260,410,270,383,340,170,70,172,83
214,26,430,397,485,244,182,407,179,16,181,108
214,27,14,222,239,427,169,311,187,55,354,401
214,28,254,280,159,190,191,440,95,342,338,128
214,29,258,110,61,369,127,23,188,171,284,331
214,30,68,61,404,507,267,291,168,257,190,357
214,31,294,356,382,245,131,98,228,266,392,297
214,32,171,96,355,428,280,260,88,98,492,222
214,33,459,219,336,293,346,281,319,420,449,245
214,34,18,206,146,232,166,12,68,217,135,380
214,35,450,362,438,209,126,93,166,463,329,141
214,36,51,106,490,102,121,374,141,44,60,311
214,37,443,101,350,44,499,404,160,372,316,421
214,38,82,158,229,298,238,265,4,66,69,187
214,39,438,284,394,103,274,464,54,251,179,368
214,40,135,424,262,168,483,141,96,143,339,267
214,41,399,143,27,351,44,21,210,448,265,383
214,42,37,359,430,296,319,279,103,232,16,402
214,43,173,385,48,196,500,154,200,24,44,31
214,44,292,483,358,267,215,150,418,451,391,154
214,45,179,507,351,356,348,428,289,315,216,25
214,46,227,384,393,232,112,333,281,398,454,302
214,47,235,77,242,486,211,37,453,399,207,442
215,0,446,451,481,349,163,53,211,400,348,414
215,1,305,421,90,135,263,241,73,491,78,252
215,2,127,256,406,28,431,145,92,364,266,351
215,3,434,391,58,78,141,494,135,45,37,488
215,4,412,116,266,422,105,80,424,264,375,321
215,5,36,378,362,21,218,19,222,506,186,234
215,6,174,138,384,296,55,472,381,347,387,139
215,7,474,408,116,505,406,2,12,244,377,61
215,8,44,73,66,50,164,443,324,317,67,366
215,9,246,432,456,372,160,70,23,410,485,184
215,10,153,123,50,6,179,430,397,16,293,346
215,11,375,14,139,179,352,2,329,385,222,442
215,12,190,511,408,345,440,347,159,110,6,13
215,13,127,369,203,197,459,212,349,384,335,331
215,14,238,239,404,68,507,83,330,320,46,85
215,15,64,131,294,228,266,311,74,402,98,383
215,16,355,171,222,345,260,53,419,115,476,207
215,17,346,283,336,245,293,165,219,319,443,354
215,18,18,206,232,67,221,258,173,494,266,68
215,19,209,438,450,141,102,463,412,107,395,362
215,20,51,121,24,490,355,425,106,102,285,278
215,21,101,443,350,499,160,372,477,427,210,421
215,22,82,238,136,229,148,158,187,265,204,20
215,23,394,438,251,284,201,464,270,477,452,203
215,24,73,44,443,324,493,258,491,317,50,329
215,25,70,160,410,246,340,23,127,184,239,306
215,26,16,179,50,293,217,6,346,123,397,430
215,27,222,14,179,385,329,55,352,311,375,239
215,28,190,440,511,159,408,280,13,191,338,16
215,29,369,127,459,203,61,335,23,483,349,171
215,30,507,68,404,320,85,291,146,239,238,2
215,31,294,64,131,228,98,356,266,436,297,373
215,32,171,355,345,260,280,88,428,222,348,492
215,33,346,293,336,459,219,420,281,245,449,319
215,34,206,232,18,68,12,217,380,166,173,221
215,35,209,438,450,362,126,395,141,166,93,52
215,36,51,106,490,102,374,24,60,121,141,311
215,37,443,101,350,44,499,160,404,172,421,290
215,38,82,298,158,229,238,4,265,20,481,204
215,39,438,284,394,103,179,338,464,251,274,452
215,40,135,168,424,262,483,143,141,340,18,96
215,41,143,399,351,27,210,157,265,140,44,448
215,42,430,37,359,319,302,279,232,458,410,296
215,43,173,24,31,44,200,289,370,154,196,385
215,44,358,292,120,136,402,134,223,37,1,455
215,45,348,428,351,283,494,455,325,289,231,124
215,46,454,510,257,124,219,227,272,181,194,398
215,47,202,90,303,457,120,144,370,220,235,75
216,0,463,378,337,406,393,21,324,96,462,474
216,1,196,90,18,378,281,294,372,265,277,200
216,2,63,378,25,486,106,212,30,390,214,419
216,3,280,24,1,301,96,482,212,183,392,363
216,4,83,143,458,424,63,62,89,54,289,430
216,5,29,278,430,171,109,364,290,381,500,246
216,6,451,333,429,59,231,286,491,496,145,318
216,7,480,312,129,505,417,374,348,383,147,208
216,8,324,493,232,73,443,44,329,344,431,302
216,9,260,184,170,383,410,164,270,303,220,93
216,10,430,182,179,397,108,244,347,407,342,235
216,11,239,14,222,354,427,319,311,135,122,251
216,12,280,440,128,159,41,95,191,254,342,13
216,13,258,110,152,61,127,188,244,171,208,163
216,14,68,384,267,50,291,330,404,260,507,239
216,15,382,356,294,461,466,9,301,392,38,145
216,16,428,260,171,280,330,270,377,368,343,308
216,17,293,336,144,459,219,87,455,281,190,319
216,18,139,12,206,18,232,387,166,68,92,338
216,19,438,126,463,166,362,236,511,208,450,394
216,20,51,106,490,177,211,443,60,304,311,234
216,21,443,350,167,61,164,44,101,290,453,412
216,22,82,298,238,35,224,121,45,320,385,69
216,23,438,394,179,49,418,284,274,197,448,292
216,24,493,324,329,73,413,300,443,431,260,118
216,25,184,410,260,220,248,46,51,131,74,69
216,26,235,397,179,182,430,347,510,418,407,367
216,27,239,14,354,427,222,311,314,132,417,47
216,28,342,280,254,41,440,414,159,95,191,338
216,29,110,23,258,393,152,61,162,476,333,59
216,30,50,404,267,68,434,291,402,237,86,257
216,31,294,356,98,352,489,392,361,168,74,131
216,32,171,260,355,96,428,294,190,222,330,36
216,33,281,336,293,130,19,298,459,24,251,319
216,34,206,12,387,139,68,18,166,232,380,456
216,35,166,362,126,438,450,463,406,158,209,351
216,36,51,490,304,102,80,141,291,106,357,443
216,37,443,44,350,101,499,468,404,167,290,387
216,38,298,82,238,224,35,121,158,45,320,251
216,39,438,284,394,179,338,189,103,274,104,54
216,40,424,483,143,96,135,339,239,420,251,262
216,41,44,210,399,265,472,143,52,32,388,54
216,42,430,363,272,296,271,319,260,37,382,359
216,43,196,173,30,11,385,20,163,317,234,48
216,44,358,455,150,267,393,207,99,483,197,300
216,45,428,348,89,42,356,360,283,451,294,507
216,46,268,490,363,200,19,252,488,281,232,374
216,47,479,2,501,120,220,303,207,242,234,504
217,0,246,258,277,494,63,12,37,234,461,201
217,1,90,196,113,281,355,417,372,238,161,307
217,2,419,486,212,190,25,378,390,394,191,2
217,3,280,404,392,301,24,154,296,326,284,333
217,4,83,86,458,148,276,143,430,424,94,402
217,5,109,215,463,364,271,453,147,506,60,276
217,6,429,333,451,231,54,387,491,403,286,318
217,7,480,404,383,312,354,457,147,348,48,485
217,8,493,73,329,53,324,312,317,220,260,474
217,9,184,260,316,166,410,76,340,63,484,140
217,10,235,397,347,56,179,182,232,407,440,315
217,11,239,427,14,53,34,222,376,354,179,311
217,12,95,280,342,440,128,41,62,3,123,338
217,13,110,258,59,23,163,382,459,188,94,333
217,14,68,291,404,384,50,260,330,402,151,507
217,15,356,294,382,392,98,466,215,352,260,131
217,16,428,260,355,171,280,238,222,446,330,149
217,17,281,336,293,108,459,144,315,420,87,319
217,18,480,206,12,456,68,387,176,160,457,18
217,19,166,158,463,405,438,362,448,165,93,412
217,20,51,141,374,106,311,211,490,371,309,234
217,21,44,404,443,320,347,432,61,350,246,101
217,22,298,420,385,21,238,62,445,311,299,375
217,23,438,404,179,394,252,197,49,403,116,168
217,24,493,329,45,479,53,324,323,165,73,80
217,25,184,220,316,76,260,410,83,166,69,306
217,26,235,397,347,56,181,485,232,267,407,216
217,27,239,427,53,311,319,14,244,221,428,194
217,28,342,95,440,41,280,254,62,338,123,193
217,29,110,23,59,258,382,309,286,163,131,393
217,30,68,291,404,334,402,434,237,247,430,50
217,31,356,294,131,436,98,168,352,392,46,228
217,32,171,280,355,260,330,428,152,404,476,96
217,33,281,315,459,336,219,108,375,130,293,489
217,34,68,456,480,160,193,206,1,243,135,387
217,35,166,362,448,236,158,405,209,232,406,93
217,36,51,490,141,374,270,240,425,80,121,311
217,37,44,432,404,101,401,246,316,443,489,350
217,38,298,120,420,238,157,250,445,38,411,505
217,39,284,338,438,275,394,301,189,403,221,445
217,40,493,96,483,270,437,251,470,442,213,339
217,41,84,44,399,349,52,140,302,265,447,77
217,42,430,363,296,388,51,203,271,8,136,201
217,43,11,196,317,55,451,30,14,500,305,382
217,44,315,169,76,307,207,362,268,419,418,358
217,45,168,42,238,233,220,289,423,420,295,355
217,46,232,374,510,362,286,85,240,394,450,382
217,47,242,120,398,90,417,367,271,209,236,442
218,0,499,182,212,241,294,60,240,192,457,475
218,1,382,328,172,90,196,362,315,200,245,331
218,2,65,377,212,378,125,11,208,426,335,508
218,3,38,491,426,236,95,409,201,193,241,463
218,4,148,381,370,83,70,502,270,319,355,446
218,5,442,209,356,97,66,50,414,276,23,504
218,6,54,429,131,493,154,410,350,310,489,333
218,7,383,404,480,407,243,332,493,157,46,8
218,8,73,493,329,53,312,66,37,370,474,50
218,9,70,260,316,184,246,204,511,432,410,186
218,10,397,56,453,217,298,100,8,179,391,191
218,11,385,14,239,427,311,179,187,34,375,131
218,12,95,342,323,356,511,338,510,280,80,171
218,13,203,127,483,258,349,153,23,369,89,459
218,14,68,291,238,85,387,505,334,99,83,276
218,15,294,131,383,311,30,64,74,146,98,110
218,16,355,53,260,61,345,222,207,267,476,2
218,17,245,336,283,319,236,420,394,255,165,404
218,18,144,243,179,206,114,361,451,153,369,419
218,19,438,209,185,395,362,93,450,102,79,149
218,20,353,51,121,490,92,285,406,374,355,478
218,21,288,101,251,263,275,256,443,321,503,125
218,22,458,6,378,421,197,508,420,234,108,474
218,23,394,251,438,368,284,201,353,153,270,223
218,24,73,6,225,510,260,312,67,31,491,70
218,25,372,246,410,404,432,70,10,379,484,298
218,26,437,397,51,229,217,489,138,56,468,44
218,27,179,239,375,385,329,16,427,401,195,311
218,28,440,80,315,323,280,347,125,338,102,208
218,29,449,334,284,163,459,153,178,391,401,331
218,30,291,238,114,61,505,287,257,117,303,350
218,31,131,294,98,74,30,402,64,383,392,266
218,32,222,355,260,476,2,345,171,96,419,428
218,33,336,245,283,420,319,354,404,87,190,236
218,34,57,153,206,237,179,419,369,451,1,243
218,35,362,438,185,395,21,102,306,209,152,213
218,36,327,127,454,102,221,51,180,376,62,304
218,37,288,226,350,144,384,473,28,503,135,367
218,38,6,62,80,53,420,458,299,194,474,409
218,39,394,251,223,438,406,443,318,104,185,215
218,40,168,205,434,18,165,364,396,135,283,141
218,41,439,342,273,46,399,415,210,485,36,185
218,42,268,43,319,10,77,23,95,93,244,50
218,43,173,342,266,445,24,365,359,207,322,246
218,44,350,292,402,76,250,352,136,275,225,503
218,45,481,421,168,44,294,324,158,289,97,296
218,46,357,290,346,232,374,438,24,267,128,33
218,47,445,242,79,367,442,461,254,81,285,148
219,0,227,194,380,298,281,88,140,261,114,162
219,1,382,140,253,365,172,452,188,466,70,307
219,2,426,365,125,65,239,377,335,299,389,61
219,3,497,236,201,409,238,361,257,14,471,95
219,4,56,325,156,426,381,198,270,502,378,78
219,5,442,445,242,84,276,198,91,128,463,499
219,6,54,429,131,154,487,156,477,203,88,483
219,7,76,404,19,122,270,335,1,197,247,45
219,8,493,329,45,487,448,330,292,19,334,73
219,9,316,76,184,256,494,210,204,260,185,220
219,10,397,485,232,157,400,56,5,173,419,347
219,11,427,53,239,14,34,311,283,129,187,390
219,12,95,342,230,323,346,53,288,510,280,153
219,13,258,59,188,23,47,382,324,205,110,328
219,14,68,179,291,334,71,221,328,61,504,257
219,15,294,356,245,373,297,48,325,392,461,54
219,16,355,280,152,428,35,98,88,260,90,330
219,17,281,420,108,336,192,459,491,104,375,315
219,18,160,68,104,359,115,193,243,38,10,363
219,19,166,405,448,93,463,158,362,13,185,395
219,20,51,374,141,311,356,490,360,161,234,380
219,21,44,432,246,401,101,316,404,334,320,480
219,22,157,250,120,24,60,75,210,62,234,205
219,23,302,442,116,14,403,76,88,179,89,23
219,24,45,493,487,165,77,491,80,329,323,438
219,25,220,76,316,184,494,204,70,504,446,195
219,26,485,397,181,235,157,56,407,173,420,418
219,27,427,239,53,311,57,422,401,402,367,14
219,28,342,323,230,95,385,53,125,338,182,21
219,29,59,258,188,23,110,369,284,382,413,416
219,30,61,68,291,287,334,179,328,238,430,495
219,31,294,146,373,131,436,275,297,74,141,228
219,32,345,355,88,280,98,260,330,476,353,378
219,33,459,281,375,420,219,336,88,245,255,130
219,34,237,160,193,97,359,243,115,104,1,454
219,35,166,261,93,405,422,209,363,362,448,236
219,36,51,374,490,141,144,425,270,360,424,373
219,37,44,101,316,401,432,246,404,160,485,480
219,38,157,60,24,120,250,75,210,411,147,439
219,39,338,168,221,284,54,19,403,116,293,88
219,40,270,96,439,213,301,103,493,453,437,240
219,41,399,349,44,383,447,493,300,52,282,140
219,42,226,124,296,27,319,18,439,8,181,10
219,43,77,30,249,85,317,38,500,196,385,97
219,44,76,207,238,362,213,448,419,150,451,267
219,45,204,42,168,220,233,339,356,468,507,289
219,46,338,374,232,418,362,412,438,85,33,67
219,47,138,242,60,398,331,278,227,294,273,403
220,0,433,121,478,45,154,171,195,405,229,56
220,1,223,340,75,22,219,140,318,511,463,507
220,2,426,240,377,262,197,459,24,389,507,159
220,3,203,38,184,238,386,95,0,421,92,236
220,4,363,319,56,466,322,246,381,366,291,217
220,5,442,3,437,414,309,257,479,499,430,469
220,6,54,405,493,370,467,88,173,232,160,487
220,7,327,76,215,437,388,380,266,122,1,453
220,8,45,487,491,222,453,129,421,3,153,240
220,9,204,256,232,76,140,186,437,311,98,494
220,10,486,173,505,364,210,281,444,149,62,128
220,11,14,193,401,441,427,328,236,155,311,122
220,12,230,323,510,444,272,193,342,203,47,270
220,13,258,284,105,147,427,23,415,56,369,188
220,14,61,68,334,404,387,330,291,276,179,238
220,15,131,64,383,294,297,98,266,311,356,228
220,16,355,260,171,280,207,222,345,96,476,61
220,17,116,336,319,283,281,346,459,245,420,222
220,18,144,256,243,467,237,199,361,493,104,314
220,19,166,395,209,487,175,440,185,116,261,411
220,20,144,353,285,51,121,465,406,357,92,400
220,21,101,246,147,303,468,209,374,160,316,231
220,22,490,157,458,120,234,315,395,27,250,508
220,23,251,394,201,223,368,464,284,162,270,438
220,24,73,237,66,260,491,272,419,312,70,140
220,25,246,372,432,404,410,70,267,484,10,332
220,26,217,56,293,397,89,8,191,51,317,138
220,27,179,385,16,375,329,131,352,239,2,152
220,28,102,449,125,355,385,323,180,129,38,435
220,29,449,284,334,46,459,401,439,79,415,254
220,30,238,291,61,404,114,330,85,287,510,334
220,31,131,294,74,98,64,30,402,297,311,266
220,32,222,355,260,476,171,345,207,96,419,53
220,33,245,283,319,336,420,354,269,190,185,219
220,34,153,199,451,383,369,237,1,206,41,37
220,35,395,438,362,102,185,21,394,94,406,306
220,36,327,127,278,98,234,102,8,180,426,324
220,37,288,98,503,135,350,494,28,192,328,43
220,38,6,490,458,234,299,62,53,317,411,157
220,39,394,223,251,464,438,234,201,104,167,477
220,40,168,205,18,165,434,283,396,135,141,364
220,41,342,439,273,415,79,46,36,399,485,416
220,42,268,319,23,77,244,296,225,162,10,439
220,43,266,342,173,24,445,207,322,359,177,95
220,44,350,76,213,275,362,136,366,292,5,401
220,45,481,168,437,507,388,42,317,49,250,441
220,46,412,250,211,431,438,44,232,128,219,78
220,47,60,149,166,66,278,37,379,281,269,137
221,0,198,376,189,62,175,167,474,401,145,41
221,1,144,30,55,490,94,438,390,131,325,64
221,2,283,433,210,154,486,435,371,202,310,506
221,3,505,58,391,434,376,78,96,482,200,444
221,4,287,480,216,412,105,116,424,338,90,266
221,5,378,506,245,346,161,305,347,282,165,398
221,6,381,428,45,174,286,472,27,458,459,492
221,7,228,406,505,450,312,71,386,474,371,322
221,8,491,323,44,366,73,50,66,301,225,429
221,9,340,70,184,160,195,105,432,319,100,456
221,10,385,16,361,407,123,415,298,117,139,7
221,11,14,205,222,352,2,187,442,385,401,375
221,12,254,110,16,155,50,511,442,159,190,369
221,13,369,284,416,235,208,190,212,56,258,349
221,14,61,85,146,507,68,404,83,367,509,320
221,15,294,64,131,228,98,392,275,311,266,364
221,16,345,355,280,171,260,222,476,348,88,330
221,17,219,346,459,283,443,336,116,420,245,418
221,18,237,146,68,221,173,229,500,283,403,18
221,19,107,209,412,143,502,39,239,166,460,463
221,20,339,96,51,490,158,373,494,121,71,374
221,21,101,372,160,499,480,316,451,443,350,98
221,22,66,193,252,384,265,300,318,180,229,33
221,23,394,251,438,201,23,270,203,38,408,18
221,24,44,73,491,366,50,9,323,237,68,499
221,25,70,160,340,246,410,184,195,432,332,10
221,26,217,16,361,50,385,426,8,123,391,293
221,27,179,329,385,187,375,311,222,2,14,155
221,28,16,511,440,159,190,50,442,338,254,347
221,29,369,362,483,459,414,314,349,127,203,212
221,30,146,291,85,505,507,68,491,320,104,238
221,31,294,131,146,436,30,74,275,64,382,98
221,32,345,88,260,98,222,171,476,355,450,252
221,33,420,336,245,346,177,255,236,283,490,459
221,34,237,243,153,217,57,232,18,82,453,206
221,35,209,185,438,395,487,171,93,102,288,219
221,36,327,318,385,339,158,350,181,149,376,438
221,37,101,160,350,316,407,372,381,472,286,169
221,38,265,66,229,204,187,193,33,244,394,238
221,39,438,251,402,394,4,0,247,162,215,477
221,40,205,168,396,340,120,162,84,460,437,368
221,41,399,210,414,27,394,300,485,138,452,21
221,42,319,243,279,37,296,462,423,258,10,201
221,43,173,164,24,342,124,40,95,224,100,359
221,44,350,418,452,195,213,231,448,292,76,438
221,45,179,231,168,507,405,158,356,330,233,317
221,46,393,227,384,454,232,108,24,333,438,314
221,47,235,37,77,399,242,486,457,75,453,382
222,0,446,451,481,349,163,400,211,53,391,348
222,1,305,421,135,73,241,252,491,94,263,78
222,2,127,256,92,431,145,76,266,202,344,62
222,3,434,391,347,58,319,294,117,499,365,141
222,4,412,455,424,116,80,425,264,105,422,321
222,5,36,378,362,21,218,506,186,222,477,285
222,6,381,174,55,384,296,138,472,458,501,437
222,7,408,505,32,474,377,312,450,116,406,107
222,8,323,491,324,44,67,172,443,431,6,365
222,9,170,220,118,260,384,340,394,321,293,410
222,10,407,16,179,430,385,361,182,444,139,474
222,11,222,14,55,205,354,266,401,239,193,352
222,12,254,440,13,190,128,191,511,126,375,408
222,13,110,369,416,235,56,489,190,258,284,208
222,14,404,507,61,384,16,267,190,444,68,204
222,15,382,356,290,301,103,266,339,205,471,57
222,16,171,428,280,330,493,96,326,260,308,7
222,17,219,315,459,346,293,449,190,307,144,30
222,18,68,18,206,232,139,166,387,97,258,146
222,19,166,463,126,369,362,93,208,450,209,412
222,20,51,60,24,311,490,374,336,371,106,234
222,21,101,499,443,172,160,480,353,500,421,457
222,22,238,229,481,204,130,158,265,140,83,246
222,23,394,438,292,284,179,152,168,37,23,86
222,24,323,300,324,491,487,44,6,67,202,203
222,25,220,410,184,260,199,246,254,452,248,83
222,26,407,179,444,16,235,181,430,385,61,36
222,27,239,222,14,311,401,372,97,55,427,490
222,28,254,396,41,440,338,13,191,342,190,123
222,29,110,235,369,48,416,258,489,131,56,59
222,30,404,507,68,204,402,61,257,168,266,190
222,31,356,294,436,228,382,131,153,361,46,98
222,32,171,330,355,428,280,260,458,404,345,348
222,33,315,219,346,459,281,293,336,130,298,19
222,34,68,139,18,206,232,387,172,217,1,166
222,35,166,362,369,463,126,209,220,450,329,261
222,36,51,121,490,60,311,24,425,102,336,270
222,37,101,499,443,172,457,160,213,290,244,372
222,38,238,229,246,481,140,265,158,204,187,101
222,39,394,284,438,179,103,251,338,464,86,57
222,40,135,168,143,262,141,356,96,348,417,453
222,41,351,399,210,143,265,27,157,346,398,140
222,42,37,279,458,293,319,18,106,359,296,466
222,43,26,24,245,124,31,173,317,485,196,11
222,44,358,81,402,228,207,150,267,37,266,292
222,45,494,325,231,283,25,171,289,451,124,317
222,46,454,257,85,438,267,374,66,108,232,179
222,47,457,90,220,242,479,120,73,235,209,496
223,0,393,457,166,96,116,21,76,325,474,361
223,1,417,55,388,370,236,105,87,140,425,478
223,2,378,419,350,324,190,228,493,63,425,299
223,3,510,0,280,104,212,50,71,81,255,209
223,4,143,56,270,203,89,502,443,235,103,33
223,5,29,493,128,381,453,266,500,499,309,271
223,6,333,231,451,491,496,381,499,286,173,440
223,7,417,312,505,221,480,397,506,93,244,243
223,8,323,275,491,324,366,487,6,493,50,18
223,9,220,184,260,410,2,340,391,394,379,158
223,10,407,235,181,179,444,201,347,298,41,56
223,11,239,14,427,373,388,73,222,121,383,311
223,12,396,41,254,440,395,122,128,280,123,478
223,13,110,258,235,48,415,369,25,23,413,147
223,14,204,476,68,319,334,30,247,404,61,2
223,15,356,64,294,228,131,266,436,297,382,111
223,16,355,171,280,207,428,22,345,175,326,348
223,17,315,281,156,222,346,116,336,283,495,194
223,18,139,68,172,346,206,199,105,243,122,314
223,19,166,369,110,412,463,209,306,30,175,332
223,20,51,24,121,60,63,260,101,340,336,211
223,21,443,101,172,499,213,353,457,210,61,290
223,22,481,140,238,73,246,490,101,45,391,321
223,23,179,438,394,284,270,251,292,293,23,61
223,24,323,300,275,366,493,50,460,133,47,491
223,25,220,70,160,410,340,184,332,246,432,195
223,26,235,56,315,8,295,179,391,267,258,407
223,27,239,14,73,179,329,427,155,388,311,193
223,28,396,511,41,338,385,122,62,270,125,342
223,29,110,59,369,208,134,212,53,415,79,127
223,30,68,247,334,319,402,404,378,238,30,192
223,31,294,131,64,402,501,436,266,228,356,46
223,32,355,171,345,207,222,428,476,419,53,280
223,33,283,346,315,336,354,245,116,281,341,269
223,34,139,68,1,206,456,193,41,476,314,454
223,35,166,487,412,209,30,329,90,237,141,88
223,36,227,51,265,425,270,24,311,80,443,500
223,37,101,443,303,499,44,457,489,290,328,244
223,38,238,490,140,22,481,73,298,246,45,101
223,39,338,394,284,438,244,86,115,96,168,433
223,40,486,451,96,135,437,143,295,169,4,442
223,41,287,84,399,143,351,34,349,210,78,447
223,42,388,37,458,272,293,319,439,155,181,18
223,43,77,26,24,196,443,85,418,133,200,116
223,44,338,315,266,358,150,307,81,37,171,207
223,45,494,325,237,283,451,171,442,42,25,356
223,46,363,490,283,219,413,200,438,13,465,86
223,47,479,220,151,395,242,343,157,346,507,442
224,0,494,108,490,445,474,383,124,472,48,177
224,1,417,355,120,388,161,129,170,234,392,275
224,2,419,190,324,378,394,220,34,1,203,390
224,3,280,499,36,0,421,183,118,193,37,107
224,4,99,458,148,424,143,202,289,412,459,270
224,5,109,266,186,12,271,128,384,137,381,441
224,6,429,499,231,333,392,286,95,387,291,496
224,7,404,383,147,244,312,480,457,96,506,54
224,8,323,260,66,491,6,327,67,366,50,53
224,9,410,246,160,184,260,340,316,127,456,166
224,10,235,179,56,407,437,16,315,474,347,181
224,11,14,239,53,352,222,295,427,34,35,375
224,12,41,62,148,440,3,13,254,478,128,338
224,13,59,235,136,83,369,416,510,94,389,237
224,14,404,68,507,320,85,146,291,238,384,330
224,15,294,228,356,297,64,131,392,373,266,98
224,16,355,171,428,345,348,280,260,492,476,360
224,17,293,346,219,459,336,281,375,418,222,461
224,18,480,453,456,232,206,18,68,380,160,387
224,19,166,438,209,463,450,412,126,362,405,90
224,20,227,51,374,24,300,141,376,360,88,292
224,21,401,101,246,44,443,404,353,432,457,234
224,22,420,470,298,249,238,120,393,171,62,163
224,23,438,394,179,284,23,138,448,392,80,338
224,24,323,327,491,493,260,6,375,67,443,50
224,25,410,184,246,70,328,296,160,340,127,330
224,26,235,179,426,407,16,56,443,397,347,267
224,27,239,14,427,222,311,401,179,55,53,263
224,28,148,41,440,62,13,254,338,342,128,280
224,29,314,136,83,414,369,23,127,59,61,235
224,30,507,146,68,404,291,71,320,85,61,357
224,31,294,228,356,373,297,436,266,275,131,98
224,32,171,355,88,345,280,348,98,492,260,96
224,33,375,293,103,346,420,459,468,336,511,449
224,34,232,480,453,18,206,160,359,456,380,217
224,35,209,185,362,450,395,438,93,405,13,141
224,36,227,51,374,490,102,141,360,373,395,24
224,37,101,401,316,246,404,432,160,44,457,334
224,38,249,420,120,470,298,157,250,238,171,91
224,39,394,284,244,438,464,251,222,338,274,247
224,40,451,486,135,295,168,262,396,188,266,120
224,41,399,287,84,140,300,331,493,299,143,404
224,42,388,226,124,27,368,37,423,319,430,243
224,43,77,24,124,173,456,40,207,148,85,359
224,44,338,315,276,433,238,105,395,76,248,356
224,45,22,442,270,481,204,168,237,303,158,160
224,46,290,25,432,418,56,438,88,378,374,357
224,47,445,254,343,242,79,60,325,296,442,139
225,0,194,298,380,114,148,474,431,331,235,83
225,1,77,132,466,70,141,492,136,463,479,97
225,2,324,239,125,365,122,61,327,420,53,29
225,3,192,485,471,463,295,118,358,60,166,499
225,4,99,270,78,156,269,381,234,244,142,94
225,5,242,83,354,9,91,479,137,140,276,309
225,6,429,468,508,314,18,502,232,494,405,4
225,7,215,10,479,330,241,399,46,453,381,197
225,8,323,327,493,77,138,491,430,349,6,408
225,9,260,184,296,35,295,69,76,220,254,410
225,10,235,407,443,181,179,297,65,347,397,485
225,11,239,427,14,311,263,92,222,401,184,384
225,12,148,41,342,230,346,323,440,389,102,132
225,13,136,369,23,59,314,416,94,235,382,258
225,14,68,507,404,146,384,61,291,330,71,411
225,15,356,294,382,392,245,397,228,297,131,373
225,16,428,88,171,280,96,98,355,260,492,450
225,17,375,293,420,459,219,103,336,511,468,281
225,18,359,480,453,160,462,232,251,206,18,104
225,19,438,185,209,362,93,463,405,13,236,228
225,20,227,141,360,374,51,301,490,356,484,62
225,21,101,401,246,404,316,334,432,443,328,65
225,22,249,60,470,250,30,120,157,75,24,420
225,23,394,14,448,259,115,438,138,284,369,442
225,24,327,491,493,323,77,45,154,356,416,397
225,25,35,410,260,407,254,296,69,70,295,131
225,26,426,297,235,485,179,407,16,181,397,347
225,27,184,14,222,311,401,427,239,12,72,55
225,28,148,323,230,440,342,471,41,385,182,338
225,29,314,23,136,414,369,127,61,94,128,416
225,30,507,146,61,179,404,68,71,291,266,399
225,31,294,131,245,74,311,98,146,383,297,30
225,32,355,260,88,345,171,280,450,222,61,330
225,33,459,103,420,375,346,336,468,245,449,293
225,34,480,453,206,359,160,232,243,237,462,128
225,35,209,185,362,395,93,438,450,13,405,141
225,36,51,374,227,490,102,360,141,373,24,500
225,37,101,316,401,246,404,160,432,334,421,457
225,38,249,157,120,420,250,470,60,30,474,280
225,39,394,284,438,251,464,4,247,274,477,222
225,40,135,451,168,262,396,205,486,18,120,74
225,41,399,300,84,140,287,299,87,493,332,430
225,42,226,27,124,368,243,423,319,462,147,218
225,43,24,124,148,173,77,456,40,359,85,342
225,44,338,315,238,433,100,76,395,177,276,218
225,45,22,204,442,475,160,47,45,168,173,158
225,46,338,418,388,484,211,412,283,136,503,348
225,47,138,273,343,204,60,451,244,163,44,137
226,0,45,478,298,114,299,154,433,121,397,194
226,1,97,32,146,510,501,340,234,88,492,303
226,2,357,322,113,239,409,324,89,295,0,125
226,3,203,4,14,0,148,405,386,335,403,465
226,4,325,480,465,28,426,506,156,56,59,198
226,5,242,9,292,111,468,354,83,482,344,100
226,6,260,194,505,185,158,379,116,13,234,232
226,7,215,158,9,49,241,382,425,260,161,489
226,8,493,77,327,160,408,414,323,87,397,54
226,9,35,254,407,295,76,494,296,280,260,352
226,10,485,297,235,181,347,397,407,155,320,492
226,11,427,184,239,311,12,401,367,7,371,402
226,12,230,346,288,323,153,148,9,459,182,342
226,13,136,314,369,23,128,464,146,220,414,258
226,14,179,146,507,411,71,61,486,68,57,274
226,15,245,294,258,87,411,397,54,38,301,472
226,16,88,450,98,259,117,493,149,473,277,189
226,17,420,375,491,103,459,468,484,32,72,381
226,18,359,318,160,104,10,251,42,480,453,49
226,19,93,185,13,362,395,463,405,453,209,284
226,20,360,141,374,24,490,356,78,492,296,250
226,21,101,401,334,246,404,316,432,443,457,421
226,22,30,210,250,223,75,157,24,249,120,264
226,23,14,259,185,115,221,236,17,384,455,211
226,24,77,76,160,54,335,87,45,491,356,118
226,25,35,504,280,446,254,407,494,427,298,350
226,26,485,297,492,157,48,407,240,426,267,510
226,27,184,311,422,234,492,401,72,12,371,206
226,28,459,230,323,346,228,153,182,253,37,306
226,29,136,128,23,115,414,423,347,52,329,284
226,30,179,294,486,405,411,274,57,470,71,146
226,31,245,383,146,79,294,138,297,311,376,141
226,32,88,467,450,260,322,61,348,98,168,317
226,33,420,491,80,459,255,346,245,479,381,375
226,34,359,10,318,104,160,115,243,237,128,42
226,35,362,395,185,13,93,209,130,141,405,284
226,36,360,490,141,374,24,217,102,353,51,373
226,37,101,246,401,316,334,404,160,432,457,421
226,38,250,120,30,157,24,249,210,75,223,293
226,39,394,452,464,111,353,9,284,438,477,222
226,40,74,135,98,141,176,120,262,205,18,46
226,41,300,342,140,84,399,61,265,87,390,299
226,42,226,27,124,319,243,368,462,218,18,423
226,43,124,148,24,77,44,421,85,173,359,456
226,44,238,177,195,100,76,59,389,358,366,344
226,45,204,475,173,45,47,220,442,162,147,376
226,46,338,107,471,433,418,412,23,211,452,431
226,47,360,60,138,273,137,458,246,469,454,92
227,0,121,154,299,420,279,332,45,336,397,433
227,1,340,510,97,487,141,22,452,27,2,473
227,2,357,322,113,240,324,171,389,356,205,489
227,3,203,0,238,14,193,438,95,92,409,137
227,4,56,480,363,322,28,366,502,441,321,430
227,5,242,292,3,309,83,173,479,271,291,128
227,6,194,405,232,228,260,445,270,80,460,277
227,7,215,327,150,49,203,420,1,19,189,9
227,8,77,45,491,129,3,414,147,149,57,269
227,9,504,254,35,494,407,446,212,32,105,98
227,10,485,349,173,157,364,505,176,510,5,478
227,11,401,311,295,402,371,367,212,441,119,234
227,12,230,323,270,132,358,298,470,333,304,423
227,13,284,423,347,202,416,369,136,258,146,257
227,14,405,61,179,294,149,404,238,108,403,146
227,15,383,311,266,297,245,131,295,294,146,397
227,16,88,467,61,345,348,98,260,322,323,36
227,17,420,459,32,346,255,272,449,418,314,245
227,18,237,104,10,160,243,318,359,342,128,1
227,19,93,362,395,13,185,209,141,107,236,397
227,20,360,24,141,374,490,102,217,353,480,51
227,21,101,246,316,401,334,404,421,160,432,65
227,22,250,157,490,120,422,510,77,234,263,374
227,23,464,259,130,312,452,236,319,304,197,498
227,24,491,45,107,3,312,209,77,142,460,156
227,25,372,456,254,411,504,404,147,98,261,74
227,26,489,485,73,157,360,260,190,34,44,389
227,27,401,311,275,4,295,454,314,57,466,61
227,28,323,230,440,415,375,398,385,270,129,203
227,29,284,413,423,416,350,392,258,143,505,498
227,30,61,179,405,399,238,294,281,430,99,237
227,31,383,204,79,294,146,245,311,297,138,241
227,32,260,88,467,168,61,322,317,472,135,366
227,33,420,255,245,319,459,479,219,80,489,229
227,34,104,243,160,206,10,237,1,318,342,344
227,35,362,395,185,93,13,209,284,107,236,438
227,36,217,490,360,141,374,24,102,353,373,400
227,37,101,316,246,160,421,404,432,401,457,334
227,38,157,250,490,120,319,233,249,284,433,422
227,39,464,452,394,111,284,291,9,438,353,441
227,40,74,176,98,141,135,205,34,168,60,46
227,41,300,342,140,299,265,390,366,301,87,61
227,42,226,319,243,27,368,462,218,18,423,248
227,43,124,148,24,173,44,421,359,266,342,131
227,44,177,238,195,59,358,389,100,104,322,402
227,45,204,475,173,45,162,37,56,376,283,395
227,46,23,107,433,370,5,241,236,412,452,503
227,47,66,137,108,60,112,324,166,9,323,246
228,0,264,305,220,312,321,132,209,44,362,430
228,1,144,55,345,490,503,205,209,303,225,131
228,2,335,324,307,190,303,359,87,170,454,20
228,3,280,96,0,24,78,14,58,200,391,482
228,4,289,424,192,56,430,412,432,116,143,105
228,5,364,280,146,165,293,394,22,424,390,370
228,6,286,239,144,387,260,22,116,80,194,280
228,7,451,355,49,188,244,312,172,40,296,227
228,8,70,6,491,252,45,89,204,334,66,216
228,9,44,410,267,372,456,133,246,20,404,494
228,10,489,485,157,49,298,419,290,267,384,16
228,11,401,311,295,434,371,445,443,20,121,384
228,12,440,41,17,138,342,230,3,128,461,21
228,13,309,284,146,432,506,286,423,210,400,109
228,14,237,204,151,402,405,378,434,179,49,417
228,15,383,79,245,204,138,25,241,472,155,123
228,16,260,88,238,168,415,7,467,270,135,490
228,17,255,142,420,319,80,32,245,437,204,459
228,18,88,105,121,10,206,346,312,237,243,172
228,19,362,463,395,93,461,172,320,451,236,23
228,20,217,60,490,24,360,353,395,230,141,102
228,21,27,457,421,172,443,485,101,233,500,324
228,22,319,481,490,238,73,360,246,320,322,443
228,23,259,464,284,353,304,312,288,133,99,185
228,24,266,70,107,6,45,204,491,252,334,510
228,25,494,44,254,504,267,410,411,511,108,427
228,26,489,157,485,49,34,73,384,290,367,267
228,27,401,121,4,275,311,443,464,434,466,314
228,28,440,17,342,230,138,3,41,501,188,503
228,29,309,432,284,286,506,210,331,350,23,258
228,30,237,204,399,179,405,281,398,151,507,137
228,31,383,79,204,241,25,138,245,232,123,311
228,32,260,88,168,317,312,391,467,415,7,150
228,33,142,255,420,319,479,171,80,315,489,135
228,34,105,88,121,172,206,200,346,423,68,312
228,35,362,395,463,172,461,320,451,23,54,406
228,36,217,490,144,278,121,492,60,375,425,107
228,37,457,27,233,172,443,421,324,101,183,360
228,38,490,319,238,73,481,320,246,360,241,416
228,39,464,259,406,495,284,239,219,51,215,369
228,40,18,34,181,348,98,135,229,424,420,4
228,41,489,265,342,231,249,366,383,4,455,401
228,42,142,319,354,296,214,293,10,425,37,51
228,43,24,127,124,200,184,44,122,237,488,443
228,44,35,402,286,106,215,358,192,81,502,456
228,45,223,419,446,507,339,16,323,494,42,85
228,46,86,363,200,271,232,374,293,456,19,463
228,47,242,246,398,186,403,211,367,157,417,224
229,0,179,145,289,242,95,0,189,99,38,376
229,1,490,372,144,55,90,355,214,482,496,390
229,2,190,324,290,170,394,335,22,419,390,337
229,3,96,58,280,24,78,391,200,493,333,424
229,4,412,289,424,116,422,432,430,458,312,62
229,5,165,364,394,293,422,452,390,280,506,120
229,6,286,304,294,116,387,392,395,30,0,408
229,7,355,296,188,451,227,244,462,368,506,359
229,8,70,6,204,261,89,225,370,305,290,334
229,9,410,44,267,372,20,404,133,246,511,456
229,10,489,49,298,367,337,309,267,504,419,388
229,11,20,401,434,311,121,347,445,476,295,259
229,12,440,503,3,2,461,41,169,1,157,128
229,13,309,333,432,331,210,284,149,506,496,146
229,14,204,237,317,377,444,274,281,399,184,2
229,15,383,79,204,25,317,298,137,461,472,241
229,16,260,415,88,150,168,490,339,7,303,472
229,17,319,255,38,315,393,142,32,48,186,341
229,18,172,206,105,200,346,88,121,342,312,192
229,19,461,362,320,463,450,369,236,451,395,23
229,20,217,60,24,490,102,121,367,151,46,101
229,21,27,457,485,172,443,324,360,213,326,122
229,22,238,246,481,73,241,124,360,140,319,234
229,23,464,259,284,304,194,240,330,407,37,312
229,24,107,70,6,261,204,413,266,142,416,300
229,25,27,93,411,20,267,108,79,404,234,372
229,26,489,367,298,49,259,384,337,461,73,34
229,27,4,275,192,311,351,314,239,160,121,466
229,28,440,503,188,418,21,23,364,0,125,3
229,29,309,331,333,350,432,123,152,131,23,149
229,30,237,50,222,281,95,204,165,217,137,460
229,31,383,204,79,294,146,157,25,311,260,298
229,32,260,391,312,168,428,339,366,150,13,493
229,33,315,107,235,161,319,504,89,245,142,130
229,34,206,172,200,121,88,105,346,217,12,484
229,35,362,463,450,320,461,451,360,267,394,369
229,36,217,121,144,375,492,60,102,33,490,24
229,37,457,27,213,360,485,324,172,327,446,443
229,38,238,241,246,124,481,73,140,101,375,319
229,39,464,495,215,189,9,369,239,194,220,281
229,40,98,229,4,18,270,181,119,271,420,424
229,41,489,265,301,143,421,342,121,302,312,455
229,42,296,293,37,354,458,258,315,142,18,507
229,43,38,24,44,85,202,451,184,493,353,355
229,44,358,76,286,218,228,81,343,207,345,231
229,45,507,283,419,168,233,220,461,171,25,356
229,46,163,167,86,232,293,85,374,438,200,286
229,47,246,508,242,398,403,417,442,176,4,388
230,0,446,451,145,471,322,327,414,411,211,38
230,1,406,355,314,438,90,390,213,372,195,126
230,2,337,394,256,202,390,90,431,432,445,179
230,3,280,326,96,434,499,74,261,24,34,78
230,4,116,422,424,432,289,293,430,207,19,412
230,5,362,452,165,498,394,130,380,378,364,62
230,6,374,286,381,428,146,26,30,304,184,392
230,7,505,355,474,408,32,12,111,312,495,188
230,8,324,443,232,7,133,375,261,21,362,165
230,9,170,270,323,338,79,369,43,303,383,314
230,10,489,430,474,182,298,389,57,358,342,41
230,11,424,20,104,192,371,270,259,106,391,504
230,12,159,191,204,145,254,186,315,129,449,364
230,13,22,184,288,364,501,16,154,334,46,414
230,14,274,387,212,99,276,441,470,486,294,61
230,15,146,383,311,74,245,79,73,30,343,71
230,16,260,450,88,168,135,191,98,61,322,10
230,17,490,420,340,177,255,80,398,245,259,499
230,18,57,237,206,347,243,144,26,179,119,128
230,19,362,395,185,209,297,463,393,86,451,394
230,20,348,262,270,126,116,245,492,12,250,353
230,21,443,375,157,137,468,326,457,390,313,368
230,22,287,411,229,238,496,324,173,439,462,272
230,23,464,353,302,332,318,89,115,403,251,54
230,24,160,13,181,439,463,11,282,370,312,118
230,25,68,346,96,511,280,111,153,125,442,407
230,26,71,213,48,107,484,335,240,471,330,203
230,27,49,250,273,84,311,500,422,48,165,163
230,28,459,390,228,37,113,96,346,277,253,356
230,29,288,22,97,387,184,385,273,16,221,259
230,30,138,486,80,14,212,154,284,314,233,506
230,31,68,193,494,426,289,375,449,199,226,306
230,32,243,391,58,74,23,51,429,201,441,255
230,33,422,372,419,499,305,389,166,50,209,324
230,34,318,347,49,119,471,184,510,264,211,497
230,35,362,453,222,103,509,162,426,377,173,342
230,36,485,442,16,210,248,243,55,356,348,304
230,37,469,379,44,418,255,10,324,150,46,33
230,38,205,345,41,287,30,57,86,196,261,81
230,39,334,389,27,450,244,242,323,325,338,9
230,40,138,508,172,354,335,178,186,173,61,437
230,41,391,240,385,48,491,213,59,198,121,353
230,42,140,272,106,366,322,90,296,84,36,37
230,43,86,337,162,278,207,91,413,388,487,300
230,44,105,350,207,87,76,267,419,205,345,441
230,45,456,179,168,115,269,443,356,507,241,205
230,46,227,443,384,232,454,108,511,374,286,503
230,47,235,242,417,303,442,443,246,120,392,367
231,0,254,308,67,163,161,105,350,314,120,54
231,1,421,390,78,195,126,47,307,182,73,355
231,2,145,256,179,431,344,62,398,202,445,126
231,3,434,332,211,260,33,117,101,122,21,250
231,4,116,264,432,293,122,364,412,378,321,454
231,5,362,380,378,165,452,130,115,62,205,489
231,6,381,464,251,30,501,286,160,395,55,357
231,7,355,505,474,32,480,312,107,257,396,408
231,8,324,443,375,258,232,376,505,172,261,309
231,9,20,79,267,410,467,133,456,303,246,331
231,10,298,430,182,489,179,483,474,108,267,308
231,11,354,20,123,222,295,35,504,14,498,311
231,12,191,414,440,190,13,254,1,185,137,77
231,13,61,331,127,152,462,161,51,32,210,333
231,14,150,281,50,384,267,399,57,470,200,274
231,15,383,459,79,510,25,204,317,298,297,127
231,16,428,168,169,191,260,88,207,490,94,415
231,17,293,325,319,453,194,38,109,385,307,225
231,18,206,232,166,18,380,397,218,28,387,312
231,19,362,395,463,126,450,438,23,398,461,235
231,20,217,240,443,484,408,379,121,262,24,102
231,21,27,457,213,422,61,65,342,503,141,225
231,22,158,4,238,229,348,496,62,395,505,433
231,23,464,312,169,49,194,108,9,369,278,131
231,24,324,443,107,375,204,261,258,232,225,6
231,25,20,511,79,267,170,466,404,108,277,133
231,26,298,182,489,430,179,474,100,483,267,450
231,27,354,311,123,434,35,20,222,14,385,295
231,28,440,191,1,13,185,414,77,356,280,204
231,29,331,127,61,152,123,462,32,302,23,190
231,30,50,57,150,470,281,267,384,420,200,268
231,31,383,459,79,510,287,298,157,212,422,123
231,32,428,168,58,317,169,56,243,327,228,272
231,33,293,319,107,225,38,325,441,385,489,447
231,34,166,380,232,206,397,217,18,3,218,342
231,35,362,463,310,23,126,450,395,451,500,176
231,36,217,24,102,375,353,240,270,492,121,296
231,37,457,27,324,422,326,387,123,315,493,213
231,38,238,158,4,493,229,124,246,220,329,140
231,39,464,284,223,103,97,167,259,299,353,51
231,40,135,18,143,98,141,168,181,420,229,424
231,41,47,265,351,342,143,398,78,77,448,391
231,42,293,106,37,90,466,458,319,142,73,19
231,43,44,363,24,244,124,245,85,127,146,315
231,44,358,81,199,37,302,228,218,469,402,299
231,45,171,283,11,440,348,115,266,465,425,212
231,46,200,31,232,454,219,6,471,374,490,378
231,47,90,203,242,479,246,457,398,120,442,367
232,0,275,356,4,200,228,156,126,274,180,475
232,1,257,391,0,196,376,464,355,172,105,275
232,2,474,73,378,337,293,346,464,394,232,214
232,3,328,326,483,280,127,270,24,308,96,14
232,4,404,189,143,238,511,289,19,116,422,235
232,5,181,195,165,115,500,364,91,271,455,289
232,6,333,464,30,209,286,58,482,211,134,398
232,7,355,12,485,480,417,227,359,244,312,453
232,8,70,375,133,6,105,225,66,305,324,204
232,9,20,456,267,133,246,372,410,314,369,404
232,10,489,298,367,504,325,337,420,34,438,57
232,11,20,361,504,295,401,400,266,476,311,405
232,12,188,199,187,203,17,461,414,440,503,451
232,13,331,333,309,149,466,210,432,496,350,165
232,14,204,237,434,238,399,510,150,281,114,209
232,15,383,79,311,204,218,297,386,418,25,131
232,16,260,61,168,88,150,312,467,472,339,322
232,17,319,225,437,341,233,142,235,47,5,135
232,18,397,206,200,172,342,121,489,404,297,105
232,19,310,362,368,236,23,219,450,147,463,276
232,20,217,240,102,353,367,166,492,337,472,500
232,21,27,457,422,96,443,20,134,314,326,65
232,22,238,246,140,56,73,493,233,481,220,478
232,23,464,284,185,319,169,312,374,17,259,220
232,24,107,390,269,416,445,83,156,400,70,460
232,25,372,456,246,267,410,404,74,298,445,314
232,26,489,295,478,234,73,34,27,281,190,365
232,27,295,275,371,385,311,375,61,454,177,160
232,28,0,385,38,1,17,415,338,125,356,437
232,29,331,403,350,23,435,309,392,333,437,245
232,30,238,237,405,470,150,151,137,434,430,399
232,31,383,311,146,79,30,294,297,204,110,74
232,32,260,61,88,168,467,355,312,267,264,7
232,33,319,225,235,489,479,332,142,186,233,153
232,34,206,397,342,121,200,88,404,423,20,344
232,35,362,310,463,395,450,23,209,172,236,126
232,36,217,102,353,24,490,492,375,230,121,240
232,37,457,27,324,387,422,61,20,375,326,141
232,38,238,246,73,140,56,493,341,378,411,344
232,39,464,223,284,446,259,97,167,103,51,330
232,40,135,141,18,98,143,304,424,262,168,303
232,41,265,342,47,143,351,77,51,398,489,448
232,42,293,19,90,466,37,319,434,142,106,73
232,43,44,363,24,244,124,266,245,315,346,146
232,44,358,81,37,302,199,228,469,402,59,1
232,45,171,283,11,440,266,115,223,45,400,212
232,46,200,490,219,507,6,283,363,31,378,471
232,47,479,369,246,242,58,504,263,207,296,367
233,0,269,199,476,157,108,5,494,480,406,423
233,1,470,257,355,376,101,229,228,464,406,196
233,2,151,337,469,306,474,419,394,291,336,41
233,3,124,14,24,78,493,335,96,280,483,326
233,4,325,342,289,424,412,19,283,81,116,430
233,5,454,111,502,167,181,452,165,35,380,175
233,6,392,60,286,464,30,58,0,77,223,304
233,7,355,260,9,12,239,17,263,368,179,173
233,8,439,370,204,89,181,390,105,290,133,70
233,9,68,153,410,372,209,20,511,450,291,109
233,10,71,489,49,480,366,298,243,107,325,315
233,11,311,492,434,371,422,84,163,49,20,350
233,12,288,153,356,390,97,440,63,2,338,459
233,13,387,22,97,288,274,265,302,312,286,16
233,14,138,212,486,335,14,402,506,80,274,470
233,15,193,494,289,449,318,169,426,375,199,346
233,16,243,58,429,391,74,23,51,91,201,479
233,17,372,209,389,422,419,105,166,499,381,365
233,18,49,347,184,264,26,318,471,128,250,211
233,19,463,162,173,362,377,490,342,31,453,434
233,20,410,265,485,7,248,78,127,210,348,250
233,21,469,379,70,418,255,131,324,189,423,215
233,22,345,205,49,41,287,57,210,411,238,275
233,23,334,242,127,199,290,49,236,27,115,338
233,24,370,160,356,11,325,87,439,175,13,35
233,25,111,68,346,511,139,154,442,87,14,407
233,26,71,213,48,240,107,484,471,203,335,70
233,27,49,250,84,273,311,500,163,422,165,511
233,28,459,228,390,37,113,96,346,253,356,220
233,29,288,22,387,97,385,184,221,16,417,273
233,30,138,14,486,80,154,212,506,233,314,274
233,31,68,193,494,289,426,375,306,449,226,199
233,32,243,58,391,74,23,429,51,255,278,441
233,33,419,422,372,305,499,389,50,166,120,324
233,34,318,347,49,471,119,184,510,264,497,211
233,35,453,222,103,362,509,426,377,342,162,173
233,36,485,16,210,248,442,55,243,356,7,348
233,37,379,44,255,469,418,10,150,33,152,46
233,38,205,345,41,57,287,86,261,30,49,81
233,39,334,389,27,242,450,244,323,430,325,356
233,40,138,172,178,335,508,354,186,61,8,437
233,41,240,391,59,385,491,48,198,213,226,121
233,42,140,272,322,366,294,90,106,36,212,51
233,43,86,162,278,337,91,207,133,413,45,388
233,44,358,207,37,105,266,397,350,302,199,373
233,45,484,235,266,223,342,443,115,431,63,218
233,46,6,490,495,507,31,200,219,1,466,444
233,47,221,246,100,425,409,272,70,344,58,332
234,0,280,309,247,80,500,340,339,223,354,406
234,1,44,101,89,355,390,496,348,1,20,163
234,2,103,88,394,41,150,276,181,337,336,177
234,3,96,24,433,280,391,267,70,78,58,62
234,4,412,424,422,289,116,433,432,19,62,430
234,5,165,364,293,380,222,394,202,271,109,429
234,6,286,0,30,392,36,464,226,77,304,295
234,7,355,296,12,359,277,462,244,188,485,368
234,8,70,204,89,305,105,390,6,117,223,203
234,9,372,404,410,133,267,44,246,456,20,79
234,10,489,49,367,110,343,480,58,298,307,504
234,11,20,373,434,239,504,295,445,173,317,302
234,12,440,503,3,2,23,138,487,188,270,157
234,13,309,333,210,150,432,167,204,33,466,331
234,14,238,237,441,150,390,151,95,281,434,399
234,15,383,79,311,204,74,131,9,25,123,297
234,16,260,168,312,88,415,270,61,2,135,472
234,17,235,319,142,437,186,473,233,114,255,48
234,18,411,206,121,342,397,200,88,297,271,217
234,19,362,463,310,450,368,451,276,236,395,290
234,20,217,102,240,367,288,353,503,230,101,296
234,21,27,457,422,290,324,20,24,134,65,326
234,22,238,493,36,360,90,204,272,83,234,371
234,23,464,128,26,374,284,9,169,215,204,185
234,24,390,107,70,269,300,133,6,142,445,310
234,25,372,456,93,411,246,267,291,27,133,264
234,26,489,49,235,367,478,420,228,437,110,337
234,27,275,351,4,314,454,239,302,192,22,373
234,28,440,94,3,503,125,188,21,0,364,23
234,29,350,309,333,392,149,245,286,83,110,210
234,30,237,238,247,390,150,95,399,499,217,137
234,31,383,311,74,283,79,98,204,146,30,76
234,32,391,260,312,168,61,366,2,7,428,205
234,33,235,319,38,142,251,186,315,504,80,130
234,34,397,206,297,121,411,217,88,200,344,278
234,35,362,310,463,395,450,172,126,52,260,446
234,36,217,353,102,230,151,490,101,492,503,367
234,37,457,27,290,324,422,96,134,20,5,61
234,38,238,493,124,216,232,438,83,257,413,204
234,39,464,223,103,9,446,353,167,215,242,457
234,40,135,143,168,18,304,141,292,428,98,262
234,41,265,342,351,47,143,482,20,299,407,103
234,42,106,293,90,319,37,14,142,506,73,302
234,43,44,363,24,266,124,315,244,346,173,245
234,44,358,37,266,228,402,302,199,459,59,76
234,45,283,11,62,223,45,182,235,400,455,10
234,46,6,87,200,505,490,219,31,406,284,85
234,47,491,444,485,90,205,50,246,395,163,242
235,0,1,275,35,31,59,329,445,69,5,506
235,1,464,391,257,0,166,310,148,376,41,309
235,2,41,474,232,337,73,346,88,464,203,172
235,3,326,483,328,124,24,280,227,14,127,500
235,4,404,189,238,289,472,511,509,143,92,382
235,5,181,165,289,247,195,35,230,173,314,271
235,6,58,464,392,128,0,286,511,284,293,167
235,7,485,12,355,277,204,127,384,227,417,17
235,8,379,24,120,494,456,495,16,271,21,180
235,9,461,182,192,224,147,124,7,223,165,74
235,10,198,489,217,241,148,191,303,298,249,213
235,11,408,87,352,399,33,385,279,351,284,475
235,12,151,80,315,46,241,356,238,130,371,279
235,13,483,349,334,253,153,401,89,365,203,331
235,14,505,405,85,238,99,291,44,46,491,470
235,15,383,294,311,146,131,30,187,275,110,79
235,16,345,61,355,98,88,207,2,168,467,260
235,17,236,245,336,283,193,490,420,319,87,382
235,18,179,144,361,300,15,243,56,369,419,451
235,19,438,99,152,19,102,209,185,306,313,395
235,20,353,152,392,116,62,281,92,440,376,377
235,21,274,256,157,321,125,275,497,209,326,444
235,22,56,238,458,155,197,478,248,421,132,343
235,23,464,403,251,201,270,223,319,312,454,475
235,24,312,73,31,9,66,510,88,70,370,400
235,25,70,372,511,404,246,32,249,263,267,76
235,26,217,365,397,238,489,100,229,56,51,198
235,27,311,179,16,479,399,192,427,385,397,443
235,28,356,208,180,80,338,440,0,125,130,215
235,29,284,364,449,203,385,153,23,302,154,401
235,30,291,505,179,99,405,238,470,294,160,383
235,31,294,131,146,74,383,30,311,275,79,376
235,32,88,345,98,355,61,260,476,2,222,450
235,33,420,245,336,265,283,255,80,177,236,490
235,34,419,237,243,383,1,83,179,454,206,339
235,35,395,185,362,438,209,313,263,93,26,219
235,36,217,152,107,84,487,425,80,500,400,492
235,37,457,27,256,421,420,112,342,157,375,127
235,38,238,56,493,246,73,411,319,341,443,344
235,39,464,215,223,9,422,330,383,365,494,442
235,40,292,135,289,420,301,239,409,181,177,437
235,41,51,342,77,482,265,293,351,321,366,249
235,42,293,90,506,319,37,14,107,294,458,183
235,43,44,244,24,85,266,173,472,259,353,493
235,44,358,37,81,76,459,402,59,331,228,218
235,45,283,45,223,11,171,400,455,428,280,147
235,46,219,200,490,6,363,507,383,433,85,5
235,47,246,310,479,317,92,137,504,487,436,66
236,0,175,97,53,10,304,0,291,189,176,501
236,1,257,314,355,390,438,21,78,126,372,90
236,2,337,158,41,33,96,396,35,394,39,252
236,3,391,96,58,267,24,70,433,200,280,339
236,4,412,424,289,422,432,116,19,312,398,105
236,5,165,364,222,390,380,202,7,302,109,271
236,6,286,36,30,0,90,304,464,184,139,295
236,7,12,296,355,359,368,29,431,319,188,462
236,8,305,89,510,50,70,390,204,133,203,105
236,9,372,183,456,267,416,410,133,20,255,164
236,10,49,489,235,110,367,292,474,44,307,59
236,11,174,239,20,383,292,445,373,458,187,293
236,12,503,2,440,441,23,411,270,1,451,494
236,13,309,76,333,150,149,212,245,321,404,167
236,14,238,377,390,399,95,237,280,247,187,441
236,15,383,311,79,204,74,98,283,218,30,131
236,16,260,312,168,61,391,150,96,355,415,422
236,17,235,315,64,142,38,48,47,284,148,337
236,18,258,172,271,88,206,200,121,139,344,397
236,19,463,362,310,276,368,369,470,290,451,23
236,20,217,288,101,240,484,102,336,367,309,159
236,21,27,290,457,324,499,20,326,477,422,122
236,22,238,140,204,246,90,413,83,493,481,234
236,23,128,464,86,26,201,274,494,374,28,302
236,24,390,269,510,121,133,107,117,223,439,445
236,25,372,456,93,264,183,255,291,164,267,416
236,26,235,367,49,480,110,404,474,489,292,337
236,27,314,239,464,275,383,174,351,221,311,292
236,28,440,503,1,0,188,21,94,3,411,169
236,29,245,309,350,110,149,286,333,167,123,341
236,30,237,238,247,390,399,68,187,95,209,86
236,31,383,311,146,283,74,98,204,79,30,76
236,32,312,260,391,168,355,61,7,209,205,296
236,33,235,315,251,186,333,489,319,243,64,222
236,34,258,88,172,121,344,139,206,397,200,217
236,35,362,310,463,15,369,462,368,219,450,261
236,36,217,102,492,101,353,462,288,113,144,487
236,37,290,27,457,499,324,90,387,497,420,314
236,38,413,238,140,83,204,246,38,194,124,378
236,39,223,464,446,86,128,17,127,194,89,369
236,40,135,428,143,353,351,124,292,424,491,305
236,41,482,265,342,270,281,448,30,232,373,249
236,42,293,296,153,90,14,233,89,64,51,74
236,43,266,244,189,127,488,44,24,46,150,340
236,44,358,81,376,37,402,228,76,199,207,434
236,45,283,171,11,223,231,455,440,356,246,498
236,46,219,507,271,200,139,232,362,286,353,6
236,47,479,242,496,398,211,417,504,442,129,58
237,0,269,116,199,108,494,5,157,239,406,144
237,1,355,470,417,101,388,148,328,229,424,453
237,2,151,419,337,396,41,13,184,350,172,201
237,3,124,24,14,483,78,493,500,315,490,496
237,4,342,325,289,424,412,19,81,430,423,59
237,5,454,111,302,502,222,165,289,167,484,452
237,6,392,60,30,491,231,286,464,36,226,395
237,7,260,263,9,12,355,249,483,96,129,277
237,8,21,121,165,452,203,344,439,117,7,134
237,9,182,223,261,411,147,203,102,495,108,164
237,10,71,426,460,358,229,243,148,489,480,246
237,11,332,104,475,464,130,351,60,106,22,272
237,12,315,385,424,46,338,94,38,490,356,129
237,13,287,63,334,366,46,253,179,364,449,154
237,14,238,426,387,99,366,53,294,276,288,470
237,15,311,383,146,294,110,131,74,30,98,64
237,16,61,355,260,267,2,345,168,453,322,207
237,17,236,245,336,283,490,165,228,379,284,87
237,18,206,179,114,451,137,468,419,144,128,153
237,19,362,395,185,99,438,213,130,248,228,94
237,20,353,102,217,151,490,392,385,233,343,51
237,21,126,288,326,406,497,137,80,135,133,481
237,22,49,197,458,272,411,312,395,9,238,218
237,23,464,251,223,128,480,353,477,394,97,201
237,24,66,312,510,355,204,73,417,370,180,408
237,25,372,456,246,267,410,404,432,83,74,400
237,26,489,307,229,374,437,44,267,51,451,234
237,27,392,375,239,385,329,479,399,311,66,16
237,28,440,1,24,0,2,347,302,152,80,383
237,29,449,284,396,334,331,2,208,163,506,275
237,30,238,387,505,194,95,1,300,99,176,114
237,31,74,383,294,311,79,131,146,30,98,424
237,32,260,2,135,168,415,88,355,61,111,267
237,33,255,245,236,420,402,130,336,319,432,87
237,34,407,206,237,153,454,57,349,243,389,334
237,35,362,395,99,21,292,185,40,79,460,481
237,36,327,127,385,400,318,353,95,426,324,218
237,37,288,144,166,341,481,328,503,473,189,493
237,38,49,6,411,272,418,70,421,36,217,139
237,39,464,223,394,251,234,167,470,88,477,201
237,40,168,18,120,135,396,205,141,304,16,229
237,41,342,299,439,145,348,300,36,501,366,273
237,42,291,319,285,423,63,203,452,33,501,318
237,43,266,24,40,124,173,161,342,207,346,445
237,44,350,76,402,505,213,195,206,290,59,1
237,45,481,168,223,220,11,366,455,289,431,81
237,46,6,357,507,290,200,490,281,374,76,85
237,47,399,211,20,221,242,425,409,246,433,302
238,0,89,197,174,27,309,367,366,232,145,500
238,1,21,44,101,358,390,89,50,355,20,163
238,2,394,273,337,123,487,445,35,100,201,190
238,3,24,96,391,200,280,267,58,78,433,14
238,4,412,424,289,422,398,19,116,312,378,105
238,5,165,447,176,111,222,147,7,109,271,335
238,6,286,25,213,77,36,90,464,30,0,169
238,7,355,296,29,404,62,389,359,152,285,368
238,8,305,121,203,280,454,331,117,50,66,72
238,9,372,183,456,416,164,255,267,410,479,264
238,10,235,49,367,480,159,110,44,489,343,334
238,11,174,292,383,504,361,239,173,149,241,405
238,12,441,309,436,270,503,2,451,382,500,337
238,13,46,366,63,67,364,145,184,334,449,268
238,14,387,238,426,53,366,123,349,120,294,191
238,15,131,311,74,383,98,30,79,110,232,64
238,16,260,96,2,168,222,61,267,355,476,53
238,17,255,319,245,236,394,402,283,336,165,420
238,18,206,342,114,334,401,451,449,268,36,333
238,19,362,395,185,438,355,284,450,93,79,236
238,20,353,217,102,454,116,500,400,490,304,152
238,21,326,135,497,144,373,344,288,321,406,457
238,22,399,504,413,458,302,38,116,197,400,91
238,23,223,251,464,394,353,201,403,99,86,140
238,24,70,66,204,6,355,312,290,510,89,180
238,25,372,246,267,456,404,410,484,183,74,147
238,26,489,437,307,49,229,392,267,34,312,85
238,27,239,375,392,399,85,311,475,329,16,401
238,28,440,1,24,239,385,347,125,0,2,280
238,29,284,331,506,15,23,87,432,275,2,333
238,30,238,1,300,387,282,176,495,434,507,114
238,31,74,383,131,79,311,30,98,294,146,55
238,32,260,2,135,88,96,415,61,168,111,303
238,33,245,420,255,319,130,183,402,251,336,135
238,34,419,268,217,344,280,19,206,99,454,195
238,35,362,236,45,398,226,237,395,357,363,355
238,36,217,202,487,492,84,102,159,500,425,107
238,37,457,290,27,314,387,324,497,256,283,127
238,38,413,504,399,238,124,232,194,302,257,83
238,39,464,128,223,86,17,8,197,213,369,396
238,40,143,135,124,103,305,232,319,292,125,181
238,41,253,342,265,78,108,281,404,373,412,37
238,42,90,293,106,51,315,185,14,485,300,183
238,43,44,488,315,380,27,266,237,4,116,262
238,44,358,37,266,505,318,76,199,299,402,1
238,45,223,11,25,356,283,174,205,440,168,473
238,46,6,31,434,219,85,200,164,356,343,378
238,47,299,210,242,484,444,398,408,345,417,442
239,0,354,110,480,248,491,493,5,297,414,283
239,1,326,89,163,44,271,297,348,358,20,50
239,2,179,12,182,114,445,323,383,61,104,327
239,3,391,58,446,494,152,200,78,69,376,363
239,4,266,432,272,105,412,91,116,422,295,424
239,5,19,452,165,22,222,102,382,211,506,390
239,6,238,457,286,213,37,36,95,115,39,30
239,7,368,152,355,244,306,285,411,78,179,296
239,8,199,66,370,488,355,164,204,290,508,225
239,9,246,456,267,372,44,20,302,511,410,109
239,10,143,234,374,365,489,293,366,282,44,307
239,11,295,392,86,375,177,211,311,356,352,385
239,12,356,216,274,80,46,189,1,130,487,347
239,13,154,16,435,253,331,334,184,365,22,401
239,14,238,46,200,83,405,114,470,281,99,414
239,15,383,131,311,297,30,79,402,501,266,64
239,16,61,267,207,355,53,168,260,96,171,2
239,17,319,193,401,165,16,346,336,236,442,449
239,18,144,419,114,179,361,206,369,167,57,407
239,19,19,141,130,438,450,209,314,213,339,228
239,20,327,102,34,353,217,437,433,29,310,293
239,21,283,35,273,321,50,317,159,89,497,503
239,22,6,197,418,421,458,91,363,508,372,378
239,23,82,464,223,394,111,158,147,438,251,480
239,24,66,427,199,73,260,237,370,355,164,365
239,25,246,456,267,372,262,242,410,404,484,511
239,26,293,307,234,365,437,44,317,267,229,143
239,27,295,233,375,432,292,123,239,392,385,168
239,28,1,249,0,487,347,356,152,2,338,494
239,29,401,331,435,449,384,364,163,334,253,321
239,30,320,238,150,114,300,405,292,46,404,1
239,31,383,131,311,402,297,266,30,294,74,110
239,32,61,267,355,260,96,467,168,207,345,88
239,33,193,165,319,16,336,245,403,87,236,283
239,34,407,419,280,369,216,19,230,48,27,144
239,35,21,102,399,223,19,141,130,314,238,213
239,36,327,8,437,34,102,272,84,293,278,29
239,37,288,168,65,503,162,241,127,166,273,226
239,38,6,421,418,94,395,508,91,329,496,141
239,39,82,464,394,223,234,185,111,104,199,127
239,40,18,168,434,188,165,16,176,205,141,84
239,41,342,299,273,36,439,79,37,176,485,415
239,42,75,77,95,389,66,439,222,306,179,413
239,43,342,359,266,246,414,224,164,85,95,121
239,44,350,160,76,59,183,213,10,310,5,154
239,45,481,168,509,315,285,358,356,310,312,220
239,46,357,6,466,290,374,378,33,465,346,367
239,47,233,143,242,433,442,408,498,403,139,444
240,0,447,287,143,33,414,151,364,20,268,419
240,1,407,147,17,109,355,404,326,133,163,467
240,2,273,504,487,100,510,438,297,41,188,85
240,3,391,58,24,96,267,200,339,78,333,433
240,4,412,424,105,422,116,289,345,398,62,432
240,5,165,176,222,147,452,447,109,355,375,364
240,6,25,286,30,90,36,464,0,213,392,115
240,7,355,296,404,368,62,359,383,277,147,12
240,8,70,305,89,105,6,66,280,331,121,117
240,9,372,456,183,267,20,410,246,255,404,301
240,10,49,489,235,437,59,44,367,110,315,298
240,11,239,174,504,292,383,20,284,345,445,391
240,12,441,169,1,440,494,270,503,3,487,189
240,13,321,333,210,83,309,404,331,150,167,33
240,14,238,390,5,237,399,507,327,150,377,415
240,15,383,311,79,74,283,204,131,98,408,25
240,16,312,260,168,96,61,150,193,472,339,307
240,17,235,319,333,148,142,47,233,186,266,48
240,18,397,206,278,217,271,342,99,297,121,240
240,19,362,23,398,368,316,463,137,236,494,42
240,20,217,240,492,484,202,102,166,288,300,495
240,21,27,290,457,395,342,276,489,65,326,422
240,22,413,302,91,399,238,505,493,102,218,155
240,23,464,128,28,204,9,432,169,406,374,223
240,24,107,413,416,280,390,149,117,269,445,121
240,25,372,456,264,338,246,124,411,87,267,147
240,26,235,49,480,460,504,228,489,57,295,337
240,27,275,314,239,22,292,351,466,174,454,311
240,28,440,329,441,169,129,385,373,364,436,314
240,29,23,245,333,396,341,408,285,83,67,85
240,30,238,237,99,399,282,490,181,137,291,59
240,31,311,383,74,294,146,98,30,354,110,260
240,32,355,260,168,61,312,2,96,267,7,382
240,33,251,245,183,153,19,472,243,142,236,336
240,34,397,99,278,206,217,480,297,45,149,121
240,35,362,310,23,398,208,237,137,126,462,261
240,36,217,492,102,152,84,375,113,487,300,500
240,37,457,27,290,482,256,497,314,157,387,420
240,38,413,238,91,298,83,378,194,399,302,272
240,39,464,223,9,446,284,86,128,127,330,494
240,40,135,305,472,143,409,211,319,420,124,484
240,41,342,351,321,436,373,255,14,281,20,381
240,42,106,90,51,14,292,296,185,165,293,206
240,43,44,244,488,266,48,85,200,237,262,272
240,44,37,358,76,266,246,502,183,124,265,330
240,45,168,356,11,132,25,388,446,414,315,431
240,46,87,6,219,445,374,232,346,465,85,281
240,47,50,242,491,444,210,485,398,442,408,420
241,0,445,183,498,35,69,31,1,172,329,273
241,1,129,276,464,52,462,142,166,382,24,37
241,2,288,214,21,195,378,291,462,25,190,65
241,3,107,14,3,39,148,330,65,500,483,280
241,4,148,384,202,13,99,289,19,388,452,472
241,5,137,113,364,484,111,165,76,481,279,314
241,6,286,116,464,54,482,209,227,0,499,429
241,7,485,506,13,383,500,355,451,244,49,230
241,8,70,209,147,6,413,305,344,117,406,139
241,9,404,410,494,303,108,164,254,106,88,298
241,10,489,157,49,436,57,384,420,480,58,504
241,11,401,445,504,198,391,417,20,272,434,457
241,12,41,440,123,199,342,375,503,3,13,128
241,13,309,333,245,210,341,192,165,162,400,204
241,14,507,237,444,399,327,492,510,9,169,488
241,15,383,25,186,418,157,472,421,123,424,442
241,16,88,490,472,238,192,260,202,141,13,168
241,17,319,255,142,447,32,393,479,437,317,308
241,18,312,206,237,121,88,297,387,342,232,378
241,19,107,362,236,463,395,93,451,23,366,268
241,20,217,24,490,288,229,373,116,102,360,492
241,21,421,485,316,160,457,101,65,61,477,326
241,22,319,73,360,372,298,238,246,234,374,62
241,23,259,185,240,288,133,406,108,135,236,23
241,24,107,265,413,142,6,70,344,310,266,416
241,25,27,494,254,93,43,60,321,108,411,325
241,26,489,436,157,367,337,259,504,73,228,312
241,27,275,4,401,445,241,417,391,61,475,57
241,28,342,375,501,465,329,364,41,373,68,440
241,29,495,350,361,309,23,245,210,341,132,286
241,30,237,507,169,490,399,501,378,117,444,148
241,31,383,79,472,371,25,442,204,260,225,136
241,32,88,260,391,202,317,141,111,168,103,150
241,33,479,308,447,229,32,319,435,219,332,489
241,34,312,237,378,206,232,88,121,387,344,342
241,35,362,107,395,463,93,261,236,143,79,52
241,36,217,490,373,24,151,353,360,492,229,355
241,37,421,485,316,457,160,101,324,477,27,5
241,38,73,319,360,238,298,246,372,157,395,497
241,39,464,284,299,223,353,236,97,330,394,32
241,40,18,141,135,74,98,304,143,262,177,402
241,41,342,300,265,47,27,462,439,398,448,407
241,42,319,462,136,243,142,488,293,280,63,37
241,43,124,148,24,44,131,505,266,245,346,421
241,44,358,177,100,302,104,322,199,228,218,1
241,45,349,280,132,11,400,440,455,45,382,464
241,46,200,495,31,471,433,85,67,452,213,135
241,47,360,246,458,136,461,90,60,263,436,501
242,0,219,23,70,17,505,468,362,182,267,393
242,1,23,196,189,316,331,164,3,277,37,87
242,2,387,437,97,244,471,509,298,359,5,81
242,3,391,152,135,78,363,449,261,414,58,332
242,4,266,432,201,272,412,422,19,105,277,113
242,5,165,19,382,22,452,234,322,176,211,7
242,6,369,395,36,286,391,457,386,125,37,116
242,7,355,244,359,368,373,157,152,102,78,456
242,8,66,370,498,164,237,89,225,305,290,320
242,9,246,267,456,372,44,511,133,410,20,404
242,10,489,293,303,374,44,217,453,298,365,234
242,11,295,352,375,401,399,87,385,123,284,311
242,12,80,356,46,315,323,385,151,1,274,338
242,13,331,334,284,333,449,253,401,92,153,483
242,14,238,405,387,114,61,99,85,276,391,1
242,15,311,383,110,187,146,43,294,30,131,218
242,16,61,355,267,260,345,88,2,168,322,98
242,17,245,236,336,319,401,193,382,490,255,485
242,18,144,243,206,237,369,179,361,169,56,451
242,19,130,438,209,450,141,19,99,185,508,93
242,20,102,353,24,480,385,176,418,126,395,178
242,21,126,275,157,274,503,356,241,263,228,382
242,22,307,421,508,35,458,395,263,89,117,69
242,23,438,464,179,82,222,111,377,452,480,477
242,24,73,312,66,31,510,216,258,292,146,180
242,25,456,249,76,400,246,70,499,316,404,372
242,26,56,397,258,411,217,237,117,190,232,44
242,27,295,16,427,239,179,53,34,311,66,401
242,28,80,323,280,0,440,338,95,21,342,1
242,29,163,284,334,59,449,380,46,396,258,413
242,30,238,291,405,505,287,99,470,85,68,247
242,31,383,294,311,146,110,266,297,373,30,376
242,32,61,355,267,345,168,88,260,467,155,378
242,33,228,336,245,420,236,319,87,165,490,281
242,34,57,153,243,206,237,37,104,1,144,419
242,35,130,438,209,395,185,213,362,450,166,21
242,36,127,102,418,24,124,311,490,152,492,80
242,37,288,54,101,341,350,503,435,39,10,151
242,38,6,307,157,458,299,147,198,217,53,35
242,39,82,464,438,394,179,226,223,402,222,97
242,40,18,396,168,205,141,434,188,135,428,44
242,41,299,342,210,485,145,36,435,434,414,171
242,42,423,43,319,268,508,177,50,139,193,258
242,43,359,207,445,164,40,342,266,161,124,85
242,44,358,104,228,76,225,54,59,292,402,407
242,45,280,11,349,440,283,400,237,451,233,461
242,46,200,495,31,452,433,107,363,1,490,23
242,47,246,108,137,66,461,224,342,367,324,501
243,0,446,280,494,414,383,80,223,189,340,211
243,1,23,269,314,30,137,390,438,371,496,8
243,2,202,190,394,276,337,181,34,387,480,176
243,3,280,392,96,24,183,14,500,424,493,200
243,4,424,412,422,116,289,264,433,430,121,88
243,5,165,271,293,422,276,173,380,309,91,452
243,6,286,381,193,401,464,116,299,391,36,226
243,7,505,355,506,312,188,383,294,462,244,359
243,8,6,70,89,466,147,204,132,428,491,149
243,9,267,410,372,20,404,44,254,246,133,456
243,10,489,16,139,58,343,337,179,407,49,157
243,11,401,259,417,445,504,198,295,20,241,222
243,12,440,375,342,41,13,2,128,467,270,21
243,13,309,23,432,333,400,210,245,150,418,68
243,14,507,237,151,405,327,399,510,9,114,282
243,15,383,79,297,204,138,311,245,25,218,418
243,16,88,260,168,135,467,61,270,415,322,238
243,17,319,293,420,255,375,346,80,32,245,459
243,18,206,232,18,312,480,121,160,387,453,128
243,19,362,185,463,209,395,397,130,126,93,23
243,20,217,360,24,490,141,102,374,296,353,458
243,21,101,421,316,246,320,404,432,65,160,401
243,22,371,216,324,238,298,365,420,372,389,505
243,23,284,464,331,259,185,133,236,175,9,288
243,24,107,6,45,413,70,466,142,491,510,443
243,25,494,108,246,404,254,411,267,410,44,27
243,26,489,34,157,73,426,16,259,49,179,337
243,27,401,295,4,275,311,314,475,241,106,26
243,28,440,148,342,41,375,323,373,125,388,13
243,29,23,331,309,432,333,61,210,286,414,444
243,30,507,237,405,114,179,404,238,151,488,357
243,31,383,311,79,297,266,204,418,380,245,146
243,32,88,260,61,467,168,348,322,171,7,492
243,33,420,319,375,293,346,255,418,449,459,479
243,34,206,160,243,232,480,423,18,115,128,312
243,35,362,185,93,209,395,130,450,13,141,405
243,36,360,490,102,217,141,374,24,44,373,353
243,37,101,421,316,246,401,160,432,404,457,256
243,38,157,120,298,324,216,420,250,371,412,238
243,39,284,464,452,394,483,274,480,236,477,301
243,40,135,74,141,18,451,60,483,457,262,169
243,41,300,342,84,399,140,265,27,290,249,383
243,42,388,319,136,243,241,295,51,296,271,292
243,43,124,148,24,428,456,20,134,488,74,184
243,44,315,169,76,418,358,430,417,344,154,107
243,45,205,309,220,168,233,25,440,124,174,419
243,46,510,470,31,454,115,288,91,444,346,240
243,47,120,90,242,123,398,205,246,276,367,417
244,0,499,182,241,192,212,457,294,318,388,414
244,1,382,23,328,309,27,310,15,315,148,136
244,2,387,65,208,378,190,242,228,11,184,5
244,3,491,309,500,114,259,28,241,298,392,89
244,4,162,451,61,300,247,236,31,474,139,484
244,5,178,277,397,467,412,503,287,359,261,45
244,6,369,128,284,386,511,351,363,465,355,229
244,7,204,127,384,454,102,53,507,273,68,125
244,8,379,271,24,302,495,120,180,16,456,352
244,9,368,165,203,182,461,495,124,192,223,102
244,10,71,107,322,213,243,171,14,335,379,467
244,11,84,422,49,350,430,250,371,511,273,424
244,12,37,390,288,63,491,459,228,96,277,290
244,13,387,22,385,288,97,91,273,259,265,250
244,14,138,486,212,14,335,506,402,80,470,460
244,15,494,193,289,449,318,426,169,375,288,199
244,16,243,391,429,58,74,51,201,91,23,189
244,17,209,419,389,166,372,422,499,365,105,305
244,18,49,184,264,318,347,211,26,471,250,128
244,19,173,31,162,463,362,377,453,434,490,342
244,20,485,410,78,348,248,265,7,55,388,127
244,21,469,379,418,255,215,70,229,33,131,150
244,22,205,41,287,345,57,261,267,86,196,456
244,23,242,334,127,199,325,338,290,236,115,14
244,24,370,356,160,325,11,87,13,175,439,35
244,25,111,346,68,442,154,139,511,361,407,14
244,26,71,240,48,213,107,335,484,203,471,330
244,27,49,250,84,273,422,500,165,311,511,430
244,28,459,228,390,113,37,96,346,253,356,277
244,29,288,22,387,97,184,221,385,16,273,417
244,30,138,14,486,212,80,233,154,506,314,274
244,31,68,193,494,426,375,289,306,449,199,226
244,32,243,58,391,74,23,51,255,429,278,441
244,33,419,422,372,305,389,499,166,50,120,324
244,34,347,318,49,471,119,184,510,264,211,497
244,35,453,222,103,377,362,509,426,342,192,173
244,36,485,16,210,442,248,55,243,348,291,304
244,37,379,255,44,418,10,469,150,33,152,46
244,38,205,345,41,30,261,287,57,86,81,196
244,39,334,389,27,242,450,325,430,323,244,338
244,40,138,172,178,508,335,354,186,173,381,209
244,41,240,391,59,385,213,48,491,65,198,441
244,42,140,272,322,366,212,151,393,51,195,43
244,43,86,337,278,162,413,207,133,91,388,45
244,44,350,105,87,207,433,276,408,82,205,300
244,45,237,443,303,51,168,115,99,349,475,218
244,46,88,56,374,297,438,55,60,168,36,294
244,47,143,445,79,332,242,247,156,100,55,343
245,0,227,194,380,298,216,148,165,281,162,109
245,1,382,27,7,365,88,466,463,11,136,188
245,2,426,365,239,65,125,324,392,335,387,132
245,3,14,497,203,4,0,440,21,318,248,315
245,4,56,156,325,198,426,354,59,378,107,502
245,5,445,242,442,91,271,111,1,84,463,129
245,6,54,67,505,191,227,427,193,286,493,111
245,7,76,215,332,247,381,453,420,88,241,335
245,8,70,45,6,491,54,77,19,149,147,139
245,9,494,254,404,35,410,44,372,114,504,329
245,10,489,157,485,297,478,364,76,388,304,106
245,11,401,311,402,445,371,92,268,367,184,241
245,12,230,342,53,346,323,153,41,440,123,182
245,13,23,309,432,506,210,423,146,333,255,258
245,14,179,405,71,237,507,411,399,402,221,347
245,15,79,383,245,138,146,25,297,204,157,347
245,16,88,98,260,467,168,472,450,490,238,107
245,17,420,375,255,80,319,491,32,402,225,245
245,18,160,115,104,10,359,243,318,237,121,206
245,19,93,185,13,362,209,405,463,395,448,284
245,20,360,24,141,374,490,217,353,51,102,356
245,21,101,246,401,316,421,404,432,334,44,65
245,22,157,250,120,60,24,75,311,30,210,0
245,23,236,284,185,259,194,130,133,54,72,288
245,24,45,77,54,165,160,107,428,19,76,70
245,25,494,35,504,254,446,410,44,404,98,280
245,26,157,489,297,485,73,420,240,34,267,426
245,27,311,295,184,401,234,402,16,456,346,4
245,28,230,323,53,342,346,182,153,459,270,228
245,29,23,423,347,284,286,414,309,350,136,352
245,30,405,179,237,404,294,61,320,470,399,217
245,31,383,245,297,380,266,146,397,311,418,187
245,32,467,88,61,348,322,98,260,317,114,168
245,33,420,418,459,346,491,449,255,319,375,434
245,34,115,104,237,10,160,359,243,342,37,312
245,35,209,93,185,141,107,362,130,395,13,284
245,36,360,490,24,102,373,141,374,51,353,217
245,37,101,316,421,246,160,401,432,404,334,457
245,38,157,250,120,60,24,75,210,30,322,319
245,39,452,464,284,394,82,111,480,477,274,247
245,40,74,135,141,176,18,88,188,168,262,60
245,41,300,342,140,299,265,399,84,61,87,390
245,42,124,226,319,243,27,462,218,368,18,10
245,43,148,124,24,131,173,44,359,421,342,266
245,44,238,177,358,195,59,100,218,297,1,344
245,45,204,475,330,173,349,45,220,442,440,283
245,46,338,433,418,107,200,471,69,157,484,136
245,47,138,60,360,273,343,92,458,246,407,137
246,0,121,478,433,45,154,195,171,56,405,229
246,1,223,340,40,463,22,318,7,457,219,139
246,2,426,240,459,113,51,38,389,24,491,377
246,3,203,0,14,161,250,332,386,440,59,31
246,4,363,56,378,33,484,321,319,246,383,394
246,5,3,442,242,445,508,271,230,479,456,249
246,6,493,54,405,406,427,467,160,232,483,35
246,7,76,215,327,388,266,420,157,88,380,373
246,8,491,45,6,70,453,129,77,211,3,122
246,9,254,404,372,246,267,456,315,410,98,467
246,10,489,281,505,364,452,190,157,186,150,388
246,11,401,295,26,504,259,448,119,441,445,97
246,12,230,323,270,203,501,358,164,193,333,247
246,13,350,284,413,502,256,400,262,285,341,492
246,14,405,61,179,347,399,378,294,510,495,327
246,15,383,311,297,266,187,131,110,380,245,79
246,16,88,467,61,260,348,322,98,345,168,259
246,17,459,420,418,382,245,319,346,490,449,62
246,18,237,104,160,243,10,144,454,342,311,312
246,19,141,185,209,93,130,362,107,395,236,348
246,20,360,24,490,374,102,141,480,353,217,373
246,21,101,421,316,246,160,404,432,334,485,401
246,22,490,157,250,120,319,458,395,144,234,62
246,23,464,452,284,82,111,19,236,23,259,130
246,24,491,45,107,460,216,209,72,445,130,3
246,25,246,499,400,404,254,494,456,411,410,128
246,26,34,360,44,73,452,295,201,217,79,41
246,27,295,401,16,479,311,2,114,275,61,192
246,28,323,230,270,375,440,203,319,450,342,20
246,29,284,416,413,350,369,476,146,505,104,309
246,30,405,61,320,430,239,237,151,238,217,434
246,31,383,311,380,418,186,297,266,187,146,376
246,32,88,467,260,61,348,317,492,107,322,114
246,33,418,420,459,219,319,434,479,489,393,449
246,34,312,237,319,104,342,311,144,187,1,421
246,35,107,141,209,236,362,93,130,185,500,395
246,36,360,490,24,102,373,374,141,51,480,217
246,37,421,485,316,160,101,246,404,432,457,387
246,38,490,157,319,73,250,120,458,197,510,0
246,39,452,464,111,284,82,394,477,9,274,480
246,40,135,74,141,18,176,60,88,382,262,188
246,41,300,342,299,265,348,87,439,390,47,61
246,42,319,243,462,218,226,265,368,27,466,296
246,43,148,124,24,44,359,131,173,428,134,342
246,44,177,358,238,104,59,1,100,195,402,344
246,45,349,204,475,173,330,45,455,280,220,412
246,46,433,107,23,200,370,262,219,503,236,136
246,47,60,137,66,108,112,92,9,246,324,469
247,0,312,220,39,267,418,362,264,44,132,301
247,1,144,55,316,85,191,107,382,338,170,272
247,2,335,271,324,452,426,105,299,277,190,81
247,3,280,489,283,0,495,482,209,14,414,257
247,4,87,56,148,371,323,289,219,314,366,321
247,5,125,508,364,165,284,271,40,434,50,48
247,6,286,239,22,54,194,301,144,97,445,411
247,7,49,244,451,172,227,267,390,466,164,478
247,8,70,45,216,252,6,139,249,144,491,147
247,9,494,44,504,246,404,410,456,372,133,254
247,10,157,489,485,293,106,388,164,510,452,57
247,11,295,401,311,352,97,349,445,344,57,443
247,12,342,230,280,501,249,440,41,323,3,128
247,13,284,309,146,333,62,418,471,432,296,258
247,14,405,204,179,320,9,282,417,237,378,49
247,15,383,311,297,79,187,266,25,245,347,418
247,16,467,88,260,61,98,322,348,382,490,168
247,17,420,319,255,80,346,245,382,32,101,204
247,18,319,312,237,144,88,121,105,346,10,206
247,19,362,141,107,93,209,130,463,185,236,395
247,20,24,490,360,102,51,480,353,217,458,141
247,21,421,485,316,101,160,443,404,27,84,113
247,22,319,490,73,246,238,481,157,0,245,360
247,23,452,111,284,464,185,82,331,108,394,259
247,24,70,45,107,266,413,252,265,216,491,375
247,25,494,504,246,60,404,44,410,456,499,181
247,26,157,34,73,489,293,259,485,483,134,49
247,27,295,401,311,121,275,16,464,244,391,472
247,28,501,342,230,188,249,440,375,280,21,323
247,29,309,350,284,23,423,286,333,146,56,258
247,30,405,237,204,320,179,404,490,357,507,238
247,31,383,380,311,266,297,187,382,146,245,295
247,32,467,88,260,61,492,348,127,267,98,96
247,33,420,418,319,219,38,282,459,449,255,346
247,34,319,312,237,121,88,144,206,243,37,346
247,35,362,107,141,93,209,130,450,395,185,238
247,36,24,490,102,373,360,51,355,480,151,141
247,37,421,485,316,160,101,84,457,113,477,443
247,38,319,73,490,238,246,157,481,245,446,416
247,39,452,464,111,394,82,284,477,274,256,9
247,40,135,141,18,74,176,262,143,88,402,304
247,41,300,342,265,47,299,356,348,439,390,87
247,42,319,243,462,265,218,37,293,354,488,136
247,43,148,124,24,44,131,359,342,224,173,261
247,44,358,177,104,59,1,322,402,100,195,297
247,45,349,45,455,173,280,220,283,412,464,473
247,46,433,200,107,23,219,250,370,262,317,486
247,47,92,87,66,108,137,461,246,89,407,45
248,0,67,103,145,95,189,471,451,327,42,394
248,1,438,30,78,90,94,390,314,296,454,73
248,2,76,431,202,351,283,92,55,173,45,394
248,3,391,58,96,280,267,78,433,70,332,376
248,4,432,412,266,422,289,116,424,272,338,19
248,5,186,165,358,222,19,382,390,22,125,378
248,6,36,286,298,381,384,472,481,428,395,26
248,7,505,244,408,250,377,312,338,359,355,506
248,8,427,66,225,491,443,258,164,305,70,89
248,9,246,456,267,404,372,511,242,133,410,460
248,10,307,489,293,16,179,483,298,267,437,44
248,11,401,295,233,123,375,222,352,341,87,74
248,12,249,345,1,440,190,13,487,24,338,152
248,13,331,333,401,284,167,61,309,51,369,404
248,14,507,405,238,150,1,404,114,377,40,462
248,15,383,311,131,110,79,266,30,501,295,402
248,16,61,267,260,394,88,168,2,467,96,492
248,17,319,193,165,293,219,403,336,16,404,186
248,18,206,312,237,232,68,18,192,67,487,344
248,19,450,463,438,209,362,93,236,107,395,130
248,20,102,480,217,24,490,353,51,125,373,142
248,21,421,160,316,101,499,443,372,477,223,391
248,22,265,148,204,187,238,414,305,324,403,496
248,23,82,464,185,111,284,480,256,452,226,223
248,24,491,66,427,443,225,258,44,375,510,121
248,25,246,456,372,404,400,511,267,494,133,242
248,26,16,307,293,489,178,34,179,385,483,49
248,27,401,295,222,123,233,375,311,292,194,16
248,28,440,1,249,345,190,280,375,110,356,487
248,29,331,309,401,61,333,284,167,23,369,350
248,30,507,405,238,1,150,114,237,282,40,151
248,31,383,311,110,146,298,266,294,297,187,418
248,32,61,260,267,88,96,492,467,168,7,322
248,33,319,219,420,293,245,336,449,38,418,165
248,34,312,206,221,173,68,232,18,237,217,380
248,35,362,107,209,450,93,130,143,395,141,461
248,36,490,24,480,102,412,51,373,355,60,101
248,37,421,160,372,316,101,84,443,451,172,499
248,38,265,148,229,238,187,204,481,61,305,324
248,39,452,111,464,284,82,394,301,274,9,477
248,40,135,18,141,74,60,143,209,304,188,437
248,41,27,378,125,342,142,300,299,162,265,356
248,42,319,243,279,462,106,235,218,265,37,136
248,43,148,124,24,428,31,44,359,261,131,134
248,44,358,472,39,1,177,509,59,402,505,407
248,45,456,349,179,455,149,124,136,173,283,280
248,46,227,454,221,257,433,200,38,384,426,85
248,47,235,217,75,92,342,457,119,90,128,317
249,0,254,67,326,63,163,49,54,451,12,350
249,1,78,421,90,426,263,390,241,305,296,94
249,2,145,431,273,256,351,202,45,76,127,443
249,3,391,78,280,58,339,96,446,250,152,262
249,4,432,412,338,424,266,116,65,422,64,277
249,5,421,163,125,57,186,165,358,222,156,378
249,6,251,381,36,55,353,298,286,249,501,384
249,7,505,312,61,244,406,408,397,359,62,6
249,8,258,491,225,66,427,443,164,216,237,305
249,9,499,456,404,133,460,246,511,242,372,193
249,10,16,483,6,353,474,292,44,407,267,123
249,11,295,401,114,222,479,16,2,311,144,220
249,12,190,233,375,440,13,136,1,110,45,338
249,13,369,284,416,51,61,309,212,404,24,307
249,14,507,405,239,443,391,16,168,453,238,184
249,15,383,311,343,146,380,187,297,218,204,295
249,16,260,467,88,61,267,492,168,127,348,453
249,17,418,490,282,219,293,459,38,455,382,232
249,18,312,18,237,232,266,221,68,206,506,173
249,19,141,450,107,463,209,93,362,11,130,395
249,20,480,24,102,490,319,51,373,458,82,271
249,21,421,84,160,499,316,101,372,443,477,391
249,22,265,187,238,204,148,423,15,502,460,414
249,23,452,111,256,31,185,407,194,464,203,267
249,24,258,491,44,375,510,443,225,216,214,309
249,25,499,400,254,118,246,83,404,460,456,172
249,26,16,407,179,483,474,139,123,17,6,267
249,27,222,114,295,401,410,479,311,16,194,144
249,28,190,440,41,13,375,233,110,254,167,182
249,29,61,369,51,309,32,416,167,190,212,284
249,30,507,239,405,443,267,16,146,384,391,357
249,31,380,311,343,187,382,383,266,297,186,146
249,32,467,492,88,453,61,267,260,127,96,348
249,33,418,219,293,282,420,38,490,459,382,315
249,34,312,232,18,380,68,221,206,173,346,243
249,35,141,209,450,362,93,130,107,348,395,369
249,36,24,490,102,51,360,480,373,355,60,125
249,37,421,160,84,316,101,485,443,172,457,477
249,38,265,238,187,246,481,148,204,4,229,82
249,39,284,464,394,82,452,111,256,236,9,133
249,40,135,74,18,141,143,176,188,348,60,437
249,41,300,265,342,299,27,351,368,356,47,348
249,42,319,106,243,462,279,296,37,265,293,218
249,43,148,124,24,131,121,363,173,44,261,342
249,44,358,177,59,1,100,402,76,218,418,195
249,45,349,283,173,455,220,396,45,456,25,412
249,46,471,257,433,454,41,107,299,505,267,200
249,47,90,203,458,92,360,242,235,350,407,367
250,0,275,356,4,228,126,156,180,200,274,162
250,1,391,0,257,90,376,172,108,451,438,55
250,2,73,378,190,474,394,220,232,299,112,346
250,3,280,326,328,483,24,491,349,96,409,200
250,4,143,404,424,238,192,13,62,289,430,458
250,5,195,247,125,153,475,15,256,144,27,186
250,6,231,451,381,193,251,333,58,286,140,501
250,7,244,505,485,312,123,506,308,387,6,12
250,8,258,216,225,443,491,375,213,66,274,144
250,9,364,499,246,456,494,404,410,44,254,372
250,10,483,179,16,474,353,468,407,224,342,108
250,11,401,295,311,114,16,349,352,222,315,490
250,12,336,187,41,440,378,13,78,135,128,294
250,13,284,146,196,309,285,41,505,489,333,98
250,14,405,320,239,404,204,151,360,327,434,399
250,15,383,297,311,266,380,218,418,187,347,110
250,16,260,467,61,88,8,264,267,382,277,492
250,17,38,319,418,420,142,490,219,449,255,496
250,18,312,206,237,346,232,107,336,144,243,121
250,19,107,209,130,93,362,463,141,236,450,346
250,20,102,24,490,51,373,353,217,355,480,360
250,21,421,485,316,160,443,101,477,0,21,65
250,22,319,56,73,246,238,509,343,481,256,351
250,23,464,284,185,498,236,108,19,233,194,428
250,24,390,266,265,213,133,214,491,413,375,383
250,25,60,494,364,246,404,254,372,417,410,234
250,26,179,260,49,259,388,34,489,16,228,452
250,27,401,295,4,57,275,448,61,192,493,314
250,28,187,501,375,188,440,41,342,280,125,415
250,29,495,309,61,333,350,476,32,41,146,110
250,30,237,405,507,50,114,404,238,151,100,434
250,31,383,311,347,79,266,422,472,25,100,418
250,32,260,61,88,96,267,467,492,317,7,168
250,33,319,219,293,38,420,161,479,330,60,282
250,34,312,206,237,107,319,1,144,232,387,121
250,35,107,362,450,93,209,236,130,449,54,320
250,36,102,490,373,24,51,355,217,353,159,324
250,37,421,485,316,160,477,101,443,457,360,127
250,38,319,73,238,246,56,256,38,391,97,490
250,39,82,464,394,223,284,111,480,201,274,251
250,40,135,18,141,74,188,176,143,168,262,304
250,41,300,342,299,265,47,27,439,348,20,285
250,42,319,462,243,293,488,37,466,136,296,218
250,43,148,124,24,131,173,342,245,266,44,346
250,44,358,177,59,402,104,100,322,1,228,407
250,45,349,283,173,280,455,45,400,396,459,473
250,46,433,200,107,250,23,370,308,281,85,486
250,47,92,137,66,108,89,317,246,461,487,132
251,0,103,67,189,145,95,471,327,451,203,394
251,1,438,314,325,30,257,94,6,390,456,371
251,2,76,202,431,283,351,55,92,173,45,353
251,3,391,58,280,332,78,96,261,421,70,267
251,4,432,412,289,116,338,422,424,266,166,64
251,5,186,301,165,358,222,378,19,422,132,382
251,6,36,381,286,298,428,384,472,4,26,481
251,7,505,408,450,232,377,250,244,312,506,338
251,8,491,202,66,258,443,427,225,67,172,260
251,9,246,456,372,267,484,404,460,63,511,133
251,10,16,340,489,307,293,179,326,468,415,61
251,11,401,123,375,222,295,114,87,205,257,74
251,12,345,440,13,1,249,375,190,270,487,332
251,13,61,331,333,369,15,51,284,309,23,443
251,14,507,238,405,150,114,404,377,462,95,237
251,15,383,311,131,110,79,266,74,295,30,204
251,16,61,260,267,394,88,492,96,168,2,303
251,17,319,219,293,165,193,404,453,245,349,336
251,18,206,232,312,237,18,68,221,192,344,121
251,19,450,463,438,107,362,93,209,126,236,185
251,20,102,480,217,353,490,51,240,152,24,373
251,21,421,160,316,477,101,443,499,372,353,244
251,22,148,265,204,238,187,414,229,61,391,305
251,23,82,464,185,240,284,150,9,236,226,259
251,24,202,443,491,300,66,266,225,44,121,413
251,25,456,246,372,404,254,400,411,133,267,199
251,26,16,179,489,307,34,474,385,139,293,44
251,27,401,222,123,445,239,16,292,194,375,295
251,28,440,1,280,190,13,375,249,41,345,254
251,29,61,331,333,23,309,369,401,68,15,32
251,30,507,238,114,405,150,237,176,357,399,151
251,31,383,311,110,294,146,74,30,79,187,295
251,32,61,267,260,96,88,492,355,394,2,7
251,33,319,293,336,420,245,219,165,375,186,282
251,34,206,232,18,312,68,221,380,217,173,243
251,35,450,362,93,209,438,126,185,395,130,107
251,36,490,24,102,480,51,412,217,324,152,120
251,37,421,160,443,316,101,172,477,372,299,499
251,38,148,265,238,187,229,204,481,391,324,305
251,39,284,82,464,394,452,9,374,274,111,236
251,40,135,141,18,74,64,188,348,303,209,94
251,41,27,143,342,378,299,351,300,399,125,140
251,42,319,37,279,136,243,296,359,18,106,293
251,43,148,24,124,31,173,456,356,216,488,85
251,44,358,1,402,472,59,292,505,39,228,344
251,45,456,283,124,349,149,223,25,455,11,348
251,46,257,454,227,221,384,200,426,85,240,161
251,47,90,457,235,136,303,75,125,367,242,325
252,0,186,321,36,132,393,301,430,346,312,209
252,1,164,372,196,76,230,29,90,61,55,3
252,2,378,437,190,97,25,490,442,419,232,324
252,3,280,326,279,255,491,252,510,165,257,180
252,4,143,243,61,511,291,502,85,13,165,17
252,5,29,125,469,171,23,256,370,40,356,22
252,6,231,193,381,333,286,4,451,251,134,36
252,7,244,505,506,312,51,417,485,377,217,171
252,8,70,443,225,390,491,18,144,216,344,375
252,9,404,88,246,410,254,372,494,60,118,44
252,10,179,16,340,326,489,184,483,407,134,220
252,11,401,295,222,445,476,173,289,311,143,57
252,12,41,440,280,501,396,375,13,128,342,38
252,13,110,86,309,15,146,285,284,418,469,236
252,14,405,204,404,237,273,50,507,327,265,475
252,15,383,297,311,418,266,136,347,260,155,218
252,16,260,467,88,61,7,490,277,189,382,223
252,17,319,346,255,420,426,293,219,449,142,298
252,18,172,346,206,68,105,18,232,489,121,387
252,19,236,463,209,461,130,450,362,141,137,366
252,20,24,490,102,60,51,217,44,107,480,169
252,21,443,27,421,172,213,101,65,169,489,326
252,22,481,238,319,73,246,220,97,101,82,490
252,23,284,366,288,464,233,108,498,194,177,338
252,24,266,413,390,375,21,359,70,24,435,160
252,25,494,410,44,246,404,504,511,489,298,324
252,26,388,489,213,49,384,451,267,34,479,461
252,27,295,311,434,392,326,261,173,275,371,422
252,28,367,501,38,440,58,182,373,398,186,68
252,29,85,123,403,131,418,505,200,309,437,236
252,30,237,405,434,265,151,495,86,398,217,399
252,31,186,103,141,376,472,409,122,287,347,136
252,32,317,228,435,58,114,189,302,327,379,71
252,33,19,479,489,298,447,24,153,332,209,497
252,34,342,172,68,230,489,136,61,121,105,319
252,35,362,236,462,494,463,229,507,461,176,267
252,36,24,107,152,490,29,375,480,492,144,33
252,37,443,27,172,213,457,421,387,446,259,485
252,38,238,481,73,246,490,319,218,82,360,97
252,39,284,422,464,259,452,394,173,288,197,133
252,40,141,135,348,356,64,457,204,229,324,213
252,41,143,489,399,383,302,255,342,14,140,351
252,42,37,296,10,319,293,18,359,165,295,354
252,43,24,124,85,20,480,31,451,317,221,488
252,44,402,76,1,207,362,358,106,218,328,505
252,45,223,313,494,124,419,455,25,42,356,220
252,46,363,353,374,281,200,293,85,271,232,162
252,47,186,398,242,303,417,418,176,403,306,211
253,0,291,304,97,503,145,176,38,189,99,334
253,1,372,355,90,196,490,126,438,314,496,8
253,2,419,190,378,390,394,273,293,170,337,25
253,3,280,301,391,96,326,306,78,91,58,265
253,4,412,289,458,424,121,143,264,430,33,148
253,5,364,186,165,120,156,394,7,222,370,300
253,6,499,231,286,333,36,429,251,193,7,392
253,7,244,480,227,485,312,383,506,6,296,462
253,8,375,261,258,66,70,204,216,225,23,92
253,9,499,246,404,410,494,456,44,254,193,133
253,10,49,179,483,347,353,16,474,407,94,384
253,11,295,114,401,222,311,349,479,403,175,16
253,12,41,440,280,3,128,342,503,254,414,13
253,13,83,333,61,309,23,416,131,369,32,235
253,14,405,239,507,238,50,404,443,42,204,453
253,15,380,383,311,187,297,343,295,146,218,266
253,16,492,467,348,88,260,61,453,340,322,98
253,17,418,293,490,282,319,382,41,336,459,434
253,18,380,206,200,232,172,346,18,68,12,480
253,19,450,463,362,141,369,126,438,209,461,130
253,20,24,319,490,102,480,51,60,217,82,101
253,21,27,213,84,457,172,443,421,446,324,353
253,22,238,481,246,241,124,73,82,101,291,360
253,23,284,452,464,302,194,111,19,438,290,177
253,24,261,375,70,258,390,225,510,133,223,216
253,25,499,494,410,44,246,404,254,456,133,193
253,26,49,179,347,16,44,483,367,384,235,474
253,27,295,311,401,121,479,114,292,16,354,388
253,28,440,342,503,41,188,280,3,396,499,501
253,29,309,83,110,131,333,167,61,23,350,32
253,30,405,239,507,204,237,357,238,320,50,30
253,31,311,383,380,266,187,297,186,146,245,343
253,32,467,260,453,492,88,348,61,340,96,267
253,33,418,315,293,420,319,219,282,382,357,38
253,34,172,380,200,206,68,346,232,12,121,18
253,35,450,362,141,369,461,463,209,130,126,320
253,36,24,102,490,51,319,60,101,217,151,121
253,37,27,457,213,84,172,443,446,101,421,324
253,38,238,481,246,124,241,73,101,140,82,360
253,39,284,394,464,452,82,256,223,259,23,438
253,40,135,348,141,18,143,188,262,88,74,303
253,41,489,265,143,399,342,351,140,356,299,390
253,42,37,293,319,18,354,458,296,359,106,500
253,43,24,124,38,44,31,148,504,285,85,363
253,44,358,402,1,456,76,286,228,430,106,100
253,45,223,419,349,400,283,280,455,220,415,451
253,46,167,163,86,363,495,293,374,232,85,271
253,47,4,508,242,246,176,418,398,479,403,417
254,0,446,494,280,496,383,414,322,211,340,266
254,1,355,406,438,396,314,90,137,317,41,269
254,2,202,394,390,34,119,90,6,166,277,81
254,3,434,332,280,392,499,326,250,295,73,60
254,4,412,121,424,116,289,422,30,321,378,394
254,5,394,165,362,452,130,227,387,120,377,479
254,6,286,36,401,374,30,499,146,106,392,405
254,7,32,474,188,355,480,377,505,506,244,359
254,8,324,261,505,375,70,60,6,300,344,443
254,9,410,246,44,404,467,456,170,133,372,98
254,10,489,182,430,49,179,347,150,94,308,224
254,11,354,295,349,448,504,259,263,355,241,121
254,12,191,204,440,280,254,414,503,270,7,477
254,13,333,331,61,33,152,309,432,23,131,210
254,14,405,150,238,327,50,320,470,178,399,281
254,15,383,311,297,418,266,25,380,187,79,65
254,16,61,88,467,168,348,492,171,472,277,202
254,17,319,293,245,336,453,447,186,476,114,24
254,18,166,380,232,206,12,397,200,105,342,202
254,19,126,450,130,438,23,141,209,461,236,362
254,20,217,24,102,458,490,246,367,492,44,353
254,21,27,213,446,260,65,457,422,267,353,84
254,22,158,238,4,229,340,458,298,216,124,360
254,23,284,464,82,194,185,133,236,108,498,288
254,24,375,324,261,70,107,510,413,66,60,225
254,25,246,456,404,494,410,267,44,298,248,133
254,26,489,293,182,430,49,347,120,267,73,179
254,27,295,354,4,275,314,311,375,352,123,239
254,28,440,280,414,191,503,342,254,270,1,125
254,29,333,23,61,331,131,459,83,152,309,418
254,30,405,237,238,50,507,320,151,404,150,470
254,31,383,311,297,294,146,110,204,287,266,418
254,32,61,88,467,260,355,492,348,317,168,340
254,33,319,293,336,245,186,489,479,476,225,251
254,34,380,397,166,232,12,206,217,200,480,423
254,35,450,126,130,141,362,438,209,463,23,310
254,36,24,102,490,217,480,101,51,80,151,120
254,37,27,457,84,213,422,342,218,96,421,61
254,38,4,158,238,298,229,124,340,216,82,291
254,39,284,452,464,394,111,82,256,438,223,274
254,40,135,143,88,348,303,141,18,457,188,287
254,41,351,265,143,390,356,342,47,399,299,84
254,42,37,90,293,319,106,107,296,302,458,300
254,43,44,363,31,24,124,148,173,85,485,472
254,44,358,37,1,228,302,199,402,266,76,218
254,45,349,280,205,440,25,45,348,115,309,455
254,46,454,470,31,115,219,67,288,85,91,200
254,47,90,303,203,246,242,485,49,157,417,106
255,0,275,156,200,356,4,274,228,318,126,414
255,1,391,257,27,0,196,310,188,392,452,148
255,2,474,73,337,378,236,448,119,293,25,232
255,3,326,483,280,328,301,3,96,392,24,478
255,4,404,62,143,469,25,238,476,95,262,189
255,5,247,195,181,318,80,374,364,455,165,394
255,6,499,333,286,209,58,36,184,30,217,191
255,7,485,12,244,227,480,387,349,312,383,6
255,8,213,375,133,390,223,261,209,92,383,443
255,9,456,499,404,364,156,128,303,333,412,372
255,10,49,352,265,224,337,342,347,226,474,57
255,11,295,175,349,388,317,173,458,504,80,56
255,12,187,188,472,440,17,503,289,499,41,396
255,13,110,309,149,131,83,413,350,489,32,333
255,14,209,204,405,237,434,247,42,117,399,30
255,15,380,418,186,103,136,424,423,123,328,364
255,16,453,467,490,382,260,340,348,150,302,13
255,17,418,315,142,434,357,445,476,41,308,25
255,18,397,200,172,139,107,121,65,12,249,346
255,19,369,141,450,463,473,362,358,360,320,290
255,20,24,319,480,36,82,101,311,236,102,51
255,21,84,27,213,218,422,457,443,326,172,324
255,22,238,56,246,140,465,101,481,73,327,482
255,23,452,194,19,133,185,284,428,177,233,267
255,24,390,375,133,223,261,213,413,416,445,377
255,25,499,456,254,494,27,404,248,7,74,410
255,26,367,49,235,59,347,474,57,384,337,165
255,27,295,464,311,292,314,477,160,373,275,475
255,28,503,188,187,440,499,472,501,329,270,342
255,29,83,309,110,350,495,131,149,404,32,392
255,30,237,405,434,239,209,42,357,217,391,453
255,31,186,380,311,418,173,483,25,347,113,225
255,32,453,340,467,317,391,7,107,114,56,348
255,33,418,315,489,142,434,25,55,357,251,19
255,34,121,397,200,172,139,12,380,344,107,311
255,35,369,450,141,463,348,362,11,130,181,236
255,36,24,480,102,319,425,101,51,274,490,82
255,37,84,27,457,218,422,213,324,443,290,96
255,38,238,56,246,140,73,481,465,482,101,343
255,39,452,284,111,256,394,197,446,464,103,351
255,40,143,135,262,18,88,141,424,303,61,483
255,41,265,351,77,356,47,390,51,143,346,348
255,42,293,90,319,37,458,506,19,106,218,466
255,43,44,363,24,148,124,245,31,315,472,485
255,44,358,37,199,228,302,402,368,1,81,207
255,45,349,45,32,280,394,440,115,455,482,231
255,46,433,200,219,434,363,490,85,5,67,107
255,47,467,137,66,108,487,479,246,220,407,438
