-37,0,95,138,147,98,316,501,99,353,401,0
-36,0,46,160,505,330,79,54,226,32,265,402
-35,0,360,19,138,147,289,68,338,119,272,93
-34,0,274,4,228,180,356,294,126,156,200,475
-33,0,173,386,19,392,272,91,289,123,68,161
-32,0,103,471,92,349,398,161,403,352,64,338
-31,0,190,267,362,265,186,430,209,76,101,361
-30,0,46,330,160,505,149,195,117,70,148,227
-29,0,360,386,446,211,349,68,338,123,414,161
-28,0,98,167,176,62,401,175,474,10,97,302
-27,0,46,160,505,330,117,363,456,148,218,195
-26,0,19,272,360,440,68,24,113,207,65,376
-25,0,14,360,386,68,398,338,326,73,129,19
-24,0,349,139,479,403,92,358,64,326,119,338
-23,0,321,264,36,132,430,16,312,197,219,209
-22,0,330,32,130,71,160,278,409,195,221,229
-21,0,352,440,369,338,481,68,434,293,403,386
-20,0,180,274,4,126,251,200,294,475,162,109
-19,0,264,44,305,321,312,485,430,209,267,36
-18,0,100,19,247,272,68,147,120,207,65,201
-17,0,68,73,492,129,19,196,272,360,317,474
-16,0,349,64,302,508,348,481,7,338,403,474
-15,0,251,168,319,109,412,371,205,475,148,431
-14,0,392,485,458,320,416,34,346,44,342,384
-13,0,270,62,9,98,425,401,176,272,501,167
-12,0,430,132,36,321,312,209,23,242,264,346
-11,0,464,320,149,458,381,416,138,79,219,485
-10,0,479,403,0,139,497,290,68,501,100,426
-9,0,64,68,440,492,7,481,403,349,167,497
-8,0,316,66,479,98,401,501,384,10,474,272
-7,0,264,305,321,312,430,76,209,267,218,362
-6,0,234,485,188,123,149,79,89,201,70,495
-5,0,473,19,398,103,272,34,258,404,171,474
-4,0,166,23,458,219,70,110,393,122,448,79
-3,0,14,91,19,272,334,304,392,39,291,473
-2,0,20,234,188,349,338,464,242,64,150,111
-1,0,251,168,319,412,109,371,205,431,148,475
-37,1,157,320,19,225,86,60,165,131,58,128
-36,1,320,71,483,157,19,447,58,304,112,410
-35,1,237,320,483,405,160,319,58,499,48,244
-34,1,108,405,320,237,48,0,499,451,394,483
-33,1,499,237,403,160,48,405,483,487,456,320
-32,1,135,179,381,48,65,429,483,58,319,320
-31,1,61,402,226,410,483,316,320,405,203,189
-30,1,71,134,59,251,483,112,320,410,427,447
-29,1,261,183,134,179,405,483,48,251,320,482
-28,1,5,293,62,410,189,302,76,320,262,226
-27,1,71,483,215,112,447,251,320,59,410,385
-26,1,237,160,405,403,48,410,16,483,499,244
-25,1,135,179,405,16,65,48,183,441,47,212
-24,1,135,441,179,381,65,210,48,429,342,498
-23,1,3,435,29,61,164,230,226,410,5,189
-22,1,59,112,471,427,410,435,95,250,9,71
-21,1,273,47,243,99,195,183,83,39,465,482
-20,1,394,108,423,451,368,383,0,475,95,356
-19,1,80,394,115,5,423,3,320,410,85,262
-18,1,237,4,160,285,403,244,482,483,499,320
-17,1,135,351,224,4,212,499,342,319,403,285
-16,1,212,135,491,224,342,179,285,65,498,210
-15,1,440,57,383,125,320,423,475,88,442,100
-14,1,128,320,209,242,123,434,174,383,442,157
-13,1,62,34,293,304,162,320,209,397,225,487
-12,1,34,62,304,293,226,162,320,85,40,397
-11,1,215,414,23,483,410,262,174,471,385,447
-10,1,504,414,4,410,104,39,53,351,319,363
-9,1,212,429,441,342,119,381,179,156,224,135
-8,1,410,363,294,238,302,265,293,62,378,286
-7,1,410,113,402,211,85,435,189,363,34,293
-6,1,261,437,410,59,435,482,323,29,445,150
-5,1,363,189,445,423,113,476,410,435,244,211
-4,1,423,23,363,211,189,445,5,410,3,85
-3,1,23,403,251,106,4,291,395,47,499,237
-2,1,23,135,262,183,179,342,264,261,212,182
-1,1,440,383,57,125,88,423,100,475,442,95
-37,2,75,12,209,185,257,403,263,87,388,360
-36,2,185,257,403,370,10,211,75,84,209,263
-35,2,36,370,75,42,382,72,84,222,210,211
-34,2,112,370,84,257,36,403,236,382,211,338
-33,2,160,370,290,192,72,440,84,382,371,36
-32,2,370,351,192,369,269,313,222,28,211,49
-31,2,198,370,249,84,257,105,185,472,411,269
-30,2,10,370,226,198,84,472,101,142,257,403
-29,2,192,370,66,160,368,83,222,440,84,290
-28,2,370,84,211,360,185,439,257,404,294,470
-27,2,10,370,84,185,101,142,404,483,257,491
-26,2,382,481,370,72,36,226,210,451,70,84
-25,2,347,66,192,161,370,440,368,83,110,443
-24,2,192,168,370,117,440,369,66,347,313,411
-23,2,20,249,359,303,370,198,411,493,341,414
-22,2,250,226,370,84,483,414,97,380,269,209
-21,2,478,432,348,473,485,175,487,440,148,370
-20,2,346,84,370,257,391,107,452,236,255,403
-19,2,454,307,294,84,359,257,50,370,303,20
-18,2,36,370,481,382,70,211,406,72,210,341
-17,2,313,427,370,319,415,265,440,466,211,138
-16,2,370,313,351,211,168,406,127,265,479,309
-15,2,257,370,211,84,511,403,496,207,37,209
-14,2,286,50,257,304,211,370,84,403,399,87
-13,2,360,211,315,439,370,310,263,341,418,257
-12,2,211,185,303,370,315,310,257,341,483,84
-11,2,500,483,211,370,185,257,403,379,84,310
-10,2,192,440,369,370,289,427,415,42,263,313
-9,2,313,168,192,479,309,138,415,351,28,440
-8,2,106,439,30,470,367,370,500,263,341,161
-7,2,307,406,359,303,249,493,44,341,500,264
-6,2,135,406,307,457,44,370,500,436,303,367
-5,2,161,406,164,210,443,36,215,399,273,432
-4,2,161,311,406,500,164,44,307,443,370,2
-3,2,215,347,432,161,440,44,468,370,210,363
-2,2,494,251,363,135,457,442,44,197,24,10
-1,2,257,370,511,84,496,211,403,207,209,342
-37,3,405,205,253,470,88,394,403,190,310,469
-36,3,405,249,237,265,205,253,228,335,403,235
-35,3,406,265,237,228,161,343,102,18,335,405
-34,3,237,265,335,228,406,161,249,405,402,102
-33,3,406,343,265,161,228,237,18,102,335,332
-32,3,343,265,476,18,161,412,228,237,332,484
-31,3,343,18,265,174,383,237,161,253,476,405
-30,3,237,343,405,253,476,228,335,265,252,510
-29,3,343,476,18,237,332,265,53,221,228,161
-28,3,18,343,265,476,161,228,507,237,332,253
-27,3,343,237,216,510,265,476,228,405,478,18
-26,3,343,406,18,102,476,161,221,265,237,53
-25,3,343,221,412,476,478,185,406,295,102,117
-24,3,221,343,478,412,476,440,406,102,295,146
-23,3,221,343,237,161,412,478,252,156,279,406
-22,3,221,478,237,412,252,476,272,343,122,156
-21,3,260,221,478,122,440,302,343,476,466,295
-20,3,237,265,293,335,343,476,408,478,228,221
-19,3,237,495,265,283,253,161,405,395,221,228
-18,3,265,406,102,18,237,161,476,332,207,478
-17,3,265,406,102,478,237,161,37,18,419,405
-16,3,265,406,161,102,332,18,478,476,207,507
-15,3,265,237,293,476,205,253,335,269,228,394
-14,3,265,29,459,237,405,293,253,364,335,249
-13,3,265,18,237,406,90,476,161,343,332,102
-12,3,18,265,495,237,161,476,88,406,343,207
-11,3,237,265,403,293,18,476,161,337,405,426
-10,3,221,343,412,478,476,406,156,440,31,128
-9,3,343,406,18,221,31,102,476,161,274,478
-8,3,174,337,185,343,214,90,478,102,476,364
-7,3,174,102,161,265,337,31,406,237,478,214
-6,3,342,174,35,185,337,31,237,18,53,476
-5,3,364,185,459,31,404,343,221,174,337,247
-4,3,459,404,283,364,31,237,362,185,162,476
-3,3,406,343,364,31,244,265,478,102,338,214
-2,3,35,459,288,52,384,31,364,247,184,176
-1,3,237,293,476,265,408,196,253,205,335,269
-37,4,309,252,110,168,488,299,166,432,308,290
-36,4,252,309,110,488,417,495,299,325,168,410
-35,4,508,309,252,136,102,358,110,488,385,166
-34,4,252,130,34,102,309,223,110,506,488,5
-33,4,508,166,309,136,102,385,488,299,252,110
-32,4,166,299,309,508,385,110,488,184,136,252
-31,4,74,310,110,175,252,309,102,488,449,410
-30,4,252,417,110,499,102,495,309,488,410,359
-29,4,385,184,309,508,299,402,466,252,488,166
-28,4,166,110,102,508,488,96,252,267,385,299
-27,4,110,102,252,495,499,417,488,329,309,410
-26,4,508,184,385,166,445,358,309,110,16,136
-25,4,132,489,133,309,184,16,385,136,112,1
-24,4,133,1,385,239,309,112,455,136,16,68
-23,4,161,110,175,267,133,310,102,449,309,239
-22,4,196,252,309,133,110,102,488,440,410,112
-21,4,133,112,455,239,309,146,365,291,52,160
-20,4,252,506,110,68,294,488,346,223,410,496
-19,4,192,14,252,110,102,488,161,267,310,507
-18,4,166,508,102,2,358,445,110,488,136,68
-17,4,445,508,166,136,327,467,102,110,68,244
-16,4,166,455,110,102,2,508,445,327,397,136
-15,4,252,506,294,68,346,357,496,488,325,410
-14,4,324,252,102,296,488,110,428,507,14,68
-13,4,166,96,508,102,110,308,488,445,252,299
-12,4,110,102,508,260,265,74,168,166,310,96
-11,4,471,110,152,102,340,329,488,252,184,168
-10,4,133,239,467,136,112,244,1,309,508,327
-9,4,508,166,455,467,184,445,327,239,227,136
-8,4,485,339,393,96,110,102,508,67,311,327
-7,4,192,485,310,339,508,96,110,161,67,405
-6,4,431,191,110,168,192,508,339,485,85,102
-5,4,358,132,86,115,110,508,485,237,324,227
-4,4,130,86,110,152,428,102,471,132,237,358
-3,4,132,327,467,16,239,136,385,244,508,489
-2,4,128,340,58,499,455,102,110,314,431,329
-1,4,252,488,506,346,294,110,102,73,357,389
-37,5,236,220,280,71,487,420,26,425,205,483
-36,5,280,373,220,236,205,71,487,258,120,425
-35,5,402,52,61,161,81,505,357,220,120,268
-34,5,153,93,312,475,354,402,374,15,236,26
-33,5,402,253,346,61,161,505,268,81,120,283
-32,5,81,220,328,205,203,357,130,352,120,425
-31,5,81,54,205,220,415,328,82,26,350,354
-30,5,373,258,273,354,220,75,224,236,233,350
-29,5,67,253,75,220,81,65,203,328,371,268
-28,5,26,415,90,131,275,119,354,220,350,158
-27,5,373,273,258,354,26,350,275,379,220,233
-26,5,505,61,161,203,450,402,52,275,81,79
-25,5,203,383,13,2,357,65,505,447,360,352
-24,5,505,203,81,470,450,21,220,357,82,317
-23,5,233,146,54,203,505,424,350,82,255,158
-22,5,233,456,489,96,203,424,350,370,354,273
-21,5,489,203,21,338,254,36,479,6,218,43
-20,5,26,374,236,80,93,47,354,312,294,20
-19,5,26,47,146,354,424,20,244,236,54,416
-18,5,161,61,333,402,120,52,505,367,26,220
-17,5,402,120,505,220,470,61,203,218,352,357
-16,5,21,120,220,90,79,317,61,26,218,402
-15,5,26,236,56,74,68,294,354,110,326,185
-14,5,339,26,257,244,416,236,340,354,11,188
-13,5,275,131,90,26,220,415,158,81,120,187
-12,5,415,26,275,90,146,255,158,5,220,54
-11,5,5,483,26,350,413,172,275,158,354,79
-10,5,505,203,470,450,220,81,402,6,268,405
-9,5,505,21,450,275,203,317,79,402,81,52
-8,5,485,350,391,483,82,470,505,158,131,278
-7,5,485,143,470,146,483,136,82,350,52,505
-6,5,75,399,350,215,485,79,483,60,143,470
-5,5,283,483,215,2,350,107,158,161,233,505
-4,5,37,76,350,283,54,2,107,483,26,233
-3,5,346,402,2,253,233,505,161,268,183,79
-2,5,399,215,172,21,79,350,331,283,183,2
-1,5,26,236,74,294,56,68,110,354,326,185
-37,6,33,223,283,179,335,63,112,329,383,234
-36,6,33,198,383,476,223,335,283,136,210,396
-35,6,278,476,459,33,365,354,348,469,335,44
-34,6,176,278,476,140,288,354,459,33,24,365
-33,6,24,459,476,335,44,327,365,196,312,212
-32,6,24,431,335,296,417,33,136,393,26,20
-31,6,87,24,338,3,417,33,335,175,444,161
-30,6,338,476,417,196,312,382,354,189,87,33
-29,6,323,196,312,417,215,476,430,33,26,357
-28,6,3,279,417,447,42,335,142,129,84,33
-27,6,279,476,354,84,137,33,136,80,396,417
-26,6,459,354,476,44,365,481,137,480,327,279
-25,6,481,24,469,197,121,228,389,419,135,393
-24,6,481,197,24,368,296,170,138,44,26,455
-23,6,87,3,368,479,481,175,224,161,243,377
-22,6,166,258,377,50,368,469,479,224,243,135
-21,6,389,135,124,197,393,469,377,258,92,15
-20,6,292,118,259,377,288,111,68,496,435,481
-19,6,207,132,208,324,3,80,22,161,142,118
-18,6,354,459,44,365,396,480,279,278,234,445
-17,6,24,121,218,480,212,327,138,365,396,69
-16,6,24,480,296,138,279,347,170,384,396,174
-15,6,435,292,68,496,168,259,118,185,237,320
-14,6,272,179,309,394,80,14,234,22,235,33
-13,6,279,113,73,42,234,80,335,142,495,137
-12,6,279,301,137,444,113,42,243,73,80,224
-11,6,441,188,416,142,80,137,234,44,33,422
-10,6,197,245,365,27,368,121,433,151,471,267
-9,6,170,327,393,365,431,480,296,279,347,396
-8,6,318,495,145,250,5,42,371,368,496,142
-7,6,444,368,495,318,371,243,161,113,42,137
-6,6,444,495,368,243,196,318,137,220,301,74
-5,6,247,444,147,391,419,111,368,318,324,372
-4,6,247,391,419,324,444,243,111,1,147,188
-3,6,481,327,27,459,312,391,247,354,135,44
-2,6,296,481,119,327,24,138,391,480,247,74
-1,6,259,68,397,292,435,310,247,237,185,168
-37,7,346,303,26,41,432,357,8,108,219,458
-36,7,346,231,303,26,219,8,108,329,170,438
-35,7,353,511,303,198,71,206,346,281,108,27
-34,7,353,303,346,206,258,26,155,123,167,108
-33,7,156,309,353,303,511,190,219,71,206,108
-32,7,101,501,303,117,108,219,162,250,26,375
-31,7,164,303,449,26,117,101,470,346,219,267
-30,7,231,164,18,303,117,459,170,26,346,267
-29,7,459,18,237,309,511,494,117,396,303,21
-28,7,245,282,26,101,72,303,429,346,117,108
-27,7,231,245,170,26,429,282,303,101,511,473
-26,7,353,503,206,228,440,511,200,71,134,26
-25,7,320,124,481,440,511,303,148,486,365,346
-24,7,162,343,124,413,486,303,440,250,235,511
-23,7,14,343,449,259,283,424,470,43,26,486
-22,7,24,303,283,170,14,343,26,269,346,268
-21,7,31,24,116,343,424,21,435,233,195,472
-20,7,167,65,316,343,166,26,496,303,94,469
-19,7,128,166,72,26,259,115,48,357,303,220
-18,7,353,206,108,501,214,71,26,424,346,228
-17,7,501,318,156,214,108,461,71,213,346,28
-16,7,501,461,413,108,116,101,424,307,26,214
-15,7,33,302,139,316,26,351,346,303,458,469
-14,7,357,95,365,174,181,220,223,26,303,458
-13,7,108,26,101,245,282,117,281,132,326,427
-12,7,282,26,132,245,101,449,117,164,134,108
-11,7,132,26,357,275,187,245,134,258,303,200
-10,7,124,343,472,413,219,162,486,501,511,440
-9,7,413,440,318,116,461,501,101,214,503,511
-8,7,214,440,20,86,352,72,75,281,256,426
-7,7,214,440,426,256,281,511,449,14,362,352
-6,7,214,295,426,440,309,18,457,503,281,352
-5,7,442,440,214,412,457,352,365,362,5,354
-4,7,442,412,308,440,26,197,449,352,166,75
-3,7,206,156,228,466,365,261,274,320,390,71
-2,7,176,116,473,503,440,442,466,413,214,352
-1,7,33,26,316,302,139,458,177,351,242,303
-37,8,456,308,175,325,439,370,11,181,422,477
-36,8,439,11,175,456,370,477,325,308,244,422
-35,8,11,339,101,477,20,307,359,185,433,408
-34,8,339,11,477,442,433,101,439,370,307,175
-33,8,477,11,339,351,391,20,101,148,490,185
-32,8,477,11,307,490,359,391,422,101,231,414
-31,8,477,11,482,325,307,359,490,169,32,151
-30,8,359,119,307,11,485,391,113,490,477,185
-29,8,119,485,391,307,359,113,490,251,106,185
-28,8,32,477,391,328,177,11,359,485,155,126
-27,8,155,359,391,307,296,11,496,477,148,106
-26,8,155,307,391,106,359,68,339,210,113,501
-25,8,280,359,307,281,106,374,391,135,155,321
-24,8,106,155,113,359,243,307,391,167,212,210
-23,8,32,113,155,167,106,243,307,169,359,321
-22,8,359,167,321,113,11,94,333,467,362,148
-21,8,167,467,321,362,94,113,83,347,359,333
-20,8,155,359,106,113,477,11,307,296,101,321
-19,8,126,11,477,32,155,359,101,177,325,473
-18,8,110,339,477,11,20,408,155,101,242,501
-17,8,501,155,477,11,83,110,20,359,339,113
-16,8,477,155,339,20,101,11,317,351,496,501
-15,8,477,101,11,155,356,339,20,325,359,304
-14,8,477,11,325,111,101,357,244,205,64,151
-13,8,59,477,11,496,20,155,230,482,151,64
-12,8,155,496,59,477,359,106,11,113,20,296
-11,8,496,210,11,185,155,359,426,437,296,106
-10,8,110,113,355,210,167,83,359,301,391,43
-9,8,301,501,391,110,210,359,277,351,113,381
-8,8,501,210,465,420,412,127,351,314,426,359
-7,8,465,501,127,210,314,351,420,169,412,328
-6,8,501,465,412,210,314,328,351,420,311,185
-5,8,501,420,314,281,412,465,210,504,351,242
-4,8,402,420,210,412,465,426,281,169,178,242
-3,8,402,110,171,501,486,391,412,281,465,20
-2,8,402,501,351,281,486,391,171,277,412,339
-1,8,210,304,359,496,283,426,437,11,412,356
-37,9,68,154,360,506,462,376,111,321,368,142
-36,9,360,68,462,111,154,506,301,376,130,511
-35,9,40,498,191,360,68,462,130,16,321,208
-34,9,360,462,68,40,130,191,506,498,111,467
-33,9,40,285,497,208,498,191,130,360,273,462
-32,9,40,360,130,462,285,222,191,68,208,321
-31,9,40,462,360,68,130,111,506,285,191,498
-30,9,40,285,462,68,208,498,360,33,175,335
-29,9,40,285,208,498,282,175,191,251,491,462
-28,9,40,360,462,191,130,77,285,222,498,68
-27,9,40,208,462,360,130,145,498,395,181,506
-26,9,208,40,146,498,462,16,349,424,360,339
-25,9,208,339,146,40,498,175,412,281,176,282
-24,9,208,281,247,40,146,175,434,462,339,354
-23,9,208,281,247,462,360,434,284,146,257,321
-22,9,208,281,68,462,434,321,360,339,40,181
-21,9,281,509,247,339,181,305,159,434,208,356
-20,9,208,40,281,146,462,247,68,360,181,339
-19,9,360,40,68,462,130,111,208,506,301,508
-18,9,360,130,508,89,156,395,487,18,339,301
-17,9,18,339,281,181,208,360,148,38,428,201
-16,9,130,360,395,508,89,18,462,301,478,38
-15,9,360,462,130,111,89,349,395,38,508,68
-14,9,360,111,462,130,40,48,154,68,506,301
-13,9,360,77,497,40,403,130,16,208,349,462
-12,9,208,360,40,21,395,145,16,462,130,497
-11,9,208,245,313,21,16,360,498,122,457,348
-10,9,258,208,281,247,498,339,321,175,434,282
-9,9,208,258,281,146,349,498,40,247,339,403
-8,9,348,208,16,349,391,339,46,257,228,21
-7,9,319,208,348,349,498,16,294,257,339,83
-6,9,319,208,16,349,145,498,71,285,148,464
-5,9,319,349,16,412,228,424,257,348,339,146
-4,9,335,503,462,491,348,122,39,166,319,424
-3,9,339,282,16,148,349,208,355,498,281,503
-2,9,349,16,208,339,89,424,399,439,355,405
-1,9,245,313,71,208,16,462,122,503,498,152
-37,10,325,461,107,322,203,495,508,299,296,229
-36,10,325,461,203,299,296,495,107,279,508,488
-35,10,87,203,299,325,222,279,248,381,461,494
-34,10,299,87,203,325,296,222,288,461,279,248
-33,10,248,222,326,87,299,279,494,381,203,236
-32,10,487,299,279,203,381,296,60,78,380,113
-31,10,299,296,203,279,446,248,325,381,380,106
-30,10,20,296,299,203,300,238,60,279,325,381
-29,10,20,60,300,493,154,169,113,381,279,203
-28,10,296,203,299,362,490,279,248,380,381,238
-27,10,296,248,279,299,203,381,253,490,60,238
-26,10,248,87,279,381,494,369,60,296,405,267
-25,10,147,511,487,405,279,115,152,225,381,375
-24,10,511,147,487,78,279,381,60,236,405,462
-23,10,446,362,147,279,381,511,299,60,203,494
-22,10,299,203,511,381,296,279,238,325,147,422
-21,10,402,511,381,133,222,405,267,236,279,472
-20,10,203,279,147,296,60,248,511,405,381,299
-19,10,203,265,362,248,296,238,299,279,380,424
-18,10,248,402,87,1,223,222,203,381,279,494
-17,10,248,236,279,339,153,381,267,188,203,222
-16,10,248,487,78,279,203,402,381,296,236,222
-15,10,203,279,248,424,402,222,296,48,1,299
-14,10,203,248,279,265,299,296,349,381,380,238
-13,10,248,98,490,279,410,381,494,95,296,1
-12,10,248,410,279,98,490,95,296,381,253,24
-11,10,248,253,95,279,296,490,189,494,381,456
-10,10,511,222,189,462,141,218,236,279,147,67
-9,10,248,369,189,17,78,218,252,222,279,95
-8,10,369,189,248,95,279,252,141,494,381,378
-7,10,248,95,189,252,369,378,279,291,186,494
-6,10,189,248,252,369,95,141,469,218,279,458
-5,10,223,369,189,252,248,95,55,458,79,279
-4,10,189,55,223,279,218,141,369,327,381,248
-3,10,398,189,369,248,218,252,105,87,311,391
-2,10,398,252,2,369,218,248,189,391,346,223
-1,10,279,141,296,248,252,424,55,189,95,456
-37,11,273,397,163,132,508,108,261,104,361,430
-36,11,273,163,165,90,397,261,492,185,508,511
-35,11,90,163,46,261,397,287,27,273,23,496
-34,11,90,163,397,261,273,379,46,287,253,23
-33,11,90,247,163,446,46,287,261,23,379,306
-32,11,90,397,261,379,103,477,324,500,163,78
-31,11,397,90,261,148,163,188,273,477,495,500
-30,11,397,90,261,163,230,188,84,273,477,306
-29,11,230,306,188,90,397,247,324,261,501,435
-28,11,90,397,148,103,261,197,163,477,495,258
-27,11,90,397,258,78,366,261,103,471,148,197
-26,11,306,90,258,324,334,366,471,460,78,335
-25,11,324,96,301,229,306,334,90,489,261,386
-24,11,324,301,334,306,429,229,90,498,258,308
-23,11,90,344,301,324,297,495,422,148,334,446
-22,11,90,397,261,84,163,422,268,324,366,472
-21,11,489,229,324,293,386,303,487,31,308,344
-20,11,90,397,324,471,103,306,366,261,258,334
-19,11,90,397,261,422,163,84,477,379,366,471
-18,11,503,287,46,90,398,379,78,373,103,471
-17,11,195,287,487,78,370,46,90,324,308,472
-16,11,78,287,379,103,90,503,398,471,46,366
-15,11,90,287,379,397,471,46,258,477,422,366
-14,11,90,397,379,261,366,99,78,422,495,477
-13,11,78,90,103,471,379,398,258,366,477,261
-12,11,90,258,306,197,397,366,339,472,477,78
-11,11,258,90,306,395,78,398,460,335,366,32
-10,11,324,229,247,306,177,429,251,308,481,370
-9,11,306,251,229,177,324,103,28,90,433,510
-8,11,306,380,258,325,88,477,90,342,496,32
-7,11,306,318,32,335,380,325,287,88,447,503
-6,11,306,425,342,335,477,318,247,258,88,230
-5,11,81,306,277,32,336,342,503,453,287,224
-4,11,277,81,306,90,380,342,320,88,258,336
-3,11,247,306,468,53,28,324,376,474,428,242
-2,11,468,306,376,247,277,28,81,53,77,229
-1,11,258,306,395,366,90,320,9,510,81,335
-37,12,28,251,139,307,48,433,18,297,386,435
-36,12,251,288,351,433,139,48,63,297,386,277
-35,12,242,60,214,269,139,419,63,399,266,433
-34,12,139,63,433,506,78,251,432,363,101,288
-33,12,242,139,404,327,269,48,214,111,264,331
-32,12,32,18,139,48,433,63,264,251,180,91
-31,12,63,379,433,139,251,243,400,264,267,278
-30,12,351,433,457,63,463,139,264,484,243,288
-29,12,111,139,457,476,402,0,489,214,433,264
-28,12,48,299,139,303,264,63,223,286,180,379
-27,12,351,139,264,63,457,463,48,299,433,180
-26,12,60,269,266,242,419,139,48,497,264,224
-25,12,359,322,353,281,357,0,460,139,264,489
-24,12,497,370,353,139,359,32,264,91,75,0
-23,12,278,370,400,63,267,231,139,416,264,298
-22,12,139,63,228,433,37,463,264,248,390,409
-21,12,281,69,0,408,139,370,352,425,44,157
-20,12,410,63,139,489,264,363,457,37,288,353
-19,12,17,138,63,264,340,502,139,289,206,267
-18,12,138,242,419,48,269,266,60,264,139,399
-17,12,242,331,269,214,0,321,327,264,51,339
-16,12,138,48,242,360,75,408,269,136,35,331
-15,12,246,63,37,301,139,287,138,228,459,264
-14,12,206,340,63,139,493,460,264,87,251,288
-13,12,269,48,303,251,299,223,286,139,120,242
-12,12,299,400,379,139,142,223,264,48,251,276
-11,12,144,493,33,264,139,299,276,298,63,48
-10,12,281,331,497,302,370,51,413,147,242,69
-9,12,242,136,457,269,51,408,413,360,214,331
-8,12,224,326,98,502,227,413,313,457,154,264
-7,12,224,17,370,326,278,209,413,138,269,379
-6,12,111,438,413,224,377,453,505,227,418,326
-5,12,224,399,460,419,413,227,252,326,242,209
-4,12,4,267,505,224,400,139,298,227,378,231
-3,12,413,404,155,327,462,460,322,419,224,439
-2,12,413,462,457,7,445,453,408,439,127,139
-1,12,246,139,287,37,228,301,220,505,144,264
-37,13,293,68,400,466,387,294,268,224,50,262
-36,13,387,463,50,35,148,385,286,293,224,273
-35,13,35,290,387,181,148,321,463,326,411,385
-34,13,387,35,148,181,290,385,463,286,273,250
-33,13,290,35,367,419,181,387,326,411,250,339
-32,13,250,387,35,290,148,463,385,286,181,457
-31,13,387,385,148,463,35,250,181,290,302,286
-30,13,387,290,250,302,385,181,148,35,463,82
-29,13,340,290,103,374,144,385,250,127,343,148
-28,13,35,387,290,103,463,302,148,385,457,411
-27,13,387,290,35,302,250,457,463,411,488,343
-26,13,35,7,487,71,441,119,302,290,113,124
-25,13,290,441,250,475,7,119,397,488,141,377
-24,13,64,103,119,104,487,422,441,290,124,35
-23,13,103,119,82,303,35,441,411,7,104,250
-22,13,387,385,148,265,463,250,302,91,290,273
-21,13,161,290,226,103,422,343,7,250,104,377
-20,13,385,103,441,290,387,377,119,148,422,264
-19,13,385,387,463,303,148,35,302,290,411,457
-18,13,35,76,457,463,419,181,211,395,7,276
-17,13,419,457,35,119,487,311,7,441,167,385
-16,13,457,76,419,35,385,463,119,422,302,381
-15,13,385,76,463,387,457,302,329,128,35,381
-14,13,463,385,387,302,35,290,157,286,457,291
-13,13,35,463,261,283,119,398,503,116,7,457
-12,13,463,35,119,290,387,302,7,441,377,488
-11,13,119,35,463,124,7,302,169,264,311,488
-10,13,422,344,57,189,7,30,475,441,124,421
-9,13,189,57,344,64,422,7,250,441,124,474
-8,13,57,7,124,30,77,332,129,189,463,35
-7,13,57,30,332,419,206,189,7,114,422,278
-6,13,57,30,7,124,463,264,441,374,129,278
-5,13,332,57,206,189,30,419,278,455,7,114
-4,13,7,124,57,463,488,332,25,189,30,381
-3,13,84,58,467,305,499,478,107,324,47,254
-2,13,58,84,107,324,355,382,499,208,47,189
-1,13,385,463,119,7,311,381,124,264,57,35
-37,14,398,138,495,7,40,180,117,137,136,168
-36,14,212,506,14,138,117,137,335,231,398,441
-35,14,351,254,305,58,212,162,119,34,321,264
-34,14,138,351,212,162,254,506,305,117,335,327
-33,14,34,305,231,43,264,119,268,58,477,97
-32,14,305,264,212,227,268,34,162,471,138,243
-31,14,212,305,138,162,243,34,264,117,254,506
-30,14,212,305,138,471,34,264,97,94,243,230
-29,14,264,471,268,467,305,34,230,113,28,101
-28,14,305,264,160,402,471,243,82,212,321,94
-27,14,138,212,471,94,243,162,402,34,305,268
-26,14,58,425,34,94,471,73,101,344,18,485
-25,14,471,226,157,253,503,73,311,101,172,187
-24,14,471,157,318,73,101,253,193,34,395,58
-23,14,167,400,145,318,73,471,193,58,157,101
-22,14,138,212,486,506,162,117,243,233,135,335
-21,14,503,471,400,318,157,167,181,135,415,343
-20,14,471,160,101,268,374,34,395,73,321,402
-19,14,305,212,138,402,254,162,160,321,243,486
-18,14,254,321,6,396,58,162,18,402,354,351
-17,14,425,471,187,22,503,254,402,346,250,160
-16,14,254,321,18,396,160,162,6,452,243,401
-15,14,254,160,383,321,90,212,396,18,305,138
-14,14,305,254,321,90,396,243,162,212,105,160
-13,14,321,396,305,425,18,94,160,82,34,254
-12,14,485,268,101,34,471,43,185,94,425,138
-11,14,485,34,94,425,450,396,321,496,18,451
-10,14,318,471,311,187,268,157,485,185,142,358
-9,14,425,185,485,73,496,58,18,101,235,268
-8,14,235,185,425,485,78,429,496,406,437,34
-7,14,425,185,485,73,496,78,18,101,34,58
-6,14,485,496,425,185,160,78,43,34,96,478
-5,14,425,429,185,496,78,195,171,73,472,485
-4,14,303,429,301,78,321,206,126,496,20,211
-3,14,185,471,303,73,425,496,344,301,254,429
-2,14,425,496,185,73,254,256,429,18,471,442
-1,14,160,485,383,96,496,206,90,74,78,94
-37,15,283,174,103,38,156,342,188,215,330,199
-36,15,494,346,193,199,156,318,6,302,289,347
-35,15,347,122,156,302,272,507,346,136,504,236
-34,15,156,346,347,136,302,22,193,318,494,199
-33,15,302,122,156,272,347,10,37,458,100,219
-32,15,156,122,28,10,504,92,302,278,95,347
-31,15,156,494,136,199,347,346,101,212,185,302
-30,15,156,136,347,122,10,346,302,506,504,28
-29,15,122,92,28,504,95,302,150,219,369,47
-28,15,122,347,28,209,92,340,504,178,506,156
-27,15,347,136,156,122,494,346,302,501,423,351
-26,15,122,347,150,504,340,160,92,507,242,236
-25,15,452,122,95,319,236,407,229,246,150,423
-24,15,202,95,319,452,122,150,416,504,492,154
-23,15,319,202,492,95,452,122,45,490,150,347
-22,15,156,494,347,136,199,449,346,193,185,289
-21,15,319,492,452,443,202,490,378,421,407,229
-20,15,122,150,452,202,95,347,319,340,37,160
-19,15,156,347,209,136,346,494,351,302,501,122
-18,15,347,340,122,209,319,229,423,197,12,258
-17,15,197,229,319,340,122,423,347,416,348,246
-16,15,347,340,209,122,423,197,229,212,12,346
-15,15,347,122,156,209,340,272,136,459,150,37
-14,15,347,209,156,351,122,494,302,340,346,459
-13,15,122,347,178,305,353,340,272,302,37,267
-12,15,122,340,95,452,202,150,504,395,347,507
-11,15,122,347,150,160,340,353,305,395,332,369
-10,15,122,319,95,202,150,458,452,395,416,492
-9,15,122,395,150,319,95,202,184,410,423,160
-8,15,122,395,184,410,340,160,369,150,353,69
-7,15,122,395,150,340,184,160,202,319,416,95
-6,15,122,395,340,184,160,69,305,353,150,369
-5,15,122,395,184,160,150,340,197,369,410,423
-4,15,122,184,395,340,160,410,353,369,67,209
-3,15,122,395,184,416,340,160,92,369,410,67
-2,15,184,122,410,395,340,423,209,160,489,347
-1,15,122,160,353,184,340,347,395,100,369,272
-37,16,228,243,487,429,272,132,142,74,58,392
-36,16,429,74,228,58,243,272,278,23,480,391
-35,16,228,429,243,74,480,145,58,223,456,189
-34,16,429,243,74,58,228,189,223,480,283,140
-33,16,228,429,219,283,74,272,480,243,270,456
-32,16,228,429,243,457,283,189,480,74,219,223
-31,16,243,429,74,189,58,228,480,283,140,223
-30,16,228,243,429,74,283,189,219,457,480,140
-29,16,457,228,478,283,456,219,114,370,54,487
-28,16,283,228,480,429,243,189,140,223,114,392
-27,16,243,74,228,429,189,58,480,283,140,392
-26,16,283,228,456,63,223,199,392,490,444,478
-25,16,122,279,77,444,0,54,228,298,150,72
-24,16,279,150,392,72,54,478,228,503,444,199
-23,16,279,314,150,228,444,74,392,429,189,188
-22,16,243,74,429,58,189,228,480,140,391,91
-21,16,150,314,279,444,122,77,193,307,367,206
-20,16,283,133,54,279,228,478,199,392,480,456
-19,16,243,429,74,228,283,480,223,58,189,377
-18,16,182,444,438,122,283,370,202,262,223,480
-17,16,444,77,202,151,122,262,270,79,480,392
-16,16,480,182,223,262,438,370,444,202,283,424
-15,16,480,243,223,429,74,228,377,438,262,202
-14,16,283,243,74,429,223,228,92,370,424,438
-13,16,255,223,228,283,74,333,456,262,202,114
-12,16,228,456,74,202,262,54,66,133,189,399
-11,16,333,456,9,66,74,227,255,228,203,54
-10,16,279,456,199,54,79,412,444,460,150,270
-9,16,456,283,63,9,54,199,297,412,229,325
-8,16,456,9,297,325,229,250,402,54,412,199
-7,16,456,9,199,412,54,63,229,283,277,279
-6,16,456,9,412,297,333,227,229,250,106,228
-5,16,297,456,9,412,325,63,277,250,229,54
-4,16,9,456,412,325,471,297,277,250,106,229
-3,16,456,54,412,325,9,63,297,35,79,444
-2,16,297,456,325,412,63,54,370,9,250,277
-1,16,333,91,9,456,405,227,228,399,297,189
-37,17,486,136,209,510,363,105,160,469,84,243
-36,17,467,160,305,486,499,105,363,136,209,365
-35,17,296,363,469,486,499,405,152,355,467,160
-34,17,363,467,296,499,365,160,486,469,105,305
-33,17,296,469,363,355,432,378,405,169,105,160
-32,17,363,469,187,296,486,355,105,160,499,124
-31,17,363,499,296,372,105,469,467,160,454,486
-30,17,363,469,105,124,499,160,296,355,474,467
-29,17,355,124,363,469,36,454,397,182,239,187
-28,17,363,296,469,160,355,105,467,187,499,68
-27,17,363,160,469,499,105,296,68,136,467,378
-26,17,296,312,378,363,297,182,147,454,42,469
-25,17,182,444,205,434,297,312,363,36,469,289
-24,17,182,297,36,469,312,444,363,454,261,27
-23,17,297,182,363,469,444,107,131,335,499,36
-22,17,363,469,372,105,160,499,467,209,166,50
-21,17,444,182,9,131,469,107,27,132,363,335
-20,17,296,363,454,36,469,182,297,378,68,499
-19,17,363,499,296,160,467,469,372,105,142,209
-18,17,296,142,363,378,207,505,266,147,432,152
-17,17,378,432,296,266,159,207,147,53,170,211
-16,17,207,371,296,266,363,425,378,105,147,142
-15,17,363,372,499,172,324,425,70,296,467,160
-14,17,363,160,469,499,372,467,462,296,105,194
-13,17,296,378,363,147,68,355,454,469,160,313
-12,17,363,454,469,68,296,36,221,160,378,139
-11,17,147,68,173,364,42,296,363,378,454,160
-10,17,182,297,102,469,221,296,364,239,36,349
-9,17,296,349,312,348,175,207,85,44,487,378
-8,17,364,180,113,348,175,85,487,296,313,221
-7,17,487,296,440,348,312,289,142,180,313,113
-6,17,364,425,221,348,469,172,260,175,363,296
-5,17,34,487,180,348,23,436,221,199,296,170
-4,17,286,263,221,244,216,348,34,436,59,101
-3,17,286,348,296,440,221,436,432,182,216,244
-2,17,348,34,286,170,296,425,244,221,0,432
-1,17,172,425,118,430,386,364,267,221,381,90
-37,18,449,46,185,19,201,246,35,194,124,496
-36,18,246,19,213,185,264,496,501,194,46,310
-35,18,461,501,229,194,201,34,393,500,213,283
-34,18,501,194,336,201,19,103,435,393,213,461
-33,18,501,34,201,194,229,283,461,500,486,393
-32,18,201,25,408,501,194,170,414,394,213,117
-31,18,501,194,255,183,417,201,19,43,414,58
-30,18,501,213,194,434,201,90,255,130,108,183
-29,18,478,408,90,294,201,213,194,501,25,477
-28,18,194,501,201,108,414,168,249,341,62,11
-27,18,108,213,194,501,434,201,308,90,21,246
-26,18,501,500,194,461,213,34,90,229,201,36
-25,18,278,165,66,201,194,408,90,501,213,34
-24,18,25,408,501,90,194,394,201,506,170,67
-23,18,43,501,194,90,183,84,201,81,61,130
-22,18,501,194,264,464,201,347,90,19,434,350
-21,18,3,408,25,69,201,194,501,165,90,39
-20,18,501,194,103,76,497,385,178,505,201,36
-19,18,194,501,178,249,19,81,201,310,43,11
-18,18,461,501,194,34,229,500,393,142,244,13
-17,18,501,207,69,34,344,403,194,201,154,408
-16,18,394,501,298,194,506,67,408,207,416,170
-15,18,503,475,501,483,510,194,127,282,250,497
-14,18,85,324,501,194,505,307,444,66,19,435
-13,18,501,194,168,437,341,306,108,62,308,58
-12,18,108,501,194,308,21,142,61,90,58,255
-11,18,308,194,501,125,443,21,96,58,287,142
-10,18,25,13,69,106,501,408,82,54,154,194
-9,18,298,506,13,207,25,501,54,408,67,170
-8,18,443,84,501,93,98,194,152,61,381,62
-7,18,61,501,321,54,70,443,152,58,194,142
-6,18,501,321,443,241,194,156,54,201,416,76
-5,18,286,244,321,501,194,443,54,66,61,303
-4,18,493,501,141,194,417,286,443,55,60,330
-3,18,493,283,165,66,34,501,500,194,55,13
-2,18,493,501,176,298,54,286,76,67,303,194
-1,18,501,503,483,194,510,443,127,282,475,497
-37,19,434,342,173,372,162,413,377,64,308,509
-36,19,434,342,372,173,308,388,162,64,92,454
-35,19,434,372,337,388,64,414,341,483,308,364
-34,19,434,372,414,64,342,364,483,337,388,308
-33,19,434,337,372,144,364,414,341,388,483,64
-32,19,434,64,372,364,414,286,342,221,308,403
-31,19,434,372,64,414,364,454,33,221,350,342
-30,19,434,364,372,64,414,403,483,30,350,305
-29,19,434,364,372,305,221,414,142,64,350,341
-28,19,434,364,64,372,403,221,30,270,314,80
-27,19,434,364,64,372,270,221,30,414,454,80
-26,19,434,337,364,223,80,483,270,135,372,316
-25,19,364,434,337,305,32,138,97,372,221,426
-24,19,434,364,97,305,203,372,259,316,270,330
-23,19,366,203,364,97,434,202,507,414,160,341
-22,19,434,372,364,454,64,426,173,414,221,30
-21,19,366,202,434,364,426,138,203,97,117,337
-20,19,434,364,372,285,97,305,64,454,330,221
-19,19,434,372,262,286,22,64,101,313,505,269
-18,19,372,434,262,469,316,337,341,505,82,80
-17,19,434,372,337,316,364,262,341,169,426,246
-16,19,372,316,434,469,313,445,262,341,454,285
-15,19,434,372,64,173,454,285,101,96,364,414
-14,19,434,286,372,22,364,269,221,454,64,101
-13,19,434,372,269,80,22,469,505,258,486,286
-12,19,434,80,364,33,269,305,454,372,245,64
-11,19,434,245,80,396,372,227,454,504,269,144
-10,19,330,144,305,347,138,227,414,97,454,364
-9,19,347,311,144,227,434,454,495,34,316,138
-8,19,254,76,437,311,227,429,454,327,187,144
-7,19,33,311,187,227,432,144,373,76,316,169
-6,19,454,169,227,373,311,434,504,316,437,210
-5,19,157,76,44,227,311,373,187,437,316,254
-4,19,282,67,157,227,160,503,437,20,110,44
-3,19,282,227,432,82,67,337,135,223,411,187
-2,19,76,365,227,282,317,411,44,6,432,157
-1,19,454,269,372,434,246,210,169,364,270,245
-37,20,76,131,179,388,363,358,40,296,248,55
-36,20,112,76,388,508,131,40,214,485,358,248
-35,20,117,64,41,388,347,479,487,94,112,455
-34,20,388,64,112,41,508,321,76,94,180,214
-33,20,147,64,455,388,94,112,41,375,479,508
-32,20,508,76,388,179,214,112,265,264,296,156
-31,20,76,388,156,508,214,331,58,477,49,265
-30,20,156,331,272,388,76,179,21,49,455,475
-29,20,156,331,76,272,252,455,388,21,225,479
-28,20,140,76,75,214,455,445,112,388,508,41
-27,20,455,76,64,119,184,41,214,205,388,296
-26,20,64,41,347,386,455,117,140,205,293,235
-25,20,386,205,235,184,432,194,187,64,258,48
-24,20,91,235,205,386,48,64,506,76,258,364
-23,20,91,323,322,173,235,29,394,23,184,64
-22,20,76,388,497,258,265,451,179,45,15,214
-21,20,322,235,323,184,187,282,213,252,450,29
-20,20,235,464,225,15,315,214,76,388,297,78
-19,20,214,278,41,112,76,388,64,78,345,508
-18,20,347,117,64,41,235,445,214,278,251,75
-17,20,147,235,41,119,64,214,184,154,420,455
-16,20,214,235,140,57,75,86,56,64,345,506
-15,20,214,265,78,15,388,179,76,45,296,345
-14,20,214,441,132,76,5,78,112,370,265,388
-13,20,140,214,75,173,218,455,445,494,158,41
-12,20,455,479,64,41,456,75,95,43,258,140
-11,20,456,47,455,41,64,479,215,335,501,198
-10,20,455,91,456,173,41,235,23,64,190,122
-9,20,41,235,64,133,455,140,456,190,249,187
-8,20,133,41,27,122,456,64,235,498,119,455
-7,20,133,27,41,455,122,235,91,64,498,119
-6,20,133,456,448,235,455,41,57,119,103,64
-5,20,133,41,117,251,347,119,27,128,42,386
-4,20,325,42,426,133,85,455,157,41,386,136
-3,20,97,455,386,147,184,133,192,422,117,298
-2,20,119,133,41,498,97,252,426,386,466,125
-1,20,214,15,456,237,265,174,78,87,109,320
-37,21,379,346,255,152,10,46,142,420,300,24
-36,21,376,154,271,119,58,379,152,208,176,142
-35,21,48,376,409,154,301,94,58,271,488,243
-34,21,48,376,21,208,119,388,409,154,79,301
-33,21,48,376,409,58,253,447,243,301,479,154
-32,21,400,58,243,130,6,154,376,155,223,59
-31,21,405,277,111,155,113,329,58,30,376,6
-30,21,154,271,405,419,155,277,510,243,71,376
-29,21,434,510,243,400,154,405,155,146,30,113
-28,21,338,376,243,155,292,502,470,201,189,331
-27,21,155,271,154,376,243,419,338,488,481,208
-26,21,243,301,488,376,409,221,155,154,253,271
-25,21,115,243,221,488,154,336,82,155,400,376
-24,21,243,488,400,30,223,225,155,376,59,221
-23,21,327,243,148,183,488,225,111,216,155,201
-22,21,327,3,243,155,104,216,376,201,393,148
-21,21,327,243,488,156,473,458,336,225,345,236
-20,21,155,243,107,454,456,376,178,163,40,338
-19,21,233,155,470,454,376,243,148,183,6,94
-18,21,301,409,233,243,253,94,388,155,376,488
-17,21,243,115,479,376,253,17,144,447,233,488
-16,21,233,243,400,59,442,376,206,155,398,250
-15,21,155,242,243,456,474,464,54,379,189,18
-14,21,305,54,163,56,337,155,414,40,376,243
-13,21,338,312,268,331,376,201,155,11,243,292
-12,21,338,331,292,243,155,376,201,388,111,470
-11,21,331,287,243,384,155,0,91,83,338,351
-10,21,243,286,17,279,212,83,30,488,175,43
-9,21,243,59,279,83,296,67,286,155,400,217
-8,21,164,243,351,167,67,151,268,307,155,69
-7,21,277,243,351,233,268,354,155,319,201,30
-6,21,243,442,199,351,345,307,155,206,311,319
-5,21,243,76,351,465,151,155,199,105,357,442
-4,21,261,243,76,155,347,111,351,419,414,105
-3,21,253,243,409,336,301,261,155,201,115,447
-2,21,243,311,461,206,400,261,442,345,299,155
-1,21,242,243,155,338,293,456,464,474,18,107
-37,22,499,349,173,218,402,54,441,225,456,253
-36,22,374,441,479,150,218,276,192,177,422,456
-35,22,111,113,390,193,316,422,507,192,384,374
-34,22,343,472,387,56,126,509,40,465,42,292
-33,22,111,384,113,316,193,51,368,66,115,494
-32,22,295,305,468,269,318,369,503,423,142,414
-31,22,428,221,28,440,297,416,424,334,434,303
-30,22,374,479,150,282,276,177,48,441,419,422
-29,22,201,369,295,468,282,305,495,269,437,290
-28,22,349,215,17,434,52,8,328,165,113,499
-27,22,374,479,150,192,507,177,48,276,441,422
-26,22,316,66,111,193,384,507,113,192,177,422
-25,22,403,305,326,123,230,258,51,115,389,368
-24,22,295,379,468,142,269,28,369,10,404,348
-23,22,36,28,428,416,334,375,434,307,221,440
-22,22,36,426,112,276,150,461,348,471,28,165
-21,22,36,348,389,369,136,290,468,305,269,500
-20,22,472,343,465,74,381,387,56,281,23,129
-19,22,334,320,416,434,16,428,48,23,444,178
-18,22,111,113,316,193,384,422,115,498,192,390
-17,22,14,113,384,51,498,115,111,452,368,316
-16,22,468,500,142,269,369,379,295,10,136,113
-15,22,283,43,373,261,281,470,78,86,122,205
-14,22,373,381,358,408,40,59,386,255,370,181
-13,22,404,52,17,113,215,306,8,253,373,160
-12,22,215,440,428,328,434,442,8,113,416,97
-11,22,408,339,489,328,181,8,442,467,113,166
-10,22,51,20,230,188,239,468,269,379,369,113
-9,22,10,142,113,20,369,136,468,269,379,295
-8,22,52,499,160,23,126,489,306,113,28,224
-7,22,428,28,375,489,320,416,113,48,440,342
-6,22,495,494,160,273,39,489,375,269,113,28
-5,22,386,273,92,390,404,435,269,375,495,403
-4,22,435,307,440,21,434,408,444,69,199,489
-3,22,403,384,368,193,316,102,507,435,111,110
-2,22,435,163,136,369,468,432,295,403,10,113
-1,22,283,43,261,86,281,78,122,470,264,442
-37,23,356,242,42,338,290,199,496,285,465,406
-36,23,356,498,42,242,323,440,290,285,354,465
-35,23,406,356,53,159,42,124,498,366,383,372
-34,23,498,124,53,354,42,356,440,323,205,238
-33,23,356,498,354,431,440,42,53,205,124,45
-32,23,498,356,42,202,418,205,242,159,50,354
-31,23,482,356,50,135,354,181,42,498,242,205
-30,23,482,135,181,356,50,431,53,354,159,253
-29,23,53,50,354,181,356,253,431,135,482,304
-28,23,498,53,124,316,356,354,159,205,50,193
-27,23,53,75,159,356,124,354,498,101,193,205
-26,23,53,75,159,124,214,100,356,431,498,476
-25,23,75,159,53,304,432,356,101,177,328,211
-24,23,75,53,159,70,432,304,26,479,342,77
-23,23,70,432,53,67,159,357,26,356,177,39
-22,23,356,53,432,124,211,177,328,219,242,498
-21,23,432,67,326,409,39,298,211,442,369,180
-20,23,498,53,124,159,316,75,89,403,511,354
-19,23,498,124,238,316,53,205,356,354,45,398
-18,23,124,498,53,238,316,159,398,383,10,170
-17,23,124,53,170,159,293,419,328,498,172,236
-16,23,238,498,155,124,316,263,232,104,159,236
-15,23,242,498,238,115,142,236,90,442,403,455
-14,23,498,238,242,316,356,486,176,205,398,202
-13,23,398,498,124,356,176,89,419,316,238,53
-12,23,53,75,25,124,159,262,419,193,146,108
-11,23,363,69,53,146,262,476,416,443,124,419
-10,23,53,75,328,70,124,431,63,26,432,304
-9,23,53,124,69,419,117,172,262,476,214,328
-8,23,117,357,53,476,74,419,457,172,214,119
-7,23,117,214,357,53,419,476,250,481,172,104
-6,23,419,197,214,262,124,81,263,53,425,117
-5,23,419,53,214,476,457,24,124,172,117,75
-4,23,24,419,53,124,453,101,205,214,439,308
-3,23,124,53,419,101,24,172,75,397,304,328
-2,23,419,172,24,124,101,170,54,53,117,383
-1,23,419,262,33,238,172,379,197,425,316,124
-37,24,308,456,439,175,325,370,263,46,11,422
-36,24,439,175,11,477,325,456,370,425,262,422
-35,24,339,11,477,20,359,192,101,185,307,422
-34,24,477,11,339,442,20,101,177,351,30,439
-33,24,477,339,11,351,148,20,101,217,359,490
-32,24,477,217,11,307,422,490,325,231,391,485
-31,24,485,11,169,477,32,359,391,482,325,490
-30,24,485,11,119,307,359,391,325,386,231,490
-29,24,119,485,307,391,359,251,490,422,52,231
-28,24,477,32,11,126,155,177,101,359,231,399
-27,24,155,11,359,307,477,231,325,391,101,160
-26,24,155,307,68,359,339,101,106,11,391,374
-25,24,280,374,359,281,307,217,321,135,348,333
-24,24,155,307,359,217,167,113,106,210,212,391
-23,24,167,32,321,11,169,113,359,307,106,212
-22,24,11,160,359,325,356,231,41,477,175,439
-21,24,321,167,60,113,362,83,467,347,359,94
-20,24,155,41,359,126,356,11,233,477,304,307
-19,24,477,353,126,177,11,357,101,32,325,242
-18,24,339,110,477,20,155,353,432,101,11,501
-17,24,501,155,20,477,217,359,11,284,339,83
-16,24,477,155,20,277,339,101,432,482,11,317
-15,24,41,304,356,233,325,477,160,35,503,11
-14,24,477,357,111,230,64,116,470,101,325,151
-13,24,477,59,496,230,20,11,101,482,296,151
-12,24,359,155,391,296,106,11,501,185,256,76
-11,24,210,426,501,496,185,437,359,11,296,447
-10,24,355,110,345,167,210,391,369,501,359,83
-9,24,501,277,351,301,381,391,110,210,369,412
-8,24,501,127,420,465,210,412,351,314,311,281
-7,24,501,465,420,127,314,210,328,412,281,391
-6,24,210,501,328,420,304,412,465,178,437,426
-5,24,281,501,420,242,465,328,412,314,127,402
-4,24,402,501,169,412,241,391,171,420,53,281
-3,24,391,402,331,501,412,281,171,146,110,277
-2,24,402,501,171,277,412,381,53,215,146,230
-1,24,304,496,233,210,41,356,283,359,155,296
-37,25,506,154,192,68,321,314,360,370,445,150
-36,25,360,506,68,111,142,462,154,130,376,361
-35,25,498,40,16,191,68,360,339,130,321,38
-34,25,360,68,40,506,498,130,89,16,191,462
-33,25,40,285,497,208,498,130,273,506,191,360
-32,25,40,68,360,321,285,130,498,191,301,222
-31,25,40,68,360,506,462,111,191,222,498,466
-30,25,40,68,360,498,208,462,175,466,285,273
-29,25,40,285,498,208,175,191,466,282,251,491
-28,25,360,68,40,130,111,462,506,208,77,466
-27,25,68,360,40,208,111,466,462,71,506,498
-26,25,208,146,40,498,281,424,390,395,68,349
-25,25,208,176,281,339,321,282,53,175,146,283
-24,25,208,281,247,321,40,462,466,306,175,282
-23,25,281,247,208,68,75,509,321,466,462,284
-22,25,360,68,111,506,462,466,40,511,89,154
-21,25,281,509,247,208,339,434,305,159,356,181
-20,25,360,68,40,208,462,155,466,111,281,210
-19,25,360,68,301,130,466,40,508,111,506,395
-18,25,360,395,130,89,281,208,18,339,478,508
-17,25,18,360,339,208,281,297,201,181,395,462
-16,25,360,130,395,89,462,508,111,208,506,68
-15,25,360,111,155,462,68,130,506,161,376,208
-14,25,360,45,167,40,68,34,111,48,301,54
-13,25,360,130,497,77,395,40,16,145,208,403
-12,25,208,40,498,145,360,16,146,71,175,313
-11,25,313,208,498,245,348,16,360,71,457,89
-10,25,258,281,247,208,498,434,273,282,462,175
-9,25,208,258,349,498,281,146,89,115,496,403
-8,25,349,391,208,348,257,319,46,228,71,256
-7,25,208,319,349,498,21,348,257,16,496,281
-6,25,71,245,313,208,498,122,349,462,16,171
-5,25,349,319,208,424,257,228,16,412,498,339
-4,25,335,349,166,208,405,339,39,16,148,382
-3,25,208,339,148,282,405,349,434,16,281,146
-2,25,349,405,424,339,208,204,316,389,462,160
-1,25,360,245,111,208,71,313,462,210,395,155
-37,26,461,107,325,508,203,495,379,341,264,228
-36,26,461,325,299,203,296,107,506,238,495,119
-35,26,87,299,381,222,203,279,248,461,494,152
-34,26,299,288,87,203,222,296,461,393,441,152
-33,26,299,381,326,87,494,248,203,222,419,487
-32,26,299,203,381,487,279,296,60,419,78,346
-31,26,299,203,296,393,238,461,381,446,119,279
-30,26,203,299,381,296,279,238,419,20,119,60
-29,26,381,60,279,203,20,493,299,448,296,169
-28,26,203,296,299,381,279,248,238,461,393,362
-27,26,296,203,299,381,461,279,238,60,119,248
-26,26,279,381,248,87,60,203,296,494,95,267
-25,26,381,152,147,511,487,279,203,422,115,236
-24,26,279,381,147,60,487,511,296,203,78,299
-23,26,203,381,511,446,279,299,496,296,362,419
-22,26,296,203,299,238,461,119,48,393,279,484
-21,26,381,448,402,279,511,236,296,203,472,422
-20,26,296,203,279,381,299,424,238,60,48,129
-19,26,203,296,265,299,238,381,490,393,48,402
-18,26,248,381,222,203,402,1,87,279,236,296
-17,26,153,279,381,248,339,236,222,487,203,296
-16,26,279,296,203,402,78,381,487,248,222,1
-15,26,296,203,424,279,322,273,129,125,238,402
-14,26,203,296,299,238,349,48,381,410,106,98
-13,26,248,98,279,381,296,203,410,490,180,494
-12,26,248,381,279,147,511,296,203,189,419,95
-11,26,248,296,381,279,95,253,189,494,203,490
-10,26,381,189,511,279,141,248,462,222,236,218
-9,26,248,189,381,17,369,279,252,78,141,236
-8,26,189,279,381,369,248,291,252,494,95,378
-7,26,248,189,95,279,369,381,291,252,494,378
-6,26,279,248,381,296,189,95,252,218,424,291
-5,26,369,223,252,248,189,95,291,279,381,55
-4,26,381,218,398,248,279,189,252,410,440,105
-3,26,189,248,381,252,398,391,218,311,2,105
-2,26,398,279,2,252,248,381,440,346,55,288
-1,26,279,296,424,330,203,125,129,248,381,273
-37,27,430,361,397,424,508,108,132,273,261,307
-36,27,273,165,250,397,84,500,261,48,430,185
-35,27,46,90,261,422,397,273,84,27,430,10
-34,27,84,397,90,261,273,422,243,163,379,444
-33,27,90,397,446,84,261,23,247,273,46,430
-32,27,261,397,84,90,86,273,430,379,422,500
-31,27,261,84,397,90,422,273,430,148,188,495
-30,27,84,261,397,90,188,422,230,430,148,477
-29,27,261,230,90,397,188,84,501,477,247,430
-28,27,261,397,84,148,422,430,90,273,477,495
-27,27,261,84,397,422,90,273,430,148,477,471
-26,27,306,261,422,471,334,324,90,477,366,258
-25,27,229,96,261,397,422,86,324,84,90,444
-24,27,324,229,90,261,334,84,308,444,422,366
-23,27,261,84,422,397,90,344,477,444,495,430
-22,27,261,84,422,397,273,250,58,90,495,477
-21,27,229,86,489,261,90,31,386,324,422,293
-20,27,261,422,84,397,90,471,477,415,273,250
-19,27,261,84,422,397,373,477,90,430,273,495
-18,27,261,422,90,78,46,503,397,398,287,477
-17,27,261,78,487,195,245,90,229,287,46,366
-16,27,261,397,78,422,90,287,477,84,366,3
-15,27,261,84,250,397,422,273,415,90,444,430
-14,27,261,84,397,422,99,495,90,379,430,36
-13,27,261,78,340,90,422,288,397,366,103,477
-12,27,306,261,90,444,472,197,422,17,84,188
-11,27,258,306,261,422,366,90,84,444,460,78
-10,27,229,324,306,251,247,177,86,90,444,429
-9,27,306,251,229,86,32,90,324,177,398,103
-8,27,306,258,277,88,90,335,380,342,496,261
-7,27,306,318,32,88,453,335,474,325,324,90
-6,27,306,258,444,395,9,335,366,425,88,510
-5,27,277,306,81,496,342,503,247,46,261,109
-4,27,306,468,261,247,242,90,277,99,77,480
-3,27,247,468,53,306,324,46,428,242,261,229
-2,27,468,306,277,342,376,283,242,247,90,81
-1,27,258,415,90,261,366,78,510,422,72,363
-37,28,28,251,297,139,48,307,386,433,262,120
-36,28,297,277,139,351,228,433,251,63,390,199
-35,28,139,214,242,269,60,352,63,101,419,264
-34,28,139,506,101,363,433,290,63,432,78,242
-33,28,139,242,404,269,327,101,48,214,352,90
-32,28,139,433,32,48,18,63,51,297,264,180
-31,28,139,297,433,243,180,379,63,267,278,400
-30,28,139,351,489,463,63,264,457,433,150,297
-29,28,139,476,402,457,111,489,433,264,90,180
-28,28,139,48,63,303,264,299,489,223,286,297
-27,28,489,139,351,63,48,264,463,297,457,150
-26,28,139,60,269,497,264,242,266,419,63,457
-25,28,359,139,281,322,489,264,353,352,0,357
-24,28,139,497,489,264,457,91,353,0,32,370
-23,28,139,278,63,370,489,267,400,264,198,243
-22,28,139,489,156,63,297,433,390,37,264,180
-21,28,139,281,489,352,69,425,370,67,408,0
-20,28,139,264,489,63,37,228,410,363,290,491
-19,28,17,63,264,138,139,502,489,180,48,340
-18,28,242,264,269,48,139,138,419,63,266,214
-17,28,242,331,51,139,269,214,264,321,0,339
-16,28,139,48,138,242,408,101,136,75,264,180
-15,28,301,392,139,246,287,491,96,459,37,150
-14,28,63,264,206,340,139,228,460,252,432,489
-13,28,48,269,303,299,264,139,223,286,63,251
-12,28,264,489,139,299,379,142,48,0,72,67
-11,28,144,493,264,33,139,489,63,0,67,299
-10,28,331,281,139,302,457,497,51,370,67,0
-9,28,457,136,269,331,408,139,360,0,51,439
-8,28,224,98,326,264,139,413,227,502,154,0
-7,28,224,209,326,269,413,370,17,242,139,439
-6,28,453,413,73,139,489,67,144,264,439,224
-5,28,224,399,326,413,460,419,209,269,369,227
-4,28,4,484,264,400,267,139,0,378,413,47
-3,28,413,404,327,155,322,462,139,214,457,460
-2,28,413,453,139,73,7,192,408,462,136,427
-1,28,301,139,246,392,489,287,37,264,96,290
-37,29,293,387,400,294,68,262,466,330,170,86
-36,29,387,148,50,463,91,273,290,35,411,224
-35,29,290,250,387,411,148,181,35,302,385,508
-34,29,387,411,250,290,35,148,181,302,463,385
-33,29,411,35,387,290,148,330,250,463,302,7
-32,29,411,250,463,290,302,387,148,385,35,488
-31,29,250,463,411,387,385,148,302,290,35,273
-30,29,411,290,463,250,387,302,35,340,7,82
-29,29,411,340,290,463,7,302,250,103,330,488
-28,29,387,463,411,250,488,290,35,385,302,148
-27,29,387,290,148,250,463,411,273,302,35,265
-26,29,290,441,113,7,463,35,411,302,457,119
-25,29,7,290,250,441,29,488,265,463,148,453
-24,29,441,463,411,7,385,103,290,119,488,422
-23,29,290,387,250,265,441,7,103,119,411,303
-22,29,387,463,273,148,385,302,488,22,411,7
-21,29,7,226,161,103,290,355,488,422,377,104
-20,29,387,385,463,411,302,329,148,488,128,7
-19,29,463,387,302,385,488,119,273,257,411,457
-18,29,457,76,35,302,463,395,419,181,488,387
-17,29,457,419,311,7,463,302,35,119,411,385
-16,29,457,463,302,76,419,381,385,35,7,488
-15,29,385,463,381,387,302,148,329,481,411,7
-14,29,463,387,302,290,273,411,34,488,148,385
-13,29,302,463,265,261,488,411,7,250,457,385
-12,29,463,441,7,411,119,35,436,340,154,488
-11,29,119,124,463,302,57,35,265,116,441,486
-10,29,7,344,422,124,421,57,177,463,189,475
-9,29,7,57,124,64,189,344,177,171,488,419
-8,29,57,332,7,486,124,463,114,189,77,488
-7,29,57,419,7,114,278,332,189,30,206,252
-6,29,119,57,7,463,124,419,441,385,311,264
-5,29,57,7,455,419,252,488,189,332,206,474
-4,29,25,58,305,7,486,478,488,107,84,499
-3,29,467,499,58,84,107,478,305,7,189,324
-2,29,7,57,355,382,330,463,318,58,488,474
-1,29,385,119,463,302,381,329,481,412,128,484
-37,30,506,398,40,14,117,137,335,243,377,138
-36,30,506,14,460,117,80,212,335,314,129,138
-35,30,97,351,162,254,358,496,321,5,119,212
-34,30,162,254,351,97,305,396,321,243,506,335
-33,30,110,231,97,305,82,14,34,162,396,327
-32,30,305,268,264,243,254,227,321,82,396,212
-31,30,97,506,212,305,230,138,335,34,243,264
-30,30,230,305,264,101,268,113,471,97,467,34
-29,30,467,264,321,305,28,268,6,113,471,97
-28,30,212,305,321,302,243,471,268,6,396,97
-27,30,212,97,162,471,243,64,138,135,506,101
-26,30,471,58,101,73,94,402,321,162,425,34
-25,30,471,157,503,226,101,318,358,311,73,58
-24,30,471,321,318,157,268,94,160,73,101,193
-23,30,318,471,400,503,145,181,212,97,157,167
-22,30,138,212,243,233,506,97,335,321,254,14
-21,30,503,471,341,400,157,318,420,181,167,415
-20,30,321,374,212,90,160,305,138,243,82,233
-19,30,243,354,254,305,94,321,212,396,278,162
-18,30,396,254,250,321,402,162,471,243,18,6
-17,30,425,187,471,22,321,6,160,254,401,170
-16,30,321,254,160,396,424,243,401,6,18,461
-15,30,160,383,321,254,233,424,188,90,268,323
-14,30,305,243,241,254,321,448,438,162,212,461
-13,30,321,402,396,305,485,243,212,94,254,82
-12,30,485,34,101,268,264,185,403,82,43,135
-11,30,485,496,34,450,185,425,33,119,38,451
-10,30,485,185,318,97,496,119,311,210,268,262
-9,30,425,485,185,496,18,235,321,311,58,262
-8,30,429,425,185,496,321,78,454,437,344,58
-7,30,425,73,185,496,321,78,34,58,429,264
-6,30,485,496,160,425,321,38,96,94,233,185
-5,30,425,429,496,303,206,301,73,321,58,119
-4,30,303,471,425,301,20,496,391,211,227,185
-3,30,471,73,425,303,496,185,391,5,487,402
-2,30,206,425,321,429,160,256,496,171,73,96
-1,30,160,321,374,90,94,383,188,323,82,233
-37,31,283,156,199,494,318,174,136,55,212,411
-36,31,318,346,426,156,193,494,347,302,19,100
-35,31,156,347,302,346,504,136,318,236,507,100
-34,31,347,156,346,22,309,302,209,136,272,25
-33,31,302,37,272,347,156,122,100,287,309,346
-32,31,28,156,92,348,347,136,504,122,10,507
-31,31,156,347,302,199,318,122,100,212,10,399
-30,31,122,28,92,95,507,504,150,345,458,302
-29,31,122,28,92,95,150,302,507,504,178,236
-28,31,122,347,150,156,340,504,160,92,28,236
-27,31,122,150,156,319,302,347,452,236,125,309
-26,31,122,150,92,347,95,319,504,236,202,302
-25,31,122,452,319,236,95,407,229,347,150,132
-24,31,202,95,122,319,150,452,347,492,458,504
-23,31,319,202,95,452,490,492,96,354,156,347
-22,31,494,347,199,449,209,6,346,156,501,426
-21,31,492,319,202,443,452,490,421,378,407,176
-20,31,347,122,156,340,346,302,178,37,507,136
-19,31,347,346,209,37,122,178,340,302,156,12
-18,31,347,122,340,209,346,319,12,309,232,272
-17,31,197,229,340,184,347,319,122,416,201,423
-16,31,347,156,212,209,309,346,247,459,254,91
-15,31,347,209,156,37,340,309,160,346,122,302
-14,31,347,209,212,156,302,37,25,346,494,178
-13,31,347,156,122,353,272,340,267,305,212,178
-12,31,122,95,202,178,92,504,28,507,150,347
-11,31,122,458,160,150,353,395,67,340,347,504
-10,31,122,458,202,95,319,395,353,150,369,340
-9,31,122,395,184,160,410,340,353,150,305,69
-8,31,122,184,395,410,340,369,371,160,69,209
-7,31,122,395,150,184,340,371,160,69,423,136
-6,31,122,184,353,395,340,160,69,369,371,489
-5,31,122,184,395,160,209,150,340,369,410,347
-4,31,122,395,184,95,160,410,150,369,92,340
-3,31,122,184,395,416,340,92,369,95,190,410
-2,31,184,395,122,489,209,410,369,350,340,69
-1,31,347,37,422,353,272,212,489,178,156,302
-37,32,228,243,429,272,74,92,223,487,58,142
-36,32,228,58,74,26,429,243,201,23,223,391
-35,32,228,223,429,243,74,189,75,58,25,480
-34,32,228,223,429,58,74,243,116,283,189,438
-33,32,228,219,223,283,26,479,270,480,399,400
-32,32,228,223,429,269,283,480,457,189,392,74
-31,32,429,228,243,58,457,487,74,223,270,479
-30,32,228,457,478,219,283,114,392,262,456,429
-29,32,228,478,457,219,54,114,283,392,456,231
-28,32,228,480,429,333,392,74,283,456,133,54
-27,32,228,429,74,243,480,487,188,202,114,283
-26,32,228,283,392,429,279,189,503,478,456,444
-25,32,228,444,122,150,77,279,79,188,503,202
-24,32,279,228,392,150,7,283,199,202,72,54
-23,32,228,279,150,314,429,444,206,232,74,339
-22,32,228,429,243,480,92,58,26,7,74,223
-21,32,150,444,314,279,228,122,339,7,232,193
-20,32,480,7,223,392,92,429,283,228,424,243
-19,32,223,424,228,438,92,480,283,7,394,25
-18,32,444,223,438,262,7,228,424,480,283,25
-17,32,444,228,151,77,202,490,480,262,392,25
-16,32,228,223,438,424,25,182,7,377,116,92
-15,32,223,228,438,182,25,480,92,424,377,479
-14,32,223,228,283,424,224,120,92,429,51,62
-13,32,228,223,255,333,74,283,262,189,429,51
-12,32,54,66,456,133,231,283,478,255,333,279
-11,32,456,333,9,279,228,227,54,203,283,74
-10,32,456,279,199,412,9,460,402,258,432,54
-9,32,456,9,297,199,325,229,412,283,250,79
-8,32,456,297,9,325,250,229,412,402,199,54
-7,32,456,9,412,199,277,490,54,202,297,446
-6,32,333,456,9,297,250,228,349,227,229,412
-5,32,297,412,456,9,277,199,325,229,471,79
-4,32,412,63,456,9,199,54,325,79,283,279
-3,32,456,9,79,297,229,412,54,152,325,471
-2,32,297,250,229,86,412,271,277,325,365,9
-1,32,333,228,223,262,480,189,349,91,51,114
-37,33,486,136,105,160,243,469,209,499,363,467
-36,33,467,136,305,499,160,372,209,486,365,105
-35,33,363,296,469,467,499,160,486,209,187,136
-34,33,467,363,499,296,469,160,136,209,372,105
-33,33,469,187,296,136,363,467,355,285,413,486
-32,33,469,363,160,187,467,296,355,124,499,36
-31,33,124,363,160,467,469,486,36,136,355,499
-30,33,124,469,160,36,355,363,33,271,0,467
-29,33,469,355,36,363,160,187,296,182,467,271
-28,33,467,363,296,68,499,160,469,378,36,182
-27,33,182,363,499,469,160,296,68,36,378,444
-26,33,182,312,296,469,147,363,160,297,36,378
-25,33,182,444,469,312,434,221,297,205,363,36
-24,33,182,296,363,160,469,36,187,312,378,297
-23,33,131,107,182,444,469,363,9,132,499,297
-22,33,363,160,469,105,499,372,136,467,209,194
-21,33,182,444,469,9,335,131,118,221,297,289
-20,33,363,467,296,160,499,372,469,172,105,68
-19,33,296,142,462,363,160,467,405,499,148,378
-18,33,296,378,142,207,363,160,97,147,505,432
-17,33,207,432,159,296,160,266,53,469,289,170
-16,33,363,296,207,371,160,266,309,425,467,469
-15,33,160,386,172,469,105,467,363,296,498,70
-14,33,363,160,462,467,499,105,372,469,296,301
-13,33,363,296,160,68,499,378,105,462,467,147
-12,33,296,68,36,454,182,312,378,355,260,141
-11,33,364,297,173,296,68,160,240,260,42,182
-10,33,102,175,364,182,297,348,296,221,349,469
-9,33,175,296,348,487,349,364,141,102,297,469
-8,33,487,348,296,113,141,34,313,85,221,363
-7,33,425,33,141,440,309,348,124,297,487,221
-6,33,425,172,118,309,364,348,160,371,499,386
-5,33,263,425,34,348,221,296,118,487,216,309
-4,33,286,296,263,312,59,348,182,0,383,239
-3,33,286,182,296,348,6,170,378,0,221,86
-2,33,90,118,172,34,425,309,23,348,6,430
-1,33,363,172,70,386,499,160,324,372,467,296
-37,34,449,19,46,185,201,496,246,299,501,11
-36,34,264,19,496,201,213,46,501,184,185,347
-35,34,501,201,461,34,229,194,213,500,408,393
-34,34,501,336,201,435,393,103,164,142,194,213
-33,34,501,34,500,486,284,461,229,201,213,408
-32,34,501,201,25,194,170,408,394,414,117,19
-31,34,501,130,194,201,183,90,414,116,43,255
-30,34,501,90,130,194,213,434,201,183,116,477
-29,34,501,194,201,478,294,408,25,477,90,76
-28,34,501,194,201,108,308,168,116,90,62,414
-27,34,90,501,213,194,434,308,108,201,36,116
-26,34,501,90,194,500,461,201,213,34,36,229
-25,34,501,194,201,278,90,66,408,165,34,213
-24,34,501,194,25,201,90,117,506,394,36,67
-23,34,501,43,90,130,194,183,201,61,481,81
-22,34,501,464,194,201,434,43,347,183,3,264
-21,34,501,3,194,25,201,408,76,278,366,505
-20,34,501,103,194,497,201,178,385,132,282,36
-19,34,501,194,178,249,81,142,36,246,137,393
-18,34,501,461,142,34,194,229,500,36,13,201
-17,34,501,403,194,207,34,69,201,408,154,252
-16,34,501,394,194,201,159,67,298,506,416,36
-15,34,475,501,503,510,201,264,194,483,127,6
-14,34,501,324,194,185,85,19,201,435,362,66
-13,34,501,194,308,168,341,108,201,437,62,36
-12,34,501,108,308,90,21,194,137,362,142,36
-11,34,501,308,194,443,125,90,142,96,219,287
-10,34,25,501,443,13,194,69,54,428,201,408
-9,34,506,501,443,428,194,67,201,260,25,54
-8,34,84,501,93,194,381,443,142,152,61,98
-7,34,501,194,443,54,321,142,152,201,255,417
-6,34,321,501,194,156,201,443,416,54,241,70
-5,34,286,501,321,194,244,493,443,201,54,66
-4,34,493,141,501,194,417,364,198,55,21,90
-3,34,493,501,34,13,500,194,66,165,283,55
-2,34,501,194,176,234,201,76,443,296,286,486
-1,34,501,475,503,483,510,194,127,50,497,250
-37,35,342,434,372,308,341,414,375,406,403,173
-36,35,342,372,308,434,92,341,173,162,377,483
-35,35,434,64,372,414,342,308,341,270,31,388
-34,35,341,434,372,407,414,144,262,337,503,64
-33,35,372,341,434,483,308,414,388,82,359,426
-32,35,434,372,341,64,342,414,308,403,349,305
-31,35,434,372,342,341,364,64,350,414,349,507
-30,35,434,372,364,305,341,414,64,483,135,349
-29,35,372,434,341,64,364,286,305,285,454,258
-28,35,434,372,80,364,341,414,64,270,305,342
-27,35,434,372,364,483,80,305,426,341,337,449
-26,35,434,372,364,305,341,64,223,337,414,483
-25,35,434,364,305,337,372,316,341,64,161,483
-24,35,434,372,341,364,64,97,305,203,30,414
-23,35,366,434,364,372,507,203,202,234,64,341
-22,35,434,372,364,366,426,118,341,30,507,202
-21,35,434,97,372,364,426,366,202,341,285,30
-20,35,372,434,341,313,245,269,30,454,262,286
-19,35,372,262,434,364,269,341,469,313,286,486
-18,35,372,316,434,262,341,337,469,245,34,64
-17,35,372,434,341,316,245,252,262,426,486,469
-16,35,372,434,341,313,16,245,262,316,101,269
-15,35,372,426,434,341,192,313,413,176,511,500
-14,35,372,434,286,341,269,505,245,339,486,342
-13,35,372,434,245,269,454,80,505,341,92,64
-12,35,80,434,305,372,454,311,269,227,144,33
-11,35,434,396,227,144,454,20,437,169,414,372
-10,35,144,437,311,227,138,341,347,169,316,414
-9,35,437,254,227,311,157,144,169,187,76,341
-8,35,157,429,187,327,254,311,76,341,144,227
-7,35,157,373,20,227,33,434,144,432,414,169
-6,35,373,157,454,434,372,341,169,245,64,210
-5,35,282,67,373,227,157,432,364,6,76,44
-4,35,282,227,67,160,503,364,110,135,44,80
-3,35,82,317,227,282,364,432,223,337,316,482
-2,35,6,454,76,341,169,393,317,87,210,426
-1,35,372,434,23,261,341,426,31,377,388,245
-37,36,508,445,76,388,173,248,358,131,179,296
-36,36,508,388,76,248,112,94,179,56,131,214
-35,36,388,508,179,112,117,94,214,30,76,115
-34,36,388,321,64,410,41,115,487,30,179,76
-33,36,508,388,112,94,147,76,115,214,298,475
-32,36,388,508,76,214,156,56,179,265,131,99
-31,36,156,331,272,76,388,508,21,479,447,410
-30,36,156,331,272,76,64,388,501,23,475,455
-29,36,76,388,214,508,156,75,112,225,479,475
-28,36,140,64,479,455,205,23,109,76,388,112
-27,36,64,205,455,41,386,76,94,23,184,479
-26,36,64,386,347,205,455,117,94,140,23,41
-25,36,386,205,64,235,156,455,184,23,432,225
-24,36,214,225,235,258,506,388,156,91,265,64
-23,36,323,29,394,322,91,284,173,76,94,64
-22,36,323,497,322,29,94,451,282,187,46,258
-21,36,258,323,322,225,76,184,235,265,450,506
-20,36,214,41,388,112,345,64,15,479,75,321
-19,36,278,64,214,41,112,388,184,156,75,455
-18,36,347,214,117,235,64,41,112,388,75,445
-17,36,235,147,214,384,41,298,57,112,388,125
-16,36,321,214,41,235,57,345,388,75,258,213
-15,36,327,265,214,388,107,15,363,112,78,207
-14,36,214,441,112,76,388,131,75,239,5,132
-13,36,214,140,456,112,75,41,64,339,455,479
-12,36,456,455,479,41,64,43,109,112,477,95
-11,36,456,215,41,455,64,413,479,335,422,112
-10,36,456,41,455,401,190,422,64,2,235,249
-9,36,456,41,133,401,249,455,190,64,103,235
-8,36,133,27,41,122,455,456,119,64,391,192
-7,36,133,27,455,422,156,42,126,57,386,235
-6,36,133,315,57,15,464,506,235,456,225,107
-5,36,42,325,133,455,119,117,192,300,386,426
-4,36,455,386,192,42,136,426,119,75,97,133
-3,36,455,147,386,192,119,97,103,298,41,75
-2,36,327,15,119,375,303,486,169,174,284,243
-1,36,214,388,265,15,387,484,346,268,363,109
-37,37,255,346,116,502,312,46,379,243,152,453
-36,37,271,154,255,379,478,46,152,420,119,346
-35,37,409,154,243,58,376,301,271,142,420,48
-34,37,48,21,243,478,376,79,142,214,46,388
-33,37,409,243,154,58,253,301,119,271,376,479
-32,37,400,155,243,6,11,58,326,142,30,438
-31,37,243,113,405,71,111,155,419,183,346,30
-30,37,271,154,510,155,243,30,71,58,376,6
-29,37,434,243,155,30,400,376,345,510,189,6
-28,37,338,243,155,331,376,292,470,502,268,419
-27,37,271,154,243,338,488,155,30,208,376,481
-26,37,301,30,243,154,155,409,488,253,271,376
-25,37,243,115,154,479,30,155,221,253,488,301
-24,37,243,155,30,345,206,400,223,376,59,442
-23,37,148,183,216,327,243,111,201,376,338,155
-22,37,3,327,243,104,216,393,155,236,488,336
-21,37,243,155,327,488,345,206,442,225,461,458
-20,37,454,155,243,107,376,178,163,456,338,6
-19,37,233,376,94,155,470,243,6,338,208,388
-18,37,409,233,388,301,17,243,155,253,376,338
-17,37,243,17,253,233,155,409,479,376,407,115
-16,37,243,233,398,400,59,442,376,155,214,206
-15,37,243,242,142,376,229,255,379,460,326,346
-14,37,6,155,243,376,414,305,40,189,478,54
-13,37,331,338,243,268,155,312,376,201,502,6
-12,37,338,243,331,155,292,376,201,30,94,388
-11,37,243,155,287,331,384,83,0,277,376,307
-10,37,286,243,67,281,496,155,247,30,175,307
-9,37,243,281,67,496,155,286,164,247,307,0
-8,37,167,268,164,201,243,351,155,277,78,192
-7,37,277,243,201,155,233,351,268,183,354,261
-6,37,243,345,155,201,351,311,199,206,442,338
-5,37,261,243,76,465,155,201,351,148,199,311
-4,37,261,76,111,201,155,347,243,419,481,148
-3,37,243,155,301,253,17,409,336,479,261,30
-2,37,243,293,345,155,311,189,284,461,198,206
-1,37,242,243,100,18,255,464,229,474,293,267
-37,38,499,225,349,402,54,173,441,253,456,52
-36,38,441,374,479,205,150,422,192,276,402,345
-35,38,113,111,193,316,390,384,374,507,422,192
-34,38,56,343,387,472,509,42,40,113,126,465
-33,38,113,316,384,111,193,115,422,374,368,498
-32,38,305,503,318,295,113,414,142,456,468,369
-31,38,428,282,221,28,424,297,440,334,303,434
-30,38,374,282,479,150,48,276,441,177,165,422
-29,38,201,305,282,495,136,295,468,415,369,165
-28,38,215,349,17,8,434,52,440,113,328,444
-27,38,374,192,479,150,276,48,507,177,441,422
-26,38,113,316,384,111,193,66,422,115,192,507
-25,38,403,305,326,123,51,258,396,202,368,230
-24,38,468,295,305,379,28,142,369,500,269,230
-23,38,36,28,334,375,428,416,48,434,307,444
-22,38,36,426,276,112,150,461,471,325,28,348
-21,38,36,348,389,468,290,369,500,415,165,28
-20,38,343,472,465,74,387,381,373,56,281,172
-19,38,320,334,16,416,444,434,428,178,48,307
-18,38,113,111,316,384,115,193,498,192,390,177
-17,38,113,14,384,51,498,115,368,111,316,448
-16,38,468,500,379,136,142,295,269,113,10,369
-15,38,470,283,456,43,86,373,261,205,165,287
-14,38,408,373,358,381,165,40,255,225,339,386
-13,38,113,52,17,404,215,306,8,253,349,160
-12,38,215,428,440,113,221,328,434,8,416,48
-11,38,408,339,489,181,8,328,401,165,444,432
-10,38,51,489,20,468,230,188,379,113,239,369
-9,38,489,136,20,113,10,468,369,469,379,142
-8,38,52,160,499,126,489,28,306,113,35,23
-7,38,28,428,375,320,113,48,489,440,16,416
-6,38,494,273,495,160,489,468,39,113,500,269
-5,38,386,92,273,435,390,404,403,269,489,468
-4,38,307,435,440,408,434,444,69,467,21,40
-3,38,368,403,384,316,193,115,435,113,111,102
-2,38,435,468,136,489,163,273,415,456,369,165
-1,38,283,43,470,86,456,78,261,41,205,264
-37,39,356,242,42,323,199,496,354,217,334,285
-36,39,356,242,42,323,354,465,199,498,496,440
-35,39,356,42,159,354,36,406,242,366,498,323
-34,39,356,42,53,323,498,124,354,366,159,242
-33,39,356,354,42,323,440,159,36,498,205,199
-32,39,42,356,354,418,242,498,486,482,202,366
-31,39,356,482,42,354,135,53,181,115,328,50
-30,39,356,53,354,482,135,431,181,50,1,7
-29,39,53,354,486,181,356,511,75,316,498,366
-28,39,356,53,75,263,511,431,159,101,354,440
-27,39,356,53,75,159,101,410,124,431,304,511
-26,39,356,53,75,159,304,101,100,431,511,500
-25,39,159,53,75,356,432,177,304,431,101,48
-24,39,75,53,511,263,250,159,117,67,369,26
-23,39,356,67,342,39,177,432,369,159,442,53
-22,39,356,67,432,39,342,177,199,369,159,442
-21,39,432,67,104,39,70,326,159,75,369,250
-20,39,53,124,498,238,316,159,398,75,176,205
-19,39,53,124,159,498,70,238,304,75,316,205
-18,39,53,159,124,498,238,205,75,70,432,326
-17,39,124,498,53,238,262,159,398,316,172,336
-16,39,53,124,159,498,316,238,104,176,366,304
-15,39,89,215,124,403,104,238,498,369,189,177
-14,39,498,316,238,354,486,205,242,356,336,398
-13,39,498,398,316,238,263,262,124,354,193,159
-12,39,263,53,262,511,124,146,159,75,20,431
-11,39,53,124,75,511,159,363,328,498,69,356
-10,39,69,53,262,317,124,20,410,75,511,117
-9,39,262,69,53,117,124,419,317,398,476,481
-8,39,117,262,53,357,419,124,172,104,476,398
-7,39,181,250,482,81,104,53,262,357,419,117
-6,39,250,262,81,357,419,214,124,425,172,53
-5,39,53,101,124,419,172,453,186,205,498,431
-4,39,101,205,53,186,419,453,75,304,431,498
-3,39,101,419,53,172,304,453,262,186,124,75
-2,39,172,419,54,262,186,398,328,124,197,177
-1,39,498,238,398,89,316,242,403,27,124,336
-37,40,309,87,449,341,357,40,212,280,178,470
-36,40,309,449,87,223,341,357,40,229,212,500
-35,40,391,309,223,196,355,40,427,470,449,42
-34,40,223,355,309,43,503,61,482,391,85,131
-33,40,309,223,198,503,341,296,416,336,299,495
-32,40,309,77,40,223,320,18,25,341,503,61
-31,40,320,296,309,299,341,503,40,398,18,77
-30,40,320,296,503,40,198,95,299,417,410,344
-29,40,320,77,257,503,223,227,171,203,296,146
-28,40,257,227,503,309,296,95,198,65,203,320
-27,40,257,296,503,95,43,198,65,422,320,330
-26,40,296,257,95,320,503,43,422,198,309,398
-25,40,257,422,296,95,320,19,198,503,393,299
-24,40,393,296,422,227,215,320,6,257,203,4
-23,40,393,422,83,4,296,341,309,19,95,511
-22,40,83,393,425,422,511,4,394,296,337,19
-21,40,393,422,83,296,19,4,385,292,374,511
-20,40,223,422,65,171,25,503,482,146,40,227
-19,40,422,223,43,25,65,463,19,503,170,320
-18,40,422,223,19,355,43,383,65,503,198,463
-17,40,223,383,65,503,28,198,422,463,466,355
-16,40,422,223,65,383,19,171,463,25,166,398
-15,40,222,383,346,223,171,270,472,463,65,86
-14,40,25,40,87,223,61,227,309,158,503,450
-13,40,223,503,450,77,227,65,61,164,146,171
-12,40,65,215,503,227,422,171,203,320,257,367
-11,40,422,65,296,407,198,215,320,503,257,139
-10,40,65,157,171,320,296,503,393,422,389,257
-9,40,65,171,157,330,389,257,288,367,344,444
-8,40,65,6,330,171,344,257,383,367,389,285
-7,40,6,320,65,344,366,410,257,367,296,235
-6,40,6,65,366,257,344,367,157,212,314,171
-5,40,366,503,257,65,296,223,367,383,43,139
-4,40,257,366,503,65,43,296,139,367,223,95
-3,40,257,65,503,367,296,383,123,43,366,223
-2,40,123,223,48,65,288,503,102,466,382,194
-1,40,223,61,25,397,40,503,172,146,164,222
-37,41,443,440,391,145,477,168,213,5,170,421
-36,41,443,440,264,391,162,418,477,146,168,5
-35,41,440,443,168,382,146,418,213,207,303,5
-34,41,440,443,51,508,168,213,499,25,347,208
-33,41,443,146,418,289,168,170,303,440,382,264
-32,41,443,440,100,135,146,505,186,467,418,494
-31,41,418,467,366,443,411,446,504,458,508,149
-30,41,458,264,411,418,467,146,147,158,443,504
-29,41,306,12,443,429,494,49,366,418,467,397
-28,41,429,147,443,215,175,424,418,508,168,146
-27,41,264,215,429,147,499,168,200,156,382,146
-26,41,215,264,429,147,382,458,443,200,168,289
-25,41,215,196,333,429,458,147,156,289,252,12
-24,41,12,215,43,100,394,494,429,505,475,380
-23,41,43,53,215,99,149,227,325,156,146,458
-22,41,43,53,283,325,501,215,99,227,401,448
-21,41,157,215,99,43,149,53,218,429,227,12
-20,41,438,51,168,40,494,484,215,259,424,508
-19,41,215,259,168,147,499,364,246,170,36,417
-18,41,215,168,259,147,364,152,170,289,386,499
-17,41,196,289,168,259,215,107,438,147,364,395
-16,41,168,306,259,215,157,438,494,147,364,12
-15,41,438,168,434,440,116,11,377,364,107,443
-14,41,443,484,145,424,358,438,414,434,168,151
-13,41,424,168,397,175,443,508,438,40,380,147
-12,41,147,424,508,94,215,259,494,499,168,175
-11,41,215,94,508,147,168,429,458,499,435,156
-10,41,505,494,215,500,508,164,43,1,32,216
-9,41,494,32,216,164,500,220,157,408,352,395
-8,41,216,32,475,220,380,395,175,41,152,429
-7,41,380,175,467,429,397,475,147,366,41,508
-6,41,380,429,397,245,475,494,67,43,424,395
-5,41,429,200,215,168,508,147,107,395,152,458
-4,41,215,429,152,147,200,508,168,135,427,397
-3,41,289,147,429,215,427,107,2,397,395,259
-2,41,54,395,107,366,409,185,424,168,508,152
-1,41,40,438,168,434,362,54,484,366,424,494
-37,42,78,105,62,151,362,455,241,83,217,491
-36,42,403,105,379,464,23,381,211,196,241,83
-35,42,237,394,403,59,367,211,105,186,39,464
-34,42,394,484,163,91,403,23,379,241,268,375
-33,42,403,367,59,237,394,141,436,381,105,483
-32,42,133,71,67,438,22,325,83,404,257,267
-31,42,312,139,62,40,216,394,387,369,214,233
-30,42,403,379,312,55,483,394,46,40,222,367
-29,42,67,438,138,257,133,479,267,325,222,394
-28,42,369,216,362,62,491,367,50,186,394,387
-27,42,403,379,163,55,113,367,394,424,268,208
-26,42,403,436,237,55,389,186,256,367,59,396
-25,42,59,490,141,39,403,237,186,55,79,138
-24,42,138,133,479,257,67,97,438,22,71,303
-23,42,214,216,201,369,387,84,299,40,379,396
-22,42,55,426,201,56,379,214,225,299,396,84
-21,42,245,67,68,479,438,22,97,256,257,138
-20,42,194,85,394,114,91,438,45,15,482,430
-19,42,214,362,394,367,186,369,163,172,216,435
-18,42,186,237,367,394,163,424,436,39,373,241
-17,42,39,141,186,237,490,61,367,424,394,381
-16,42,133,205,438,97,479,138,45,22,310,67
-15,42,365,294,165,376,83,181,2,476,282,404
-14,42,190,91,482,177,114,394,123,139,304,83
-13,42,325,78,267,491,394,310,172,435,369,105
-12,42,369,216,394,362,50,186,367,387,163,261
-11,42,369,119,303,394,16,428,186,473,261,483
-10,42,20,342,133,410,197,480,478,355,16,232
-9,42,20,342,419,410,355,197,133,16,480,232
-8,42,130,382,325,355,491,419,260,394,46,267
-7,42,369,214,216,325,362,387,491,22,312,186
-6,42,325,22,479,267,45,245,97,187,310,257
-5,42,369,79,17,186,351,237,325,417,22,61
-4,42,369,186,216,387,61,50,380,483,268,367
-3,42,186,141,61,237,436,59,79,367,389,381
-2,42,103,61,479,22,245,97,439,390,45,369
-1,42,365,476,435,151,287,301,428,393,322,123
-37,43,300,306,278,49,60,86,149,446,505,369
-36,43,300,278,306,60,49,446,369,86,185,280
-35,43,300,60,278,306,446,185,75,369,253,49
-34,43,278,300,60,280,369,49,306,312,75,427
-33,43,300,75,185,257,149,49,458,278,117,306
-32,43,60,300,267,15,49,486,387,94,55,306
-31,43,300,464,393,212,475,278,361,424,335,165
-30,43,300,424,464,312,212,361,75,295,156,41
-29,43,416,15,267,486,300,93,94,92,395,319
-28,43,300,458,506,312,280,369,94,509,149,335
-27,43,300,458,280,312,256,369,106,149,506,75
-26,43,300,458,312,278,256,149,75,369,257,132
-25,43,458,75,300,312,369,257,275,149,361,256
-24,43,387,94,335,267,300,354,60,458,93,323
-23,43,300,175,340,127,232,216,278,369,388,357
-22,43,216,391,340,300,156,232,175,357,204,159
-21,43,354,216,232,175,300,395,408,94,335,357
-20,43,486,267,15,294,49,312,104,92,369,335
-19,43,49,312,369,280,257,243,458,104,506,70
-18,43,49,369,458,278,312,257,67,256,75,350
-17,43,49,79,369,458,278,256,75,471,312,506
-16,43,49,369,312,335,104,387,350,30,354,67
-15,43,49,87,486,369,415,267,493,475,75,393
-14,43,49,267,15,486,60,87,92,149,104,300
-13,43,49,94,387,181,369,149,335,280,506,278
-12,43,312,498,506,335,300,509,67,278,440,475
-11,43,498,217,312,92,509,149,369,458,440,354
-10,43,387,178,460,119,312,94,71,486,372,149
-9,43,119,387,104,178,460,312,486,71,267,369
-8,43,435,280,387,104,427,312,94,107,372,137
-7,43,387,181,94,378,464,509,312,335,104,285
-6,43,387,181,94,378,312,294,104,64,509,339
-5,43,312,167,300,458,491,509,70,369,361,387
-4,43,312,458,70,300,369,491,257,106,440,149
-3,43,458,312,256,79,137,106,57,300,104,438
-2,43,154,415,491,393,165,475,278,312,385,34
-1,43,49,87,486,267,2,92,15,60,149,369
-37,44,119,186,220,224,56,156,24,364,479,256
-36,44,119,247,479,364,224,56,273,156,143,181
-35,44,119,181,479,47,467,224,364,56,233,465
-34,44,119,181,479,364,224,122,99,467,156,233
-33,44,119,339,224,479,285,364,181,233,47,27
-32,44,119,472,224,191,196,270,294,148,156,372
-31,44,301,119,444,181,440,201,468,333,372,54
-30,44,247,119,444,181,233,333,201,301,97,443
-29,44,191,474,196,181,270,294,372,173,119,144
-28,44,119,319,181,250,333,249,479,233,220,364
-27,44,247,119,181,364,479,34,233,121,333,258
-26,44,119,34,233,364,47,181,479,443,333,289
-25,44,34,289,364,121,258,27,443,133,233,466
-24,44,4,191,270,196,120,440,294,34,173,405
-23,44,420,468,233,119,503,127,258,224,333,181
-22,44,420,79,364,33,258,131,145,119,466,503
-21,44,191,270,420,405,173,196,294,289,258,474
-20,44,196,489,405,181,372,319,474,237,121,258
-19,44,127,35,181,258,479,364,273,224,34,121
-18,44,47,364,258,181,224,291,466,479,465,34
-17,44,27,364,291,204,224,465,407,483,181,47
-16,44,181,270,258,364,289,191,121,319,503,127
-15,44,405,350,275,154,338,196,231,213,56,107
-14,44,405,55,372,237,156,119,4,196,280,440
-13,44,313,181,294,270,250,319,220,148,119,291
-12,44,181,319,119,364,250,122,333,291,258,289
-11,44,233,181,4,225,122,258,224,133,291,364
-10,44,191,446,95,181,119,294,204,134,223,270
-9,44,446,95,223,191,181,134,119,270,291,120
-8,44,293,181,99,256,291,122,379,495,313,346
-7,44,181,379,119,294,35,333,448,270,468,494
-6,44,270,294,173,191,293,181,333,291,256,379
-5,44,225,34,346,291,181,333,233,164,468,319
-4,44,225,181,346,34,291,233,364,319,122,164
-3,44,34,364,27,47,122,291,181,465,346,466
-2,44,291,173,191,274,270,429,107,122,405,508
-1,44,405,189,338,51,196,54,158,56,372,237
-37,45,237,443,143,70,280,505,200,181,303,447
-36,45,508,181,443,114,447,280,295,237,143,70
-35,45,214,70,114,237,505,443,435,447,134,143
-34,45,134,447,26,214,181,70,244,397,49,24
-33,45,70,214,143,505,435,114,134,391,232,443
-32,45,70,505,149,405,132,201,145,456,297,143
-31,45,244,510,214,477,56,70,153,295,444,505
-30,45,244,214,508,56,153,267,114,447,505,70
-29,45,201,70,104,167,505,189,244,470,132,454
-28,45,472,244,447,214,33,70,376,383,341,181
-27,45,114,447,214,508,244,376,390,296,70,176
-26,45,214,435,114,244,376,296,447,176,307,70
-25,45,214,149,244,376,114,176,307,3,435,429
-24,45,188,244,149,201,214,70,119,405,2,5
-23,45,360,86,33,447,199,214,296,244,390,465
-22,45,452,360,296,86,214,447,125,172,211,390
-21,45,201,311,211,360,210,125,229,126,149,296
-20,45,167,104,244,189,447,70,232,214,472,230
-19,45,33,447,214,244,390,232,383,211,307,70
-18,45,435,383,214,244,232,49,233,492,447,466
-17,45,383,435,244,233,429,232,466,49,341,214
-16,45,244,447,201,232,70,49,383,214,390,8
-15,45,481,168,196,237,160,356,475,441,357,246
-14,45,70,454,189,104,470,505,140,230,433,143
-13,45,472,119,447,244,134,49,297,70,181,132
-12,45,472,244,341,496,447,214,466,134,383,49
-11,45,244,214,383,134,376,49,447,33,24,199
-10,45,244,84,503,188,316,15,201,214,383,447
-9,45,15,84,244,503,201,111,447,290,390,351
-8,45,244,447,390,26,492,89,140,341,294,5
-7,45,244,447,132,341,293,33,188,496,140,510
-6,45,244,132,447,119,188,140,5,341,390,330
-5,45,244,376,214,341,447,33,383,390,72,49
-4,45,244,383,33,376,214,341,447,143,72,249
-3,45,383,244,435,376,214,495,341,434,233,466
-2,45,341,201,477,244,324,178,225,297,199,99
-1,45,406,48,22,237,134,365,232,51,49,341
-37,46,25,128,390,325,323,162,283,110,186,381
-36,46,390,325,323,128,464,283,381,431,121,186
-35,46,325,35,323,128,69,397,144,407,390,381
-34,46,323,35,325,253,390,464,381,128,431,409
-33,46,325,128,35,69,390,397,121,205,323,60
-32,46,161,245,30,248,293,390,492,325,164,71
-31,46,320,125,218,336,506,205,162,109,303,325
-30,46,205,109,506,323,325,35,45,42,125,464
-29,46,30,248,71,125,499,392,109,332,492,35
-28,46,218,35,323,69,464,435,325,348,128,381
-27,46,35,323,464,435,69,325,431,128,381,121
-26,46,35,69,435,325,205,121,381,425,42,464
-25,46,35,69,435,15,205,325,425,441,161,121
-24,46,35,504,161,25,248,499,492,325,264,501
-23,46,26,353,17,425,464,218,407,122,325,441
-22,46,425,196,17,407,122,441,128,381,266,464
-21,46,425,475,35,17,245,25,499,511,248,441
-20,46,35,71,390,325,323,381,332,392,446,17
-19,46,35,121,464,390,323,332,128,381,325,218
-18,46,35,121,390,128,417,325,17,381,373,441
-17,46,121,390,417,325,128,35,381,332,373,405
-16,46,41,35,390,332,323,381,25,325,253,245
-15,46,25,357,346,88,219,290,206,240,348,106
-14,46,390,214,336,392,322,199,193,25,504,325
-13,46,359,499,193,390,253,25,41,332,510,271
-12,46,218,35,253,381,12,435,325,128,71,303
-11,46,35,71,325,464,17,381,435,504,441,506
-10,46,325,35,421,181,161,272,253,381,104,417
-9,46,272,181,66,214,392,332,57,381,253,323
-8,46,492,332,431,110,253,381,409,323,390,218
-7,46,504,218,332,281,506,266,353,253,110,384
-6,46,492,502,266,359,493,332,499,410,193,446
-5,46,41,35,69,266,332,325,410,80,464,435
-4,46,35,69,464,417,435,325,431,218,121,128
-3,46,35,121,417,326,435,12,373,69,332,244
-2,46,299,25,41,88,470,66,266,274,268,162
-1,46,25,390,477,141,457,239,162,348,147,299
-1,47,254,142,11,270,157,222,329,244,455,451
0,0,315,351,109,395,435,90,333,249,227,331
0,1,383,235,320,32,442,97,88,128,505,74
0,2,372,257,295,84,403,370,89,209,12,27
0,3,205,394,293,182,335,237,408,249,476,269
0,4,252,506,465,28,488,389,496,325,410,307
0,5,236,26,468,436,292,482,263,142,446,71
0,6,185,259,164,68,13,237,112,126,394,285
0,7,303,452,242,191,438,26,239,158,199,372
0,8,11,283,304,356,359,496,191,477,175,325
0,9,360,111,462,71,376,129,214,130,208,68
0,10,424,279,296,203,129,330,98,48,248,456
0,11,90,258,78,366,397,250,84,273,471,456
0,12,459,392,37,228,220,139,63,290,491,246
0,13,385,387,119,463,381,35,311,302,398,372
0,14,383,160,175,486,374,212,94,305,321,127
0,15,347,302,37,178,122,346,156,272,212,494
0,16,333,480,223,74,243,429,58,91,283,189
0,17,172,499,381,386,296,467,372,61,363,422
0,18,471,264,49,184,6,501,483,212,370,211
0,19,434,192,173,377,145,372,174,454,64,63
0,20,15,363,78,485,55,265,40,109,210,344
0,21,255,100,70,379,394,418,229,215,324,41
0,22,81,223,41,30,293,205,261,196,287,345
0,23,498,354,242,323,82,42,356,36,73,238
0,24,11,206,35,175,283,304,356,325,477,233
0,25,360,111,130,40,395,129,376,68,154,161
0,26,424,296,330,203,322,279,2,348,125,370
0,27,250,273,78,48,397,84,444,261,90,108
0,28,459,392,96,9,390,37,277,290,301,30
0,29,385,387,463,372,411,148,426,352,50,209
0,30,383,160,175,233,110,80,127,212,82,305
0,31,178,37,156,302,122,347,426,212,272,504
0,32,480,23,228,142,140,223,283,231,163,26
0,33,61,499,305,72,50,386,372,105,474,389
0,34,264,184,471,370,211,212,49,291,347,376
0,35,192,377,434,173,37,426,145,509,26,372
0,36,363,485,55,344,15,457,219,477,210,109
0,37,255,418,100,70,394,379,131,511,229,25
0,38,223,41,205,81,293,30,287,456,196,86
0,39,82,260,390,338,163,289,9,242,369,71
0,40,278,91,397,82,113,172,309,308,398,461
0,41,240,226,42,490,391,445,366,213,198,65
0,42,151,393,87,272,476,212,301,47,53,102
0,43,86,180,306,335,393,87,133,302,507,377
0,44,433,56,276,277,405,189,209,51,196,338
0,45,237,510,505,303,406,51,479,48,34,22
0,46,388,25,171,320,125,297,88,60,256,348
0,47,95,451,85,142,157,424,204,82,472,361
1,0,302,226,64,136,120,373,171,144,453,222
1,1,383,320,19,306,442,149,152,349,193,283
1,2,372,475,4,114,257,322,209,403,12,272
1,3,394,205,188,269,335,182,194,113,249,8
1,4,60,82,252,59,106,307,325,488,153,453
1,5,236,142,446,436,263,468,292,314,49,228
1,6,223,379,256,112,283,198,159,185,285,164
1,7,452,242,303,8,382,438,191,464,372,346
1,8,175,458,439,11,283,319,425,181,477,473
1,9,111,360,376,462,361,154,68,130,502,346
1,10,203,355,296,330,322,461,424,279,370,238
1,11,273,250,48,185,397,511,166,508,84,108
1,12,459,277,175,389,392,390,63,297,386,37
1,13,385,387,148,286,91,50,273,463,93,426
1,14,160,383,117,486,138,212,82,506,69,94
1,15,494,6,347,178,302,156,169,199,346,289
1,16,243,429,74,58,75,189,480,223,278,23
1,17,61,386,209,499,172,105,372,363,72,305
1,18,87,46,264,376,211,496,184,212,399,370
1,19,173,377,192,162,103,509,31,434,96,453
1,20,485,40,363,55,104,219,210,248,442,179
1,21,25,420,70,255,379,418,10,131,44,36
1,22,173,457,235,287,18,341,501,134,54,425
1,23,127,242,42,334,244,338,446,36,450,285
1,24,13,175,458,439,425,319,46,262,11,206
1,25,111,360,376,58,68,361,154,346,442,502
1,26,203,461,330,322,177,424,107,296,28,355
1,27,250,273,511,424,48,185,165,58,397,84
1,28,277,175,386,389,392,9,390,283,459,201
1,29,387,385,392,97,91,148,209,50,273,93
1,30,117,14,11,417,506,473,151,398,80,169
1,31,494,199,426,6,289,288,375,156,193,346
1,32,278,142,23,140,243,58,391,429,189,366
1,33,345,88,311,253,61,209,499,257,105,136
1,34,376,46,87,496,264,399,211,184,325,370
1,35,509,377,49,3,192,173,103,162,176,357
1,36,55,104,313,363,485,210,15,219,300,458
1,37,420,131,418,255,70,379,324,10,44,25
1,38,173,18,235,413,287,457,425,134,54,341
1,39,334,446,496,450,390,260,389,146,82,244
1,40,91,172,178,397,173,278,186,87,280,127
1,41,391,449,445,240,42,491,226,440,59,266
1,42,151,366,393,212,47,365,53,283,217,215
1,43,86,180,133,91,162,413,185,278,207,300
1,44,276,209,56,338,277,248,433,174,405,105
1,45,237,303,227,22,47,443,270,51,442,475
1,46,25,88,60,283,31,297,432,324,388,338
1,47,445,79,254,204,122,186,343,508,163,49
2,0,333,109,351,249,90,214,315,261,331,435
2,1,383,97,235,320,32,74,206,349,442,400
2,2,372,12,357,5,257,84,403,9,295,222
2,3,205,394,182,335,408,293,269,249,265,237
2,4,252,465,28,506,156,496,59,389,488,325
2,5,236,292,142,436,468,446,302,112,49,71
2,6,285,112,223,13,485,150,505,198,375,283
2,7,452,242,438,191,382,372,60,158,199,303
2,8,175,11,191,439,283,46,319,458,473,87
2,9,111,376,68,142,58,361,360,154,478,73
2,10,28,508,461,203,454,296,495,97,355,107
2,11,273,185,371,500,48,165,163,108,166,97
2,12,459,389,277,9,390,37,386,175,392,228
2,13,385,387,50,93,273,148,91,392,286,224
2,14,417,117,138,506,212,473,486,160,335,169
2,15,289,6,169,375,494,346,288,156,199,226
2,16,243,23,58,142,429,189,74,278,391,480
2,17,209,61,305,499,105,166,422,372,72,365
2,18,264,184,211,87,370,496,376,212,471,49
2,19,173,377,103,192,31,162,509,37,145,434
2,20,485,15,210,55,248,363,442,344,104,40
2,21,255,100,418,70,44,379,394,131,25,229
2,22,223,30,41,345,81,287,293,205,235,195
2,23,334,338,242,323,389,450,463,42,498,244
2,24,175,439,13,425,458,319,11,46,283,262
2,25,111,361,214,58,442,68,502,376,142,395
2,26,107,508,177,28,506,203,211,424,97,280
2,27,273,197,250,97,48,84,165,371,511,185
2,28,459,277,390,290,37,160,392,9,389,88
2,29,385,423,50,387,411,35,352,311,508,6
2,30,383,160,127,82,319,268,162,294,34,101
2,31,122,347,340,37,178,150,504,202,160,156
2,32,480,444,202,399,283,91,490,142,231,478
2,33,61,454,305,499,72,50,182,36,221,86
2,34,370,179,264,419,291,184,211,347,471,90
2,35,350,192,349,37,434,364,377,426,97,63
2,36,344,477,479,457,21,109,363,15,294,485
2,37,100,255,131,202,288,511,405,445,70,229
2,38,223,41,81,30,293,345,205,196,287,457
2,39,146,260,177,163,159,432,390,342,369,253
2,40,82,397,244,398,320,227,423,278,22,235
2,41,445,213,366,240,226,490,42,418,446,198
2,42,393,151,87,322,366,212,283,472,140,432
2,43,335,180,509,86,393,377,2,507,104,200
2,44,433,56,438,350,277,76,207,213,440,105
2,45,303,510,237,168,406,238,433,349,335,48
2,46,388,297,171,346,88,31,60,374,320,232
2,47,95,122,186,100,398,424,242,143,399,346
3,0,302,226,136,453,373,171,72,144,90,455
3,1,383,320,19,400,152,193,442,149,306,155
3,2,372,5,114,322,222,130,357,325,75,475
3,3,205,394,335,315,182,113,455,87,310,188
3,4,59,252,209,453,106,153,28,410,169,156
3,5,142,236,446,292,314,224,49,302,352,71
3,6,223,285,283,144,379,256,112,485,432,35
3,7,452,382,438,242,84,165,8,464,60,372
3,8,175,46,458,262,319,439,27,490,394,58
3,9,376,58,142,111,361,73,229,442,218,68
3,10,28,355,508,454,461,177,107,97,417,341
3,11,273,185,97,371,108,165,48,458,500,511
3,12,386,389,277,175,39,283,433,459,23,86
3,13,392,273,93,387,50,224,91,97,286,337
3,14,117,473,169,506,417,138,409,212,137,14
3,15,289,494,288,375,199,6,426,178,156,346
3,16,142,243,278,189,480,429,391,75,23,58
3,17,209,61,253,311,486,206,305,499,504,105
3,18,46,87,496,376,211,264,399,184,370,275
3,19,173,103,162,377,31,192,509,342,145,388
3,20,442,485,104,248,363,55,179,210,15,344
3,21,255,418,44,70,25,379,420,10,100,131
3,22,287,173,18,41,235,195,81,205,54,30
3,23,242,334,244,450,42,167,285,127,496,463
3,24,458,46,439,175,319,425,13,262,11,27
3,25,58,111,442,361,142,376,68,502,154,322
3,26,28,508,177,454,107,475,264,461,126,263
3,27,250,273,185,197,165,511,48,189,84,98
3,28,277,390,389,9,386,175,160,459,39,392
3,29,387,50,385,91,392,423,93,97,352,273
3,30,506,314,473,212,14,138,417,11,80,117
3,31,289,426,288,156,494,375,449,346,169,199
3,32,58,391,142,189,243,23,91,278,74,429
3,33,305,61,499,372,209,72,419,389,105,166
3,34,211,264,87,184,370,212,471,376,496,49
3,35,192,173,377,145,37,103,434,26,162,426
3,36,344,363,55,485,15,210,457,78,219,109
3,37,131,255,418,100,70,379,394,420,302,25
3,38,41,205,81,30,287,195,223,345,293,235
3,39,82,260,390,9,480,146,163,267,242,338
3,40,397,91,172,278,113,461,244,82,138,178
3,41,240,42,226,491,445,391,213,490,59,385
3,42,151,393,365,140,87,212,322,366,272,231
3,43,86,180,413,335,509,87,207,302,377,133
3,44,277,276,56,189,433,51,87,405,440,338
3,45,505,406,479,237,34,303,48,227,510,51
3,46,25,256,56,171,125,60,320,69,413,281
3,47,79,360,254,472,122,424,82,442,169,142
4,0,333,214,109,249,261,351,88,90,315,331
4,1,383,97,32,320,235,400,206,70,74,442
4,2,372,5,84,222,357,12,89,130,59,114
4,3,205,182,335,408,394,269,293,249,237,177
4,4,465,506,156,252,325,28,59,389,131,198
4,5,236,142,292,468,49,263,71,446,436,190
4,6,285,112,283,13,485,185,165,223,201,233
4,7,438,452,191,242,303,158,239,8,144,199
4,8,175,11,191,283,359,490,87,477,439,46
4,9,58,111,361,376,68,142,40,130,502,478
4,10,240,508,177,203,28,461,107,322,296,299
4,11,371,197,273,234,84,500,165,456,166,511
4,12,459,37,390,228,217,160,290,277,389,63
4,13,385,387,50,286,273,347,411,148,352,423
4,14,127,138,486,212,160,82,506,383,117,314
4,15,169,156,346,347,289,178,37,122,302,426
4,16,480,243,91,58,189,23,223,299,74,391
4,17,381,61,72,499,372,422,166,305,488,209
4,18,184,471,370,49,264,211,212,291,91,250
4,19,434,145,26,63,192,31,212,37,225,173
4,20,344,109,78,363,55,485,296,15,457,219
4,21,100,255,70,474,202,511,229,41,379,131
4,22,81,41,30,223,293,345,86,264,456,205
4,23,354,338,498,390,82,356,159,236,323,290
4,24,175,490,283,87,11,425,191,477,359,439
4,25,40,111,130,361,443,214,376,68,58,142
4,26,424,211,280,177,203,107,299,322,508,296
4,27,197,273,250,234,84,456,48,511,371,444
4,28,459,390,37,290,217,265,160,228,220,9
4,29,387,385,50,423,411,352,22,288,35,508
4,30,383,160,127,82,110,305,212,80,314,34
4,31,122,156,178,302,28,340,288,37,426,92
4,32,480,142,58,23,231,91,163,478,189,74
4,33,305,72,61,499,127,372,50,488,454,299
4,34,264,184,471,370,211,212,49,347,91,291
4,35,349,377,192,434,37,103,451,350,145,3
4,36,363,344,109,457,479,477,55,219,485,21
4,37,255,100,202,511,131,229,392,405,70,41
4,38,81,41,205,223,30,293,345,86,287,78
4,39,82,260,253,177,146,159,71,163,354,9
4,40,397,398,82,278,320,235,423,227,22,461
4,41,445,213,366,418,490,226,42,240,94,446
4,42,87,393,151,472,322,123,476,301,287,428
4,43,335,509,180,87,306,104,393,2,86,302
4,44,277,440,56,405,176,276,189,407,196,51
4,45,406,505,479,510,48,140,34,237,244,227
4,46,256,171,125,283,388,69,188,340,141,425
4,47,280,78,272,85,11,142,82,472,424,351
5,0,508,237,384,253,19,470,167,272,323,353
5,1,157,320,60,175,303,19,400,483,152,193
5,2,222,280,269,135,436,49,75,84,36,243
5,3,343,237,478,476,335,18,295,372,128,53
5,4,184,385,168,290,292,249,469,16,252,68
5,5,204,420,20,187,224,1,182,220,352,11
5,6,285,430,283,201,329,47,330,179,144,33
5,7,325,117,438,284,303,459,309,220,172,451
5,8,490,359,175,191,11,316,391,119,283,477
5,9,40,130,208,191,502,68,71,58,498,452
5,10,177,240,300,157,508,263,445,419,357,267
5,11,234,197,371,511,367,366,17,84,422,273
5,12,265,459,0,415,261,228,82,509,73,134
5,13,423,286,385,50,93,347,271,474,340,377
5,14,305,82,34,268,264,127,160,110,308,162
5,15,122,28,92,178,302,504,47,347,248,219
5,16,480,478,283,457,231,142,262,202,219,223
5,17,127,61,454,124,253,381,36,305,355,33
5,18,185,88,287,375,378,46,496,299,284,312
5,19,350,434,364,349,451,233,172,192,37,170
5,20,109,479,363,344,21,457,477,156,43,331
5,21,405,511,445,329,202,86,485,255,488,477
5,22,506,54,27,225,282,193,319,316,486,433
5,23,482,53,354,50,181,342,253,75,236,304
5,24,490,175,359,316,119,439,11,391,483,473
5,25,40,208,285,498,251,73,306,130,502,175
5,26,300,177,169,192,263,127,508,462,493,299
5,27,234,197,230,451,188,17,417,445,501,324
5,28,265,489,480,261,415,290,168,459,139,402
5,29,317,411,340,50,423,385,286,37,18,508
5,30,230,264,34,82,305,268,317,225,113,227
5,31,122,28,92,302,47,504,95,178,219,236
5,32,478,480,231,457,133,219,283,54,142,456
5,33,137,127,454,124,36,506,253,115,299,61
5,34,375,46,477,496,287,261,88,378,130,299
5,35,350,364,349,233,434,15,234,451,287,305
5,36,21,109,479,146,258,477,156,457,344,363
5,37,511,445,202,405,329,255,336,86,510,117
5,38,506,54,282,225,27,367,371,275,165,483
5,39,32,342,177,53,219,432,482,253,203,50
5,40,398,423,22,320,235,227,52,397,82,410
5,41,213,366,445,418,47,446,227,363,185,280
5,42,472,21,378,3,312,123,290,349,394,222
5,43,393,335,306,509,165,104,302,430,278,356
5,44,444,176,407,57,199,386,440,258,124,479
5,45,510,433,244,444,191,464,237,140,406,24
5,46,125,303,320,332,67,283,85,323,381,205
5,47,222,1,450,329,351,11,82,461,452,39
6,0,434,377,367,233,174,2,223,386,503,113
6,1,266,261,303,501,320,337,255,91,157,380
6,2,446,349,29,102,152,163,487,75,169,45
6,3,237,343,335,478,372,476,131,412,486,332
6,4,475,184,68,179,508,133,136,280,353,309
6,5,256,182,75,393,443,224,352,420,104,67
6,6,155,430,105,38,271,18,101,348,285,357
6,7,396,459,151,325,104,394,309,336,18,7
6,8,119,11,359,490,316,191,93,106,354,391
6,9,40,68,104,251,208,493,285,466,334,118
6,10,300,20,192,493,14,169,399,70,469,108
6,11,230,188,501,451,200,35,306,166,219,324
6,12,43,489,0,476,377,133,257,167,73,415
6,13,340,377,378,475,368,123,317,5,18,103
6,14,113,230,34,28,268,101,471,358,82,478
6,15,122,150,47,92,504,28,302,95,178,236
6,16,478,133,457,283,231,480,54,456,219,199
6,17,454,51,506,36,127,194,33,271,124,474
6,18,267,477,90,478,102,110,289,375,350,218
6,19,364,350,434,305,349,389,146,426,451,287
6,20,21,156,457,258,477,479,109,43,363,76
6,21,117,405,86,368,477,511,390,137,53,434
6,22,486,346,367,27,220,506,50,275,488,201
6,23,53,431,50,342,482,354,253,181,304,219
6,24,490,119,359,316,483,485,11,52,25,435
6,25,40,251,285,208,104,175,493,498,53,466
6,26,300,192,493,14,20,169,511,70,58,139
6,27,451,501,188,230,200,324,197,35,511,219
6,28,489,43,377,257,480,476,167,133,415,402
6,29,340,317,5,411,18,368,378,475,385,50
6,30,268,34,28,113,225,264,101,6,157,318
6,31,122,47,95,150,202,92,28,178,319,504
6,32,478,133,231,54,480,66,399,279,456,457
6,33,454,36,506,61,305,50,182,51,127,499
6,34,477,267,110,478,347,102,350,287,232,218
6,35,434,349,364,426,249,192,170,451,350,131
6,36,363,457,479,477,109,344,78,15,258,219
6,37,117,511,86,255,100,428,202,466,390,137
6,38,346,506,220,486,27,367,207,50,139,488
6,39,146,390,260,163,82,476,511,53,32,159
6,40,397,227,244,82,278,203,22,320,398,423
6,41,445,418,366,353,213,94,77,449,118,266
6,42,472,5,140,123,231,432,42,102,3,349
6,43,335,509,180,104,86,393,495,81,87,395
6,44,338,386,276,440,248,318,87,485,447,418
6,45,510,90,433,106,131,229,406,477,444,140
6,46,337,172,30,231,165,427,132,283,142,206
6,47,203,139,424,230,398,232,145,49,340,442
7,0,274,4,228,356,294,180,156,265,126,200
7,1,0,475,303,157,356,172,394,320,451,368
7,2,222,280,84,107,436,346,508,116,91,59
7,3,237,269,139,408,478,335,177,293,249,343
7,4,184,506,389,223,346,5,294,325,73,357
7,5,20,93,204,236,224,110,442,1,257,80
7,6,430,352,285,155,417,201,134,196,182,283
7,7,325,303,459,117,276,144,167,438,284,316
7,8,490,359,11,119,191,175,316,391,204,283
7,9,40,208,130,191,502,68,498,285,104,58
7,10,300,177,126,157,240,508,255,169,127,506
7,11,197,234,371,366,511,367,270,17,456,230
7,12,459,228,415,265,290,0,480,37,160,489
7,13,423,385,340,286,411,103,50,271,378,377
7,14,305,33,34,82,264,268,225,461,383,160
7,15,122,178,150,28,47,92,302,347,504,340
7,16,480,283,231,133,478,66,399,262,54,457
7,17,454,61,72,68,305,36,488,381,474,355
7,18,370,287,212,284,264,477,91,49,291,115
7,19,434,26,63,192,364,349,356,37,249,78
7,20,479,109,457,344,78,477,363,258,296,43
7,21,100,511,86,255,287,405,337,474,488,508
7,22,470,456,41,264,81,77,281,86,205,139
7,23,53,146,390,159,163,236,75,176,498,354
7,24,490,175,359,316,283,11,52,106,497,425
7,25,40,361,208,71,130,443,502,498,353,395
7,26,211,248,424,300,157,126,177,263,147,330
7,27,234,197,444,324,270,17,456,78,103,213
7,28,217,265,459,290,415,480,228,160,37,390
7,29,423,317,50,352,411,385,474,340,18,328
7,30,34,82,33,225,264,305,268,383,340,101
7,31,122,28,178,202,92,150,95,47,302,452
7,32,231,480,133,54,66,283,478,399,444,457
7,33,61,36,72,454,305,127,488,182,289,68
7,34,370,287,264,184,471,291,91,212,90,477
7,35,349,249,80,192,356,78,63,434,97,364
7,36,479,457,109,477,363,184,167,132,344,15
7,37,100,86,255,466,287,337,511,405,488,384
7,38,470,41,205,506,81,86,77,281,139,456
7,39,146,390,511,416,476,163,75,260,304,159
7,40,397,244,278,227,203,82,257,390,422,215
7,41,445,94,418,226,266,220,151,180,77,490
7,42,472,365,123,428,322,476,393,287,151,194
7,43,509,335,180,104,395,178,2,217,92,87
7,44,440,158,43,276,277,405,51,4,176,189
7,45,140,406,479,48,34,433,472,244,454,510
7,46,25,256,372,24,69,77,239,323,348,242
7,47,79,424,360,142,254,11,280,388,85,442
8,0,333,109,214,249,351,90,227,315,88,395
8,1,206,97,74,235,303,157,320,32,70,88
8,2,222,372,84,89,295,59,147,357,115,280
8,3,408,237,335,269,182,205,139,249,293,394
8,4,465,506,325,389,198,28,241,35,156,410
8,5,468,236,292,263,1,20,482,112,436,98
8,6,505,13,285,164,201,430,185,165,237,485
8,7,325,158,144,303,288,242,239,191,177,489
8,8,490,175,11,359,191,87,316,283,397,131
8,9,40,214,361,68,443,111,130,502,208,446
8,10,177,240,211,424,157,28,330,173,508,393
8,11,234,197,371,456,84,422,181,367,127,366
8,12,459,390,37,217,228,160,265,290,9,220
8,13,385,423,50,387,411,286,347,352,128,271
8,14,127,138,383,212,486,82,33,160,314,476
8,15,347,346,169,340,391,156,122,37,209,178
8,16,480,91,223,23,189,202,299,163,58,51
8,17,72,488,499,61,305,372,381,422,166,68
8,18,370,471,184,264,212,49,291,91,211,42
8,19,63,434,37,26,212,145,192,31,270,356
8,20,344,78,258,109,479,457,296,507,363,477
8,21,100,287,255,474,242,337,488,229,508,464
8,22,41,81,86,293,264,223,30,456,77,205
8,23,53,159,236,390,124,146,338,328,75,476
8,24,11,175,283,359,87,490,425,160,12,131
8,25,214,208,361,71,111,130,443,395,68,210
8,26,424,211,456,248,203,330,296,422,279,393
8,27,456,197,234,444,181,84,78,270,213,49
8,28,217,459,37,290,390,265,220,228,160,491
8,29,22,385,387,50,411,423,288,352,184,35
8,30,233,138,160,80,212,314,383,268,471,135
8,31,288,347,169,449,426,156,122,340,37,22
8,32,480,58,391,91,74,23,429,189,278,163
8,33,499,305,372,50,72,389,299,221,61,422
8,34,347,471,184,49,264,370,291,211,212,350
8,35,426,434,349,364,63,37,103,31,96,192
8,36,363,109,457,479,485,477,184,78,344,296
8,37,100,255,229,86,287,131,488,337,511,466
8,38,41,205,81,293,86,223,30,78,77,456
8,39,146,390,163,159,260,75,416,476,304,511
8,40,397,244,227,278,82,203,138,257,390,285
8,41,445,94,418,213,226,490,220,429,266,103
8,42,322,87,472,393,123,428,476,272,287,151
8,43,509,335,104,180,395,2,217,243,87,354
8,44,440,158,43,277,4,176,51,405,258,196
8,45,140,479,406,34,48,472,28,244,454,433
8,46,256,171,188,340,239,77,372,141,69,388
8,47,142,424,280,272,78,85,11,461,245,451
9,0,188,485,80,222,286,28,324,224,123,46
9,1,157,303,261,437,434,225,320,175,19,483
9,2,436,222,280,135,457,286,89,84,87,171
9,3,342,478,237,139,35,290,269,476,128,343
9,4,184,191,431,168,292,469,290,500,355,317
9,5,20,75,420,11,259,204,180,354,1,295
9,6,179,285,47,151,430,359,329,201,283,52
9,7,325,295,174,117,220,208,303,437,144,175
9,8,359,490,119,391,106,243,11,316,175,497
9,9,208,40,145,502,498,293,71,21,68,191
9,10,469,176,126,248,350,300,95,493,14,173
9,11,197,234,17,306,200,189,451,324,501,511
9,12,438,377,480,73,82,265,415,459,0,489
9,13,340,385,390,423,474,50,103,264,377,18
9,14,34,268,33,43,101,82,402,113,358,377
9,15,122,150,160,47,202,95,452,340,92,416
9,16,133,480,399,478,54,283,456,231,444,66
9,17,454,36,68,61,289,297,305,72,182,86
9,18,287,90,241,185,306,450,284,477,370,316
9,19,78,364,305,249,356,434,97,32,80,273
9,20,479,477,457,109,43,41,78,258,239,448
9,21,239,86,281,136,67,405,466,78,195,171
9,22,255,125,65,186,463,225,456,469,179,39
9,23,75,53,511,159,476,304,101,369,108,236
9,24,256,175,497,490,243,359,106,405,316,391
9,25,208,40,71,281,339,145,146,403,502,247
9,26,147,511,248,328,359,300,225,401,186,380
9,27,324,17,444,301,463,188,306,234,313,433
9,28,353,480,80,438,415,377,257,489,317,265
9,29,475,317,474,264,18,411,340,50,103,423
9,30,34,395,43,268,425,272,101,157,225,403
9,31,122,202,150,95,452,28,416,160,47,319
9,32,54,133,283,279,66,231,444,399,478,0
9,33,36,454,182,289,61,260,312,296,305,421
9,34,90,287,241,306,58,185,362,477,419,61
9,35,249,273,80,356,97,217,389,286,364,78
9,36,479,132,109,184,457,167,477,448,172,177
9,37,239,78,86,67,281,136,351,466,171,305
9,38,125,65,255,463,186,225,179,494,456,469
9,39,416,476,511,304,101,424,337,176,163,75
9,40,203,498,397,227,390,215,278,507,475,171
9,41,418,151,220,5,49,326,216,215,209,445
9,42,16,355,123,448,20,473,419,304,480,472
9,43,104,395,178,92,335,267,93,416,15,354
9,44,272,473,55,120,237,446,417,440,176,372
9,45,470,454,140,2,84,189,351,70,230,447
9,46,181,378,66,322,392,211,323,332,252,199
9,47,320,337,492,326,149,336,480,150,270,202
10,0,167,384,316,98,308,62,10,401,198,201
10,1,483,209,420,293,102,62,157,303,320,203
10,2,222,436,280,185,84,310,405,308,404,367
10,3,237,505,342,86,18,478,476,128,174,414
10,4,184,168,287,292,399,469,393,348,462,22
10,5,20,5,391,275,11,420,160,505,414,187
10,6,47,285,498,430,330,142,73,283,441,234
10,7,117,275,132,325,322,220,303,168,49,208
10,8,490,227,185,316,11,256,162,414,175,408
10,9,40,498,502,21,208,71,340,145,68,181
10,10,269,300,176,95,345,419,350,92,267,131
10,11,17,234,188,335,189,422,324,166,425,192
10,12,401,495,313,227,312,82,415,299,223,182
10,13,474,480,317,201,423,431,286,264,62,383
10,14,34,82,264,305,261,425,340,75,6,403
10,15,28,122,92,178,452,426,150,416,349,236
10,16,54,231,140,478,133,480,122,66,457,75
10,17,454,36,253,61,127,68,311,434,474,308
10,18,287,58,219,444,125,241,185,192,306,319
10,19,349,249,78,434,80,232,494,356,463,319
10,20,479,109,457,477,167,115,88,41,258,363
10,21,86,453,384,331,351,488,405,91,466,489
10,22,8,339,225,255,215,181,328,429,408,463
10,23,146,53,75,159,416,117,101,476,507,232
10,24,490,185,256,178,162,316,243,113,391,311
10,25,40,498,339,21,71,306,354,502,208,348
10,26,300,269,147,359,350,248,461,345,76,126
10,27,17,188,324,192,444,445,335,234,313,451
10,28,401,313,495,223,227,299,480,251,312,434
10,29,317,480,18,201,474,264,475,486,114,383
10,30,34,264,43,225,425,195,157,471,467,261
10,31,452,122,28,95,416,92,236,47,349,395
10,32,54,133,478,444,295,231,77,279,66,122
10,33,36,454,182,434,399,289,27,173,205,7
10,34,58,219,287,125,61,319,444,96,348,90
10,35,349,364,249,78,80,305,97,32,51,494
10,36,184,479,109,167,477,41,156,457,386,132
10,37,86,384,453,331,351,405,78,83,287,466
10,38,8,339,225,215,255,181,328,408,52,429
10,39,146,53,117,75,416,159,101,304,354,357
10,40,227,257,330,422,215,475,203,296,285,320
10,41,94,418,425,151,220,490,175,429,325,43
10,42,472,16,369,119,123,303,355,120,428,208
10,43,509,104,178,243,498,335,94,458,395,400
10,44,250,4,258,176,34,120,224,225,333,181
10,45,244,505,214,140,405,282,376,70,447,368
10,46,504,332,69,218,15,323,425,276,252,26
10,47,39,48,80,446,175,234,472,120,452,506
11,0,79,188,278,381,234,485,416,58,330,124
11,1,437,483,215,471,209,434,320,303,174,261
11,2,222,436,321,280,142,269,84,457,449,101
11,3,52,237,298,86,288,342,449,478,476,378
11,4,184,128,499,349,292,168,340,191,469,329
11,5,20,180,172,96,11,399,383,420,109,258
11,6,47,74,151,283,50,285,53,330,441,416
11,7,268,117,95,437,175,220,325,274,275,352
11,8,182,490,162,113,505,185,447,225,256,243
11,9,40,498,208,395,71,314,354,181,130,106
11,10,147,225,92,115,300,375,325,419,359,131
11,11,301,17,324,463,416,25,63,161,96,472
11,12,221,22,493,353,359,73,7,80,248,357
11,13,411,445,474,154,50,475,287,441,137,385
11,14,254,160,485,58,268,101,162,34,471,33
11,15,122,452,340,319,160,416,150,395,229,492
11,16,444,77,122,279,63,0,79,150,314,438
11,17,86,182,289,296,444,97,194,221,297,9
11,18,419,284,179,90,272,337,268,109,86,356
11,19,364,129,341,202,32,97,434,426,117,270
11,20,184,327,64,258,386,194,166,323,192,187
11,21,77,488,453,43,175,67,86,95,376,247
11,22,450,432,403,471,225,179,422,507,20,65
11,23,326,432,159,53,75,67,10,342,293,442
11,24,321,359,467,83,106,333,11,280,243,501
11,25,281,208,339,434,247,181,146,53,356,509
11,26,511,365,248,147,222,422,472,279,339,401
11,27,324,229,301,444,489,334,31,498,86,306
11,28,489,80,353,281,11,415,0,372,73,359
11,29,103,475,411,508,441,385,435,334,154,161
11,30,503,471,167,268,157,58,101,318,420,181
11,31,319,492,202,452,122,416,95,150,443,45
11,32,444,314,279,150,77,122,228,295,202,79
11,33,182,297,9,289,36,444,205,221,107,454
11,34,419,337,90,61,287,196,86,58,454,220
11,35,364,426,32,337,97,1,356,249,434,349
11,36,18,332,184,109,386,479,194,172,258,477
11,37,77,78,43,86,453,247,351,83,67,336
11,38,450,432,403,179,471,225,507,177,20,276
11,39,354,159,75,78,117,53,104,363,304,101
11,40,25,227,257,330,425,475,82,19,6,393
11,41,264,283,429,490,220,408,500,135,175,147
11,42,436,480,55,197,59,355,389,379,105,20
11,43,458,178,104,460,156,395,243,92,137,70
11,44,34,224,465,364,134,446,479,176,33,95
11,45,505,70,214,114,233,244,140,15,376,447
11,46,124,69,244,332,128,15,421,67,381,121
11,47,89,88,8,461,226,45,357,92,472,144
12,0,58,338,103,471,349,398,403,352,348,293
12,1,454,48,483,381,373,320,65,341,303,175
12,2,351,222,269,369,449,424,49,192,436,28
12,3,343,478,476,265,237,221,332,412,18,161
12,4,166,184,385,299,2,508,469,454,133,16
12,5,81,130,203,205,328,220,357,352,505,159
12,6,431,53,417,283,393,335,481,26,47,20
12,7,117,101,501,2,250,162,486,108,511,95
12,8,490,182,505,477,11,162,359,391,301,509
12,9,40,130,208,83,222,191,73,498,354,395
12,10,308,92,267,300,380,248,419,147,361,462
12,11,324,17,103,63,86,166,251,379,416,511
12,12,18,32,372,48,91,359,0,192,7,244
12,13,377,317,458,250,509,167,508,137,35,302
12,14,305,227,268,264,34,162,358,420,243,327
12,15,122,28,92,95,302,453,25,202,347,504
12,16,283,457,480,79,231,478,54,140,406,262
12,17,36,454,127,397,253,285,355,187,296,221
12,18,25,170,117,337,414,444,348,192,408,116
12,19,364,434,286,356,78,349,305,414,423,432
12,20,508,479,109,477,332,58,18,43,363,115
12,21,496,77,453,67,281,86,175,83,279,58
12,22,290,20,142,369,179,225,305,495,503,295
12,23,53,159,354,304,371,205,99,328,75,498
12,24,490,505,182,477,321,359,256,113,83,11
12,25,40,354,130,222,301,208,145,285,73,382
12,26,300,282,248,462,380,92,511,365,227,147
12,27,86,324,17,444,511,103,192,379,188,301
12,28,18,32,372,415,91,48,353,480,359,7
12,29,317,377,411,18,340,435,177,193,474,383
12,30,227,34,268,305,264,420,461,308,6,261
12,31,28,122,178,92,25,302,453,219,340,150
12,32,457,54,231,283,133,480,66,406,79,142
12,33,454,36,289,349,7,127,253,296,221,182
12,34,58,319,170,61,25,428,287,348,444,117
12,35,349,286,249,51,364,44,356,117,254,78
12,36,41,479,184,109,167,132,390,115,235,172
12,37,281,86,496,164,351,453,77,78,67,247
12,38,290,20,65,369,503,225,305,69,142,403
12,39,117,53,74,304,205,507,476,354,481,101
12,40,330,227,171,475,6,482,25,77,257,390
12,41,216,220,500,408,5,32,418,151,175,209
12,42,355,197,20,480,16,133,137,410,482,342
12,43,104,178,395,460,119,233,335,92,137,94
12,44,446,134,28,95,120,176,223,473,181,55
12,45,140,84,15,503,505,454,189,244,111,149
12,46,181,421,272,332,252,392,374,281,200,124
12,47,338,336,492,144,320,326,349,480,202,199
13,0,316,98,446,401,167,384,501,62,414,211
13,1,302,238,62,293,420,294,378,281,240,483
13,2,222,470,439,367,436,154,263,185,269,212
13,3,168,237,221,343,478,174,161,405,451,337
13,4,339,445,184,96,393,67,168,385,348,69
13,5,485,131,82,81,20,505,158,205,275,414
13,6,495,145,129,137,318,47,132,417,498,113
13,7,117,429,20,352,317,14,72,86,440,426
13,8,490,182,178,439,447,256,185,162,113,408
13,9,40,181,498,354,434,100,145,452,348,73
13,10,300,269,325,267,225,357,284,419,260,134
13,11,17,188,361,75,445,70,493,192,472,425
13,12,502,370,326,418,353,98,401,223,299,227
13,13,317,309,480,392,474,218,476,224,221,264
13,14,34,145,126,264,425,53,195,17,369,305
13,15,122,28,416,452,349,395,340,288,92,202
13,16,54,444,202,77,283,140,75,122,457,478
13,17,454,36,127,311,124,253,434,289,27,221
13,18,58,70,61,62,152,116,93,319,490,406
13,19,349,84,33,494,249,78,32,364,357,432
13,20,479,115,27,140,184,109,41,330,477,91
13,21,351,405,268,488,453,319,277,225,86,78
13,22,499,320,349,52,8,342,160,225,28,253
13,23,357,53,117,507,232,250,465,101,159,75
13,24,178,113,490,256,275,182,185,329,38,450
13,25,40,339,498,354,434,146,71,21,388,175
13,26,300,269,248,357,147,359,511,461,189,284
13,27,17,188,192,324,445,335,451,493,313,306
13,28,418,353,326,15,502,401,227,98,299,370
13,29,317,486,114,480,18,348,474,132,54,77
13,30,34,43,425,471,185,227,195,402,58,145
13,31,122,452,416,95,28,395,340,92,47,236
13,32,54,77,444,133,478,456,279,66,298,295
13,33,36,182,454,27,289,434,399,140,124,9
13,34,58,61,319,62,490,70,86,152,142,406
13,35,364,349,249,80,327,305,117,78,144,494
13,36,184,140,41,479,167,27,109,455,64,156
13,37,351,78,405,86,268,470,331,167,488,201
13,38,8,320,499,52,28,160,349,225,495,126
13,39,53,357,117,101,481,159,304,507,476,465
13,40,257,330,6,422,227,65,482,390,475,498
13,41,380,220,175,216,151,429,475,417,332,316
13,42,355,325,120,491,46,362,394,267,130,208
13,43,104,94,395,435,93,416,92,509,336,335
13,44,144,293,250,55,176,256,313,181,237,120
13,45,140,244,189,390,447,454,15,89,405,470
13,46,504,218,332,323,492,71,35,110,392,374
13,47,458,39,461,360,501,278,366,48,492,242
14,0,234,123,188,485,79,370,286,3,452,245
14,1,261,437,215,483,434,471,447,285,323,341
14,2,135,222,457,280,436,449,185,269,38,411
14,3,342,221,35,52,343,478,128,53,86,174
14,4,184,431,168,191,329,348,128,385,447,355
14,5,75,399,20,273,278,414,82,122,48,79
14,6,47,417,368,74,430,137,311,151,285,344
14,7,117,295,437,18,175,309,459,325,352,48
14,8,119,490,113,391,359,256,185,106,505,251
14,9,40,293,145,285,498,208,175,104,71,100
14,10,300,469,20,493,511,95,359,269,154,126
14,11,188,230,451,306,324,501,17,200,498,313
14,12,377,438,480,111,415,257,73,489,505,72
14,13,340,18,475,5,374,144,180,317,264,474
14,14,34,43,28,268,264,478,113,101,467,225
14,15,122,150,95,202,47,452,160,92,395,28
14,16,478,54,279,133,199,456,109,283,66,457
14,17,36,454,460,182,312,33,197,27,51,124
14,18,90,477,241,58,274,287,116,478,219,192
14,19,389,305,78,364,349,97,434,203,249,273
14,20,479,448,477,109,457,156,501,43,455,425
14,21,199,164,225,86,78,488,405,351,67,307
14,22,495,494,39,160,28,23,273,225,126,398
14,23,53,357,75,101,181,108,476,236,159,304
14,24,119,256,391,359,167,490,243,485,321,113
14,25,40,285,175,208,498,434,145,146,293,21
14,26,300,511,328,20,493,169,359,14,154,147
14,27,451,188,306,501,324,17,230,417,140,313
14,28,257,377,480,489,438,415,80,73,353,333
14,29,340,475,18,317,5,264,58,474,480,338
14,30,34,113,268,28,43,467,264,225,101,471
14,31,122,150,47,95,92,28,504,160,395,202
14,32,478,54,133,66,231,456,279,444,202,199
14,33,36,182,454,399,27,289,221,312,436,506
14,34,477,58,61,241,90,348,419,369,86,319
14,35,364,349,305,327,249,432,389,97,117,337
14,36,184,479,41,448,455,167,109,64,177,386
14,37,78,167,164,351,86,327,307,488,88,201
14,38,495,494,160,126,28,23,225,39,125,186
14,39,53,357,101,304,159,481,75,117,476,511
14,40,330,257,6,422,390,475,482,65,285,296
14,41,216,220,151,380,49,32,43,418,175,41
14,42,355,325,130,394,419,120,267,257,46,382
14,43,104,395,94,435,93,416,92,233,335,336
14,44,144,293,55,176,237,120,181,133,313,256
14,45,140,244,454,390,189,89,5,447,470,250
14,46,492,332,323,35,71,392,409,276,15,359
14,47,65,372,278,501,149,166,492,461,281,2
15,0,138,384,34,473,19,272,147,427,258,474
15,1,189,113,420,483,445,244,476,285,487,363
15,2,135,222,264,44,367,280,436,451,399,139
15,3,343,221,342,102,406,237,274,484,18,183
15,4,184,358,385,16,168,348,434,67,396,431
15,5,283,215,79,161,414,91,402,505,470,60
15,6,47,214,430,444,32,417,137,147,330,113
15,7,457,117,352,325,200,353,511,440,354,317
15,8,490,185,447,227,256,113,178,328,391,359
15,9,40,498,339,100,181,106,145,354,175,298
15,10,300,51,269,357,147,95,511,267,325,235
15,11,188,17,324,306,463,445,192,417,75,140
15,12,60,453,242,214,353,224,35,418,212,419
15,13,317,18,480,340,264,357,224,1,377,431
15,14,34,264,411,467,82,43,73,390,353,224
15,15,28,122,92,416,452,349,95,426,47,178
15,16,54,478,75,231,140,133,457,456,202,66
15,17,454,371,36,253,425,311,434,127,474,267
15,18,321,58,461,416,116,156,287,192,241,14
15,19,349,249,434,319,78,364,494,239,305,373
15,20,479,115,109,457,235,258,477,455,167,30
15,21,311,351,465,206,488,86,225,345,442,461
15,22,273,500,159,506,495,468,390,160,415,269
15,23,53,250,75,101,155,465,454,159,457,406
15,24,490,256,316,185,178,391,243,359,38,113
15,25,40,498,339,71,175,306,502,21,146,208
15,26,300,269,357,235,147,461,511,236,372,76
15,27,17,188,192,324,451,444,417,306,445,234
15,28,453,60,480,214,242,415,353,35,269,333
15,29,317,18,340,474,480,1,221,420,264,509
15,30,34,225,395,113,226,264,340,471,73,467
15,31,122,28,452,416,92,95,178,395,47,507
15,32,54,133,66,231,478,444,456,399,77,298
15,33,454,267,425,36,289,182,430,172,434,371
15,34,321,461,416,287,54,58,444,505,61,156
15,35,210,349,249,101,78,364,376,305,80,32
15,36,479,184,167,464,457,109,477,41,235,78
15,37,86,465,351,337,311,345,488,206,442,461
15,38,390,273,495,500,306,506,468,160,415,159
15,39,53,357,250,155,390,146,159,304,101,425
15,40,6,397,355,227,257,422,244,65,482,330
15,41,380,94,180,418,484,429,151,220,43,216
15,42,237,22,351,479,245,205,472,45,97,267
15,43,104,435,94,509,294,387,378,335,395,181
15,44,144,270,191,293,173,294,55,196,120,313
15,45,140,244,390,5,454,26,89,406,15,433
15,46,41,332,211,492,323,15,69,35,499,57
15,47,125,203,463,297,278,492,54,199,458,149
16,0,224,208,305,178,379,218,217,200,82,235
16,1,477,242,423,108,176,475,483,27,200,277
16,2,222,50,162,452,391,280,112,193,436,212
16,3,29,199,237,381,395,402,449,307,447,333
16,4,296,507,130,184,114,428,34,131,190,469
16,5,416,47,475,27,153,20,37,312,244,195
16,6,176,180,140,253,288,430,397,47,208,313
16,7,166,155,496,65,123,258,492,410,117,325
16,8,357,111,442,126,185,178,490,213,408,322
16,9,40,498,348,135,404,100,218,364,314,46
16,10,269,300,362,265,51,441,235,416,325,461
16,11,17,188,243,234,493,422,192,102,75,3
16,12,87,340,206,432,78,378,218,135,412,182
16,13,339,480,157,474,201,348,285,413,317,315
16,14,34,448,250,425,75,43,65,33,261,221
16,15,122,452,416,150,28,95,395,349,92,202
16,16,54,122,77,444,133,279,456,66,295,231
16,17,36,454,434,289,182,141,253,399,68,27
16,18,435,178,58,336,164,331,385,287,444,391
16,19,349,249,364,78,407,494,101,245,319,239
16,20,479,41,321,184,109,477,455,235,457,167
16,21,107,414,163,21,337,86,488,214,351,175
16,22,40,162,74,387,381,126,23,509,42,186
16,23,53,476,101,159,357,117,75,74,304,146
16,24,111,357,442,185,126,178,311,192,59,38
16,25,339,498,8,40,21,175,46,306,53,348
16,26,248,300,357,511,147,362,269,95,189,328
16,27,188,324,306,17,480,339,493,313,46,335
16,28,206,340,432,87,78,378,227,47,353,505
16,29,480,339,486,114,348,18,157,326,303,475
16,30,34,43,185,448,425,471,402,75,58,65
16,31,122,452,416,395,150,95,340,236,319,28
16,32,54,77,444,122,456,298,66,279,79,9
16,33,462,36,182,429,454,399,289,27,383,7
16,34,435,61,58,336,178,164,89,412,142,307
16,35,364,80,311,249,349,144,305,337,227,327
16,36,184,41,479,455,415,64,109,386,167,257
16,37,414,163,21,107,307,167,337,86,488,88
16,38,40,162,387,74,381,126,23,509,42,339
16,39,53,101,159,357,481,476,117,304,511,507
16,40,43,85,355,330,65,257,422,166,482,390
16,41,216,151,484,220,32,326,49,316,418,180
16,42,355,91,394,130,382,120,419,448,46,260
16,43,104,435,395,92,93,178,416,94,335,233
16,44,144,55,293,176,237,99,133,120,181,250
16,45,140,244,390,189,89,454,470,250,447,26
16,46,492,332,71,323,35,392,276,15,441,69
16,47,65,278,492,152,281,149,461,102,166,2
17,0,381,416,203,79,464,485,188,148,141,227
17,1,162,174,434,80,215,157,456,483,437,123
17,2,379,315,222,50,363,162,436,280,454,405
17,3,288,237,384,86,505,52,414,342,403,174
17,4,184,152,340,128,14,296,329,114,292,168
17,5,416,172,5,301,20,257,180,47,11,26
17,6,188,272,253,416,142,74,208,441,176,425
17,7,323,275,132,220,119,166,117,357,492,258
17,8,357,178,59,111,185,442,447,126,227,256
17,9,40,498,206,8,135,100,76,21,404,39
17,10,180,269,1,300,51,77,95,362,497,328
17,11,17,188,335,306,493,387,324,339,75,241
17,12,33,493,206,340,401,313,445,501,227,312
17,13,480,155,116,339,348,201,121,264,34,474
17,14,34,448,425,275,75,250,43,291,195,33
17,15,452,122,416,28,150,395,349,92,95,160
17,16,54,133,122,77,231,66,444,0,478,279
17,17,36,454,434,141,182,7,312,173,253,399
17,18,58,125,287,435,96,219,307,319,444,21
17,19,349,249,78,80,364,494,319,463,51,305
17,20,479,41,184,167,477,455,109,418,456,415
17,21,384,414,331,86,83,91,488,337,405,351
17,22,8,408,339,181,328,401,225,463,255,74
17,23,146,53,159,75,117,101,416,476,304,303
17,24,59,178,185,311,357,256,111,405,447,243
17,25,40,498,339,21,71,206,208,53,122,145
17,26,300,147,180,269,328,1,248,511,362,284
17,27,188,324,17,306,451,339,313,115,335,463
17,28,33,340,493,227,401,206,313,47,480,353
17,29,480,155,475,222,348,486,116,18,264,201
17,30,34,43,425,471,33,172,275,448,185,157
17,31,452,122,416,95,395,150,28,319,236,92
17,32,54,122,444,133,77,298,478,295,279,456
17,33,36,454,182,434,101,462,173,383,312,289
17,34,58,125,96,61,219,90,287,307,319,362
17,35,364,249,80,349,305,32,78,117,203,51
17,36,184,41,479,167,386,109,215,415,455,156
17,37,384,86,83,287,78,405,488,414,331,337
17,38,408,339,8,401,328,181,225,432,403,255
17,39,159,53,101,75,146,117,416,304,507,10
17,40,257,422,19,215,227,475,166,203,296,285
17,41,94,429,490,151,43,325,147,215,180,316
17,42,369,303,119,428,186,16,355,472,123,208
17,43,509,243,335,104,498,312,94,232,178,400
17,44,4,258,158,333,225,43,250,121,176,133
17,45,244,282,214,140,376,390,176,33,250,447
17,46,69,332,15,504,218,276,35,425,348,323
17,47,39,446,80,175,234,506,131,461,472,152
18,0,71,32,130,278,160,58,330,409,437,170
18,1,215,414,427,174,434,162,71,303,209,272
18,2,222,380,250,379,269,494,436,280,193,101
18,3,354,272,357,478,221,298,93,241,288,128
18,4,184,440,329,196,499,340,245,243,489,70
18,5,180,456,20,96,258,11,172,383,273,420
18,6,258,6,452,189,151,50,441,188,469,487
18,7,269,268,327,220,275,117,170,362,440,476
18,8,301,178,59,447,3,374,256,311,185,329
18,9,339,40,498,348,257,181,208,21,53,489
18,10,147,269,300,328,225,511,37,248,131,1
18,11,324,17,188,463,460,489,306,313,493,301
18,12,248,409,406,353,493,47,463,505,317,227
18,13,480,486,475,264,62,474,201,243,87,88
18,14,235,34,471,172,503,195,43,425,250,75
18,15,452,122,416,95,407,202,319,395,229,349
18,16,77,122,54,0,444,295,279,202,150,298
18,17,36,454,182,434,205,289,312,204,7,261
18,18,196,464,58,434,90,21,96,61,287,192
18,19,32,364,78,305,203,202,349,249,118,494
18,20,184,451,497,41,386,187,172,235,479,477
18,21,43,3,83,488,104,481,156,78,86,151
18,22,403,461,276,426,112,507,471,150,177,422
18,23,53,159,75,117,101,432,507,137,326,10
18,24,321,301,3,374,467,480,185,243,167,178
18,25,339,53,208,71,434,281,40,228,498,181
18,26,511,147,339,300,328,248,357,189,359,225
18,27,188,306,489,232,324,17,480,293,463,115
18,28,353,409,406,248,463,462,357,47,484,227
18,29,486,475,47,87,222,264,340,511,480,58
18,30,471,34,172,226,503,43,157,195,253,185
18,31,452,122,95,416,319,407,236,395,132,229
18,32,77,444,122,54,0,295,298,456,188,151
18,33,434,289,205,182,444,122,383,454,7,36
18,34,196,61,464,434,90,21,137,58,362,89
18,35,364,118,117,32,202,337,203,488,249,305
18,36,184,451,386,497,187,41,172,194,64,257
18,37,3,104,43,78,83,481,336,488,201,12
18,38,403,461,426,507,112,276,471,150,368,177
18,39,159,53,101,507,10,75,304,117,219,481
18,40,425,422,19,257,475,166,285,296,330,334
18,41,501,283,325,429,490,147,215,468,43,343
18,42,56,426,55,186,225,163,379,396,327,299
18,43,391,156,243,104,458,312,275,303,400,232
18,44,79,258,33,465,145,479,34,466,176,121
18,45,214,376,452,447,390,250,244,176,114,492
18,46,15,196,69,332,276,222,121,435,464,381
18,47,8,88,188,226,131,185,357,102,9,461
19,0,68,369,14,338,377,197,293,164,75,2
19,1,16,465,243,319,47,99,273,268,403,454
19,2,347,66,102,348,407,161,440,487,478,163
19,3,478,221,343,260,412,102,476,406,122,117
19,4,132,489,133,112,239,16,136,170,184,413
19,5,383,203,13,447,367,6,405,489,338,360
19,6,469,481,258,135,121,389,228,463,393,348
19,7,320,234,124,481,269,440,223,303,365,362
19,8,280,321,281,374,359,334,455,467,301,348
19,9,339,181,281,412,257,451,403,247,40,148
19,10,147,511,115,237,339,375,419,236,357,302
19,11,232,96,489,463,324,301,487,428,480,306
19,12,353,281,322,462,359,357,494,214,460,368
19,13,1,222,475,511,49,87,453,151,377,474
19,14,226,195,503,253,471,172,34,217,213,157
19,15,452,122,95,229,395,319,416,407,236,150
19,16,444,0,77,122,54,202,279,295,423,150
19,17,434,205,36,261,7,289,182,221,444,27
19,18,278,165,66,482,34,39,61,196,45,192
19,19,364,117,32,118,138,202,337,305,78,249
19,20,184,235,386,187,172,199,194,432,367,257
19,21,458,336,43,156,115,151,78,488,221,83
19,22,403,123,230,326,305,389,290,369,51,202
19,23,159,53,326,75,10,293,432,117,236,108
19,24,280,321,374,480,281,301,467,334,83,348
19,25,339,451,228,181,281,148,412,53,403,71
19,26,147,511,236,300,375,357,339,225,115,152
19,27,232,96,489,463,229,306,324,428,480,188
19,28,353,281,357,462,322,107,494,214,489,359
19,29,475,511,453,167,144,359,47,114,264,222
19,30,226,471,503,34,142,172,311,235,185,195
19,31,452,229,122,416,236,395,349,197,340,407
19,32,77,444,54,0,122,188,423,295,79,456
19,33,289,182,444,7,205,434,416,454,261,221
19,34,278,196,61,66,165,90,34,252,25,319
19,35,364,117,337,118,249,449,316,202,311,187
19,36,184,235,41,187,386,199,257,172,64,455
19,37,458,83,43,336,78,115,351,86,488,67
19,38,403,123,326,305,51,290,389,368,369,396
19,39,159,53,117,75,101,304,10,507,326,141
19,40,257,422,19,330,285,166,6,475,385,296
19,41,196,215,429,325,71,468,95,41,333,246
19,42,59,186,237,55,232,490,141,396,92,39
19,43,458,104,243,178,94,336,275,303,221,232
19,44,258,34,465,466,27,364,444,120,133,303
19,45,214,250,492,376,176,390,307,263,68,149
19,46,15,332,260,69,276,222,35,435,12,121
19,47,8,226,102,76,37,9,29,185,461,297
20,0,489,119,466,92,501,68,403,338,7,359
20,1,243,441,16,39,135,210,99,330,65,212
20,2,407,133,168,347,341,348,478,31,178,410
20,3,478,102,406,343,221,122,308,440,358,37
20,4,10,16,489,136,413,36,230,133,416,93
20,5,367,360,203,52,383,402,505,470,384,104
20,6,469,278,348,393,170,481,135,506,358,44
20,7,269,198,413,318,362,253,124,320,412,281
20,8,480,301,192,321,467,146,83,38,292,501
20,9,339,181,281,18,257,115,148,455,258,21
20,10,147,339,302,78,105,236,419,357,511,267
20,11,489,487,46,306,232,480,463,324,472,493
20,12,214,353,321,282,209,281,462,399,368,242
20,13,49,359,318,114,104,3,1,383,377,419
20,14,235,503,172,471,195,22,226,34,142,279
20,15,452,416,132,229,407,465,319,236,155,122
20,16,77,122,444,0,54,295,279,202,137,150
20,17,122,289,175,205,242,7,434,454,182,207
20,18,428,61,196,461,393,412,82,394,171,506
20,19,202,117,316,249,337,364,32,78,252,432
20,20,235,184,187,41,57,117,190,27,257,487
20,21,83,281,151,458,279,156,296,496,223,330
20,22,369,142,20,10,403,290,269,188,379,468
20,23,117,159,53,137,507,326,10,432,476,481
20,24,480,301,178,321,192,467,83,311,281,501
20,25,339,53,455,181,228,208,71,281,148,18
20,26,339,147,236,225,328,78,357,511,302,189
20,27,489,232,306,188,463,46,480,324,229,460
20,28,353,214,282,321,399,136,281,209,44,456
20,29,114,359,480,49,124,133,264,171,475,243
20,30,235,142,503,172,34,22,429,226,185,471
20,31,452,416,122,395,407,132,340,197,465,229
20,32,77,54,444,122,456,9,93,66,459,202
20,33,122,175,454,289,7,252,182,399,436,416
20,34,428,58,61,54,443,319,260,89,25,82
20,35,249,51,437,78,117,32,254,157,311,365
20,36,41,235,184,415,167,190,172,249,187,440
20,37,281,351,67,83,164,496,247,86,78,458
20,38,369,142,403,20,290,468,188,10,379,69
20,39,117,159,53,74,101,416,69,476,170,10
20,40,227,215,166,285,6,19,171,422,257,393
20,41,196,220,12,32,408,43,500,216,1,41
20,42,355,20,197,410,232,480,16,342,138,187
20,43,178,104,460,336,370,395,119,233,94,335
20,44,446,120,95,191,134,176,223,313,473,55
20,45,351,15,84,503,140,5,210,2,390,454
20,46,181,492,15,332,421,392,272,57,322,499
20,47,202,297,492,144,12,326,29,65,336,338
21,0,316,201,378,246,384,461,427,277,474,337
21,1,102,18,265,378,363,370,294,293,420,280
21,2,30,495,2,106,367,161,212,222,280,507
21,3,86,404,237,478,1,185,23,364,221,337
21,4,54,86,311,63,339,393,184,348,130,329
21,5,160,133,290,20,391,430,278,414,483,177
21,6,318,250,131,469,5,498,142,145,47,132
21,7,374,208,275,352,20,440,75,300,328,48
21,8,447,178,53,311,59,329,256,486,405,448
21,9,339,348,166,146,228,21,100,40,213,181
21,10,147,328,269,1,357,339,300,237,95,77
21,11,376,334,188,17,43,463,489,335,306,232
21,12,313,98,4,154,353,227,495,505,58,333
21,13,480,107,264,201,8,1,87,205,211,114
21,14,235,34,211,195,172,52,75,425,166,73
21,15,452,416,122,395,28,95,92,150,407,160
21,16,77,54,122,444,213,0,279,295,133,459
21,17,122,454,7,36,240,205,312,29,399,289
21,18,141,55,152,457,98,428,58,443,219,112
21,19,78,249,254,411,51,99,32,319,494,230
21,20,184,426,177,172,415,85,41,167,235,397
21,21,281,347,164,351,78,86,363,496,151,247
21,22,385,21,320,65,224,121,463,429,186,469
21,23,117,476,159,481,137,507,101,416,53,154
21,24,53,178,405,447,311,480,329,256,127,192
21,25,339,348,166,228,71,181,100,122,213,21
21,26,269,147,291,328,339,357,300,95,511,62
21,27,188,376,489,232,43,306,463,17,334,157
21,28,313,98,154,353,4,227,495,47,212,58
21,29,480,107,486,114,264,201,124,133,348,205
21,30,235,172,211,34,429,277,52,75,279,503
21,31,452,416,122,407,395,332,465,132,236,201
21,32,77,54,122,9,93,444,279,374,298,456
21,33,122,7,383,454,481,289,416,241,399,240
21,34,55,141,457,98,152,89,219,412,93,61
21,35,311,254,411,249,187,364,78,117,99,51
21,36,184,426,177,415,41,257,85,235,167,187
21,37,347,164,351,78,281,496,247,86,305,56
21,38,385,21,65,429,121,320,224,186,469,23
21,39,117,101,481,159,476,507,170,427,53,416
21,40,166,350,19,257,330,504,422,444,285,256
21,41,220,1,444,151,41,216,316,500,32,251
21,42,355,137,380,177,419,304,197,448,482,139
21,43,178,104,137,460,395,119,233,354,92,335
21,44,120,446,95,176,28,134,35,55,379,155
21,45,503,140,15,333,2,189,454,390,84,368
21,46,392,378,169,211,332,265,15,322,57,213
21,47,360,149,492,337,458,336,379,349,281,320
22,0,406,277,246,5,201,337,378,384,363,70
22,1,18,102,228,420,395,149,272,249,363,265
22,2,469,30,495,2,272,61,380,106,255,269
22,3,237,478,335,404,408,182,86,171,1,496
22,4,63,81,506,54,325,389,423,339,86,311
22,5,20,354,468,290,175,160,112,446,35,486
22,6,250,125,131,5,490,318,498,469,223,413
22,7,260,303,374,173,242,191,99,346,17,208
22,8,11,359,450,181,38,175,282,321,243,187
22,9,68,71,208,40,344,181,369,321,281,376
22,10,419,393,48,147,176,107,111,379,71,203
22,11,234,84,270,422,371,163,456,197,268,306
22,12,37,459,390,228,150,290,63,73,491,469
22,13,385,387,411,22,461,50,97,474,91,250
22,14,138,212,80,135,314,136,82,506,486,162
22,15,169,347,156,346,340,122,375,449,136,288
22,16,480,91,391,23,58,189,243,74,429,202
22,17,372,166,499,305,488,422,381,50,389,72
22,18,347,49,184,26,264,471,291,250,350,465
22,19,434,426,31,63,103,96,37,270,364,414
22,20,78,485,109,344,258,16,219,300,457,169
22,21,469,255,100,379,142,488,418,229,70,25
22,22,41,205,86,287,456,57,261,345,264,165
22,23,338,115,236,328,356,177,159,299,334,53
22,24,160,11,356,175,87,359,12,425,283,131
22,25,111,214,346,376,361,442,71,68,142,208
22,26,107,71,330,393,48,213,484,203,471,424
22,27,49,84,197,48,273,422,234,371,250,511
22,28,390,37,459,290,220,113,96,217,228,246
22,29,387,22,288,385,184,97,50,411,128,426
22,30,138,233,80,212,314,506,90,284,136,460
22,31,288,156,426,169,449,68,289,375,346,19
22,32,58,391,91,74,243,23,429,189,278,51
22,33,305,389,372,50,499,419,166,422,324,12
22,34,347,471,49,184,264,510,497,211,370,127
22,35,434,349,426,103,31,414,96,37,500,364
22,36,485,16,300,219,348,78,248,363,88,45
22,37,255,46,100,126,9,418,469,379,488,10
22,38,205,41,261,86,57,287,345,214,30,81
22,39,389,334,27,430,244,323,338,463,450,325
22,40,138,172,508,354,278,178,212,397,209,87
22,41,213,240,385,65,198,42,445,226,491,353
22,42,272,322,140,366,380,393,137,509,355,294
22,43,86,278,162,104,388,428,509,335,45,331
22,44,120,95,446,176,55,134,293,28,372,237
22,45,140,503,333,15,189,2,454,390,84,447
22,46,392,169,211,322,332,492,15,265,57,276
22,47,149,492,336,281,379,349,326,480,150,2
23,0,277,246,34,201,8,473,384,427,63,272
23,1,420,102,395,363,285,323,293,75,272,53
23,2,2,399,30,135,197,321,106,451,161,367
23,3,364,162,404,102,237,478,337,274,184,86
23,4,339,86,130,237,358,67,115,184,16,485
23,5,391,133,283,160,414,2,33,107,483,20
23,6,250,131,318,498,5,495,47,247,311,469
23,7,5,352,328,374,473,223,48,220,442,380
23,8,53,178,447,329,486,311,292,465,227,18
23,9,348,339,166,228,21,257,333,405,146,4
23,10,31,440,237,357,391,328,269,201,95,147
23,11,376,43,387,17,489,46,306,335,188,496
23,12,313,93,227,419,495,4,98,58,266,505
23,13,480,208,8,276,107,114,178,222,124,201
23,14,235,195,211,429,75,34,425,52,172,303
23,15,452,416,122,395,132,340,332,229,349,150
23,16,54,77,122,213,444,0,459,295,9,202
23,17,122,7,6,240,244,87,313,500,454,436
23,18,55,141,457,150,112,152,443,84,58,98
23,19,249,254,411,187,365,437,51,311,165,44
23,20,426,251,85,184,415,91,172,27,257,177
23,21,164,347,78,281,351,305,76,56,151,496
23,22,21,386,92,385,186,469,121,292,65,224
23,23,117,507,481,137,476,74,154,326,159,53
23,24,53,127,178,311,486,465,281,405,447,501
23,25,339,166,228,348,257,319,21,213,71,405
23,26,31,291,147,391,357,62,440,328,269,248
23,27,43,376,489,232,306,46,463,335,480,188
23,28,313,93,419,4,227,495,353,47,98,460
23,29,107,480,114,276,486,124,332,201,208,222
23,30,211,235,429,172,195,52,207,503,185,277
23,31,452,395,416,122,132,465,332,407,340,229
23,32,77,54,122,444,9,42,358,459,374,456
23,33,122,7,140,286,416,27,313,481,6,383
23,34,150,55,457,141,89,98,61,152,93,84
23,35,187,254,411,311,249,117,364,76,365,51
23,36,184,426,257,177,41,415,172,91,187,85
23,37,347,164,78,351,281,305,76,56,496,247
23,38,21,386,92,385,292,186,65,121,429,224
23,39,117,481,159,507,101,170,476,10,141,53
23,40,166,285,19,350,257,330,422,504,444,498
23,41,41,151,216,1,220,468,444,326,316,175
23,42,355,137,380,351,177,482,304,448,197,260
23,43,104,395,178,137,233,460,119,335,354,92
23,44,95,120,446,176,28,55,35,134,155,379
23,45,503,140,15,2,189,390,454,333,447,470
23,46,392,332,169,211,15,57,158,322,276,265
23,47,149,492,336,281,349,379,480,326,320,102
24,0,501,10,24,258,98,73,474,272,376,403
24,1,420,302,487,395,238,62,34,478,106,240
24,2,341,439,292,470,2,252,433,263,367,418
24,3,478,102,337,343,406,451,59,502,469,37
24,4,67,485,96,339,348,48,93,211,36,69
24,5,131,367,52,470,485,60,82,299,264,104
24,6,495,469,318,183,278,264,131,247,368,42
24,7,426,354,14,256,223,281,146,214,124,86
24,8,53,480,64,127,501,465,281,467,385,334
24,9,228,339,257,319,148,455,181,253,166,348
24,10,291,147,237,391,339,458,151,201,248,369
24,11,489,232,376,46,480,448,387,306,313,43
24,12,209,326,496,120,353,224,255,98,282,227
24,13,107,1,359,208,87,114,222,380,480,377
24,14,195,503,235,172,22,145,185,211,166,484
24,15,452,229,416,407,132,465,155,172,39,233
24,16,77,122,444,54,0,295,137,202,42,24
24,17,7,122,140,313,290,289,416,204,205,261
24,18,84,55,61,152,457,321,70,341,412,192
24,19,117,202,411,249,187,365,168,494,230,373
24,20,184,27,235,426,257,91,164,166,172,122
24,21,268,351,449,151,199,78,312,330,153,335
24,22,306,52,499,160,21,28,17,253,463,342
24,23,117,507,481,357,159,326,10,170,476,386
24,24,53,127,480,178,405,486,467,465,321,501
24,25,339,228,319,257,455,181,166,18,489,253
24,26,291,391,339,225,147,201,357,351,472,364
24,27,489,376,232,43,463,480,46,188,128,306
24,28,209,326,353,496,120,98,224,255,282,426
24,29,107,114,222,208,359,380,480,1,486,377
24,30,142,503,145,235,172,195,429,22,211,226
24,31,452,465,407,132,416,229,172,155,197,236
24,32,77,122,444,54,295,24,93,137,374,279
24,33,7,122,140,416,231,27,454,481,9,436
24,34,84,61,55,457,70,152,176,490,54,341
24,35,117,203,411,249,187,78,202,364,373,33
24,36,27,184,426,235,257,122,91,415,172,167
24,37,351,268,347,327,449,312,199,78,201,86
24,38,306,52,160,21,499,28,17,253,33,273
24,39,117,101,507,481,357,159,250,170,141,476
24,40,6,285,166,475,19,393,422,330,227,257
24,41,316,475,175,41,380,274,325,43,147,196
24,42,267,78,491,380,325,22,187,186,479,369
24,43,94,104,335,336,509,137,340,378,181,232
24,44,256,313,293,379,220,294,176,155,117,120
24,45,188,140,390,5,447,244,368,119,11,307
24,46,359,110,492,332,218,276,15,69,425,381
24,47,12,372,501,39,126,131,297,423,461,125
25,0,321,186,36,430,132,218,217,76,279,301
25,1,211,164,85,29,395,189,435,34,402,61
25,2,97,437,2,341,249,198,292,303,359,472
25,3,478,337,279,102,221,247,133,59,343,37
25,4,85,67,161,310,405,339,175,348,449,485
25,5,215,255,60,370,367,52,233,485,414,82
25,6,495,444,318,469,368,264,131,371,24,454
25,7,426,354,14,256,223,214,279,422,457,51
25,8,53,480,501,292,192,465,39,405,334,447
25,9,339,166,228,148,181,257,16,412,455,176
25,10,147,391,339,369,291,357,237,328,511,458
25,11,232,489,376,463,306,188,115,324,313,96
25,12,353,453,326,209,38,462,212,227,368,370
25,13,1,107,222,382,208,318,88,49,480,377
25,14,195,226,34,172,503,75,253,166,416,272
25,15,452,122,416,95,349,150,28,236,202,92
25,16,54,0,77,122,444,279,295,213,133,202
25,17,454,36,7,434,205,425,182,204,27,289
25,18,176,321,416,55,457,156,70,490,152,61
25,19,78,249,32,488,44,373,203,210,364,365
25,20,426,184,315,235,172,29,367,166,42,464
25,21,351,327,225,206,311,201,78,199,216,268
25,22,375,325,28,21,160,273,428,36,48,306
25,23,117,357,159,250,81,432,75,326,507,53
25,24,53,178,256,281,405,321,374,447,486,480
25,25,316,339,71,204,166,213,146,145,100,228
25,26,147,269,511,300,328,357,369,291,51,440
25,27,188,489,3,232,43,17,376,96,313,293
25,28,353,453,480,326,224,38,212,370,505,418
25,29,382,480,222,420,264,18,195,412,252,1
25,30,34,195,142,503,226,132,75,172,402,45
25,31,452,122,395,416,160,150,95,349,28,407
25,32,77,54,133,444,66,122,459,279,109,231
25,33,454,425,7,436,172,371,289,430,240,500
25,34,321,176,416,457,156,70,55,490,61,54
25,35,249,78,373,203,210,411,32,364,157,390
25,36,184,29,426,167,315,464,172,323,41,57
25,37,327,351,86,347,311,199,345,201,354,405
25,38,375,28,325,21,36,160,273,428,495,48
25,39,117,357,250,159,101,81,304,141,257,425
25,40,6,393,227,475,83,19,166,422,296,257
25,41,43,380,448,316,325,175,475,220,274,215
25,42,267,380,22,24,325,207,187,479,216,472
25,43,340,94,181,378,509,232,137,104,335,336
25,44,294,106,383,173,313,270,293,191,468,120
25,45,313,140,5,390,188,447,333,119,244,132
25,46,492,218,353,499,359,276,332,446,409,26
25,47,372,12,39,126,297,131,33,199,234,24
26,0,149,458,464,473,411,384,34,246,291,288
26,1,423,363,482,445,237,395,195,189,251,331
26,2,2,135,197,432,44,399,161,97,451,11
26,3,364,162,404,384,102,478,184,393,383,274
26,4,237,130,86,358,499,184,324,85,16,132
26,5,283,215,391,133,370,2,76,233,82,246
26,6,147,444,247,368,391,131,469,324,338,47
26,7,197,5,352,365,390,353,422,223,492,442
26,8,53,242,178,447,140,465,292,329,486,311
26,9,339,228,348,399,257,412,489,213,166,307
26,10,223,31,79,201,391,357,328,184,147,369
26,11,376,117,17,334,157,489,306,43,301,450
26,12,93,419,399,227,231,38,58,212,460,313
26,13,276,480,107,114,333,315,359,303,87,85
26,14,429,195,145,235,126,211,17,426,277,310
26,15,452,481,416,424,384,132,252,471,420,82
26,16,77,122,54,444,202,335,73,0,42,423
26,17,7,122,19,454,427,308,269,492,130,140
26,18,55,84,457,244,141,150,481,89,490,371
26,19,249,44,254,327,319,424,411,494,32,218
26,20,251,184,426,390,172,27,29,85,347,166
26,21,351,76,356,347,465,151,141,363,148,78
26,22,21,386,92,126,325,385,28,53,459,69
26,23,117,476,250,137,507,386,326,395,53,357
26,24,242,53,339,281,360,192,169,127,447,32
26,25,339,228,319,257,348,303,181,455,399,421
26,26,223,31,201,291,391,131,402,357,362,184
26,27,376,503,489,43,242,188,306,232,334,157
26,28,93,419,399,231,267,353,212,227,495,4
26,29,276,107,480,486,114,303,211,77,208,359
26,30,429,195,235,211,126,75,277,172,503,279
26,31,452,416,132,465,395,407,122,332,172,229
26,32,77,122,54,9,444,42,0,295,374,459
26,33,122,7,405,416,140,286,205,240,289,383
26,34,55,84,457,89,61,244,150,141,152,274
26,35,327,187,249,411,254,311,337,32,44,117
26,36,251,27,184,426,91,386,29,172,257,167
26,37,351,356,347,76,354,78,86,465,148,201
26,38,126,92,21,386,325,385,28,408,163,110
26,39,117,476,357,481,159,507,53,101,170,453
26,40,166,355,6,19,330,422,285,350,257,389
26,41,380,220,475,448,444,43,41,429,175,468
26,42,351,267,380,325,24,207,22,68,355,491
26,43,121,94,137,167,340,104,106,280,335,312
26,44,293,176,379,346,294,452,301,99,155,333
26,45,390,447,140,333,5,188,26,294,244,368
26,46,492,332,409,265,276,193,158,359,15,381
26,47,372,501,131,126,178,461,166,278,492,502
27,0,19,400,473,34,272,233,79,258,474,277
27,1,487,363,445,195,244,134,189,311,499,160
27,2,341,36,399,2,481,432,210,44,135,292
27,3,102,478,364,337,308,406,122,248,384,193
27,4,358,115,16,480,86,44,48,339,67,396
27,5,283,215,52,161,367,470,414,143,104,61
27,6,469,444,247,391,278,147,368,131,12,318
27,7,353,197,457,214,146,5,352,281,412,200
27,8,53,480,467,486,385,242,178,501,292,192
27,9,339,257,148,455,399,228,18,181,253,405
27,10,223,391,339,147,291,248,151,357,458,201
27,11,489,376,46,306,334,157,480,313,472,117
27,12,453,209,419,399,326,353,212,227,58,282
27,13,107,1,359,480,49,87,114,208,318,380
27,14,429,172,195,503,166,34,277,279,108,75
27,15,452,416,407,132,155,122,229,39,481,236
27,16,77,122,54,444,423,295,202,459,279,0
27,17,425,454,7,122,371,308,19,289,28,29
27,18,321,244,55,416,176,457,461,61,89,192
27,19,373,249,78,319,202,117,494,400,32,316
27,20,184,426,251,27,117,347,235,257,166,85
27,21,351,206,465,199,311,442,345,347,449,151
27,22,273,292,386,21,111,269,390,403,495,222
27,23,250,117,159,81,357,326,236,432,75,507
27,24,53,178,405,242,256,447,480,329,321,311
27,25,339,71,208,228,181,303,213,455,203,100
27,26,269,147,328,300,339,357,223,391,511,291
27,27,188,3,376,489,232,17,43,313,306,324
27,28,453,353,209,326,399,419,212,480,428,58
27,29,420,382,480,1,264,18,318,222,475,114
27,30,34,142,145,503,195,75,172,226,488,331
27,31,452,160,122,395,416,28,95,349,462,202
27,32,54,133,77,122,444,66,109,459,295,279
27,33,454,425,7,371,436,289,9,107,231,172
27,34,321,176,416,156,244,55,461,457,443,54
27,35,373,78,249,210,203,32,202,364,319,390
27,36,167,184,172,315,57,386,426,464,477,27
27,37,351,86,327,199,311,465,347,345,354,206
27,38,273,21,292,386,269,36,495,160,222,390
27,39,117,357,250,159,101,75,141,257,81,304
27,40,6,393,227,83,19,257,475,355,422,166
27,41,43,380,325,175,429,448,316,475,41,220
27,42,22,267,380,237,187,479,472,351,325,245
27,43,94,378,509,181,232,336,340,137,335,104
27,44,313,173,294,270,191,120,383,293,499,474
27,45,5,140,333,330,119,188,406,132,405,126
27,46,499,492,446,359,64,502,15,332,501,276
27,47,372,12,297,171,199,125,33,126,29,461
28,0,458,464,34,370,320,384,473,416,400,224
28,1,423,242,477,363,487,331,189,445,176,272
28,2,304,161,197,399,2,162,44,11,50,280
28,3,364,185,478,86,404,221,184,384,102,29
28,4,324,130,184,132,388,428,489,237,507,395
28,5,215,2,133,391,104,283,483,244,414,336
28,6,247,131,147,302,47,397,24,444,391,255
28,7,365,223,95,5,181,320,492,328,352,200
28,8,465,53,178,281,385,447,405,389,292,256
28,9,339,316,228,204,213,166,146,21,388,181
28,10,147,369,328,339,115,357,51,223,440,269
28,11,489,43,17,232,376,324,306,463,150,188
28,12,453,353,460,355,227,4,178,322,224,505
28,13,382,222,480,1,264,420,391,341,225,48
28,14,195,34,132,75,226,503,275,425,73,45
28,15,452,349,122,416,95,28,150,395,236,202
28,16,54,0,122,77,213,444,295,279,459,133
28,17,454,7,425,205,434,36,261,430,172,244
28,18,176,416,321,66,150,14,234,31,457,371
28,19,210,249,78,319,488,32,44,413,364,494
28,20,464,315,479,370,477,167,184,166,457,367
28,21,86,311,461,337,242,473,351,206,76,203
28,22,415,159,273,386,92,403,358,21,408,292
28,23,159,390,425,155,401,432,250,146,299,96
28,24,233,138,281,256,465,356,178,53,316,304
28,25,71,40,339,208,155,21,146,100,171,502
28,26,269,300,147,357,511,129,339,369,115,235
28,27,3,17,363,188,489,415,324,234,444,96
28,28,453,353,218,246,460,480,357,143,415,287
28,29,317,420,195,412,220,382,128,481,329,474
28,30,34,188,226,90,340,225,74,92,101,416
28,31,122,452,178,150,160,28,416,340,202,236
28,32,133,66,399,77,54,231,444,480,227,456
28,33,454,267,430,289,70,324,72,172,36,127
28,34,503,234,176,497,287,282,483,127,391,90
28,35,63,249,356,210,80,390,78,349,289,131
28,36,479,464,457,215,109,477,184,167,366,247
28,37,242,337,86,18,464,405,474,287,466,456
28,38,159,92,386,415,403,358,273,408,292,401
28,39,390,146,416,163,511,159,476,75,69,117
28,40,397,244,227,278,203,215,6,257,423,390
28,41,94,180,67,266,429,434,226,435,220,418
28,42,472,22,245,428,123,479,351,119,380,303
28,43,509,335,104,395,180,94,87,217,178,92
28,44,440,43,158,4,270,173,313,51,191,386
28,45,140,406,433,5,375,454,282,250,330,289
28,46,499,492,41,64,359,69,501,110,281,213
28,47,463,125,199,297,12,372,340,171,424,126
29,0,412,319,251,168,294,205,109,235,431,371
29,1,440,57,125,475,303,88,100,383,38,181
29,2,436,280,511,222,342,84,496,107,89,37
29,3,237,408,269,139,293,196,478,177,249,476
29,4,506,389,346,357,294,73,465,325,198,344
29,5,20,68,74,56,112,244,263,110,236,482
29,6,237,397,435,131,68,292,185,182,47,259
29,7,316,33,177,302,325,139,489,303,117,92
29,8,356,490,138,11,316,233,447,389,359,256
29,9,40,208,339,498,316,68,204,502,100,71
29,10,147,269,300,419,129,357,126,484,359,369
29,11,17,234,188,363,3,324,415,463,306,472
29,12,246,37,218,73,228,287,143,415,459,220
29,13,317,220,264,340,412,329,128,195,474,18
29,14,34,82,90,340,264,305,225,188,92,402
29,15,28,122,178,47,349,452,92,504,150,426
29,16,480,231,478,133,54,399,66,262,91,23
29,17,72,372,454,324,499,305,61,267,467,36
29,18,503,282,497,127,510,483,287,385,388,49
29,19,63,356,349,212,210,376,249,434,26,78
29,20,479,109,457,477,464,78,507,258,215,43
29,21,456,337,242,464,287,86,474,18,405,203
29,22,283,281,43,86,77,122,78,401,181,264
29,23,390,163,146,476,53,416,75,25,69,159
29,24,490,138,233,356,503,41,316,35,256,175
29,25,40,71,208,502,498,361,155,161,21,68
29,26,393,129,300,484,330,372,126,424,348,48
29,27,234,17,197,270,444,456,192,422,415,294
29,28,246,37,143,217,218,220,228,290,480,415
29,29,317,474,128,423,220,329,340,18,412,411
29,30,34,33,225,403,340,264,305,82,101,383
29,31,122,28,178,150,452,202,92,95,160,302
29,32,54,231,133,66,399,283,480,478,456,279
29,33,36,454,72,182,61,289,127,305,68,267
29,34,503,287,127,282,497,90,483,386,510,385
29,35,356,80,249,217,63,349,32,78,289,305
29,36,479,457,464,167,184,109,215,366,477,43
29,37,86,337,456,464,287,242,18,405,466,100
29,38,283,43,86,77,281,401,78,181,122,41
29,39,146,511,390,416,476,163,75,304,159,101
29,40,278,397,203,227,244,257,215,390,498,507
29,41,94,418,180,151,266,429,220,226,49,326
29,42,428,123,472,322,476,287,365,119,303,473
29,43,509,335,395,217,104,178,180,92,2,377
29,44,440,158,4,43,51,189,237,405,55,196
29,45,140,406,48,244,282,454,332,365,375,250
29,46,77,239,469,69,147,141,504,15,351,302
29,47,142,11,424,222,280,1,329,506,185,204
30,0,188,485,342,286,28,123,44,324,80,222
30,1,128,434,437,303,261,225,157,341,88,489
30,2,436,286,457,135,222,280,321,171,272,89
30,3,342,35,478,237,139,290,86,128,267,269
30,4,184,191,431,168,292,295,243,322,11,157
30,5,20,11,75,180,259,420,244,340,399,486
30,6,47,179,151,359,285,430,498,283,272,52
30,7,174,325,295,117,437,220,208,175,357,303
30,8,490,497,243,359,256,470,119,162,316,225
30,9,40,208,145,502,498,21,293,71,395,135
30,10,469,126,349,176,95,300,359,147,328,14
30,11,17,234,306,197,324,451,200,472,501,189
30,12,438,377,480,317,73,415,82,182,312,461
30,13,390,340,474,423,264,317,343,18,39,255
30,14,34,33,403,43,101,225,402,268,82,395
30,15,122,150,452,202,47,160,28,95,349,416
30,16,133,283,54,231,66,0,478,480,399,63
30,17,36,454,61,289,182,72,68,312,7,260
30,18,90,287,306,450,241,58,284,192,444,109
30,19,356,78,80,249,32,305,273,97,364,217
30,20,479,477,41,366,109,167,172,457,78,43
30,21,239,86,136,281,67,405,171,307,78,367
30,22,255,125,65,186,469,225,179,463,494,39
30,23,75,511,476,53,416,101,304,159,154,163
30,24,497,256,162,405,243,391,113,116,470,106
30,25,40,208,71,145,403,21,395,146,339,502
30,26,248,147,328,359,511,176,95,186,300,349
30,27,17,324,301,103,444,306,335,234,140,192
30,28,438,317,480,353,227,377,470,58,247,415
30,29,474,176,317,445,264,201,18,390,270,475
30,30,34,425,403,43,340,33,73,225,195,305
30,31,122,150,28,416,302,202,452,160,178,95
30,32,283,54,231,133,66,79,227,219,444,456
30,33,36,260,182,454,7,289,296,312,421,399
30,34,306,90,287,241,109,58,307,432,348,219
30,35,273,80,356,217,249,286,389,78,32,263
30,36,479,448,184,132,167,109,177,457,366,43
30,37,78,239,86,67,281,136,351,305,171,164
30,38,255,125,65,186,463,179,225,494,469,39
30,39,511,416,476,101,304,424,176,75,163,486
30,40,498,203,227,397,278,390,215,330,444,507
30,41,418,151,220,49,5,216,326,32,209,215
30,42,16,123,355,448,20,473,419,480,304,342
30,43,104,178,395,92,267,416,335,15,93,252
30,44,272,473,55,237,120,446,440,417,176,372
30,45,140,454,2,470,84,189,351,70,230,250
30,46,181,378,66,392,322,211,323,332,199,198
30,47,320,337,492,149,326,336,480,379,150,202
31,0,406,337,384,378,316,222,5,277,102,463
31,1,18,378,102,293,303,209,483,265,420,280
31,2,436,30,469,495,404,222,280,286,272,491
31,3,86,342,1,237,478,23,221,35,476,451
31,4,63,184,54,81,168,292,393,431,102,191
31,5,20,160,290,11,391,430,354,75,244,420
31,6,47,498,142,250,132,151,73,430,285,179
31,7,374,117,295,220,208,48,325,437,303,95
31,8,256,405,243,490,106,162,389,497,113,149
31,9,40,208,146,145,71,21,498,339,502,395
31,10,328,176,349,497,419,131,359,225,173,147
31,11,17,301,306,334,234,324,25,335,445,472
31,12,438,98,154,313,227,317,480,73,377,415
31,13,270,474,201,480,264,348,176,39,390,155
31,14,403,34,425,43,73,33,195,75,179,101
31,15,122,150,452,28,416,160,202,92,302,95
31,16,283,54,133,231,66,79,279,444,199,478
31,17,36,454,260,289,7,312,182,61,297,296
31,18,90,306,241,152,287,58,450,109,192,23
31,19,356,80,32,78,273,249,217,286,305,494
31,20,177,479,366,41,184,172,167,239,415,132
31,21,239,86,78,281,136,67,250,351,307,305
31,22,320,255,463,65,186,125,225,224,429,469
31,23,476,101,511,304,416,154,53,75,117,159
31,24,405,256,497,162,116,113,243,281,311,470
31,25,40,208,145,71,21,339,146,354,403,358
31,26,248,176,186,328,349,147,359,511,95,115
31,27,301,17,324,306,445,444,334,335,313,234
31,28,98,154,227,438,353,313,460,247,480,114
31,29,474,114,264,176,201,18,270,348,383,141
31,30,34,425,403,43,73,193,33,227,195,162
31,31,122,28,416,452,25,150,236,302,95,178
31,32,54,283,79,406,231,444,133,279,66,77
31,33,36,182,383,260,7,289,454,421,312,297
31,34,90,306,152,241,348,61,432,58,287,109
31,35,80,273,286,356,32,249,217,389,305,97
31,36,177,184,132,479,172,167,41,415,43,109
31,37,78,239,86,351,67,250,281,136,164,305
31,38,320,463,255,65,186,125,224,429,225,121
31,39,511,101,304,476,416,117,75,354,53,176
31,40,498,203,330,390,475,227,25,444,257,171
31,41,151,418,220,49,216,209,326,175,417,215
31,42,355,419,448,137,123,304,394,16,177,482
31,43,104,395,92,178,335,93,267,435,233,416
31,44,120,35,55,237,473,272,144,446,176,121
31,45,140,454,470,2,189,351,70,447,230,84
31,46,169,392,322,211,323,332,199,378,492,193
31,47,149,320,492,379,336,150,281,480,326,2
32,0,21,384,34,378,201,337,316,463,427,404
32,1,420,483,102,293,378,478,18,280,62,209
32,2,436,30,63,491,367,222,404,264,38,280
32,3,221,342,86,451,23,1,478,185,364,343
32,4,184,63,54,168,292,243,468,393,311,460
32,5,20,160,391,278,290,11,430,244,414,420
32,6,47,498,250,368,142,495,73,151,285,430
32,7,374,117,43,48,295,208,365,281,220,95
32,8,405,256,243,106,389,113,490,391,162,372
32,9,208,40,145,146,46,339,21,354,71,175
32,10,328,147,176,511,359,95,350,419,79,248
32,11,17,301,324,334,306,234,335,472,463,344
32,12,313,98,227,154,460,353,438,114,480,58
32,13,270,176,264,201,39,474,348,480,390,317
32,14,34,43,403,425,73,195,101,193,225,33
32,15,122,150,28,452,416,95,202,349,92,47
32,16,54,133,231,283,66,279,478,0,140,298
32,17,36,454,260,312,182,460,289,7,205,399
32,18,90,152,306,241,287,58,432,92,192,61
32,19,80,273,356,78,249,32,305,389,217,97
32,20,177,479,184,167,41,366,239,172,415,364
32,21,239,78,86,67,164,167,307,351,488,136
32,22,463,186,35,255,224,121,320,28,429,469
32,23,476,101,511,53,304,416,75,154,176,108
32,24,405,256,281,113,243,391,116,162,501,450
32,25,40,208,71,145,339,21,146,148,502,354
32,26,248,328,176,95,147,511,349,350,131,359
32,27,301,324,17,306,335,444,334,344,234,32
32,28,98,460,227,313,353,154,438,114,480,47
32,29,474,176,264,114,486,201,317,270,18,348
32,30,34,425,43,73,403,33,416,101,193,195
32,31,122,28,416,302,452,150,95,178,349,92
32,32,54,283,231,133,66,456,79,298,219,279
32,33,36,260,182,383,460,296,454,312,399,289
32,34,152,90,306,241,61,432,58,287,348,84
32,35,80,273,389,249,286,356,311,227,305,364
32,36,184,177,132,167,479,41,43,415,455,364
32,37,78,351,239,167,164,86,67,307,305,495
32,38,463,186,35,28,255,224,121,125,429,320
32,39,511,101,476,304,416,53,176,354,357,75
32,40,330,390,203,475,498,444,227,422,171,65
32,41,151,220,49,418,216,326,209,32,175,508
32,42,355,419,382,130,448,394,46,137,260,304
32,43,104,435,416,92,395,137,93,178,335,233
32,44,144,237,55,120,293,176,473,99,133,372
32,45,140,454,470,189,89,351,390,447,294,70
32,46,492,392,332,71,35,322,409,323,199,218
32,47,65,492,2,278,336,480,281,461,149,131
33,0,258,320,98,167,316,341,384,175,10,440
33,1,420,62,34,113,293,483,302,40,102,478
33,2,436,263,367,491,161,439,399,185,500,264
33,3,274,343,18,102,342,221,364,384,505,86
33,4,184,287,67,96,166,508,385,468,16,292
33,5,391,160,275,119,414,81,485,79,158,505
33,6,47,73,495,250,113,498,471,137,110,142
33,7,322,134,281,352,117,48,200,245,132,168
33,8,405,256,243,311,389,113,372,106,465,490
33,9,40,340,208,145,21,71,498,452,502,354
33,10,328,95,378,176,131,147,350,419,380,62
33,11,17,334,324,301,306,235,335,103,337,445
33,12,227,401,313,223,98,312,286,15,193,212
33,13,280,201,480,270,141,474,264,176,39,114
33,14,34,73,195,305,425,207,75,264,275,253
33,15,28,122,150,92,452,349,302,416,504,236
33,16,283,54,18,231,0,66,79,133,295,478
33,17,36,7,454,312,260,205,399,355,383,460
33,18,152,58,241,90,390,62,192,287,306,395
33,19,356,78,80,32,249,44,273,349,217,319
33,20,167,339,479,415,390,364,5,366,132,477
33,21,266,351,305,268,78,86,281,164,322,28
33,22,424,463,52,225,186,8,429,499,306,215
33,23,511,486,154,424,176,476,101,354,75,222
33,24,256,405,366,162,281,113,243,465,391,372
33,25,40,354,208,340,222,71,21,145,452,306
33,26,328,380,248,92,176,225,300,350,147,115
33,27,17,301,334,103,324,140,335,444,481,234
33,28,401,313,227,312,223,98,460,114,58,212
33,29,280,474,201,176,486,141,317,114,264,18
33,30,34,207,305,264,195,73,425,461,43,225
33,31,122,28,178,302,92,150,25,202,349,416
33,32,283,54,231,457,66,133,478,219,18,79
33,33,36,7,355,454,312,383,397,260,399,460
33,34,58,152,390,395,241,306,90,414,287,23
33,35,286,80,356,423,32,78,249,292,389,364
33,36,339,132,167,75,479,91,5,390,43,415
33,37,305,351,266,78,268,86,30,449,28,354
33,38,424,215,52,225,306,8,28,463,186,499
33,39,511,354,486,154,53,416,75,424,101,176
33,40,227,330,498,25,6,257,171,503,390,278
33,41,151,175,418,49,220,216,429,186,380,358
33,42,137,394,355,71,362,139,177,482,304,491
33,43,92,104,395,267,15,335,178,93,137,509
33,44,55,237,28,176,372,120,272,473,440,446
33,45,140,454,505,470,70,189,405,230,104,333
33,46,392,214,322,199,336,332,41,374,57,323
33,47,360,458,270,492,52,31,298,336,48,480
34,0,267,190,362,430,186,141,218,467,263,3
34,1,203,420,402,483,40,477,62,113,211,56
34,2,436,44,491,404,367,185,198,38,264,269
34,3,221,342,237,343,175,274,505,174,383,478
34,4,184,311,310,152,168,265,228,399,268,286
34,5,160,391,20,415,275,82,414,11,382,505
34,6,471,338,73,47,125,255,137,250,84,417
34,7,322,168,117,437,303,374,258,132,134,164
34,8,113,243,256,106,374,359,311,405,212,162
34,9,208,281,40,247,71,354,145,146,498,395
34,10,147,77,511,380,176,328,462,248,186,401
34,11,324,301,306,334,463,234,472,444,343,17
34,12,80,489,312,401,73,315,273,353,313,72
34,13,474,103,411,141,287,475,377,441,445,344
34,14,318,471,268,101,167,162,157,33,358,58
34,15,319,492,202,452,150,122,95,416,443,45
34,16,279,444,314,150,193,188,79,462,307,122
34,17,297,444,182,9,86,289,36,194,107,335
34,18,90,419,284,179,137,272,274,358,468,167
34,19,97,202,364,203,305,426,485,216,119,117
34,20,322,184,46,323,327,282,146,48,450,258
34,21,288,488,327,225,305,30,489,376,445,221
34,22,6,424,463,125,467,186,303,234,53,259
34,23,432,326,67,409,75,53,14,10,293,180
34,24,321,467,362,83,94,359,167,455,113,243
34,25,281,208,247,509,434,181,339,356,305,53
34,26,511,365,472,366,359,422,147,133,222,96
34,27,324,301,489,229,31,498,313,444,293,140
34,28,281,80,489,11,302,372,415,72,69,353
34,29,103,334,161,508,435,411,154,475,39,441
34,30,503,471,167,318,181,420,157,400,268,101
34,31,319,492,202,443,452,45,490,378,421,176
34,32,314,444,150,279,122,79,295,406,410,77
34,33,9,297,137,444,182,131,107,335,289,380
34,34,90,419,3,179,407,61,350,348,274,116
34,35,364,97,202,123,234,233,426,485,32,434
34,36,46,322,327,184,386,323,282,146,205,132
34,37,288,225,445,327,405,30,488,162,130,78
34,38,424,125,28,6,456,467,463,428,186,303
34,39,432,67,14,39,458,369,326,75,442,49
34,40,83,393,422,374,385,19,511,4,227,241
34,41,227,99,215,401,429,131,53,43,366,149
34,42,137,394,355,139,304,482,177,448,114,84
34,43,157,216,354,395,159,104,408,335,232,243
34,44,55,237,28,176,301,372,473,446,120,272
34,45,140,505,454,70,470,189,230,104,244,400
34,46,322,392,214,336,332,199,35,57,323,252
34,47,270,492,298,336,320,31,480,326,349,54
35,0,98,138,316,501,10,270,147,401,427,474
35,1,62,240,34,134,483,293,420,40,410,56
35,2,436,263,411,185,269,310,491,449,439,367
35,3,343,478,265,161,221,332,18,168,412,231
35,4,166,67,299,184,385,454,96,157,26,508
35,5,81,205,131,328,485,470,60,505,203,425
35,6,471,383,73,335,255,47,417,42,495,137
35,7,117,501,43,219,245,101,427,426,279,162
35,8,256,162,391,405,366,389,243,372,113,477
35,9,40,354,73,208,301,222,77,129,145,191
35,10,380,92,328,147,77,248,419,300,89,215
35,11,17,324,103,301,481,334,429,63,91,279
35,12,223,18,401,307,48,303,426,227,120,353
35,13,280,18,422,208,480,104,193,397,474,57
35,14,34,305,227,73,264,358,43,268,370,395
35,15,122,28,302,92,95,219,25,150,202,452
35,16,283,457,54,79,18,231,478,219,406,140
35,17,36,7,454,397,355,205,124,182,285,312
35,18,58,414,341,241,348,192,168,90,246,152
35,19,356,78,286,423,32,349,249,305,80,434
35,20,173,508,167,479,445,109,390,58,364,112
35,21,268,351,78,30,502,405,449,171,86,58
35,22,499,52,253,225,28,306,160,349,463,273
35,23,250,354,81,486,498,424,202,154,117,176
35,24,256,366,162,405,485,391,490,243,389,113
35,25,40,354,73,208,222,301,145,77,71,306
35,26,380,248,300,147,462,92,227,328,359,511
35,27,17,324,301,103,140,481,70,445,313,444
35,28,18,32,48,223,426,401,353,480,212,120
35,29,280,474,317,1,18,193,167,141,397,57
35,30,34,305,264,227,73,509,195,395,142,461
35,31,122,28,178,302,92,349,25,150,416,202
35,32,283,54,231,457,478,133,66,79,424,18
35,33,36,7,124,454,355,312,182,205,383,397
35,34,58,414,341,54,321,152,70,90,168,84
35,35,32,356,373,80,286,249,78,263,423,97
35,36,173,508,167,172,43,386,445,122,390,91
35,37,268,351,405,354,86,78,502,470,449,30
35,38,499,28,52,306,253,225,349,160,215,273
35,39,250,81,354,75,117,486,357,176,424,511
35,40,6,77,227,330,257,25,503,397,482,171
35,41,175,380,429,306,186,418,475,397,135,151
35,42,362,78,491,22,325,267,472,71,216,479
35,43,94,509,378,181,335,104,458,255,498,381
35,44,220,256,120,294,270,173,474,440,191,289
35,45,405,140,505,188,70,330,454,132,316,119
35,46,110,499,218,492,493,359,501,332,446,69
35,47,39,372,48,52,12,297,199,126,234,33
36,0,267,190,362,430,186,218,418,209,101,18
36,1,203,34,402,483,240,85,211,477,189,62
36,2,436,198,411,105,472,185,222,310,269,49
36,3,383,343,221,174,18,175,495,265,478,476
36,4,310,74,184,405,385,166,152,299,67,157
36,5,81,328,54,82,205,415,272,275,255,119
36,6,338,471,417,444,255,137,47,368,301,335
36,7,164,117,449,267,245,101,43,375,279,369
36,8,256,113,366,485,391,389,169,405,173,490
36,9,40,354,208,73,71,222,498,452,83,77
36,10,328,380,300,77,147,419,225,89,92,350
36,11,148,17,324,301,481,103,63,334,140,188
36,12,379,243,278,401,400,267,484,480,416,370
36,13,474,280,233,475,154,364,141,411,297,317
36,14,34,485,101,53,268,264,305,425,73,75
36,15,122,160,340,150,395,347,184,369,92,353
36,16,456,210,283,54,9,203,333,370,325,480
36,17,296,221,348,378,454,68,364,260,74,399
36,18,419,179,90,284,274,316,262,303,58,491
36,19,225,129,454,356,78,245,434,227,341,258
36,20,327,41,479,64,237,455,78,380,444,456
36,21,405,113,351,268,277,367,40,430,171,86
36,22,428,28,424,416,48,245,225,303,221,334
36,23,419,53,124,172,262,476,294,328,383,186
36,24,501,497,11,412,359,437,20,351,296,185
36,25,245,71,208,16,395,498,313,349,89,339
36,26,456,248,279,95,218,330,55,189,296,424
36,27,197,456,9,444,234,270,306,258,510,493
36,28,315,80,290,73,489,415,459,368,113,58
36,29,287,411,46,385,119,474,57,184,154,50
36,30,233,160,34,485,496,425,383,135,38,268
36,31,122,160,340,353,272,395,302,347,369,37
36,32,399,228,333,262,23,480,456,163,277,446
36,33,50,221,305,297,61,454,260,389,474,84
36,34,419,90,454,417,58,414,390,490,347,43
36,35,356,426,80,350,305,78,249,263,364,97
36,36,43,479,75,132,364,167,156,109,477,41
36,37,405,268,113,351,30,327,225,111,354,266
36,38,28,428,424,225,48,303,440,416,221,242
36,39,250,81,354,75,511,476,357,176,53,425
36,40,6,77,227,257,171,275,320,146,429,278
36,41,380,306,429,175,418,186,397,475,332,366
36,42,272,22,325,472,267,479,362,216,137,154
36,43,94,181,509,378,335,343,15,104,393,272
36,44,301,120,294,270,289,75,333,474,468,440
36,45,140,454,505,375,70,433,330,244,188,132
36,46,504,218,336,261,323,332,493,213,378,63
36,47,39,458,366,48,234,258,472,270,158,486
37,0,123,188,234,149,485,370,330,411,409,286
37,1,261,437,134,483,471,341,59,323,277,392
37,2,135,436,222,411,457,280,269,449,198,185
37,3,342,35,343,221,52,383,18,478,128,21
37,4,184,431,168,191,385,355,128,502,87,462
37,5,75,399,81,215,273,328,82,275,165,172
37,6,417,47,338,255,196,444,74,368,137,471
37,7,117,295,175,245,164,511,426,279,459,18
37,8,391,119,256,485,113,505,328,490,359,372
37,9,40,293,208,145,285,175,498,71,354,73
37,10,300,20,169,469,511,308,493,95,359,328
37,11,188,451,230,501,324,498,260,17,306,140
37,12,377,480,438,73,111,257,489,415,7,72
37,13,340,475,18,144,5,317,344,377,173,474
37,14,268,264,113,34,43,28,101,467,478,358
37,15,122,150,47,95,92,504,302,28,202,160
37,16,478,199,54,456,283,133,457,279,219,503
37,17,36,454,51,355,182,397,460,453,124,33
37,18,241,90,477,58,478,156,414,274,505,321
37,19,305,78,389,434,364,423,349,97,142,249
37,20,479,448,477,156,76,109,167,455,379,425
37,21,345,199,86,351,206,225,442,268,11,78
37,22,495,273,494,160,225,269,39,28,463,415
37,23,250,81,53,354,50,253,75,424,236,299
37,24,119,485,256,391,113,490,366,505,359,185
37,25,40,285,208,498,175,293,251,145,71,306
37,26,300,20,493,169,511,462,14,359,248,328
37,27,451,188,501,230,324,17,417,306,140,313
37,28,377,257,480,438,489,111,402,7,476,212
37,29,340,317,18,5,475,144,435,474,411,173
37,30,34,467,268,264,225,28,113,101,305,6
37,31,122,150,47,28,178,92,160,504,95,202
37,32,478,133,231,66,54,283,456,457,219,199
37,33,36,312,182,454,355,7,296,260,205,425
37,34,58,90,156,477,321,414,241,505,70,287
37,35,32,373,263,356,249,80,210,97,286,78
37,36,172,386,167,464,315,390,479,184,43,75
37,37,351,199,345,86,311,225,30,78,354,327
37,38,494,495,160,273,28,225,269,39,453,16
37,39,250,81,75,357,511,476,101,117,146,354
37,40,257,6,77,227,397,203,278,330,393,390
37,41,429,380,306,175,397,418,220,475,41,186
37,42,267,325,22,472,479,257,187,97,45,78
37,43,94,181,509,378,335,104,395,387,92,15
37,44,120,294,191,270,173,289,474,440,333,43
37,45,140,330,119,505,132,375,70,405,447,244
37,46,499,492,501,446,69,359,493,409,332,323
37,47,372,12,297,126,199,125,33,171,48,39
38,0,312,418,267,39,76,362,430,301,264,321
38,1,189,3,423,316,85,402,211,226,483,435
38,2,271,452,411,105,436,249,44,222,303,264
38,3,283,343,221,495,383,360,174,18,489,175
38,4,87,310,184,132,74,265,161,371,17,471
38,5,125,54,255,2,81,82,97,328,245,66
38,6,417,161,324,444,255,47,383,111,137,419
38,7,267,449,117,164,439,223,248,283,365,245
38,8,242,281,256,169,405,424,465,328,366,113
38,9,40,340,319,354,412,146,208,21,388,498
38,10,328,79,95,225,369,452,115,135,77,201
38,11,334,301,17,481,306,474,150,235,140,188
38,12,231,227,267,278,379,416,460,400,434,58
38,13,280,114,141,480,474,201,264,39,86,270
38,14,73,126,34,195,264,209,391,425,171,305
38,15,28,122,349,92,150,302,452,504,416,507
38,16,283,54,18,0,66,501,213,231,366,219
38,17,36,7,205,383,312,260,399,454,376,204
38,18,43,58,140,90,152,23,390,481,192,61
38,19,142,32,488,249,78,80,356,44,424,507
38,20,390,386,172,479,167,364,415,184,41,339
38,21,113,216,351,148,183,78,221,266,470,111
38,22,16,92,48,416,428,28,334,225,403,453
38,23,75,250,117,101,476,194,188,81,357,108
38,24,424,281,242,405,256,169,465,366,113,243
38,25,40,208,146,412,354,319,21,71,340,73
38,26,115,79,328,284,248,440,369,62,147,357
38,27,301,334,17,474,464,150,106,453,43,306
38,28,460,231,227,278,267,5,416,58,260,125
38,29,114,141,280,486,474,264,392,479,480,88
38,30,126,195,34,73,209,171,425,184,402,237
38,31,28,122,349,302,452,25,92,178,416,202
38,32,54,283,0,501,18,213,231,457,133,66
38,33,205,312,36,376,204,383,454,260,7,434
38,34,140,90,43,152,58,89,23,417,60,61
38,35,32,488,142,249,61,296,250,78,364,356
38,36,386,390,167,172,194,458,43,200,184,479
38,37,113,351,270,216,183,22,148,354,78,86
38,38,48,16,92,428,416,334,225,28,403,221
38,39,75,357,101,354,117,304,194,476,447,250
38,40,6,257,227,314,105,424,330,77,234,366
38,41,397,448,429,175,220,380,490,40,215,151
38,42,50,216,214,362,369,435,40,46,387,379
38,43,509,137,458,94,335,104,340,127,106,332
38,44,468,34,465,479,379,333,289,176,120,155
38,45,253,33,140,376,447,244,70,214,390,453
38,46,218,457,69,409,332,493,53,323,353,35
38,47,87,234,407,39,37,175,292,471,461,131
39,0,14,138,211,67,147,481,403,149,349,150
39,1,483,329,482,268,415,334,445,504,301,274
39,2,161,443,347,215,436,432,225,332,468,85
39,3,364,221,343,185,478,274,102,47,476,451
39,4,184,132,489,16,455,469,464,385,500,232
39,5,2,311,125,13,215,21,391,36,383,233
39,6,419,481,385,47,391,247,147,444,248,479
39,7,365,0,320,466,223,440,38,332,5,117
39,8,465,281,405,242,256,424,113,391,389,372
39,9,40,412,208,146,354,21,340,319,222,339
39,10,79,115,328,369,147,95,248,375,136,357
39,11,301,334,96,150,474,306,463,140,324,203
39,12,460,322,353,443,419,227,453,212,58,359
39,13,280,141,114,39,480,264,377,88,474,58
39,14,195,73,34,253,226,75,217,425,171,391
39,15,452,349,28,122,150,92,95,302,395,416
39,16,54,0,283,213,18,122,298,66,459,194
39,17,36,7,312,205,383,434,260,454,204,399
39,18,66,321,216,90,180,89,416,224,23,192
39,19,249,373,32,44,78,210,365,488,318,80
39,20,315,172,386,167,184,464,390,235,239,144
39,21,417,351,311,298,345,206,22,221,113,266
39,22,92,415,403,273,294,159,495,386,292,369
39,23,75,250,476,159,155,101,81,146,404,96
39,24,281,405,424,465,242,256,243,372,113,391
39,25,208,40,412,146,71,21,354,4,339,388
39,26,115,328,79,375,147,511,248,440,369,105
39,27,301,334,96,474,17,306,150,444,232,463
39,28,460,322,353,453,443,357,419,74,227,224
39,29,474,141,280,114,194,264,88,1,39,420
39,30,34,195,226,425,142,52,73,395,253,340
39,31,122,28,452,178,150,160,302,349,416,92
39,32,54,283,213,231,66,133,459,0,227,298
39,33,312,383,36,425,454,7,172,430,260,73
39,34,66,321,90,505,416,216,287,54,180,23
39,35,249,210,376,44,356,80,373,286,78,32
39,36,464,315,167,479,239,415,184,172,235,41
39,37,337,351,311,345,417,86,206,171,466,298
39,38,92,415,273,403,294,292,159,326,495,110
39,39,146,250,155,416,476,390,511,163,81,117
39,40,6,203,77,244,397,278,227,257,171,390
39,41,180,306,94,380,484,49,151,100,429,175
39,42,79,22,472,479,499,45,267,245,97,325
39,43,294,378,395,104,94,509,335,92,15,181
39,44,270,173,120,43,55,294,191,144,474,237
39,45,140,454,470,189,15,406,201,433,70,351
39,46,499,492,41,64,446,416,332,486,69,322
39,47,125,203,199,297,372,33,171,492,340,126
40,0,274,4,180,126,294,162,228,356,251,235
40,1,394,451,368,108,475,423,0,334,172,24
40,2,436,346,342,391,236,280,161,222,411,107
40,3,237,108,221,282,139,478,402,269,29,449
40,4,223,130,184,114,506,73,212,5,332,370
40,5,80,374,47,244,93,20,112,259,348,257
40,6,68,417,397,310,419,137,47,111,368,255
40,7,167,94,65,117,496,166,316,325,303,177
40,8,138,256,465,281,113,405,391,389,11,372
40,9,40,208,71,354,21,191,498,73,222,340
40,10,328,419,393,147,380,77,92,95,300,440
40,11,17,234,324,301,363,140,415,334,103,306
40,12,363,218,410,480,87,353,73,415,82,212
40,13,474,280,412,141,18,377,264,317,195,329
40,14,34,305,264,73,340,75,395,268,461,402
40,15,122,28,150,92,160,340,347,47,178,302
40,16,283,54,480,133,66,231,316,456,202,462
40,17,36,454,7,72,267,127,253,172,431,312
40,18,103,282,391,505,497,388,385,178,454,192
40,19,356,210,249,78,376,80,286,434,375,232
40,20,464,479,315,366,413,78,167,239,43,109
40,21,456,454,107,337,86,178,171,175,351,163
40,22,292,343,465,472,281,74,381,122,23,119
40,23,476,163,416,146,390,155,69,176,218,96
40,24,138,256,233,126,356,241,405,41,11,162
40,25,40,71,208,21,39,339,344,145,146,73
40,26,248,393,328,440,147,34,380,92,126,229
40,27,234,17,444,301,363,324,422,189,3,192
40,28,363,218,87,143,410,228,480,220,227,415
40,29,474,317,412,280,176,114,141,480,195,1
40,30,34,365,425,305,340,195,33,132,461,225
40,31,122,150,160,178,28,416,340,92,302,332
40,32,54,283,66,231,227,456,133,203,79,444
40,33,296,383,36,7,240,421,260,72,182,399
40,34,103,391,282,385,178,388,90,287,497,505
40,35,249,80,217,356,263,44,210,227,311,376
40,36,464,184,239,415,167,215,43,132,479,85
40,37,454,456,337,107,163,86,178,171,466,384
40,38,472,343,465,292,281,74,381,122,463,23
40,39,101,476,416,146,511,117,304,176,75,163
40,40,203,171,330,65,390,227,444,257,25,244
40,41,180,51,484,151,49,94,209,326,444,380
40,42,194,85,472,45,355,394,22,91,123,419
40,43,104,395,294,378,92,509,335,435,15,94
40,44,43,144,55,237,489,120,196,440,176,473
40,45,140,167,470,189,454,89,244,351,376,70
40,46,492,71,446,392,64,332,322,276,57,199
40,47,65,487,492,152,171,281,149,17,336,278
41,0,458,44,224,485,305,320,462,416,18,336
41,1,242,477,394,80,423,115,174,303,392,475
41,2,304,436,50,162,171,280,262,222,161,321
41,3,426,29,221,465,199,404,237,128,197,478
41,4,114,130,184,14,507,292,428,199,324,395
41,5,244,257,47,416,20,259,112,83,339,10
41,6,272,397,425,207,47,310,68,176,253,419
41,7,492,220,496,166,357,177,65,328,325,117
41,8,241,116,256,486,138,389,465,405,162,126
41,9,39,4,204,21,40,208,354,146,388,71
41,10,328,440,265,419,350,362,245,76,147,497
41,11,301,17,334,306,390,235,234,337,363,150
41,12,340,178,510,218,87,4,227,415,206,58
41,13,348,201,336,141,270,480,39,474,116,297
41,14,132,34,256,195,52,425,73,20,126,75
41,15,28,122,92,349,416,150,332,452,160,302
41,16,54,283,459,18,66,9,227,231,79,271
41,17,383,7,244,454,240,312,500,399,36,492
41,18,391,307,125,386,432,287,324,192,78,38
41,19,249,44,78,227,356,80,318,59,217,311
41,20,464,366,184,239,215,41,479,466,172,413
41,21,384,337,107,147,287,481,91,307,86,163
41,22,401,339,181,40,358,77,463,255,74,166
41,23,476,146,416,117,101,53,163,69,75,390
41,24,241,497,363,468,116,256,486,391,311,243
41,25,339,204,39,208,21,4,40,354,152,388
41,26,248,328,440,189,147,245,79,95,511,92
41,27,301,235,324,306,334,17,140,234,192,395
41,28,510,178,340,227,4,218,87,247,58,353
41,29,297,201,474,114,141,348,176,382,1,480
41,30,34,425,195,132,20,365,52,33,126,73
41,31,122,416,28,160,340,150,452,92,95,271
41,32,54,283,456,298,79,444,66,229,9,213
41,33,383,240,122,399,36,182,7,500,297,436
41,34,391,90,432,307,125,287,386,324,61,96
41,35,249,217,80,227,311,32,356,44,187,78
41,36,184,464,215,172,167,415,85,41,43,386
41,37,337,287,384,86,466,107,481,147,405,83
41,38,401,40,255,339,358,77,181,463,74,328
41,39,101,416,146,75,117,476,163,53,511,304
41,40,257,65,244,203,278,227,330,422,215,171
41,41,180,94,429,151,484,215,67,49,220,147
41,42,428,123,119,303,473,369,472,91,355,287
41,43,509,335,217,395,312,104,92,178,243,94
41,44,43,158,4,440,55,237,120,225,473,181
41,45,244,140,376,406,282,214,70,447,33,454
41,46,71,69,332,218,504,15,381,276,35,128
41,47,39,80,65,234,152,131,171,175,372,9
42,0,464,416,234,188,91,203,384,334,44,320
42,1,336,264,162,280,225,157,174,483,272,303
42,2,215,321,304,405,379,161,436,222,363,87
42,3,364,397,102,221,478,184,237,86,31,274
42,4,499,237,314,184,349,292,132,371,130,329
42,5,180,233,11,2,33,20,509,270,284,383
42,6,50,22,272,27,481,509,441,78,324,47
42,7,220,466,172,390,274,365,327,174,95,320
42,8,140,241,243,301,311,405,465,486,281,59
42,9,208,21,339,4,39,503,40,71,257,181
42,10,248,189,245,79,147,328,31,115,95,369
42,11,301,474,306,335,32,242,235,336,491,105
42,12,93,249,227,343,178,231,317,460,247,114
42,13,114,39,313,62,21,263,348,116,201,336
42,14,425,34,52,73,126,256,132,195,405,75
42,15,122,28,416,150,452,92,349,160,340,395
42,16,54,283,444,456,79,122,9,203,295,279
42,17,383,204,500,7,36,260,289,122,421,221
42,18,48,432,340,216,220,450,196,307,96,61
42,19,80,249,227,240,104,286,429,365,187,44
42,20,184,8,386,418,239,41,415,172,466,97
42,21,43,351,83,301,78,147,307,466,148,481
42,22,110,403,92,163,419,507,177,435,192,432
42,23,117,101,476,75,507,146,416,53,176,170
42,24,140,334,497,311,468,281,337,301,405,116
42,25,208,339,4,21,71,503,358,40,148,204
42,26,248,189,440,328,245,186,147,31,359,95
42,27,301,324,306,474,335,235,480,313,336,334
42,28,93,227,343,231,178,247,47,249,317,221
42,29,62,263,114,486,201,21,313,39,474,189
42,30,425,34,73,403,195,126,471,227,52,261
42,31,122,416,28,25,302,452,178,150,160,340
42,32,54,283,79,444,295,406,229,456,459,203
42,33,204,383,44,182,141,36,421,260,296,193
42,34,48,90,340,61,196,216,220,481,348,432
42,35,80,240,227,104,249,432,32,364,286,429
42,36,386,184,172,8,418,132,97,415,43,455
42,37,43,301,83,466,201,78,351,481,148,354
42,38,110,403,92,163,419,507,192,177,422,432
42,39,101,75,304,117,476,176,146,159,507,205
42,40,257,475,227,422,203,390,25,330,6,503
42,41,473,429,94,215,264,326,151,175,147,146
42,42,436,389,186,473,79,379,403,46,123,394
42,43,458,243,104,94,509,335,312,137,256,395
42,44,34,289,479,160,465,176,364,454,440,181
42,45,253,376,244,114,333,214,140,447,505,54
42,46,69,53,15,332,35,281,276,128,381,144
42,47,89,88,471,8,472,403,357,226,407,131
43,0,67,233,91,14,58,150,349,360,338,63
43,1,336,268,174,209,123,162,414,264,280,157
43,2,161,405,215,321,500,304,436,399,212,379
43,3,364,221,283,184,478,237,102,489,185,274
43,4,471,237,371,152,184,292,132,399,324,130
43,5,11,509,2,33,5,391,244,257,233,172
43,6,22,441,481,188,324,119,27,416,47,142
43,7,172,220,466,275,365,105,439,390,95,332
43,8,334,140,311,337,241,391,113,465,486,106
43,9,208,4,21,39,191,421,40,388,242,339
43,10,245,248,189,369,95,79,115,328,497,31
43,11,301,306,474,491,337,105,335,297,324,242
43,12,227,460,343,231,178,249,434,93,493,247
43,13,62,39,116,21,313,114,436,201,480,263
43,14,425,126,52,73,34,132,256,195,416,261
43,15,28,122,92,416,150,332,178,452,349,25
43,16,54,283,9,79,231,229,459,203,406,277
43,17,204,383,421,289,260,36,492,399,141,312
43,18,48,96,340,90,338,66,223,216,23,198
43,19,249,80,227,240,104,286,365,396,432,44
43,20,418,172,386,184,132,167,43,239,176,366
43,21,384,148,351,320,449,171,354,307,287,466
43,22,69,339,467,110,403,408,435,92,163,181
43,23,101,146,511,117,476,176,75,416,357,486
43,24,334,337,140,311,281,113,391,241,116,256
43,25,208,421,4,354,21,388,339,148,349,40
43,26,248,189,245,440,186,328,95,31,115,359
43,27,301,491,324,306,480,448,335,105,493,235
43,28,231,434,227,460,343,33,178,249,493,93
43,29,62,486,280,114,39,244,201,27,436,243
43,30,425,126,34,195,52,73,227,303,261,207
43,31,28,122,416,178,25,170,271,209,92,340
43,32,54,79,283,406,229,213,459,462,9,66
43,33,204,36,383,421,87,286,399,141,182,7
43,34,223,90,348,61,338,48,340,96,219,216
43,35,80,249,286,227,432,396,72,240,104,78
43,36,132,418,184,172,43,167,386,415,239,455
43,37,354,449,384,148,171,405,83,86,466,351
43,38,403,69,339,408,467,110,92,463,163,328
43,39,101,304,176,511,117,476,146,154,170,354
43,40,390,475,203,25,257,227,498,330,334,503
43,41,151,49,94,425,326,175,209,100,429,41
43,42,355,473,16,303,79,120,448,394,119,20
43,43,104,92,335,395,509,233,15,178,93,312
43,44,4,55,237,225,440,446,473,272,176,120
43,45,140,454,470,189,282,2,244,15,230,351
43,46,504,322,332,392,218,199,169,15,211,69
43,47,80,39,424,48,492,458,149,461,9,278
44,0,188,485,123,286,326,324,222,80,472,158
44,1,434,261,437,414,336,281,172,174,262,90
44,2,436,457,135,212,377,494,161,379,143,81
44,3,342,35,221,478,86,128,469,159,364,100
44,4,431,184,191,471,168,152,370,460,157,292
44,5,75,11,244,20,399,172,509,33,97,442
44,6,151,441,22,188,481,47,324,447,509,416
44,7,172,275,295,466,220,437,105,439,95,332
44,8,334,113,337,243,140,106,391,207,256,311
44,9,208,421,145,21,40,293,4,247,403,354
44,10,248,469,186,245,95,328,147,189,359,511
44,11,306,301,324,491,335,103,279,472,17,493
44,12,438,377,353,434,178,33,227,47,312,415
44,13,87,313,474,39,244,62,383,340,475,305
44,14,425,34,43,73,33,268,101,405,261,391
44,15,122,452,150,416,202,95,340,160,28,319
44,16,54,283,444,456,279,79,66,63,213,0
44,17,36,289,296,312,204,7,97,93,260,421
44,18,90,223,338,241,348,61,48,21,340,450
44,19,432,286,305,249,78,80,104,32,227,364
44,20,184,418,41,172,132,448,97,386,364,43
44,21,281,305,239,449,136,307,164,56,171,83
44,22,186,69,65,125,469,467,39,255,494,435
44,23,101,53,304,511,170,205,75,476,176,357
44,24,334,321,113,501,391,311,243,498,256,467
44,25,208,421,339,403,71,21,145,148,146,281
44,26,248,186,511,189,147,328,95,369,245,359
44,27,301,324,306,335,444,491,232,313,480,103
44,28,438,353,434,247,377,480,227,280,178,58
44,29,87,474,62,475,305,244,114,383,486,313
44,30,425,43,34,403,73,227,101,261,471,193
44,31,122,416,150,202,23,95,28,452,340,236
44,32,54,444,283,79,77,406,279,229,456,202
44,33,36,204,27,182,296,289,87,421,141,339
44,34,348,241,61,90,338,223,56,48,219,340
44,35,80,286,273,104,364,432,227,72,423,305
44,36,132,184,418,448,172,5,43,415,386,455
44,37,281,78,305,239,449,164,136,307,171,56
44,38,186,65,125,69,255,467,494,39,469,463
44,39,101,304,176,511,476,205,170,154,416,424
44,40,390,475,498,25,203,330,334,503,257,285
44,41,151,49,326,175,209,220,216,41,508,358
44,42,355,448,473,16,20,304,482,394,177,480
44,43,104,395,92,335,15,233,178,93,267,137
44,44,55,237,272,446,473,176,120,372,28,440
44,45,140,470,454,189,2,84,230,351,70,15
44,46,181,392,66,322,332,211,199,378,57,214
44,47,270,320,149,492,336,326,337,480,31,349
45,0,316,129,10,501,98,73,119,164,384,207
45,1,281,62,420,34,293,336,302,378,478,483
45,2,263,436,439,411,367,212,161,491,133,252
45,3,221,451,343,478,102,274,469,308,18,31
45,4,67,239,393,385,354,1,184,69,96,485
45,5,470,485,81,131,367,505,82,203,262,104
45,6,368,495,73,421,151,42,47,498,12,469
45,7,124,43,281,20,343,284,256,466,427,198
45,8,334,140,337,391,113,311,321,465,243,207
45,9,208,421,148,21,354,146,339,349,247,38
45,10,248,245,79,232,328,380,147,189,419,444
45,11,301,334,324,491,448,306,481,344,279,105
45,12,98,223,255,120,496,370,247,224,353,114
45,13,244,87,305,47,313,280,39,104,62,27
45,14,425,277,52,73,261,34,195,167,227,145
45,15,122,28,416,92,23,170,369,25,150,302
45,16,54,79,406,283,229,9,298,490,277,412
45,17,36,204,383,27,421,286,182,7,339,431
45,18,348,338,61,223,90,152,48,84,241,23
45,19,240,432,286,365,227,249,72,104,80,44
45,20,184,132,173,418,364,91,172,122,167,386
45,21,449,268,327,78,164,312,156,354,351,307
45,22,28,52,499,160,306,69,253,489,463,33
45,23,101,304,176,511,141,357,476,205,53,456
45,24,334,321,311,140,337,391,113,468,48,256
45,25,421,208,354,148,145,349,301,38,428,358
45,26,380,248,359,105,186,189,245,328,378,168
45,27,301,334,324,480,448,313,429,491,481,279
45,28,255,98,223,353,370,247,120,18,496,426
45,29,486,280,305,244,87,47,1,107,49,84
45,30,227,425,34,145,161,261,207,73,43,471
45,31,122,25,28,416,170,23,236,92,178,388
45,32,283,79,54,406,229,224,303,12,231,457
45,33,36,182,204,383,421,339,7,27,231,286
45,34,61,348,84,152,223,90,338,490,241,341
45,35,432,364,286,72,396,423,249,80,227,78
45,36,173,132,184,91,167,122,43,364,172,386
45,37,449,268,327,354,78,351,171,266,201,368
45,38,28,306,52,499,160,463,253,69,489,33
45,39,304,101,176,357,141,205,507,476,511,481
45,40,475,25,390,330,6,334,503,257,139,227
45,41,175,151,475,41,326,204,49,380,343,325
45,42,78,46,267,355,325,491,120,71,394,191
45,43,94,104,336,335,137,435,395,56,92,233
45,44,256,313,220,293,499,144,176,379,55,440
45,45,140,405,5,323,70,244,473,390,188,454
45,46,110,359,492,332,218,281,200,501,374,213
45,47,501,12,372,48,126,18,39,342,178,331
46,0,16,79,197,132,430,321,36,402,242,24
46,1,29,281,62,34,435,323,40,483,293,430
46,2,411,212,436,263,439,161,198,367,491,341
46,3,343,221,274,308,451,102,478,31,248,18
46,4,67,239,385,508,485,1,184,26,16,416
46,5,470,485,81,505,82,60,131,262,367,2
46,6,368,421,495,12,73,454,42,444,47,137
46,7,43,124,281,279,343,284,426,256,223,332
46,8,334,140,113,391,321,468,311,61,168,372
46,9,421,208,349,354,148,38,428,40,497,301
46,10,380,248,245,232,201,328,419,189,147,190
46,11,301,334,324,481,429,448,279,306,313,232
46,12,255,223,353,370,120,326,18,496,426,247
46,13,280,87,305,39,84,107,1,49,244,208
46,14,227,261,161,425,34,73,405,178,305,167
46,15,122,416,28,25,92,170,302,23,453,388
46,16,79,283,54,406,224,490,229,277,432,18
46,17,36,383,286,204,431,182,421,83,7,339
46,18,348,223,338,505,321,61,490,48,152,23
46,19,286,365,432,240,227,249,72,80,494,316
46,20,132,91,184,364,173,167,172,426,386,43
46,21,449,268,320,266,199,354,327,156,171,58
46,22,160,273,28,495,375,269,306,253,424,52
46,23,304,404,101,81,250,498,176,205,511,75
46,24,334,256,113,140,321,372,311,391,498,104
46,25,301,208,40,421,354,358,494,145,349,38
46,26,380,248,328,92,440,359,245,105,462,308
46,27,301,334,429,324,481,279,140,480,313,466
46,28,353,255,18,247,223,370,426,212,286,32
46,29,280,137,474,84,1,47,27,141,208,39
46,30,34,425,142,256,227,455,195,305,277,52
46,31,122,416,178,271,160,340,25,150,28,209
46,32,54,283,79,203,406,231,456,424,229,66
46,33,192,421,7,383,36,405,379,108,286,296
46,34,505,363,48,61,54,321,90,490,23,56
46,35,80,249,60,227,286,365,240,311,396,364
46,36,43,466,239,184,132,172,415,167,41,85
46,37,320,384,337,449,171,307,351,354,266,466
46,38,28,495,160,375,273,306,269,463,52,424
46,39,404,101,476,250,176,304,205,117,398,146
46,40,6,25,171,227,475,390,203,503,65,330
46,41,175,151,49,380,94,326,475,146,41,444
46,42,190,71,267,325,22,355,187,473,57,394
46,43,92,94,104,395,335,509,312,267,181,233
46,44,237,55,294,270,313,176,474,173,440,144
46,45,405,140,454,70,244,189,470,232,119,323
46,46,499,332,359,492,390,446,276,322,199,41
46,47,125,372,52,12,126,297,33,203,29,492
47,0,267,190,362,430,186,16,197,218,306,3
47,1,29,402,435,203,34,477,281,189,211,316
47,2,411,198,472,436,105,212,491,161,44,264
47,3,383,221,343,175,174,308,237,478,495,476
47,4,310,152,265,67,385,74,354,321,405,348
47,5,485,82,160,470,54,415,505,81,255,272
47,6,338,471,368,421,444,454,73,137,12,495
47,7,322,164,43,267,281,124,223,449,168,284
47,8,334,113,140,337,311,468,391,321,243,329
47,9,421,208,349,301,497,148,38,340,21,354
47,10,328,245,380,147,248,189,419,440,95,504
47,11,301,334,481,491,324,232,306,16,105,480
47,12,312,379,243,400,267,353,223,401,33,247
47,13,233,280,486,313,305,244,27,208,47,87
47,14,425,207,34,277,211,161,73,303,275,52
47,15,122,28,209,25,416,92,347,127,302,271
47,16,283,54,79,203,224,370,438,456,9,432
47,17,286,379,42,204,244,36,383,405,492,123
47,18,390,338,223,61,48,348,192,23,505,490
47,19,286,62,396,292,20,227,80,474,249,282
47,20,132,364,5,173,426,136,508,85,75,167
47,21,305,449,266,113,354,40,171,268,56,177
47,22,424,435,28,467,428,303,186,69,48,416
47,23,498,176,511,101,205,53,398,304,316,354
47,24,173,386,334,337,311,32,256,468,113,372
47,25,301,421,208,40,145,21,349,71,114,172
47,26,248,380,362,189,105,186,328,446,357,462
47,27,148,491,324,481,301,480,306,235,103,140
47,28,267,243,312,33,47,401,416,227,400,247
47,29,280,233,486,244,305,316,47,107,84,303
47,30,227,34,207,161,305,425,43,471,303,261
47,31,122,28,302,25,416,178,236,92,150,95
47,32,283,54,231,79,203,406,457,456,298,370
47,33,286,36,296,383,182,405,7,355,83,421
47,34,390,61,348,58,364,223,414,338,89,56
47,35,286,80,364,396,423,227,292,249,78,305
47,36,173,132,75,184,43,455,41,5,415,426
47,37,305,449,113,78,354,40,266,171,56,148
47,38,424,28,428,467,303,435,186,48,416,125
47,39,101,304,205,354,176,511,481,154,53,424
47,40,25,330,475,503,390,139,227,171,75,257
47,41,175,151,49,358,135,326,209,508,486,41
47,42,394,137,139,355,177,482,40,304,120,158
47,43,92,104,15,395,267,335,137,312,233,93
47,44,237,55,301,28,176,372,133,361,272,446
47,45,140,505,70,189,470,454,230,323,244,232
47,46,214,392,332,390,199,336,322,218,57,35
47,47,270,298,336,492,31,480,320,326,349,54
48,0,316,98,66,501,10,95,401,474,403,272
48,1,134,34,62,240,293,281,415,106,302,304
48,2,185,411,263,105,161,439,436,491,212,310
48,3,221,185,343,364,308,102,274,295,193,451
48,4,67,485,508,239,321,26,96,385,132,69
48,5,485,505,458,470,131,82,81,160,262,274
48,6,471,73,368,42,421,383,12,255,137,479
48,7,223,43,86,284,124,108,219,281,214,365
48,8,173,334,113,391,201,468,256,140,61,104
48,9,421,349,301,38,48,148,208,77,497,354
48,10,380,253,215,189,147,409,248,419,77,89
48,11,301,481,344,232,429,150,29,105,324,70
48,12,355,223,353,303,120,247,313,401,307,286
48,13,280,87,305,316,244,193,422,478,1,189
48,14,73,195,34,425,207,261,161,275,305,227
48,15,28,416,25,271,122,92,209,302,349,369
48,16,79,283,54,224,406,277,490,412,229,18
48,17,7,286,204,123,36,261,421,431,383,393
48,18,70,58,84,348,223,338,61,168,246,54
48,19,286,227,396,249,80,240,62,72,231,78
48,20,91,173,318,132,364,167,426,112,445,184
48,21,268,78,354,449,113,320,502,177,171,312
48,22,499,52,424,28,349,435,306,253,328,160
48,23,507,498,176,101,354,202,205,304,440,404
48,24,173,334,256,201,311,391,104,505,477,468
48,25,301,208,421,40,77,349,48,73,354,38
48,26,380,248,77,215,308,102,105,391,440,92
48,27,301,481,344,429,480,140,324,150,232,279
48,28,355,223,353,48,307,426,303,18,120,212
48,29,280,233,208,367,87,316,137,47,244,114
48,30,34,425,305,207,195,277,161,227,461,261
48,31,122,271,178,25,28,302,209,150,416,92
48,32,283,54,79,224,406,231,424,203,60,202
48,33,7,286,383,204,141,421,36,405,261,123
48,34,70,61,84,255,89,348,168,246,90,54
48,35,286,62,396,364,80,249,78,365,227,356
48,36,91,318,173,43,132,445,136,167,386,508
48,37,320,268,354,502,171,351,449,78,58,337
48,38,52,499,424,306,349,253,28,160,328,435
48,39,404,354,101,176,304,205,476,498,398,507
48,40,25,227,503,330,88,475,6,350,390,139
48,41,175,168,380,135,146,151,326,475,259,486
48,42,190,491,216,362,78,62,267,22,369,387
48,43,94,509,335,498,104,312,458,49,92,15
48,44,256,220,440,162,270,224,294,192,176,339
48,45,505,70,140,244,419,232,357,214,186,405
48,46,218,71,110,332,128,413,69,390,213,285
48,47,203,39,65,48,131,199,346,46,385,242
49,0,274,4,126,180,294,162,228,200,356,235
49,1,172,451,475,394,368,108,0,392,391,106
49,2,377,436,161,508,346,391,411,342,212,236
49,3,426,221,282,237,478,108,364,451,102,29
49,4,370,130,223,114,212,354,199,5,395,317
49,5,442,244,257,93,374,80,5,470,20,112
49,6,368,68,137,310,481,154,421,119,12,255
49,7,223,332,496,167,275,95,94,466,177,365
49,8,140,334,201,391,487,256,113,281,241,448
49,9,4,208,421,349,301,39,21,191,256,354
49,10,245,440,328,248,92,189,380,419,102,147
49,11,301,334,150,306,105,363,481,335,474,242
49,12,363,353,510,218,87,178,247,355,284,460
49,13,280,205,39,141,21,1,263,336,377,436
49,14,73,52,34,416,256,425,195,132,405,126
49,15,122,28,416,92,178,369,150,332,271,340
49,16,54,283,9,459,277,79,229,231,133,66
49,17,192,383,421,312,244,221,297,141,7,260
49,18,363,48,38,505,391,66,432,90,56,23
49,19,249,227,80,286,311,156,365,240,60,318
49,20,466,41,239,184,464,132,366,167,43,415
49,21,307,384,320,337,171,287,83,91,147,351
49,22,339,343,472,181,463,401,328,69,110,166
49,23,476,117,146,176,416,398,101,507,53,170
49,24,140,487,334,311,241,448,501,48,292,113
49,25,208,4,339,21,71,204,358,349,256,39
49,26,248,328,440,189,95,147,92,245,237,357
49,27,301,334,235,306,335,324,140,474,234,493
49,28,510,247,227,363,178,353,47,87,460,218
49,29,205,114,436,474,1,348,313,27,39,383
49,30,425,34,416,365,195,132,52,261,20,73
49,31,122,340,160,178,416,150,271,209,170,332
49,32,54,283,79,456,438,229,444,203,66,406
49,33,296,421,383,141,122,405,289,399,192,260
49,34,61,38,391,56,432,363,96,90,412,66
49,35,80,249,187,286,227,72,311,365,115,117
49,36,184,466,43,415,257,132,239,41,464,85
49,37,384,337,287,83,171,307,405,320,466,495
49,38,343,472,339,401,181,281,463,328,465,292
49,39,476,117,176,101,170,416,53,146,10,124
49,40,65,285,203,350,227,390,215,171,422,25
49,41,326,94,180,151,444,484,259,220,49,152
49,42,473,190,355,303,119,369,194,428,123,85
49,43,509,104,335,395,178,92,312,94,243,498
49,44,440,55,4,176,237,43,158,473,258,144
49,45,244,140,351,33,447,214,282,232,376,470
49,46,332,218,504,128,69,265,15,169,276,325
49,47,39,80,234,131,175,152,9,1,446,424
50,0,188,485,44,286,123,222,324,472,158,177
50,1,172,434,437,261,115,336,325,68,272,382
50,2,436,377,457,135,262,508,189,494,389,455
50,3,342,35,86,221,478,184,290,159,426,388
50,4,370,431,191,184,168,460,292,354,4,447
50,5,442,244,20,75,257,399,301,437,180,172
50,6,151,310,154,272,156,47,207,4,74,142
50,7,295,437,220,332,275,466,175,208,492,284
50,8,487,140,334,241,448,243,106,311,256,113
50,9,4,208,21,358,349,71,339,39,256,145
50,10,248,95,328,245,440,46,92,401,419,189
50,11,306,301,335,334,235,324,140,17,32,103
50,12,438,510,247,178,47,227,312,353,481,480
50,13,474,297,336,39,313,27,383,436,280,427
50,14,425,34,33,485,75,254,261,58,365,496
50,15,122,340,150,416,160,184,209,395,353,452
50,16,54,283,456,79,444,229,203,63,9,325
50,17,296,289,221,421,312,93,454,378,7,97
50,18,241,38,90,432,331,199,192,306,412,58
50,19,80,227,78,249,356,286,364,187,240,208
50,20,41,415,239,184,75,366,235,64,257,5
50,21,307,239,281,136,67,171,495,83,164,305
50,22,65,255,186,469,125,463,39,315,494,20
50,23,476,53,170,176,124,498,398,101,117,108
50,24,501,113,497,311,243,168,450,101,256,359
50,25,208,71,395,257,349,339,21,89,403,496
50,26,248,189,245,328,131,92,46,95,357,201
50,27,324,335,306,301,235,17,277,46,444,387
50,28,247,438,227,353,178,480,510,58,415,80
50,29,114,383,436,105,475,336,39,292,474,1
50,30,425,34,461,185,261,73,58,22,268,6
50,31,122,340,150,178,416,160,170,69,28,141
50,32,283,54,444,456,79,66,231,229,406,203
50,33,296,421,36,141,289,7,383,182,399,313
50,34,241,306,56,412,432,61,90,307,331,199
50,35,80,273,187,249,227,72,286,423,311,115
50,36,132,184,415,177,448,466,294,43,85,257
50,37,239,281,136,307,67,78,164,305,171,351
50,38,65,255,186,125,463,469,494,39,20,315
50,39,476,176,101,416,170,398,511,117,481,124
50,40,498,203,444,350,390,171,215,285,65,330
50,41,444,151,49,220,326,216,32,41,180,209
50,42,355,473,448,16,20,304,480,123,177,419
50,43,104,178,92,395,335,15,416,312,137,93
50,44,55,237,473,446,272,176,120,440,372,136
50,45,140,351,470,84,189,2,454,15,503,390
50,46,392,181,169,322,211,378,332,57,265,199
50,47,149,320,492,326,336,337,379,480,349,150
51,0,316,384,98,446,167,401,376,207,414,211
51,1,62,420,293,483,102,478,34,302,40,280
51,2,436,404,367,263,439,411,377,38,491,459
51,3,102,168,451,18,478,184,221,337,342,274
51,4,445,67,393,354,96,508,184,69,287,168
51,5,485,391,275,5,131,470,82,244,414,90
51,6,137,495,142,498,73,250,47,132,42,151
51,7,132,20,43,86,352,300,284,281,322,48
51,8,487,113,140,211,311,241,256,465,64,243
51,9,4,208,358,145,21,256,339,404,497,39
51,10,248,378,245,189,95,444,328,62,440,419
51,11,301,334,306,335,337,453,448,344,387,342
51,12,313,502,299,223,98,247,227,286,178,58
51,13,104,27,205,114,39,436,21,276,263,383
51,14,425,52,34,256,416,405,132,73,178,196
51,15,416,28,170,122,92,369,209,190,340,178
51,16,54,79,229,406,9,277,459,462,456,203
51,17,421,122,289,221,383,93,405,492,297,36
51,18,306,241,61,432,62,152,56,192,58,348
51,19,80,249,227,286,187,311,240,365,72,243
51,20,140,41,415,466,167,239,184,450,132,366
51,21,307,268,351,331,384,78,164,67,91,250
51,22,8,499,320,463,349,255,52,23,328,424
51,23,476,117,176,53,416,398,170,101,507,146
51,24,487,311,501,113,168,140,275,256,192,372
51,25,208,4,497,145,21,256,349,358,339,39
51,26,248,189,378,95,444,186,490,328,245,357
51,27,301,335,324,306,235,480,140,313,448,334
51,28,313,247,227,502,299,98,223,47,178,438
51,29,114,436,104,486,383,21,336,49,348,27
51,30,425,416,52,261,34,178,43,227,20,365
51,31,122,416,340,178,170,209,150,28,271,160
51,32,79,54,406,229,283,444,456,66,203,155
51,33,421,383,296,313,36,399,141,182,339,7
51,34,61,306,348,56,241,199,412,432,152,58
51,35,80,286,72,249,187,364,115,227,273,175
51,36,184,132,294,41,415,257,177,43,140,450
51,37,78,268,351,307,250,449,331,171,495,470
51,38,8,320,499,463,255,28,52,215,349,160
51,39,101,476,176,170,304,511,141,398,10,53
51,40,390,285,330,350,444,171,65,498,475,25
51,41,151,444,326,49,220,175,209,32,41,152
51,42,355,362,491,46,448,130,382,394,216,177
51,43,104,395,92,435,335,509,94,312,178,233
51,44,55,144,237,176,250,293,473,440,256,120
51,45,140,470,189,454,351,390,244,89,447,26
51,46,218,332,392,265,71,322,492,199,381,276
51,47,39,458,65,48,492,278,131,234,461,360
52,0,234,79,123,188,34,282,384,54,473,464
52,1,437,420,102,293,62,483,336,261,280,281
52,2,135,436,367,404,457,264,507,411,38,30
52,3,102,342,451,478,221,23,237,184,18,35
52,4,431,184,67,445,354,393,468,168,287,485
52,5,391,485,160,75,275,470,278,414,183,82
52,6,74,250,495,142,137,368,498,47,151,73
52,7,295,132,284,214,48,322,503,281,352,374
52,8,487,501,311,211,465,140,113,168,314,391
52,9,208,4,21,358,349,145,339,497,256,39
52,10,248,95,245,378,328,444,189,201,419,440
52,11,301,334,306,335,448,453,235,324,337,46
52,12,313,247,438,227,502,98,47,223,299,114
52,13,27,104,383,280,436,114,39,486,313,205
52,14,425,52,34,261,73,416,43,365,75,33
52,15,122,416,150,28,340,92,178,160,209,170
52,16,54,283,79,406,444,203,456,231,9,229
52,17,36,421,296,383,289,93,7,405,431,500
52,18,199,241,61,152,192,306,432,331,62,90
52,19,286,80,249,175,227,72,78,187,115,240
52,20,184,41,5,132,448,167,415,257,466,75
52,21,307,164,305,67,239,449,171,281,156,368
52,22,186,469,495,494,23,255,39,463,8,35
52,23,476,176,170,101,53,398,453,511,10,141
52,24,113,311,501,168,275,487,256,498,321,468
52,25,208,349,21,145,497,301,71,339,257,358
52,26,248,186,359,380,201,328,245,95,481,189
52,27,324,301,313,448,480,235,344,335,140,17
52,28,247,438,313,227,47,98,312,178,502,395
52,29,383,1,114,486,104,499,313,436,292,49
52,30,425,43,34,261,227,167,52,178,6,471
52,31,122,416,150,178,170,340,23,28,92,236
52,32,54,79,406,444,283,229,456,66,231,279
52,33,421,296,36,141,182,383,7,313,339,289
52,34,61,56,241,348,306,58,199,152,412,432
52,35,80,286,273,72,187,249,227,364,115,423
52,36,184,132,177,41,294,448,415,257,455,5
52,37,164,78,307,239,305,67,167,449,351,171
52,38,495,186,494,28,469,463,255,23,39,35
52,39,101,476,176,170,304,511,53,205,141,481
52,40,390,285,350,330,444,171,65,475,498,25
52,41,151,326,444,49,220,32,209,41,216,152
52,42,355,130,382,419,448,394,177,482,46,260
52,43,104,395,92,435,312,137,335,178,94,15
52,44,144,55,176,237,293,473,99,120,452,346
52,45,140,470,89,189,351,454,390,447,26,244
52,46,392,492,71,332,265,322,199,57,276,381
52,47,65,492,278,336,281,149,2,480,131,501
53,0,508,479,10,258,376,272,501,66,62,403
53,1,189,113,445,293,476,487,39,420,285,336
53,2,341,133,264,433,72,31,70,411,252,139
53,3,102,343,274,406,18,221,451,275,308,478
53,4,508,96,67,381,44,354,445,327,485,186
53,5,402,52,79,367,470,60,505,61,161,262
53,6,358,45,454,495,42,113,183,147,44,368
53,7,281,457,200,214,511,503,284,381,353,426
53,8,501,391,292,127,468,314,192,113,168,311
53,9,349,339,208,148,457,21,38,4,497,16
53,10,248,95,440,245,378,145,494,419,411,189
53,11,306,324,301,46,27,34,29,335,235,242
53,12,269,496,209,60,498,326,227,242,214,223
53,13,1,104,114,27,383,380,480,39,49,336
53,14,425,52,75,34,261,277,471,178,365,256
53,15,416,122,28,92,150,170,178,369,190,340
53,16,54,79,229,406,9,456,203,444,283,231
53,17,421,122,405,383,36,182,289,399,221,296
53,18,461,61,89,432,152,321,437,192,54,412
53,19,249,80,72,364,227,432,187,286,311,78
53,20,494,184,415,41,235,91,167,132,455,450
53,21,465,351,199,153,268,78,307,449,312,261
53,22,495,33,404,306,160,273,269,17,28,253
53,23,476,101,176,170,53,481,377,117,304,507
53,24,292,501,127,314,168,468,113,391,256,311
53,25,339,208,21,358,349,4,38,457,148,145
53,26,248,95,359,494,328,380,440,481,378,357
53,27,324,301,235,306,115,140,335,313,27,46
53,28,269,496,209,498,326,60,223,247,212,227
53,29,1,114,21,383,486,104,176,49,499,474
53,30,425,34,365,471,73,52,178,43,75,261
53,31,122,416,340,28,150,170,92,178,452,160
53,32,54,444,406,79,229,456,9,66,283,298
53,33,421,182,296,36,141,297,383,289,122,124
53,34,61,461,90,321,348,54,70,437,89,62
53,35,249,80,364,227,373,72,210,311,115,305
53,36,184,494,455,167,415,43,41,235,91,294
53,37,351,465,201,311,470,261,449,268,171,94
53,38,495,306,404,33,273,160,28,17,215,253
53,39,101,476,53,304,176,170,159,205,141,511
53,40,285,65,6,390,422,227,475,383,171,25
53,41,175,152,380,326,41,147,306,444,475,21
53,42,325,267,369,22,479,237,78,62,134,394
53,43,509,104,94,335,395,312,378,92,243,498
53,44,270,144,176,55,250,319,294,237,258,224
53,45,244,140,447,454,390,214,188,264,9,323
53,46,41,332,71,492,35,15,470,505,359,499
53,47,136,309,199,65,125,372,126,131,492,12
54,0,462,321,264,209,267,430,23,76,361,101
54,1,211,189,226,85,402,113,435,316,61,40
54,2,341,307,359,436,411,493,264,491,133,303
54,3,495,102,18,274,406,343,221,478,175,283
54,4,310,471,265,354,74,405,449,161,386,184
54,5,415,424,37,54,79,146,143,367,470,493
54,6,358,161,243,444,454,137,113,301,45,324
54,7,281,259,128,214,449,200,134,503,282,381
54,8,113,501,391,275,292,468,168,311,465,192
54,9,208,21,339,4,349,71,457,358,148,335
54,10,248,95,245,328,301,380,440,189,419,378
54,11,306,301,324,335,115,480,448,32,339,27
54,12,400,484,379,223,47,395,227,267,198,247
54,13,486,313,383,114,27,104,280,480,1,21
54,14,425,75,34,365,471,178,126,261,52,101
54,15,122,150,416,92,340,28,452,160,170,229
54,16,444,54,406,79,283,133,456,122,66,279
54,17,296,36,289,156,421,378,7,316,221,182
54,18,61,21,348,90,81,192,364,108,89,417
54,19,80,286,249,364,78,117,62,305,72,449
54,20,184,136,41,450,75,257,455,64,95,167
54,21,470,156,148,481,449,292,94,261,183,201
54,22,440,434,444,428,48,215,328,416,307,28
54,23,53,101,476,117,170,304,10,176,205,124
54,24,113,321,501,311,168,386,363,372,498,243
54,25,208,339,21,71,428,18,145,53,152,148
54,26,248,186,359,302,328,357,189,147,188,511
54,27,324,301,480,335,313,448,498,245,140,306
54,28,484,400,379,47,247,227,395,434,267,276
54,29,486,383,114,313,474,475,88,427,39,21
54,30,425,34,471,43,227,193,455,178,101,162
54,31,122,416,452,150,23,340,236,95,229,28
54,32,444,54,283,79,77,406,229,456,279,122
54,33,289,296,97,444,36,297,421,182,312,260
54,34,61,21,90,348,81,364,58,108,412,89
54,35,286,80,364,249,337,117,305,311,187,78
54,36,184,41,43,294,64,450,455,257,167,187
54,37,201,94,481,78,449,148,58,156,111,261
54,38,48,428,440,215,434,307,444,467,416,328
54,39,101,304,53,205,170,476,99,159,75,176
54,40,285,422,475,334,65,383,257,19,25,198
54,41,152,326,147,175,215,95,160,220,146,204
54,42,369,216,186,214,379,50,362,387,62,163
54,43,509,104,243,335,458,312,106,400,70,498
54,44,465,176,479,224,258,466,250,121,333,319
54,45,244,214,33,390,492,447,140,263,176,472
54,46,218,332,71,276,381,15,325,128,265,69
54,47,39,446,234,175,37,131,8,65,9,109
55,0,330,32,130,71,278,160,462,409,437,279
55,1,471,112,427,59,161,71,17,308,317,275
55,2,250,483,380,307,101,494,436,58,81,97
55,3,272,495,478,354,102,221,357,343,216,156
55,4,440,196,245,499,354,340,4,476,228,329
55,5,456,258,273,96,367,66,281,64,251,315
55,6,258,50,6,166,452,243,469,137,189,479
55,7,269,214,268,170,284,362,258,24,503,280
55,8,113,501,321,467,168,3,372,363,192,272
55,9,339,208,281,18,53,21,257,148,181,71
55,10,248,189,147,302,301,419,188,328,472,359
55,11,306,324,460,480,335,471,448,472,140,46
55,12,409,248,463,406,47,415,484,227,379,461
55,13,383,475,313,39,264,88,114,474,441,377
55,14,425,34,471,101,33,185,178,503,75,172
55,15,452,122,416,319,229,150,202,407,482,95
55,16,444,54,122,77,0,279,150,423,462,295
55,17,36,289,312,97,296,444,182,221,297,434
55,18,21,61,464,90,434,348,192,108,364,330
55,19,364,249,117,78,80,118,135,305,32,119
55,20,184,497,451,41,187,64,450,257,232,235
55,21,3,156,104,481,201,58,208,388,449,447
55,22,426,461,112,507,276,150,177,471,422,192
55,23,53,117,10,170,476,159,205,101,304,4
55,24,3,113,321,467,363,168,501,372,243,311
55,25,208,339,18,21,53,257,181,148,71,281
55,26,248,186,359,511,302,147,472,328,189,339
55,27,460,324,489,245,313,480,448,301,335,306
55,28,409,248,463,353,406,484,247,415,227,480
55,29,383,475,3,313,114,49,87,486,359,88
55,30,471,34,425,503,22,286,403,227,101,145
55,31,452,122,416,229,236,23,150,197,319,95
55,32,444,77,54,122,151,79,303,406,295,104
55,33,289,444,97,182,416,421,36,383,296,297
55,34,61,464,21,348,434,90,432,293,89,39
55,35,118,117,364,80,337,286,249,187,115,72
55,36,184,451,497,41,187,64,257,450,294,455
55,37,3,104,201,78,94,447,156,481,336,58
55,38,461,426,507,112,276,150,471,177,368,115
55,39,53,101,170,205,159,304,10,476,410,99
55,40,425,285,422,475,19,334,65,257,383,198
55,41,152,501,283,147,215,325,95,343,160,326
55,42,56,426,55,225,186,379,163,327,92,113
55,43,391,243,156,104,458,256,106,400,56,303
55,44,465,79,479,364,33,258,176,466,224,117
55,45,492,214,447,390,244,263,176,114,452,154
55,46,332,196,15,121,276,381,222,464,69,12
55,47,8,88,9,131,357,188,37,226,166,454
56,0,103,338,175,501,369,272,10,19,207,98
56,1,16,403,465,237,160,499,473,251,243,493
56,2,341,133,292,481,161,252,45,70,31,233
56,3,102,478,406,185,343,337,221,37,308,275
56,4,485,354,321,244,239,413,416,16,211,136
56,5,367,119,52,470,61,406,161,402,2,104
56,6,469,258,348,354,27,358,44,278,459,178
56,7,269,214,228,440,206,353,146,223,324,365
56,8,501,465,363,391,168,467,192,113,321,281
56,9,339,257,148,21,208,18,181,201,228,281
56,10,248,369,31,87,494,147,419,253,302,339
56,11,460,306,46,324,43,335,472,480,32,448
56,12,224,209,460,155,252,419,269,227,496,370
56,13,383,3,114,313,39,81,475,113,88,49
56,14,425,195,34,22,471,73,185,172,75,52
56,15,452,122,416,229,395,349,150,340,132,201
56,16,444,122,77,54,213,0,279,456,295,229
56,17,289,312,296,261,36,421,399,260,27,416
56,18,61,500,381,34,412,192,461,283,150,479
56,19,187,429,249,337,117,80,118,311,135,95
56,20,184,41,235,133,257,119,27,91,122,187
56,21,94,156,104,409,301,458,253,388,151,447
56,22,193,316,384,507,115,306,66,192,403,111
56,23,117,10,476,170,53,101,159,124,108,22
56,24,465,501,363,68,405,113,467,281,171,20
56,25,208,339,257,21,18,146,403,148,71,281
56,26,248,369,31,186,328,494,147,339,95,302
56,27,460,335,306,324,245,301,489,43,480,115
56,28,224,209,353,460,155,252,47,404,419,269
56,29,114,486,475,313,383,113,3,49,88,367
56,30,425,22,195,185,34,73,43,471,503,227
56,31,122,416,452,340,197,150,229,395,202,23
56,32,77,444,54,456,229,122,9,279,66,93
56,33,289,296,481,421,312,297,416,97,313,182
56,34,61,412,381,500,34,150,90,283,461,293
56,35,187,311,337,118,429,80,117,364,249,227
56,36,184,41,257,455,192,119,187,235,64,117
56,37,458,104,94,301,201,336,409,447,495,351
56,38,316,193,384,115,507,111,113,368,306,66
56,39,53,170,101,476,10,117,262,124,22,159
56,40,285,65,288,425,422,383,19,330,257,166
56,41,147,95,152,252,326,395,215,160,325,220
56,42,163,56,186,55,225,237,436,426,327,46
56,43,243,104,458,256,400,391,312,106,156,137
56,44,364,465,479,176,258,122,47,181,117,121
56,45,244,492,390,447,435,214,341,114,368,176
56,46,332,12,121,15,381,373,276,222,435,325
56,47,8,226,131,357,509,9,431,88,37,356
57,0,68,147,138,338,350,19,272,49,403,404
57,1,212,135,16,224,243,39,99,330,182,156
57,2,36,406,72,407,168,206,133,382,201,196
57,3,102,478,406,308,343,122,156,221,244,47
57,4,10,467,98,48,354,16,413,36,244,489
57,5,367,360,402,52,203,470,61,505,383,161
57,6,469,278,24,463,393,214,135,82,44,32
57,7,318,269,413,198,214,234,253,27,412,362
57,8,465,480,501,467,192,321,146,168,339,385
57,9,339,455,257,18,281,148,181,498,21,201
57,10,339,248,302,147,161,151,223,236,419,369
57,11,489,487,460,46,306,324,150,245,480,472
57,12,214,282,242,321,224,399,353,60,269,209
57,13,419,114,383,3,441,475,377,49,373,1
57,14,22,185,503,471,58,195,73,172,425,142
57,15,452,132,122,229,465,416,319,155,279,197
57,16,77,122,444,151,54,279,477,456,423,93
57,17,289,416,312,221,97,216,444,481,182,18
57,18,61,461,412,327,393,54,192,244,230,229
57,19,117,337,187,311,364,249,95,494,429,76
57,20,235,184,41,117,187,57,64,257,420,487
57,21,223,94,156,458,59,336,151,449,153,330
57,22,369,295,379,142,269,113,396,404,403,468
57,23,10,159,117,53,170,326,406,288,293,476
57,24,465,480,501,185,467,192,363,321,339,20
57,25,339,455,208,18,257,21,498,281,148,181
57,26,339,248,236,302,351,147,357,189,95,186
57,27,460,489,46,480,245,306,150,324,229,447
57,28,214,282,209,269,224,60,399,353,360,321
57,29,419,114,383,475,3,377,474,367,49,113
57,30,185,142,22,34,425,195,503,5,471,235
57,31,122,452,340,416,132,395,197,229,236,69
57,32,77,444,456,54,122,229,477,66,93,79
57,33,252,416,289,312,481,421,296,429,425,221
57,34,61,327,461,54,412,90,394,255,437,207
57,35,249,62,117,187,311,168,373,78,32,227
57,36,235,57,184,41,455,43,257,117,386,167
57,37,223,351,59,201,311,458,261,449,345,206
57,38,142,369,113,295,379,468,404,269,396,403
57,39,117,101,170,476,10,263,53,75,159,357
57,40,227,285,65,362,422,215,166,257,475,6
57,41,12,316,429,196,274,175,41,95,326,160
57,42,68,138,67,369,187,62,202,22,237,133
57,43,509,104,335,336,498,94,395,435,243,233
57,44,4,313,120,270,337,440,289,333,499,293
57,45,15,244,140,5,492,390,210,176,351,447
57,46,245,492,15,332,69,71,276,446,161,104
57,47,181,297,29,149,65,281,199,80,12,136
58,0,361,76,101,301,21,218,245,177,217,3
58,1,226,230,250,61,198,76,16,493,150,333
58,2,354,196,490,483,166,201,133,36,341,249
58,3,102,495,478,406,135,308,159,59,133,336
58,4,265,449,175,354,422,98,321,486,502,134
58,5,367,37,206,296,470,52,415,360,375,271
58,6,236,469,243,278,175,382,87,24,479,463
58,7,269,470,318,214,449,259,146,362,198,67
58,8,465,363,467,192,113,501,321,168,480,185
58,9,339,18,21,257,335,181,455,208,146,16
58,10,248,339,446,253,302,369,95,147,328,419
58,11,460,150,306,480,324,335,489,472,115,245
58,12,400,484,243,379,224,367,353,415,227,278
58,13,383,114,39,475,313,499,264,480,280,441
58,14,34,425,73,195,471,58,185,485,101,489
58,15,122,150,452,340,160,395,416,202,507,349
58,16,54,444,63,283,0,66,77,456,295,122
58,17,289,123,296,312,36,297,378,261,421,454
58,18,61,21,255,183,330,90,192,412,108,293
58,19,62,78,249,356,20,80,364,494,32,135
58,20,184,136,41,386,187,64,455,167,43,235
58,21,201,111,292,425,156,94,351,221,419,470
58,22,440,221,328,434,441,444,403,416,297,215
58,23,53,75,117,476,101,159,10,304,4,124
58,24,386,185,372,363,243,405,106,256,450,501
58,25,208,71,146,53,21,339,335,257,40,145
58,26,147,248,328,357,511,225,446,245,189,131
58,27,444,334,343,234,324,463,140,433,148,335
58,28,484,400,243,353,480,379,367,227,47,267
58,29,475,474,176,264,114,103,486,122,313,88
58,30,34,425,73,43,101,395,58,193,185,253
58,31,202,122,452,150,95,340,416,349,160,492
58,32,279,0,54,444,283,478,77,66,456,133
58,33,312,297,182,36,205,123,454,289,436,434
58,34,21,90,61,183,255,330,412,293,108,43
58,35,32,97,249,78,305,80,123,364,356,1
58,36,386,184,194,43,167,172,48,205,41,479
58,37,425,111,201,78,405,351,292,30,86,327
58,38,221,440,215,441,48,434,328,416,297,28
58,39,75,53,159,117,263,357,511,101,304,70
58,40,227,393,422,257,65,215,285,330,203,166
58,41,429,490,215,397,147,175,325,43,99,152
58,42,369,216,186,50,387,379,62,40,55,362
58,43,509,335,458,354,243,216,232,157,104,312
58,44,333,468,258,420,34,465,289,383,466,133
58,45,244,214,375,376,447,140,472,33,360,176
58,46,69,218,26,332,15,425,276,35,128,381
58,47,39,234,446,175,506,472,24,131,8,9
59,0,130,330,32,71,278,361,160,409,279,221
59,1,112,250,59,427,471,98,71,416,396,275
59,2,250,354,380,490,226,483,494,201,97,437
59,3,478,354,272,135,357,221,156,440,122,495
59,4,440,196,359,489,245,499,354,48,4,133
59,5,456,383,96,203,258,273,367,360,206,375
59,6,469,236,258,166,382,243,50,452,6,135
59,7,268,269,170,24,470,280,320,231,67,343
59,8,467,321,480,362,359,83,243,386,3,113
59,9,281,339,181,247,428,509,208,455,18,434
59,10,147,511,302,339,472,359,248,328,222,251
59,11,324,487,301,489,472,306,313,229,480,293
59,12,248,409,463,484,489,80,353,415,406,72
59,13,475,141,103,441,39,88,340,377,474,87
59,14,157,101,471,167,286,318,503,73,395,400
59,15,202,319,452,95,492,416,150,236,122,23
59,16,279,444,150,314,122,462,77,0,188,15
59,17,297,182,444,36,9,107,205,86,289,312
59,18,90,21,330,464,434,274,61,39,284,192
59,19,97,203,32,364,305,202,426,118,119,494
59,20,184,205,451,386,497,323,48,46,187,322
59,21,3,221,104,327,488,156,425,419,82,95
59,22,276,112,426,471,403,461,507,150,177,422
59,23,75,432,304,159,326,53,67,342,14,442
59,24,321,167,280,83,455,94,212,243,374,386
59,25,281,208,434,247,53,339,306,181,146,406
59,26,511,147,365,328,401,359,422,462,115,300
59,27,324,301,334,444,498,96,140,188,293,463
59,28,353,489,248,480,359,80,409,415,73,484
59,29,103,475,141,264,411,317,474,88,508,469
59,30,157,395,318,503,193,181,34,471,73,167
59,31,202,452,95,319,492,122,150,416,154,504
59,32,279,314,444,0,150,478,79,295,72,503
59,33,205,182,297,312,36,454,444,9,289,27
59,34,464,90,21,434,61,330,39,274,419,293
59,35,32,97,364,118,123,202,1,337,78,305
59,36,451,386,184,497,194,322,46,205,187,48
59,37,3,104,327,336,78,425,95,201,221,30
59,38,426,461,507,276,112,471,403,150,179,177
59,39,75,432,159,304,53,180,67,326,101,219
59,40,425,422,83,393,257,19,334,166,475,385
59,41,429,215,325,397,283,490,152,343,501,147
59,42,55,426,56,225,186,379,396,299,201,256
59,43,458,391,156,243,216,340,232,408,159,303
59,44,258,34,79,420,465,466,364,133,33,117
59,45,214,452,376,360,244,176,296,86,125,263
59,46,69,425,196,475,276,407,15,332,128,26
59,47,8,88,37,357,188,226,9,185,131,265
60,0,403,338,349,369,293,139,479,119,327,358
60,1,454,243,273,183,381,65,384,465,135,99
60,2,192,168,117,369,66,410,440,347,161,138
60,3,221,478,343,102,440,156,476,412,308,122
60,4,133,239,1,16,385,467,112,136,36,354
60,5,505,203,470,81,450,367,65,360,82,253
60,6,481,26,368,197,393,258,357,469,44,334
60,7,162,343,124,269,413,250,2,486,481,235
60,8,505,113,243,321,374,64,212,391,155,167
60,9,208,281,247,146,339,434,354,403,181,282
60,10,511,147,328,251,248,448,308,79,419,462
60,11,324,86,306,229,429,301,334,463,140,509
60,12,497,353,91,372,370,75,7,359,73,32
60,13,475,141,103,39,344,264,377,474,87,113
60,14,73,395,157,34,318,101,471,193,167,268
60,15,202,95,150,452,122,319,416,492,154,92
60,16,279,54,0,478,392,283,503,457,298,462
60,17,36,182,252,297,312,205,454,289,349,27
60,18,25,90,39,117,170,274,76,298,279,416
60,19,32,97,78,305,123,73,364,356,330,203
60,20,386,48,235,205,172,91,43,508,187,225
60,21,458,223,221,425,225,30,146,78,488,130
60,22,369,295,142,290,379,28,305,269,403,468
60,23,75,117,70,53,304,250,276,63,159,263
60,24,243,505,256,113,212,171,155,372,106,405
60,25,208,281,53,247,40,71,354,146,498,306
60,26,511,147,251,328,300,462,225,448,359,67
60,27,324,444,334,188,140,509,301,498,463,17
60,28,480,353,91,497,32,75,359,372,7,212
60,29,475,264,122,103,317,474,141,88,176,411
60,30,34,395,193,73,344,264,157,101,268,142
60,31,122,202,150,95,47,452,28,504,160,92
60,32,478,133,279,457,231,54,66,503,283,0
60,33,252,454,182,36,312,260,205,297,440,124
60,34,90,25,117,274,58,54,170,39,61,493
60,35,73,32,78,249,97,135,305,356,33,80
60,36,235,167,48,43,205,386,172,479,258,156
60,37,30,225,351,405,223,86,458,311,78,59
60,38,369,142,290,295,28,305,489,379,403,463
60,39,117,511,75,263,250,69,146,70,63,67
60,40,227,393,215,203,257,6,422,330,320,296
60,41,12,429,215,100,505,94,475,151,394,490
60,42,138,133,473,71,355,67,22,202,479,303
60,43,335,509,393,94,178,354,475,395,92,104
60,44,440,4,120,270,256,446,191,55,444,472
60,45,188,510,477,140,5,15,191,454,210,375
60,46,125,504,320,492,475,303,499,425,110,161
60,47,329,1,297,80,39,12,222,181,199,29
61,0,188,485,123,138,234,147,141,286,273,281
61,1,262,434,437,261,414,5,447,172,79,493
61,2,457,135,436,379,490,454,500,494,269,161
61,3,342,221,288,35,86,343,52,478,159,388
61,4,267,191,431,184,168,340,152,128,292,385
61,5,75,172,399,20,340,244,246,122,290,82
61,6,175,151,447,481,3,188,441,147,416,368
61,7,295,119,95,352,175,275,220,117,439,440
61,8,177,68,426,32,171,256,113,372,155,243
61,9,208,53,145,146,63,40,293,175,285,284
61,10,328,147,248,300,169,446,225,511,251,419
61,11,425,460,301,17,188,324,140,334,63,306
61,12,438,377,33,480,7,144,505,221,227,493
61,13,122,475,173,340,264,103,113,141,474,18
61,14,43,34,264,344,101,73,395,193,268,467
61,15,122,47,150,504,92,202,95,28,160,77
61,16,478,133,54,283,503,279,457,231,109,66
61,17,312,454,440,36,182,252,260,42,197,33
61,18,90,98,241,58,249,274,493,21,39,61
61,19,135,330,78,32,305,97,273,389,249,356
61,20,448,391,205,386,43,172,48,479,167,177
61,21,30,78,239,281,136,86,221,405,105,82
61,22,489,65,186,494,39,469,463,125,255,179
61,23,511,75,263,35,117,53,416,424,303,154
61,24,256,177,68,485,119,391,171,426,32,243
61,25,145,40,293,285,208,243,53,354,146,491
61,26,300,169,328,462,493,113,511,137,20,469
61,27,425,188,501,451,324,334,230,301,17,71
61,28,438,377,33,480,257,462,7,489,227,212
61,29,122,173,475,340,367,18,486,264,88,480
61,30,34,344,43,264,193,28,157,101,142,6
61,31,122,202,150,95,47,92,319,160,504,492
61,32,478,54,279,133,66,231,457,503,456,298
61,33,440,182,36,260,312,454,42,460,57,197
61,34,98,241,90,58,493,109,274,219,89,61
61,35,273,97,330,249,32,305,78,389,135,364
61,36,448,177,167,172,48,391,479,205,386,41
61,37,30,78,239,281,86,136,67,164,351,305
61,38,65,489,255,463,186,494,125,39,179,469
61,39,117,75,511,263,416,25,53,70,476,507
61,40,498,330,203,215,6,227,257,171,366,320
61,41,12,49,151,216,215,220,382,429,418,32
61,42,473,355,16,448,202,20,304,419,480,482
61,43,92,93,178,395,15,104,354,252,267,335
61,44,120,237,473,446,55,272,372,136,133,176
61,45,454,470,2,351,140,84,189,70,230,104
61,46,181,66,392,211,322,378,198,57,199,169
61,47,149,320,492,337,336,379,480,326,281,150
62,0,316,98,139,384,167,10,501,479,62,401
62,1,62,420,293,410,302,281,34,238,478,363
62,2,367,411,263,436,439,404,269,185,491,38
62,3,343,221,18,451,412,237,478,342,102,274
62,4,67,166,385,267,96,508,184,393,239,502
62,5,81,485,275,60,470,505,90,79,131,82
62,6,447,151,137,73,47,495,279,175,498,42
62,7,101,426,245,43,511,117,95,375,20,352
62,8,68,113,177,391,256,171,455,296,106,405
62,9,208,40,53,145,191,146,129,395,340,157
62,10,248,328,137,300,462,227,169,113,350,147
62,11,334,425,103,301,324,17,188,63,335,207
62,12,286,223,48,98,326,299,480,120,227,438
62,13,122,280,475,141,58,18,305,87,264,367
62,14,305,264,34,73,18,225,344,43,101,425
62,15,150,122,92,28,504,95,47,178,160,302
62,16,133,478,283,54,231,219,503,66,0,199
62,17,312,260,355,36,440,454,182,370,93,296
62,18,90,152,241,58,61,70,109,493,98,274
62,19,330,135,78,80,32,418,305,389,217,249
62,20,140,167,339,173,479,75,43,364,172,58
62,21,30,268,86,78,312,351,221,199,331,266
62,22,52,489,499,463,306,160,8,179,225,33
62,23,511,75,476,263,424,354,176,498,250,117
62,24,68,296,171,256,177,405,162,52,113,455
62,25,40,53,340,208,191,157,145,222,146,319
62,26,328,137,300,248,95,227,291,462,147,380
62,27,425,334,103,301,188,335,324,17,140,306
62,28,286,223,98,299,480,48,326,227,353,212
62,29,122,141,475,18,280,486,58,367,113,264
62,30,264,34,305,225,193,142,344,101,18,43
62,31,122,150,178,160,92,28,504,47,202,95
62,32,133,231,283,54,478,66,219,503,227,456
62,33,260,312,355,440,36,182,68,454,296,42
62,34,90,152,241,70,493,58,414,98,274,341
62,35,32,330,80,78,418,249,286,305,364,356
62,36,140,339,167,172,386,48,75,391,43,205
62,37,30,351,268,266,78,354,86,331,312,201
62,38,489,306,52,8,499,160,215,463,179,424
62,39,511,75,250,263,117,354,486,424,70,476
62,40,6,77,227,215,330,257,203,171,498,380
62,41,12,306,175,380,49,429,215,151,382,220
62,42,491,78,325,267,362,355,202,473,369,394
62,43,94,93,92,509,335,395,267,104,178,252
62,44,250,237,120,55,256,220,372,191,270,473
62,45,454,140,70,188,470,405,189,2,214,244
62,46,71,492,359,110,218,35,499,322,392,69
62,47,65,48,136,12,372,148,492,39,199,497
63,0,132,430,36,321,264,197,312,16,79,209
63,1,226,62,410,420,34,211,293,281,483,56
63,2,367,436,404,269,303,185,411,449,490,38
63,3,343,495,18,221,451,342,478,237,127,288
63,4,385,184,166,287,508,168,310,267,67,70
63,5,60,81,215,275,79,90,505,415,411,160
63,6,447,175,137,243,479,47,84,444,279,301
63,7,426,101,245,134,117,162,118,200,95,503
63,8,171,68,256,391,296,113,372,155,455,405
63,9,208,53,40,395,389,340,146,71,175,157
63,10,328,77,147,248,511,215,314,300,350,92
63,11,324,63,188,425,471,17,140,335,463,306
63,12,73,299,48,480,326,505,221,403,286,453
63,13,475,280,474,264,113,122,103,429,58,141
63,14,264,34,395,73,94,461,101,305,18,195
63,15,150,122,452,160,504,92,202,95,319,416
63,16,133,54,66,283,63,231,478,0,279,462
63,17,312,252,36,454,93,260,182,42,68,370
63,18,90,493,70,321,152,241,274,181,58,416
63,19,135,78,32,317,330,305,249,356,97,80
63,20,48,140,339,235,167,205,43,332,172,386
63,21,30,221,206,199,351,266,225,268,442,86
63,22,160,489,273,8,179,269,375,215,33,495
63,23,250,155,75,263,81,511,276,117,25,214
63,24,68,171,296,455,256,162,113,405,106,155
63,25,53,340,208,40,71,146,395,145,389,157
63,26,328,300,227,401,291,147,380,511,92,215
63,27,334,188,444,324,498,17,35,301,234,335
63,28,286,326,299,480,403,221,7,453,489,212
63,29,280,475,355,141,103,264,474,113,367,122
63,30,34,142,395,264,193,268,101,344,225,157
63,31,150,122,160,202,95,47,504,28,452,178
63,32,283,133,109,279,478,90,231,54,63,457
63,33,454,312,252,36,182,371,297,260,425,440
63,34,90,416,70,321,156,76,493,54,274,58
63,35,32,210,285,356,317,249,78,373,97,305
63,36,464,172,315,48,167,140,386,205,43,339
63,37,311,351,86,337,345,30,225,266,199,130
63,38,160,489,8,375,273,215,424,415,428,179
63,39,155,75,250,511,117,146,390,81,96,263
63,40,6,227,257,77,203,393,397,215,154,171
63,41,380,429,49,12,215,175,94,490,397,151
63,42,22,479,245,472,257,325,267,187,355,45
63,43,94,509,92,395,93,335,181,178,354,267
63,44,270,191,55,237,120,294,173,440,250,333
63,45,140,454,375,470,70,189,406,351,15,447
63,46,499,71,392,492,69,322,35,218,446,193
63,47,65,199,372,492,12,297,336,480,407,39
64,0,240,297,71,32,322,35,160,33,442,46
64,1,394,313,386,115,475,215,80,57,303,190
64,2,300,380,444,107,200,469,294,436,84,171
64,3,237,178,354,108,478,272,202,216,495,197
64,4,333,130,440,14,499,196,379,506,245,184
64,5,348,47,101,110,456,259,20,244,96,180
64,6,189,207,452,208,168,195,68,6,310,162
64,7,93,220,167,83,269,115,166,325,268,323
64,8,353,126,138,233,113,296,356,205,357,372
64,9,208,53,152,135,2,395,71,443,21,83
64,10,248,328,419,95,245,265,131,362,350,77
64,11,234,335,17,306,460,471,334,363,3,63
64,12,410,218,289,234,409,406,415,480,340,143
64,13,264,474,280,303,383,39,412,475,480,313
64,14,34,425,365,73,381,33,195,340,461,75
64,15,122,160,340,150,416,452,395,347,92,332
64,16,54,133,66,174,63,456,9,231,203,444
64,17,289,454,495,72,430,466,68,312,297,172
64,18,398,249,103,464,388,178,90,468,282,497
64,19,249,210,78,110,356,245,101,135,364,80
64,20,187,451,235,497,64,167,41,366,184,232
64,21,454,178,3,163,337,104,156,86,456,130
64,22,276,32,426,435,461,112,507,281,150,74
64,23,117,75,53,155,146,124,410,476,470,276
64,24,353,126,177,442,357,116,224,243,68,32
64,25,53,208,71,2,135,443,281,395,146,306
64,26,328,265,225,362,497,248,172,147,350,357
64,27,234,444,343,334,324,140,148,498,509,378
64,28,289,409,234,410,218,480,415,228,463,227
64,29,103,474,427,122,303,475,264,88,411,114
64,30,33,193,58,101,34,329,157,395,365,471
64,31,202,319,492,150,452,122,95,340,443,421
64,32,279,314,444,150,478,216,79,122,54,295
64,33,297,182,9,36,137,312,444,454,495,289
64,34,90,398,464,249,39,358,434,178,21,61
64,35,97,123,364,110,32,337,249,202,118,305
64,36,451,205,48,322,187,46,386,497,184,64
64,37,78,3,454,104,336,178,466,30,86,488
64,38,461,276,32,507,426,435,112,150,471,177
64,39,75,67,432,53,70,326,180,410,63,159
64,40,393,422,83,425,330,227,257,19,296,320
64,41,215,397,429,99,227,501,283,264,422,220
64,42,55,56,426,379,225,256,113,299,396,172
64,43,458,354,391,216,156,104,157,408,204,232
64,44,258,133,465,79,34,420,233,479,364,281
64,45,214,376,114,447,360,86,390,211,311,296
64,46,425,69,475,35,196,503,441,435,276,17
64,47,8,88,469,89,357,188,185,131,265,407
65,0,293,20,369,338,234,46,188,111,87,33
65,1,262,16,465,493,115,313,264,174,71,303
65,2,251,294,300,10,483,321,379,454,363,405
65,3,288,478,102,364,221,397,52,86,495,216
65,4,340,499,14,130,128,314,58,292,495,237
65,5,172,379,399,270,180,373,20,296,11,259
65,6,258,207,481,119,189,416,441,50,74,204
65,7,119,220,176,93,269,115,390,323,175,274
65,8,353,177,372,116,243,256,32,227,215,68
65,9,53,208,2,135,389,242,146,119,83,439
65,10,497,328,350,419,184,137,357,172,362,102
65,11,337,416,234,373,25,301,460,171,334,140
65,12,33,227,493,289,7,221,505,444,22,212
65,13,122,303,264,103,155,280,475,39,474,141
65,14,34,381,344,365,73,395,94,101,403,507
65,15,150,122,160,347,340,202,504,92,452,319
65,16,133,283,63,478,54,279,231,462,25,94
65,17,42,252,454,312,36,260,93,297,495,187
65,18,90,249,98,274,287,192,89,21,384,307
65,19,135,78,32,249,356,123,97,110,217,73
65,20,48,293,167,235,187,386,205,64,43,172
65,21,78,454,130,86,223,466,221,178,458,30
65,22,295,435,163,432,408,489,269,92,358,348
65,23,75,117,263,250,53,146,70,4,511,276
65,24,177,353,256,68,243,505,106,32,359,372
65,25,53,208,146,71,2,40,348,247,281,145
65,26,328,102,497,350,137,147,357,225,300,511
65,27,334,444,234,188,301,498,416,433,70,324
65,28,33,7,493,289,227,22,359,480,221,340
65,29,122,264,303,141,475,88,474,155,114,103
65,30,34,344,193,33,381,395,101,403,425,6
65,31,122,150,160,202,95,47,92,28,340,504
65,32,54,279,66,283,133,478,227,457,456,231
65,33,312,252,182,36,440,260,454,297,42,7
65,34,90,98,249,307,89,61,58,274,287,109
65,35,73,97,249,32,356,305,217,78,364,156
65,36,235,48,43,167,293,172,156,386,187,205
65,37,78,466,351,225,405,86,223,59,354,454
65,38,295,163,435,369,408,107,142,489,432,463
65,39,117,75,511,70,63,146,263,250,416,69
65,40,393,227,422,215,330,203,257,418,6,171
65,41,12,215,429,100,408,306,94,49,394,151
65,42,67,71,138,473,133,355,389,436,187,16
65,43,354,509,335,94,336,395,104,393,178,435
65,44,4,440,120,196,313,160,191,420,499,270
65,45,188,103,5,213,140,510,375,15,360,201
65,46,53,125,425,492,504,69,446,303,26,248
65,47,12,80,181,329,1,39,372,297,149,506
66,0,188,123,286,150,222,80,111,324,15,358
66,1,262,434,437,261,414,493,5,311,23,174
66,2,135,457,436,454,379,494,294,500,269,81
66,3,342,288,35,86,52,478,221,290,102,469
66,4,431,191,267,340,184,152,292,168,128,130
66,5,75,172,399,20,340,244,180,290,122,11
66,6,151,447,175,3,441,188,416,119,47,207
66,7,119,295,220,176,275,323,208,352,437,175
66,8,177,353,68,256,426,372,224,243,391,195
66,9,208,145,53,293,319,175,146,285,21,340
66,10,497,328,137,469,248,350,95,419,172,233
66,11,306,451,335,501,17,337,140,324,189,301
66,12,438,33,377,480,227,493,144,73,247,22
66,13,122,264,475,18,340,155,39,480,88,201
66,14,34,43,344,101,340,403,264,225,425,193
66,15,122,150,47,160,92,95,462,28,504,178
66,16,133,283,231,54,478,66,456,279,199,72
66,17,36,260,454,42,460,440,312,93,68,182
66,18,90,98,241,109,249,58,192,287,274,348
66,19,78,135,273,356,217,249,305,80,32,286
66,20,391,448,479,41,167,43,177,366,172,239
66,21,239,86,136,78,281,466,405,67,162,351
66,22,489,65,179,186,255,463,39,469,125,494
66,23,476,511,416,75,263,117,35,163,25,53
66,24,177,68,256,353,162,405,426,296,311,185
66,25,53,208,145,71,40,146,21,293,319,395
66,26,328,497,137,350,248,225,102,300,92,362
66,27,334,17,301,335,444,140,324,103,188,451
66,28,438,33,377,480,227,493,7,247,58,14
66,29,122,264,18,141,475,340,303,155,88,474
66,30,43,34,344,193,395,425,381,101,403,225
66,31,122,150,202,95,160,47,92,492,28,504
66,32,54,283,279,133,231,66,478,199,79,298
66,33,36,182,312,440,260,454,7,197,42,399
66,34,90,241,98,58,249,109,287,274,307,477
66,35,97,32,273,305,249,423,78,217,364,389
66,36,448,48,177,172,391,167,132,205,386,156
66,37,239,78,281,136,86,305,67,164,225,351
66,38,463,489,65,186,255,39,494,125,469,179
66,39,511,75,117,263,70,416,35,63,304,476
66,40,330,498,393,203,227,215,6,296,171,422
66,41,49,151,215,12,220,216,418,429,32,358
66,42,355,473,448,16,202,20,419,304,123,482
66,43,92,104,395,93,178,354,267,335,15,481
66,44,55,237,473,446,120,272,372,440,133,136
66,45,454,470,140,2,189,84,351,230,447,70
66,46,181,392,211,66,169,198,322,378,193,57
66,47,149,320,492,337,336,326,480,379,281,150
67,0,34,384,272,446,19,473,392,458,207,211
67,1,102,420,363,410,403,280,493,123,293,281
67,2,399,161,436,367,226,304,210,44,321,500
67,3,364,185,221,102,342,478,86,31,274,184
67,4,324,184,51,130,311,168,354,292,67,468
67,5,391,133,2,324,160,346,244,89,505,283
67,6,447,250,151,47,498,73,119,441,495,142
67,7,5,365,223,95,220,374,352,181,34,275
67,8,68,177,64,405,426,256,243,311,391,48
67,9,208,358,319,354,4,146,145,21,424,498
67,10,137,225,31,497,328,189,147,419,215,186
67,11,301,334,463,306,232,43,70,387,25,17
67,12,247,313,227,460,266,14,155,98,353,438
67,13,122,480,39,359,313,114,300,201,397,88
67,14,34,344,207,193,425,73,43,395,52,195
67,15,150,122,452,95,202,160,92,28,416,236
67,16,54,279,0,133,66,298,283,199,478,79
67,17,36,261,7,454,440,312,182,297,260,42
67,18,150,98,58,241,90,152,66,362,274,23
67,19,32,249,78,273,97,254,305,243,321,217
67,20,391,172,167,41,132,177,386,239,479,370
67,21,78,305,281,239,164,86,351,76,82,105
67,22,463,386,489,186,292,65,255,469,92,121
67,23,303,511,75,507,154,117,35,416,53,476
67,24,177,68,256,405,64,243,127,391,426,106
67,25,208,319,145,354,358,40,247,175,281,146
67,26,225,137,328,147,380,31,401,497,511,215
67,27,301,324,334,70,463,140,232,444,17,306
67,28,313,460,247,227,353,438,98,480,155,47
67,29,122,445,264,486,18,359,88,480,141,367
67,30,34,43,193,395,207,73,195,253,344,196
67,31,122,202,95,150,452,492,47,319,28,416
67,32,279,54,298,79,90,283,72,66,456,227
67,33,36,182,297,7,399,454,27,57,440,205
67,34,150,98,58,90,241,56,152,89,406,66
67,35,97,32,423,305,364,249,273,254,78,243
67,36,391,167,177,132,386,91,318,48,172,205
67,37,78,305,281,225,164,239,351,86,354,76
67,38,386,463,489,186,65,292,255,125,121,92
67,39,511,75,117,70,507,53,481,154,250,263
67,40,330,498,393,257,6,422,227,171,296,203
67,41,151,49,215,175,216,12,220,358,429,41
67,42,355,473,448,202,304,482,351,20,177,16
67,43,92,395,104,93,354,178,137,267,252,335
67,44,55,237,473,446,372,272,120,28,133,176
67,45,454,140,189,470,2,84,230,70,351,290
67,46,392,198,181,211,322,169,35,57,199,66
67,47,149,492,320,336,379,480,326,281,349,54
68,0,316,98,384,139,401,501,474,207,10,427
68,1,62,420,410,363,281,34,293,302,478,483
68,2,139,367,411,263,436,439,161,38,20,491
68,3,221,168,343,451,156,102,478,469,406,308
68,4,67,96,239,385,1,16,508,485,69,393
68,5,505,485,81,60,82,470,380,203,458,274
68,6,368,447,481,73,495,119,47,42,383,371
68,7,426,162,43,343,124,511,219,20,207,34
68,8,113,256,68,243,405,64,391,177,224,426
68,9,208,319,146,354,145,247,281,424,175,497
68,10,401,380,103,215,147,225,511,328,378,462
68,11,324,301,334,306,429,463,29,232,416,362
68,12,326,223,98,247,353,370,497,307,496,73
68,13,103,39,122,18,137,475,264,480,340,359
68,14,43,193,73,34,318,101,395,157,253,268
68,15,95,150,202,452,319,122,416,154,236,492
68,16,279,54,298,478,79,72,457,503,392,199
68,17,36,182,297,261,187,440,27,205,454,312
68,18,90,70,321,58,152,241,352,348,490,227
68,19,97,305,423,32,78,364,249,389,203,123
68,20,122,91,318,205,386,364,173,326,167,48
68,21,225,199,78,268,488,82,30,221,351,77
68,22,28,160,499,489,463,253,273,320,269,33
68,23,75,250,81,53,511,70,63,304,117,180
68,24,256,405,68,243,485,106,182,391,113,307
68,25,208,281,145,247,53,175,319,497,354,71
68,26,511,380,147,328,401,462,137,103,225,359
68,27,324,444,334,301,140,498,463,230,313,429
68,28,326,353,480,370,489,98,223,7,307,426
68,29,103,264,340,18,88,122,475,193,141,1
68,30,193,43,34,157,145,395,167,101,73,318
68,31,202,95,122,150,319,452,47,492,416,504
68,32,279,54,478,298,79,314,72,444,457,295
68,33,182,36,205,297,27,9,187,454,107,124
68,34,90,70,321,58,152,341,54,274,156,241
68,35,32,97,364,305,203,202,249,488,78,123
68,36,194,46,91,386,122,322,205,172,258,48
68,37,225,199,268,311,327,78,351,86,354,405
68,38,28,160,499,489,253,463,273,306,33,320
68,39,75,250,432,67,511,81,63,357,39,326
68,40,393,6,83,422,257,330,227,511,296,418
68,41,475,380,429,215,490,43,99,175,397,227
68,42,267,325,71,22,187,256,491,257,362,78
68,43,94,379,354,232,181,509,336,335,104,157
68,44,256,294,420,191,270,133,440,258,313,35
68,45,188,140,375,360,5,405,86,214,454,323
68,46,359,499,110,69,425,475,26,492,503,125
68,47,372,12,126,297,39,472,506,469,407,29
69,0,321,79,264,132,430,36,242,16,197,54
69,1,29,287,34,62,410,189,435,85,164,211
69,2,20,139,411,359,198,303,493,341,414,161
69,3,221,279,156,343,478,264,495,102,252,175
69,4,161,67,485,310,405,239,267,53,133,16
69,5,233,146,82,54,470,424,255,485,505,203
69,6,368,444,87,377,243,161,224,481,479,3
69,7,14,343,449,283,43,259,440,470,24,128
69,8,32,169,243,113,177,167,321,405,48,359
69,9,247,281,208,53,509,75,434,83,257,181
69,10,225,446,401,380,147,137,511,37,172,362
69,11,343,301,324,334,509,148,344,463,416,367
69,12,278,370,416,231,267,400,120,372,198,243
69,13,103,82,122,39,397,265,104,303,250,343
69,14,145,400,167,318,268,157,193,377,216,101
69,15,319,492,202,452,95,490,443,45,378,421
69,16,279,314,444,150,122,392,79,357,307,485
69,17,182,107,444,9,131,297,231,27,36,335
69,18,43,90,61,84,183,417,81,255,192,490
69,19,366,202,129,97,203,507,364,113,160,20
69,20,322,323,91,187,282,46,136,173,235,184
69,21,327,225,148,111,488,183,470,216,236,156
69,22,28,428,36,375,416,328,440,334,434,307
69,23,432,67,326,39,409,458,442,49,169,51
69,24,167,169,113,32,321,455,94,362,386,242
69,25,281,208,247,53,434,509,306,83,305,71
69,26,511,446,472,147,402,422,496,362,137,357
69,27,148,343,293,509,444,498,234,301,31,324
69,28,278,370,484,400,372,267,489,416,243,73
69,29,103,82,486,161,80,411,264,88,427,39
69,30,145,503,400,181,471,157,318,33,273,317
69,31,319,490,443,492,378,421,202,176,452,407
69,32,314,444,150,279,24,122,206,7,339,397
69,33,137,9,107,131,132,380,444,231,297,182
69,34,90,130,358,183,43,3,330,61,255,122
69,35,202,366,364,234,106,203,485,233,97,129
69,36,322,323,282,46,35,184,146,258,29,129
69,37,327,111,225,236,488,183,445,336,216,156
69,38,28,428,440,375,36,433,416,348,434,334
69,39,432,67,39,326,298,14,369,458,342,293
69,40,83,393,422,374,19,511,385,4,286,479
69,41,99,227,53,43,401,215,325,149,71,131
69,42,84,299,55,201,216,214,369,379,24,387
69,43,216,157,340,232,159,127,357,354,391,353
69,44,420,197,258,304,401,434,171,468,407,466
69,45,360,86,311,125,452,296,24,390,251,33
69,46,475,425,17,407,122,441,15,26,503,464
69,47,446,360,506,450,1,458,185,302,8,39
70,0,32,330,130,71,278,160,279,409,437,336
70,1,59,471,112,427,447,71,396,435,248,321
70,2,250,414,380,97,226,101,437,244,489,453
70,3,272,221,478,354,495,156,252,279,357,135
70,4,196,440,245,430,359,499,133,239,23,48
70,5,456,233,489,479,203,383,96,24,370,258
70,6,166,258,469,377,50,6,135,368,243,109
70,7,24,343,14,170,283,31,268,269,439,422
70,8,467,321,362,359,94,167,455,243,83,386
70,9,281,208,305,339,247,509,181,434,53,321
70,10,511,222,422,218,472,366,302,147,401,100
70,11,324,229,489,487,436,293,31,493,306,10
70,12,80,489,72,248,463,372,11,415,484,409
70,13,103,385,411,250,508,377,474,119,7,427
70,14,33,471,58,101,167,503,268,254,318,162
70,15,319,340,492,197,122,416,229,443,452,150
70,16,444,77,193,150,314,279,122,406,151,357
70,17,289,444,86,297,294,182,416,221,97,378
70,18,419,468,179,90,137,284,412,358,272,86
70,19,117,364,216,434,449,234,426,313,341,110
70,20,184,235,64,450,41,199,330,288,192,322
70,21,288,156,488,3,151,243,489,138,376,283
70,22,276,426,36,6,150,112,471,234,461,177
70,23,10,326,53,170,304,293,124,220,141,180
70,24,467,321,83,359,480,501,113,93,11,299
70,25,208,339,281,18,181,306,428,247,201,257
70,26,339,248,153,211,222,302,456,279,472,422
70,27,245,489,487,46,270,324,444,84,456,493
70,28,489,80,415,264,0,72,368,329,90,333
70,29,334,378,411,385,441,508,487,114,49,50
70,30,471,22,503,58,288,425,167,101,4,178
70,31,319,416,492,197,229,452,482,340,421,407
70,32,444,77,151,122,150,279,406,314,24,202
70,33,444,416,289,221,299,18,182,297,294,9
70,34,419,464,434,90,61,39,27,21,358,350
70,35,202,426,118,117,364,234,337,485,216,434
70,36,323,322,282,497,46,451,35,184,146,258
70,37,3,327,104,336,236,373,156,488,459,445
70,38,276,426,112,348,433,471,150,36,461,177
70,39,432,67,39,326,14,298,369,458,442,293
70,40,83,425,393,374,422,19,4,385,511,286
70,41,99,53,501,283,227,401,43,325,215,71
70,42,55,426,84,299,56,201,379,225,59,396
70,43,216,157,391,340,156,159,357,232,354,243
70,44,420,258,197,304,79,407,145,171,401,466
70,45,360,452,86,311,125,296,390,24,211,233
70,46,475,425,17,407,196,122,441,15,3,464
70,47,8,88,222,450,302,226,1,188,185,506
71,0,15,340,289,293,187,369,338,19,386,95
71,1,91,465,16,273,243,83,303,195,493,106
71,2,36,473,251,164,432,485,169,163,201,487
71,3,260,122,478,440,471,118,156,501,486,192
71,4,133,112,160,239,280,48,244,146,217,230
71,5,479,489,338,254,203,169,24,367,43,423
71,6,372,135,15,228,92,107,244,469,41,346
71,7,24,193,50,3,201,233,412,31,114,435
71,8,362,94,354,467,333,286,114,167,280,331
71,9,281,305,509,53,181,507,434,406,399,159
71,10,152,87,344,133,230,419,357,120,450,342
71,11,489,293,360,31,303,480,229,508,241,6
71,12,381,399,155,352,489,266,327,214,133,421
71,13,161,482,226,394,29,103,377,367,113,453
71,14,181,503,280,400,145,415,318,286,471,205
71,15,443,319,378,490,421,492,176,407,465,452
71,16,150,314,444,122,24,279,137,206,307,367
71,17,131,9,107,444,380,132,137,194,231,129
71,18,39,3,165,403,350,283,392,29,130,214
71,19,202,291,118,337,287,203,366,426,364,485
71,20,117,282,322,323,46,187,146,35,298,184
71,21,373,336,327,458,200,156,265,393,479,437
71,22,390,348,36,439,193,352,202,116,27,403
71,23,432,67,326,14,211,49,169,28,39,442
71,24,362,94,167,333,354,467,321,331,114,99
71,25,281,509,305,96,406,356,181,159,434,339
71,26,230,236,192,422,87,472,152,511,133,357
71,27,489,293,229,31,360,219,480,35,125,246
71,28,489,381,133,0,261,281,214,327,67,155
71,29,161,185,394,103,167,29,453,508,226,338
71,30,181,503,280,415,135,471,341,400,318,157
71,31,443,319,490,421,378,407,176,492,452,214
71,32,314,150,444,24,122,339,206,279,137,193
71,33,137,131,9,107,132,380,444,194,153,221
71,34,403,3,392,39,34,102,283,350,29,165
71,35,202,291,56,364,161,485,434,118,426,82
71,36,282,323,322,46,117,146,35,187,258,166
71,37,373,200,309,336,327,445,458,265,225,473
71,38,439,348,390,352,301,355,27,193,202,116
71,39,432,298,67,39,326,14,369,211,49,17
71,40,83,374,393,511,229,422,286,346,19,234
71,41,252,99,227,53,131,401,308,215,113,4
71,42,201,199,59,299,55,84,44,21,490,49
71,43,157,216,340,159,232,357,303,354,380,221
71,44,258,420,131,202,466,197,407,401,304,171
71,45,113,311,360,332,307,125,452,233,24,296
71,46,475,425,427,17,393,441,151,407,260,15
71,47,222,37,232,230,302,359,155,226,185,11
72,0,187,222,129,73,434,400,367,398,466,352
72,1,143,83,298,243,266,99,13,149,273,441
72,2,485,484,267,163,218,29,487,473,318,169
72,3,260,440,501,80,478,122,302,412,295,118
72,4,133,112,217,239,280,48,160,136,52,53
72,5,489,338,479,405,77,254,203,6,176,423
72,6,107,372,24,15,169,282,293,244,135,228
72,7,24,435,31,448,50,510,151,104,434,393
72,8,94,362,455,167,280,333,467,321,60,341
72,9,281,356,509,406,126,159,274,75,321,305
72,10,399,133,143,511,83,366,236,346,472,422
72,11,310,293,31,229,489,303,83,412,324,386
72,12,281,381,436,36,69,216,189,118,425,489
72,13,453,161,167,103,290,508,321,424,250,301
72,14,503,341,415,157,300,318,400,286,420,471
72,15,319,492,443,421,378,452,482,176,407,490
72,16,314,444,150,24,279,122,458,410,357,193
72,17,444,9,131,380,107,132,31,18,182,457
72,18,3,442,278,350,418,401,102,110,214,366
72,19,202,485,154,138,45,146,378,364,216,111
72,20,282,322,46,323,225,146,213,308,187,73
72,21,309,225,370,373,206,327,458,336,442,265
72,22,123,116,332,348,290,389,305,202,230,346
72,23,432,326,298,67,39,409,293,180,28,10
72,24,362,94,455,333,321,467,93,60,280,167
72,25,281,356,509,406,305,159,247,181,208,13
72,26,399,236,83,366,143,511,133,346,230,448
72,27,310,293,31,229,489,83,444,498,412,480
72,28,436,36,381,281,489,189,0,494,425,133
72,29,453,161,167,321,103,465,508,88,64,355
72,30,341,503,415,157,142,181,420,400,318,300
72,31,319,492,443,202,421,378,490,452,176,45
72,32,314,150,444,279,24,122,228,193,270,206
72,33,9,107,131,31,380,297,182,457,270,444
72,34,442,278,3,350,416,102,401,90,76,418
72,35,32,202,97,154,285,485,364,140,249,81
72,36,194,432,225,322,205,46,48,172,184,386
72,37,225,309,345,311,130,206,86,458,327,488
72,38,116,123,332,348,415,202,290,389,468,433
72,39,250,75,432,326,39,81,67,298,159,180
72,40,83,393,6,422,257,418,19,234,511,385
72,41,490,429,380,215,99,397,43,218,475,131
72,42,22,267,479,245,187,325,42,472,97,59
72,43,94,232,181,354,340,509,408,216,458,157
72,44,191,294,466,270,173,258,420,333,196,133
72,45,311,375,125,211,5,188,360,214,126,229
72,46,425,475,17,499,260,407,441,69,15,30
72,47,372,297,230,37,12,29,469,407,33,185
73,0,103,392,14,67,34,473,19,7,92,338
73,1,493,445,423,435,189,3,331,268,96,279
73,2,161,226,399,110,347,436,101,490,432,294
73,3,364,221,185,478,252,346,98,298,47,135
73,4,267,132,489,184,499,181,237,16,19,476
73,5,2,215,383,13,54,498,162,233,103,76
73,6,111,147,377,118,481,352,368,444,3,224
73,7,439,365,320,95,34,440,109,223,343,274
73,8,242,113,405,32,455,169,93,243,135,106
73,9,208,247,434,146,281,53,424,176,145,412
73,10,511,147,401,380,419,328,115,103,233,446
73,11,324,301,334,463,234,434,83,140,472,70
73,12,231,460,357,221,353,359,322,267,73,142
73,13,103,340,39,264,161,474,88,377,370,385
73,14,318,157,167,101,503,400,395,268,272,43
73,15,202,95,492,319,452,150,416,490,47,45
73,16,279,444,150,314,0,122,392,361,194,199
73,17,297,36,182,205,444,107,9,86,194,312
73,18,90,66,268,274,249,192,286,265,140,70
73,19,32,488,97,507,78,364,305,290,119,463
73,20,194,386,432,205,48,172,390,184,258,200
73,21,95,225,148,270,216,488,236,327,221,22
73,22,403,326,92,432,419,386,433,0,225,450
73,23,75,159,250,432,326,236,81,304,108,175
73,24,242,169,281,374,243,32,280,106,455,405
73,25,208,281,284,412,176,146,145,247,71,354
73,26,115,511,147,328,446,362,401,375,146,359
73,27,334,96,301,444,70,324,463,140,232,343
73,28,357,231,460,221,353,267,489,322,5,359
73,29,82,141,122,103,264,486,126,303,475,479
73,30,184,126,157,253,145,226,73,209,395,193
73,31,452,95,202,319,349,407,416,122,132,492
73,32,0,279,122,444,295,501,77,298,54,150
73,33,205,376,204,312,297,182,434,36,261,194
73,34,90,66,268,140,274,86,220,286,265,330
73,35,488,32,507,364,202,97,290,61,305,335
73,36,194,386,432,172,205,184,390,200,458,322
73,37,95,270,225,22,148,216,488,327,236,298
73,38,403,326,92,419,432,386,433,390,46,193
73,39,432,159,75,326,39,67,293,357,219,349
73,40,257,234,23,83,422,19,166,393,325,314
73,41,490,429,397,215,252,43,448,264,380,332
73,42,417,436,79,389,499,55,305,59,396,237
73,43,332,458,340,354,216,51,232,94,127,159
73,44,34,312,404,407,258,465,160,289,108,333
73,45,375,376,253,214,114,233,447,86,307,3
73,46,69,410,53,15,425,151,405,200,266,252
73,47,472,89,407,92,8,226,88,506,461,410
74,0,14,358,434,233,58,377,150,111,67,503
74,1,268,445,493,106,435,33,182,91,307,311
74,2,347,279,332,161,327,297,110,432,443,102
74,3,221,440,478,358,47,295,366,156,476,501
74,4,489,132,133,112,48,239,16,181,313,398
74,5,383,203,13,489,77,479,447,2,104,338
74,6,200,228,481,319,377,419,469,265,119,361
74,7,320,39,365,385,481,34,109,38,396,124
74,8,135,280,281,242,455,106,374,93,243,334
74,9,208,412,281,146,451,181,176,247,339,115
74,10,115,147,375,401,419,511,357,146,369,218
74,11,334,301,96,83,463,324,232,70,472,125
74,12,322,359,357,460,353,26,489,374,281,236
74,13,103,141,321,453,377,167,39,340,343,441
74,14,226,253,157,503,195,217,300,73,101,471
74,15,452,319,95,416,122,407,202,132,229,492
74,16,0,122,444,77,279,295,150,361,54,423
74,17,205,297,434,182,312,227,289,36,444,261
74,18,278,66,45,165,90,73,99,416,350,86
74,19,364,97,32,488,285,202,305,140,300,290
74,20,184,194,205,386,432,200,235,258,367,48
74,21,206,225,95,461,311,442,165,345,130,488
74,22,326,403,415,123,202,46,433,92,201,305
74,23,159,432,326,75,293,53,67,10,236,442
74,24,281,280,374,348,321,243,359,106,135,58
74,25,281,208,451,339,412,181,53,146,356,176
74,26,115,375,147,511,339,401,236,328,422,256
74,27,96,301,489,334,86,150,444,256,458,324
74,28,353,322,357,359,26,489,460,281,374,494
74,29,141,103,453,435,474,321,355,411,167,39
74,30,226,503,157,253,217,58,268,195,167,341
74,31,452,319,122,407,416,202,132,492,229,482
74,32,444,77,122,279,295,150,24,54,0,402
74,33,297,289,205,436,182,227,312,72,434,221
74,34,66,416,90,99,45,234,76,505,278,73
74,35,249,97,210,156,356,376,300,32,25,63
74,36,464,479,239,167,457,366,43,48,41,109
74,37,337,242,474,86,466,311,225,130,345,351
74,38,326,403,415,159,468,433,273,418,489,72
74,39,390,146,416,75,163,117,511,69,476,155
74,40,244,257,397,278,227,422,203,393,272,215
74,41,94,215,429,180,397,67,484,380,220,435
74,42,22,245,472,479,97,441,45,473,79,203
74,43,509,335,395,217,354,104,94,92,178,458
74,44,270,191,43,383,294,440,173,418,196,4
74,45,375,406,376,289,222,168,140,7,145,343
74,46,69,281,499,439,302,425,346,410,348,288
74,47,463,472,297,125,199,442,424,340,242,398
75,0,251,319,168,412,294,205,371,109,235,372
75,1,440,125,57,88,303,475,100,505,276,446
75,2,436,511,342,37,496,207,107,89,84,280
75,3,237,408,196,269,478,139,293,476,249,177
75,4,506,465,389,294,357,346,73,325,198,102
75,5,68,74,112,482,56,244,263,259,20,110
75,6,68,292,259,435,352,237,111,397,185,377
75,7,33,316,177,139,302,469,489,303,242,163
75,8,113,243,356,106,11,233,171,359,138,405
75,9,208,146,71,53,68,389,395,181,21,339
75,10,328,419,147,511,401,248,129,424,350,218
75,11,234,306,363,334,415,324,444,3,463,456
75,12,246,37,218,73,228,220,287,459,480,290
75,13,264,412,103,128,340,475,474,39,195,88
75,14,34,395,188,340,75,101,43,268,461,73
75,15,160,122,150,340,37,347,47,178,272,395
75,16,133,231,480,399,283,54,66,91,110,462
75,17,72,454,267,172,324,70,372,381,430,297
75,18,503,497,282,483,127,510,388,385,90,49
75,19,63,210,356,376,249,78,26,212,131,434
75,20,464,457,78,507,366,239,479,477,109,215
75,21,337,242,456,464,474,287,18,86,203,171
75,22,283,470,43,86,281,78,77,264,122,401
75,23,163,390,146,476,25,416,69,95,425,155
75,24,233,138,503,356,106,35,304,359,11,256
75,25,208,71,40,161,395,502,155,353,214,146
75,26,424,129,328,348,330,125,393,147,401,511
75,27,234,444,363,415,12,17,324,456,189,197
75,28,246,218,480,220,37,143,228,459,290,287
75,29,412,317,264,474,329,128,195,18,340,220
75,30,34,395,383,340,188,461,90,225,323,388
75,31,122,150,160,178,28,37,347,202,306,272
75,32,133,231,66,54,399,480,283,456,227,444
75,33,72,454,289,297,36,267,17,182,324,73
75,34,503,282,127,497,388,385,287,483,510,90
75,35,356,217,249,63,80,210,78,390,97,131
75,36,457,479,464,167,41,366,215,239,477,43
75,37,337,86,456,242,464,466,287,18,405,107
75,38,283,43,281,86,77,78,401,122,470,181
75,39,416,390,146,476,511,163,69,117,53,75
75,40,397,244,278,203,227,215,171,82,390,382
75,41,180,220,94,418,445,67,151,226,215,266
75,42,123,365,472,428,322,476,287,119,473,303
75,43,509,217,335,395,178,104,92,180,281,354
75,44,440,158,43,4,51,196,55,237,189,176
75,45,406,140,48,365,359,454,332,244,289,197
75,46,77,25,372,239,469,141,147,125,351,348
75,47,142,424,11,222,280,329,1,254,204,65
76,0,315,395,351,109,435,333,90,249,213,331
76,1,32,235,303,505,74,88,97,128,38,206
76,2,89,295,372,37,84,222,27,269,115,280
76,3,408,237,139,182,293,249,269,335,82,177
76,4,465,506,325,198,389,241,28,156,35,59
76,5,482,263,468,112,236,190,226,446,142,292
76,6,185,164,13,505,165,233,237,468,76,285
76,7,177,158,489,316,163,425,242,191,303,288
76,8,356,11,87,359,490,233,335,191,35,205
76,9,40,214,68,208,71,502,161,361,446,135
76,10,484,393,330,129,348,424,126,48,419,335
76,11,234,197,456,371,17,294,84,270,415,472
76,12,37,246,459,390,228,290,217,220,9,491
76,13,128,385,387,423,426,329,411,50,286,52
76,14,82,138,90,127,305,340,486,383,212,34
76,15,391,347,346,169,156,37,122,178,426,185
76,16,480,91,189,51,223,23,58,110,403,202
76,17,72,488,499,372,422,305,324,272,166,381
76,18,471,184,510,127,483,370,49,497,264,212
76,19,63,26,37,434,212,174,356,145,31,270
76,20,78,258,109,479,507,457,464,344,477,247
76,21,242,464,287,100,337,474,18,456,54,171
76,22,86,293,77,81,264,41,78,223,30,456
76,23,390,146,163,95,25,236,476,338,53,406
76,24,87,335,356,503,12,490,35,359,11,160
76,25,214,40,208,361,395,443,71,501,68,130
76,26,424,211,456,330,129,393,348,48,248,177
76,27,456,181,234,197,78,444,213,294,84,366
76,28,217,290,37,459,220,246,390,228,265,160
76,29,423,352,426,128,411,317,387,50,385,52
76,30,383,33,34,160,127,82,212,138,403,314
76,31,122,160,150,340,347,37,178,416,202,272
76,32,480,91,399,444,133,23,262,110,333,231
76,33,72,297,454,289,488,499,305,372,68,61
76,34,471,127,370,184,483,510,386,49,264,497
76,35,63,97,217,249,26,356,156,32,434,289
76,36,464,184,239,366,457,41,507,479,167,215
76,37,337,86,464,287,100,242,466,456,18,405
76,38,293,86,81,77,78,41,223,30,196,181
76,39,390,146,416,75,511,163,70,476,69,101
76,40,244,278,227,203,422,397,215,257,393,19
76,41,94,215,180,226,429,266,220,67,445,418
76,42,123,472,428,322,476,87,393,287,119,473
76,43,395,509,335,354,217,92,104,180,178,377
76,44,158,440,43,4,51,189,277,196,237,55
76,45,406,140,479,48,34,28,359,365,454,244
76,46,256,372,77,188,340,239,141,171,125,314
76,47,142,78,272,280,85,11,424,329,1,65
77,0,485,495,188,342,286,79,222,282,44,70
77,1,437,157,303,434,128,225,60,209,174,272
77,2,457,286,321,89,280,87,171,222,159,272
77,3,86,478,35,139,197,237,52,357,221,342
77,4,191,292,184,128,431,447,228,102,499,340
77,5,20,180,11,399,340,244,259,420,290,172
77,6,179,74,359,52,47,78,329,498,285,416
77,7,220,174,208,175,437,119,176,325,352,295
77,8,470,497,243,505,116,106,372,389,491,282
77,9,208,503,348,71,395,152,53,135,146,245
77,10,131,176,349,248,102,173,5,419,497,157
77,11,234,496,301,197,306,472,335,337,25,324
77,12,22,7,470,317,227,82,415,493,438,480
77,13,423,176,474,257,264,39,270,155,255,42
77,14,33,58,383,160,34,101,403,268,402,179
77,15,340,122,160,197,319,416,347,150,170,272
77,16,444,480,91,406,54,77,462,438,79,202
77,17,72,289,297,61,488,86,272,68,454,296
77,18,304,450,284,287,90,185,337,316,306,340
77,19,249,78,356,26,97,63,263,245,217,434
77,20,41,64,235,366,184,167,17,239,78,177
77,21,67,247,175,86,351,496,466,147,279,488
77,22,255,65,224,20,432,463,39,469,225,403
77,23,53,476,75,124,416,146,410,117,74,69
77,24,497,106,505,470,243,48,116,359,162,501
77,25,208,339,281,395,53,348,247,71,503,135
77,26,248,131,176,211,5,147,349,189,456,328
77,27,234,334,301,496,444,324,270,181,456,306
77,28,22,227,415,470,7,247,317,480,58,82
77,29,176,114,474,264,270,423,257,39,141,411
77,30,58,403,425,33,34,395,101,485,167,73
77,31,122,160,150,492,202,340,319,452,416,95
77,32,444,279,54,456,402,227,462,122,314,438
77,33,289,297,72,436,240,182,364,260,312,454
77,34,304,287,90,432,450,260,306,185,307,109
77,35,217,249,504,97,32,437,156,356,157,263
77,36,41,64,184,177,235,167,366,479,239,249
77,37,67,351,78,86,247,496,466,281,175,192
77,38,65,255,20,224,463,125,469,225,23,39
77,39,117,416,410,69,476,75,53,74,124,70
77,40,46,389,422,257,171,330,227,19,215,65
77,41,500,408,220,32,180,429,352,215,216,164
77,42,260,16,480,473,355,20,123,419,197,410
77,43,178,460,104,119,137,509,395,354,335,106
77,44,120,446,134,223,95,196,289,293,176,440
77,45,15,84,140,447,2,351,111,503,390,375
77,46,181,378,272,323,211,392,169,492,15,69
77,47,337,149,326,320,492,202,144,379,336,150
78,0,378,246,384,316,138,277,337,34,461,458
78,1,102,378,420,18,370,293,303,209,280,272
78,2,30,63,2,311,197,495,321,280,405,457
78,3,86,404,451,212,237,478,1,23,102,342
78,4,292,54,86,393,130,184,63,102,51,354
78,5,20,278,133,493,379,290,391,244,11,430
78,6,220,498,131,250,74,47,285,145,142,234
78,7,208,374,220,352,20,492,328,72,93,176
78,8,486,53,48,116,275,243,372,106,497,241
78,9,208,503,166,405,46,39,146,71,4,245
78,10,131,497,349,105,176,248,419,189,102,350
78,11,334,376,496,234,337,25,301,306,335,472
78,12,22,4,227,98,154,313,415,47,495,247
78,13,176,257,474,201,348,270,39,42,114,155
78,14,303,58,34,211,192,403,381,55,365,454
78,15,122,160,150,319,416,452,202,340,95,92
78,16,54,279,456,9,444,402,122,438,199,227
78,17,240,286,297,436,364,182,244,289,260,454
78,18,141,92,304,55,457,287,152,307,90,450
78,19,217,249,97,59,411,282,78,157,504,356
78,20,426,177,167,41,184,64,85,192,366,239
78,21,192,347,67,167,247,351,78,164,86,363
78,22,385,35,21,224,320,126,255,23,121,463
78,23,410,53,75,416,69,124,70,303,453,326
78,24,486,53,48,116,236,275,243,106,358,402
78,25,208,281,503,339,166,348,46,71,39,247
78,26,189,131,105,176,248,102,349,222,225,328
78,27,496,234,46,306,376,301,334,25,324,444
78,28,227,22,4,98,154,313,47,58,247,495
78,29,176,474,114,201,348,332,257,264,88,39
78,30,303,58,192,34,211,429,403,55,425,454
78,31,319,122,160,150,492,202,95,340,416,452
78,32,279,54,444,438,456,314,199,9,122,79
78,33,286,297,240,182,436,244,383,289,364,500
78,34,141,92,304,55,457,152,90,307,287,432
78,35,97,411,217,249,437,337,364,327,282,227
78,36,426,177,85,41,184,167,64,98,192,415
78,37,192,347,78,351,167,164,247,488,86,67
78,38,385,21,35,126,320,224,121,255,23,469
78,39,75,410,53,70,416,117,453,180,124,101
78,40,46,330,422,389,296,19,393,257,65,43
78,41,215,220,32,500,216,352,180,152,151,397
78,42,380,260,382,130,62,355,419,113,202,100
78,43,137,435,509,280,354,106,178,84,312,378
78,44,293,99,495,133,250,346,233,196,120,344
78,45,333,26,447,89,294,140,376,390,244,125
78,46,378,35,213,492,323,409,425,218,365,475
78,47,360,458,337,131,2,423,269,292,237,501
79,0,406,277,246,258,5,337,378,384,177,486
79,1,102,18,395,378,420,272,228,113,90,370
79,2,30,2,469,197,172,61,63,53,453,244
79,3,478,221,260,156,440,295,296,114,37,135
79,4,133,239,112,81,63,42,217,36,423,277
79,5,203,489,479,360,338,254,77,383,423,111
79,6,125,469,131,92,228,314,107,197,223,346
79,7,24,303,343,486,435,31,124,393,201,472
79,8,321,467,83,94,243,359,167,362,212,333
79,9,281,247,208,339,509,181,356,434,385,321
79,10,222,366,511,472,339,422,365,218,419,462
79,11,324,489,487,229,31,270,306,303,472,436
79,12,80,489,72,315,415,281,73,234,150,273
79,13,427,508,474,103,334,411,250,377,441,49
79,14,503,471,167,58,33,318,101,286,400,402
79,15,319,492,416,482,229,443,122,452,340,197
79,16,444,150,314,279,406,122,357,77,193,24
79,17,444,289,182,9,297,416,86,221,20,194
79,18,419,90,179,468,137,358,348,237,3,407
79,19,202,216,485,97,117,364,426,195,119,432
79,20,322,184,327,46,282,323,199,166,450,35
79,21,288,327,488,156,236,283,234,397,99,317
79,22,385,6,35,348,317,234,490,421,53,320
79,23,432,326,67,409,10,141,14,180,298,455
79,24,362,467,321,83,94,176,347,355,418,455
79,25,281,509,247,339,208,181,356,305,306,434
79,26,472,511,366,133,365,222,359,302,422,344
79,27,489,31,229,324,487,303,313,301,125,448
79,28,281,302,80,69,489,415,353,425,121,0
79,29,334,435,161,508,434,154,184,253,411,441
79,30,503,471,420,167,4,22,318,400,148,268
79,31,319,443,421,492,482,229,176,407,452,45
79,32,444,314,150,24,410,122,77,279,295,357
79,33,9,18,444,289,416,182,76,335,221,231
79,34,419,3,407,179,61,90,350,214,39,86
79,35,202,216,485,117,364,106,97,426,234,233
79,36,46,327,322,184,282,35,323,146,199,294
79,37,288,445,327,156,488,373,225,170,405,329
79,38,385,6,35,21,320,234,348,393,433,87
79,39,432,326,39,67,298,409,141,458,293,180
79,40,83,385,422,19,393,4,21,479,285,398
79,41,401,227,99,319,131,71,215,349,366,468
79,42,62,380,84,382,130,260,216,299,49,199
79,43,157,216,309,389,354,51,159,303,475,408
79,44,197,133,258,293,233,304,99,155,250,225
79,45,333,447,89,26,390,214,140,376,211,294
79,46,35,218,425,492,409,323,475,69,325,15
79,47,234,131,2,269,39,166,281,149,292,501
80,0,258,458,246,34,277,384,473,63,288,427
80,1,420,370,291,395,113,102,209,293,280,363
80,2,197,311,30,2,399,405,304,63,321,262
80,3,237,86,212,404,364,162,478,184,102,451
80,4,130,292,324,237,24,51,184,86,16,502
80,5,493,133,379,278,391,20,37,5,11,437
80,6,220,498,131,250,74,285,47,441,324,142
80,7,220,492,328,208,390,5,352,93,442,374
80,8,486,275,402,53,48,372,116,358,243,241
80,9,208,503,39,245,135,405,339,348,21,355
80,10,105,248,31,305,131,497,189,419,350,328
80,11,496,334,376,395,337,234,77,335,320,287
80,12,227,4,93,22,313,98,234,47,55,193
80,13,176,474,114,79,348,270,201,300,39,62
80,14,58,303,365,192,34,425,485,454,450,33
80,15,122,340,160,150,353,319,215,416,197,69
80,16,456,444,9,438,54,402,229,199,77,325
80,17,286,364,289,145,297,260,240,244,296,276
80,18,152,55,150,92,304,307,141,223,199,287
80,19,282,110,217,249,504,437,245,59,356,263
80,20,41,64,192,167,184,98,177,180,366,235
80,21,192,76,351,247,167,67,78,201,347,86
80,22,21,35,386,320,126,385,215,92,328,224
80,23,53,24,410,124,75,453,70,476,117,326
80,24,486,402,53,275,236,48,116,358,501,20
80,25,503,208,281,339,39,355,71,348,135,405
80,26,105,189,131,248,305,31,497,222,225,176
80,27,376,234,496,46,334,306,474,25,335,324
80,28,227,93,4,22,47,313,98,234,355,55
80,29,176,47,114,474,201,107,486,332,348,84
80,30,303,58,192,425,446,454,429,185,34,33
80,31,215,319,122,492,160,150,340,416,202,452
80,32,444,279,456,77,438,54,199,9,122,402
80,33,286,145,182,297,289,436,348,296,240,170
80,34,55,150,141,92,223,304,152,457,307,199
80,35,337,282,97,364,327,249,187,110,227,217
80,36,41,184,98,192,64,180,167,322,386,177
80,37,192,76,351,78,167,201,247,488,86,347
80,38,35,126,320,386,21,385,215,224,255,92
80,39,53,75,410,70,453,180,101,67,326,159
80,40,422,43,19,330,296,65,257,355,166,393
80,41,215,220,32,180,152,500,175,397,427,468
80,42,62,382,260,130,380,351,113,186,369,396
80,43,137,458,354,509,280,312,435,106,104,335
80,44,133,293,34,250,258,233,479,99,225,466
80,45,214,244,294,125,26,376,447,390,140,89
80,46,35,323,425,218,441,15,69,431,17,492
80,47,234,292,269,166,131,39,175,469,185,8
81,0,46,160,505,258,330,117,88,18,407,266
81,1,71,291,395,420,113,370,75,355,487,112
81,2,10,197,153,101,2,63,326,438,281,488
81,3,510,212,216,478,221,86,237,23,102,451
81,4,499,495,417,130,184,118,239,359,243,107
81,5,379,493,373,258,278,20,281,462,76,315
81,6,198,220,476,189,498,354,481,131,27,211
81,7,231,170,352,208,220,93,100,328,380,492
81,8,486,236,402,307,358,275,53,243,48,374
81,9,208,281,355,405,503,247,339,314,489,257
81,10,105,305,189,225,391,131,248,284,201,388
81,11,376,18,334,324,306,301,106,496,480,445
81,12,351,463,227,22,47,355,98,4,395,234
81,13,47,107,114,84,332,474,478,176,39,79
81,14,303,454,351,58,446,318,101,192,211,487
81,15,319,122,95,202,215,416,492,452,150,236
81,16,279,444,79,54,456,199,6,188,298,314
81,17,286,182,297,436,240,364,492,244,296,185
81,18,55,92,213,223,457,152,384,141,434,90
81,19,282,483,337,97,59,249,411,175,444,46
81,20,180,98,192,41,184,386,64,187,426,167
81,21,192,271,154,488,351,388,208,247,82,78
81,22,479,374,507,21,276,150,192,48,126,177
81,23,410,53,75,70,453,124,180,304,326,101
81,24,486,236,402,307,212,358,167,53,243,467
81,25,281,247,208,339,355,405,51,147,503,314
81,26,105,305,222,511,189,462,225,201,295,85
81,27,324,18,247,46,376,480,496,306,394,302
81,28,227,463,351,22,47,395,497,4,93,439
81,29,47,478,486,84,107,114,332,192,474,165
81,30,318,303,503,167,351,471,454,157,400,446
81,31,319,215,492,202,416,122,95,150,452,45
81,32,279,444,314,79,199,150,77,54,501,295
81,33,286,182,444,297,9,145,383,436,27,289
81,34,55,92,213,384,434,223,141,61,89,457
81,35,337,483,97,364,282,187,147,327,227,223
81,36,98,180,41,192,386,184,322,187,64,94
81,37,192,271,154,351,488,78,336,201,388,208
81,38,479,507,374,126,150,276,192,48,21,177
81,39,75,53,410,70,180,101,432,67,159,63
81,40,422,296,330,43,257,393,19,65,425,399
81,41,264,215,152,397,429,220,147,375,283,43
81,42,403,55,186,113,163,379,256,46,396,380
81,43,458,256,137,354,104,257,312,216,408,106
81,44,34,133,247,479,233,364,465,258,466,176
81,45,214,114,508,244,294,376,453,390,125,307
81,46,35,69,425,435,15,441,17,407,276,121
81,47,88,89,8,226,469,357,131,415,9,431
82,0,360,359,403,119,338,501,201,308,222,118
82,1,179,291,405,16,319,65,135,381,183,99
82,2,192,369,410,478,168,153,133,355,407,169
82,3,221,440,478,122,343,501,476,308,412,358
82,4,133,239,112,16,53,217,1,455,230,479
82,5,203,505,489,77,470,262,479,81,360,423
82,6,197,481,348,245,267,368,12,393,334,75
82,7,343,162,124,24,198,486,472,413,88,219
82,8,486,236,83,321,113,402,307,467,362,212
82,9,281,247,509,208,339,63,321,356,428,17
82,10,105,236,305,222,511,168,472,311,282,462
82,11,324,429,229,480,386,301,344,18,186,31
82,12,281,497,69,32,321,353,255,120,302,44
82,13,47,422,478,84,49,103,39,301,167,424
82,14,318,503,471,167,142,420,157,400,286,187
82,15,492,319,443,416,202,482,45,421,378,452
82,16,150,279,79,444,314,357,460,406,270,77
82,17,182,444,297,9,286,266,36,187,349,27
82,18,25,106,384,213,54,223,394,90,192,89
82,19,97,364,216,240,485,282,432,483,316,202
82,20,322,173,91,213,187,184,229,192,97,235
82,21,192,78,271,488,336,400,154,206,82,351
82,22,369,379,306,295,188,269,142,468,305,500
82,23,180,326,432,75,63,410,228,409,304,67
82,24,486,236,402,307,83,321,358,243,467,104
82,25,281,247,208,63,509,339,405,306,305,282
82,26,105,236,305,511,462,222,147,60,357,472
82,27,324,229,301,18,480,429,344,31,386,186
82,28,281,497,331,302,69,321,32,209,120,370
82,29,47,84,478,167,107,419,422,114,367,474
82,30,142,503,167,318,420,471,400,341,157,311
82,31,492,319,416,215,202,150,122,443,45,424
82,32,279,444,314,79,150,54,199,473,460,456
82,33,286,297,425,182,436,9,289,187,383,153
82,34,54,25,176,384,416,106,55,457,321,117
82,35,249,59,210,373,97,364,337,437,156,245
82,36,167,41,464,235,192,187,98,315,426,64
82,37,351,192,473,337,86,311,466,400,488,250
82,38,369,21,500,295,273,379,306,468,305,28
82,39,117,96,69,75,155,390,404,250,63,257
82,40,6,330,366,422,227,393,244,171,270,257
82,41,215,67,180,94,12,475,380,408,100,89
82,42,472,22,307,380,237,245,473,479,45,133
82,43,378,509,94,354,137,335,336,181,30,104
82,44,43,173,191,294,313,270,4,440,197,472
82,45,188,165,201,140,330,126,5,119,406,316
82,46,475,41,499,110,425,125,492,64,320,48
82,47,125,297,203,329,29,12,1,33,148,345
83,0,31,294,212,240,251,23,60,445,59,182
83,1,132,394,475,291,57,423,100,386,303,477
83,2,197,122,342,280,107,508,444,236,436,261
83,3,237,426,3,197,108,139,282,478,408,29
83,4,130,114,163,223,370,506,5,294,346,73
83,5,339,47,110,20,244,348,259,101,74,257
83,6,292,403,149,176,140,397,68,481,288,342
83,7,492,167,65,166,325,316,220,328,177,94
83,8,486,402,236,241,138,48,358,372,53,307
83,9,503,39,204,355,208,405,135,281,429,53
83,10,305,105,131,419,328,189,357,497,222,350
83,11,234,25,334,496,337,18,376,301,3,324
83,12,218,410,87,143,510,227,340,228,82,363
83,13,176,382,39,474,114,270,79,255,264,88
83,14,58,20,365,192,132,504,34,6,179,454
83,15,122,150,340,160,319,416,492,202,95,452
83,16,279,79,199,456,444,54,84,510,415,462
83,17,297,364,72,425,436,182,240,276,289,244
83,18,176,391,398,103,307,282,324,497,54,287
83,19,249,245,210,78,263,217,59,356,504,503
83,20,41,64,167,366,98,192,187,401,235,180
83,21,192,473,337,107,456,384,287,163,351,454
83,22,472,122,281,401,181,74,166,77,435,129
83,23,410,53,69,124,476,75,262,453,146,511
83,24,241,486,402,236,48,138,53,243,106,450
83,25,208,204,355,135,503,39,281,339,348,257
83,26,131,189,248,393,305,5,225,357,350,222
83,27,234,496,444,46,334,25,320,99,337,306
83,28,227,87,218,510,228,143,410,340,415,206
83,29,176,114,348,474,332,264,39,270,201,30
83,30,58,20,33,454,365,34,425,351,185,485
83,31,122,340,150,319,160,492,416,353,69,395
83,32,456,444,279,227,438,54,402,199,79,262
83,33,297,289,182,221,348,296,364,313,240,72
83,34,307,391,398,103,176,287,324,90,282,497
83,35,187,249,337,503,217,437,504,101,156,227
83,36,41,192,98,167,64,366,187,166,184,464
83,37,192,337,473,287,86,351,384,456,107,466
83,38,281,122,472,401,43,181,77,78,339,309
83,39,410,117,416,53,476,124,481,465,69,10
83,40,171,65,330,244,285,422,215,257,203,39
83,41,180,220,67,408,77,484,94,500,51,32
83,42,473,123,472,428,194,303,119,85,319,355
83,43,178,509,104,395,335,428,400,354,119,134
83,44,43,158,4,440,446,506,508,134,55,183
83,45,140,15,357,282,406,181,353,2,244,480
83,46,504,106,348,484,374,169,64,299,58,80
83,47,80,39,171,487,152,48,423,403,244,484
84,0,495,485,188,44,234,79,286,18,266,409
84,1,434,437,132,325,115,174,172,303,291,427
84,2,197,457,122,494,321,135,304,172,61,326
84,3,86,35,212,478,52,221,128,23,135,156
84,4,191,292,128,130,431,370,184,51,322,239
84,5,20,399,493,340,180,244,290,259,301,172
84,6,74,425,481,207,272,220,198,310,75,211
84,7,437,492,175,176,323,220,119,208,93,243
84,8,505,243,106,48,497,362,182,321,275,359
84,9,281,247,208,339,498,348,509,428,53,403
84,10,248,222,225,401,147,102,511,189,308,472
84,11,301,324,306,334,436,344,197,234,496,29
84,12,7,22,489,415,510,80,234,247,353,73
84,13,103,39,427,141,137,377,474,508,411,509
84,14,167,503,58,101,33,471,485,193,73,318
84,15,492,319,122,416,452,202,150,482,443,421
84,16,444,279,314,462,122,406,357,79,150,54
84,17,182,289,297,444,9,36,86,194,431,335
84,18,90,284,419,86,304,272,274,316,432,192
84,19,97,119,485,216,202,364,156,32,117,305
84,20,184,322,386,64,48,172,239,46,235,41
84,21,67,247,175,192,488,496,437,162,77,376
84,22,65,224,20,130,255,39,403,469,432,463
84,23,326,75,432,53,67,304,10,180,409,14
84,24,467,321,362,281,106,243,374,359,83,94
84,25,281,208,247,339,509,358,228,306,181,257
84,26,511,147,472,79,422,115,359,401,365,339
84,27,301,324,344,489,232,444,31,125,29,436
84,28,80,489,353,415,0,72,73,247,359,249
84,29,103,334,411,508,154,161,378,509,39,141
84,30,167,503,471,73,157,193,400,58,101,403
84,31,492,319,416,443,202,452,421,176,45,482
84,32,444,314,279,295,150,122,0,406,462,79
84,33,297,9,182,205,289,335,444,204,36,137
84,34,419,90,61,86,179,432,304,3,92,284
84,35,97,202,32,485,364,156,337,123,263,249
84,36,322,184,46,386,239,192,235,41,327,64
84,37,192,67,351,78,288,247,201,162,488,175
84,38,65,255,463,224,20,23,125,39,435,126
84,39,432,326,180,75,410,63,141,70,101,53
84,40,422,257,19,285,314,330,83,393,65,105
84,41,397,215,429,158,40,408,220,32,99,343
84,42,473,62,260,16,480,20,355,197,419,342
84,43,178,509,104,354,335,458,395,400,460,233
84,44,446,120,134,155,223,293,95,289,55,176
84,45,15,84,140,447,2,294,390,111,503,244
84,46,169,181,272,378,252,332,15,323,381,457
84,47,320,202,326,149,492,379,337,150,336,281
85,0,316,446,384,98,167,401,414,376,211,474
85,1,378,302,238,293,62,420,102,370,336,280
85,2,197,30,470,439,367,315,436,493,311,106
85,3,102,478,451,406,86,18,23,37,343,221
85,4,445,339,393,67,184,69,96,468,16,292
85,5,391,275,470,278,379,485,505,20,493,79
85,6,220,498,250,74,145,495,137,142,47,207
85,7,473,352,20,72,132,323,318,208,503,374
85,8,275,192,48,487,357,448,243,501,116,59
85,9,355,208,339,204,503,498,391,348,135,21
85,10,497,248,410,131,95,444,490,189,419,494
85,11,335,496,337,46,287,306,334,25,234,453
85,12,227,299,22,98,313,502,495,395,15,178
85,13,114,499,332,39,48,176,348,155,270,201
85,14,58,425,454,301,20,429,185,485,132,34
85,15,340,122,160,319,416,150,492,197,452,395
85,16,444,456,54,279,122,9,77,227,229,79
85,17,289,297,436,240,348,85,313,364,182,260
85,18,304,152,287,62,61,307,354,412,192,306
85,19,254,187,249,327,245,337,217,504,144,67
85,20,41,192,140,98,27,64,177,167,366,166
85,21,67,351,167,192,164,247,201,331,495,488
85,22,160,126,8,23,52,255,224,463,499,459
85,23,410,53,262,453,476,124,117,24,465,69
85,24,501,275,236,20,311,178,48,185,243,241
85,25,208,355,339,257,348,503,498,135,281,496
85,26,248,131,189,410,497,95,305,222,225,201
85,27,335,46,306,496,320,334,234,25,453,339
85,28,227,299,495,313,98,22,395,47,55,15
85,29,114,499,48,332,486,348,454,176,39,427
85,30,185,454,425,58,33,351,301,254,485,20
85,31,340,122,319,492,69,160,416,395,150,353
85,32,456,444,106,279,54,438,227,199,77,48
85,33,348,221,297,289,182,313,487,436,296,213
85,34,152,304,92,61,354,307,62,412,396,58
85,35,187,337,503,211,249,364,437,227,504,67
85,36,192,98,187,41,257,177,180,455,184,64
85,37,351,192,167,201,78,67,164,247,331,86
85,38,160,126,8,23,224,52,463,255,35,215
85,39,410,481,117,124,53,453,10,507,186,101
85,40,171,330,65,285,43,422,390,257,367,288
85,41,49,220,32,209,215,41,500,168,151,180
85,42,62,260,491,369,355,382,130,394,113,473
85,43,395,104,400,92,509,354,233,335,178,435
85,44,155,293,55,122,250,225,97,181,99,479
85,45,140,244,294,447,15,26,453,390,89,189
85,46,332,492,41,381,409,493,446,325,276,71
85,47,48,501,136,427,131,234,492,2,292,287
86,0,23,219,264,320,79,258,70,166,282,321
86,1,23,420,211,113,370,102,215,85,203,293
86,2,402,197,311,30,436,387,493,307,44,172
86,3,23,102,478,86,212,495,237,451,221,184
86,4,237,130,152,292,24,51,405,184,468,339
86,5,379,37,391,278,5,76,493,275,20,437
86,6,220,74,84,498,391,137,198,142,47,307
86,7,473,132,352,93,128,72,75,323,220,208
86,8,275,236,178,243,311,48,241,78,423,402
86,9,355,208,339,503,257,135,281,498,21,204
86,10,248,305,410,131,222,189,225,351,497,352
86,11,335,46,18,324,339,480,306,25,287,496
86,12,395,47,227,22,495,299,313,400,312,55
86,13,114,499,454,332,486,48,348,427,39,326
86,14,185,58,301,33,454,485,351,503,20,425
86,15,340,319,122,492,416,452,69,395,229,421
86,16,444,279,456,79,24,122,77,199,314,106
86,17,289,182,85,348,221,297,296,487,436,313
86,18,396,92,192,354,61,287,21,307,412,142
86,19,337,187,245,144,95,46,117,211,249,503
86,20,192,98,41,187,184,64,257,180,455,229
86,21,192,488,351,247,67,76,201,331,470,330
86,22,8,307,467,215,126,434,374,435,35,440
86,23,53,410,124,262,326,511,10,453,180,481
86,24,501,412,20,467,236,311,178,275,83,113
86,25,257,339,281,208,247,496,355,498,348,497
86,26,248,189,351,305,225,339,131,222,344,201
86,27,46,480,344,489,324,447,306,18,325,287
86,28,227,47,395,22,33,55,313,400,413,312
86,29,114,454,486,189,427,332,206,499,474,348
86,30,185,425,503,22,485,351,58,33,454,6
86,31,340,492,122,319,69,416,197,395,229,421
86,32,444,456,279,106,77,199,54,24,48,79
86,33,182,348,221,416,289,313,481,27,85,296
86,34,61,396,92,412,58,56,89,354,455,90
86,35,187,337,364,211,97,117,227,144,278,76
86,36,192,98,257,187,41,184,455,229,103,475
86,37,192,201,78,351,305,336,105,76,167,94
86,38,8,307,215,467,339,126,408,35,434,424
86,39,481,410,10,53,507,101,124,117,141,453
86,40,330,285,171,390,43,422,65,383,288,399
86,41,49,151,209,215,41,160,220,94,168,152
86,42,62,369,355,177,50,473,394,120,303,216
86,43,395,104,92,400,233,354,335,509,243,93
86,44,55,225,155,237,4,176,272,133,97,122
86,45,140,294,244,470,189,454,15,390,453,447
86,46,218,332,392,71,381,276,322,199,325,361
86,47,65,175,234,492,427,39,336,292,80,102
87,0,66,10,98,479,501,175,403,207,272,426
87,1,23,34,62,240,302,293,420,75,487,430
87,2,263,411,341,252,153,439,133,410,185,292
87,3,102,478,221,308,406,501,440,122,343,90
87,4,67,485,16,53,244,479,133,96,227,239
87,5,470,119,485,131,505,82,367,203,77,52
87,6,471,27,368,12,73,42,495,454,421,83
87,7,43,343,14,473,86,214,427,198,256,362
87,8,236,311,113,467,61,501,178,83,291,321
87,9,257,281,247,339,355,77,208,497,403,498
87,10,305,248,253,225,351,189,419,472,218,131
87,11,480,344,306,18,324,46,301,25,188,447
87,12,370,120,223,255,303,227,98,209,496,497
87,13,114,454,332,326,39,486,189,218,359,206
87,14,185,58,301,167,425,503,101,485,454,145
87,15,492,319,340,122,202,395,416,443,421,452
87,16,444,279,24,314,122,77,493,150,357,106
87,17,289,27,9,140,182,97,297,416,231,85
87,18,61,84,490,192,58,168,341,142,171,200
87,19,187,337,144,364,211,245,195,117,430,202
87,20,192,91,187,257,184,98,455,173,41,103
87,21,201,449,268,327,330,312,470,488,192,78
87,22,28,306,499,52,253,17,160,463,404,113
87,23,357,410,53,124,186,326,10,67,63,481
87,24,412,311,501,467,236,20,113,178,321,83
87,25,257,339,247,281,355,434,208,496,77,18
87,26,351,248,305,189,225,472,253,344,357,419
87,27,480,46,18,489,447,344,324,306,335,130
87,28,370,255,223,120,209,227,303,426,496,98
87,29,114,486,454,332,189,276,359,377,427,176
87,30,185,503,425,301,454,22,58,254,351,6
87,31,340,319,122,492,197,69,395,164,160,416
87,32,444,106,48,456,279,77,24,314,64,199
87,33,348,221,140,289,416,27,9,182,231,97
87,34,84,61,490,56,341,168,58,89,54,354
87,35,187,337,364,211,117,227,195,46,267,169
87,36,192,91,187,257,98,184,103,455,122,41
87,37,201,268,351,327,192,261,470,449,78,312
87,38,28,306,499,52,253,160,17,113,349,16
87,39,10,357,481,186,124,170,326,141,219,53
87,40,330,285,422,334,367,475,383,390,257,198
87,41,325,475,175,41,152,43,160,380,168,386
87,42,267,62,325,78,491,396,369,355,349,46
87,43,94,400,340,243,336,104,509,395,369,335
87,44,256,499,155,220,313,144,293,294,407,258
87,45,188,140,5,244,390,447,294,11,249,49
87,46,359,110,492,332,276,381,325,266,252,446
87,47,501,372,12,126,136,342,131,244,178,497
88,0,430,321,132,186,264,190,267,16,362,36
88,1,34,23,435,62,240,29,402,211,85,281
88,2,198,97,411,263,341,264,472,491,20,437
88,3,102,279,478,221,406,308,501,31,237,248
88,4,405,310,67,85,265,485,227,74,244,445
88,5,370,255,470,415,233,82,119,485,367,54
88,6,368,444,338,12,471,421,301,42,87,377
88,7,422,43,14,343,86,164,283,214,473,279
88,8,113,236,467,311,321,20,61,275,347,178
88,9,281,257,247,339,434,355,208,18,189,181
88,10,225,248,472,351,305,222,189,253,419,302
88,11,480,46,344,25,489,18,287,324,148,306
88,12,370,400,223,209,484,255,120,278,38,227
88,13,114,486,454,218,359,326,25,189,332,206
88,14,185,503,58,301,351,145,101,425,485,286
88,15,319,340,492,443,421,407,229,452,164,416
88,16,444,24,122,314,150,279,193,64,77,48
88,17,289,140,9,97,18,85,221,416,182,216
88,18,61,490,142,417,192,122,246,58,84,54
88,19,337,187,117,364,245,144,195,211,202,169
88,20,192,187,29,136,184,91,98,64,103,41
88,21,201,327,470,488,156,449,292,268,261,208
88,22,48,28,374,440,428,325,434,375,199,328
88,23,124,326,53,10,410,24,262,159,357,67
88,24,20,412,101,501,467,386,236,321,113,498
88,25,257,339,355,281,208,496,434,385,89,487
88,26,351,248,189,222,305,472,225,302,357,422
88,27,46,480,489,18,335,379,447,287,306,6
88,28,484,400,47,370,227,395,278,209,367,320
88,29,114,486,454,189,377,441,332,276,25,359
88,30,185,503,351,301,58,22,254,454,162,471
88,31,319,340,229,197,421,164,2,122,69,160
88,32,444,106,438,116,64,77,48,199,24,150
88,33,221,444,18,216,97,289,348,464,296,416
88,34,61,417,490,455,43,89,90,246,142,293
88,35,337,364,187,117,211,195,507,267,486,94
88,36,192,187,29,184,257,64,98,41,112,103
88,37,201,261,336,327,111,78,470,156,192,376
88,38,48,428,28,325,440,375,434,374,444,328
88,39,410,170,10,124,177,53,500,326,117,481
88,40,285,422,334,19,198,466,65,166,43,383
88,41,152,160,448,168,325,95,43,395,386,343
88,42,62,369,24,216,55,379,396,299,75,362
88,43,340,400,243,369,458,127,29,256,104,106
88,44,364,468,466,479,122,465,492,258,247,97
88,45,390,244,447,492,49,33,154,214,294,263
88,46,218,332,493,276,325,381,318,435,361,15
88,47,234,292,458,9,131,39,175,102,302,287
89,0,46,330,160,505,375,407,279,3,452,210
89,1,71,59,112,251,23,483,270,275,338,435
89,2,101,10,198,97,226,142,153,402,411,472
89,3,510,221,478,102,216,237,279,308,122,495
89,4,499,417,495,359,85,118,268,479,158,304
89,5,373,370,258,233,379,203,273,367,489,255
89,6,476,368,354,198,206,469,338,393,405,211
89,7,231,343,170,422,24,473,214,362,31,502
89,8,307,467,321,113,236,362,359,20,83,501
89,9,281,257,339,208,355,434,247,305,181,455
89,10,222,248,351,472,225,419,302,189,218,305
89,11,46,489,324,480,287,306,18,487,25,496
89,12,351,463,47,80,484,413,38,227,415,457
89,13,474,377,441,411,334,508,287,114,206,253
89,14,485,58,185,254,471,425,22,503,496,162
89,15,340,197,122,184,69,395,416,319,353,229
89,16,444,250,297,77,456,325,229,151,122,106
89,17,170,348,432,289,296,221,34,97,23,416
89,18,419,361,179,303,412,199,436,284,137,61
89,19,76,311,227,6,245,144,169,341,157,364
89,20,41,64,119,420,235,192,187,103,184,455
89,21,288,154,271,297,388,208,156,397,201,408
89,22,374,479,48,150,507,276,177,325,192,422
89,23,419,124,172,170,53,54,24,328,262,476
89,24,501,412,20,351,339,272,284,11,504,192
89,25,18,339,281,208,297,349,89,148,257,359
89,26,248,153,252,222,279,339,365,311,456,188
89,27,86,287,46,229,306,277,29,90,444,472
89,28,80,321,413,11,372,242,415,281,73,90
89,29,334,411,377,422,57,253,344,457,154,189
89,30,425,471,254,22,496,58,119,485,185,160
89,31,184,340,122,197,416,160,319,209,395,347
89,32,297,229,444,250,79,151,325,199,365,77
89,33,170,348,221,296,289,97,416,53,432,23
89,34,213,419,61,434,455,384,92,89,412,432
89,35,337,483,187,117,364,76,327,169,444,271
89,36,192,184,187,98,257,64,94,41,29,180
89,37,271,154,336,201,208,156,327,388,376,447
89,38,374,48,479,507,150,276,115,177,126,192
89,39,170,410,10,124,205,500,440,177,53,326
89,40,422,285,95,198,334,466,19,65,288,383
89,41,264,152,160,168,215,343,95,395,386,325
89,42,403,55,379,299,75,396,24,163,92,373
89,43,340,400,243,458,256,369,29,104,106,303
89,44,247,364,479,466,492,465,122,258,233,97
89,45,508,114,390,214,294,492,263,447,249,176
89,46,493,325,276,381,332,318,15,464,435,128
89,47,8,88,89,226,357,166,9,131,102,269
90,0,360,19,272,392,338,149,473,293,474,405
90,1,251,405,237,264,483,16,23,403,151,311
90,2,101,503,481,226,432,153,210,215,24,251
90,3,102,478,176,406,90,364,221,31,459,216
90,4,499,495,237,314,86,16,115,349,358,130
90,5,233,346,283,370,136,266,284,52,367,183
90,6,368,476,354,312,135,393,444,247,327,338
90,7,274,206,442,396,195,390,214,422,473,362
90,8,61,307,236,501,167,113,43,467,60,412
90,9,257,434,355,281,89,269,339,247,439,208
90,10,248,225,189,55,305,351,419,494,84,222
90,11,46,131,480,306,18,25,287,489,324,334
90,12,252,227,155,221,93,413,498,351,370,439
90,13,114,454,71,486,189,359,206,326,397,276
90,14,185,145,58,258,101,345,503,348,425,301
90,15,319,340,122,492,395,160,416,67,452,202
90,16,444,279,122,456,106,314,206,24,48,199
90,17,289,348,140,329,148,436,9,505,27,85
90,18,381,220,61,213,54,354,500,192,142,455
90,19,337,187,144,223,195,211,165,227,157,482
90,20,192,187,455,103,347,29,184,91,41,94
90,21,327,201,301,393,154,261,253,336,192,409
90,22,419,316,507,193,163,66,386,177,325,368
90,23,124,53,357,67,186,326,24,262,328,235
90,24,412,61,307,236,501,60,167,20,43,178
90,25,257,434,339,269,281,355,471,496,208,305
90,26,189,248,351,55,225,305,60,357,222,131
90,27,46,489,306,480,18,287,447,131,25,335
90,28,252,498,155,221,93,351,209,227,413,439
90,29,114,486,71,276,454,189,332,377,359,206
90,30,185,503,301,351,254,425,22,0,145,454
90,31,340,122,69,395,319,416,197,452,407,160
90,32,444,106,48,456,77,193,199,279,24,122
90,33,348,221,505,329,187,169,436,182,148,9
90,34,381,220,61,213,500,455,89,34,286,54
90,35,337,187,364,211,482,227,117,278,430,223
90,36,192,187,29,103,347,455,184,94,289,8
90,37,301,336,201,154,351,447,327,253,409,192
90,38,316,419,193,507,163,66,386,115,177,325
90,39,186,124,357,10,219,262,410,214,170,53
90,40,257,367,383,65,422,288,19,43,285,366
90,41,395,448,325,147,264,386,43,168,152,430
90,42,436,389,55,186,396,61,403,237,59,24
90,43,340,400,243,256,167,458,369,137,104,67
90,44,364,122,34,465,47,466,288,160,492,232
90,45,346,114,376,435,244,3,426,214,263,492
90,46,121,381,244,266,332,325,276,373,435,15
90,47,89,226,357,8,88,452,9,131,431,93
91,0,68,247,492,360,403,338,49,404,9,61
91,1,212,195,135,16,179,305,156,330,273,224
91,2,168,432,497,74,265,313,364,139,88,153
91,3,406,102,478,221,343,501,156,248,275,37
91,4,136,244,467,93,16,327,508,208,239,133
91,5,52,367,402,470,61,183,268,505,317,358
91,6,393,353,327,138,135,486,481,347,480,136
91,7,28,21,214,413,501,198,318,457,511,324
91,8,501,61,20,192,272,467,60,307,339,43
91,9,257,281,339,38,247,148,89,228,498,305
91,10,55,189,248,225,351,419,236,252,222,494
91,11,46,324,306,489,344,480,81,287,487,29
91,12,269,209,497,242,214,75,413,360,165,439
91,13,114,71,419,359,206,276,377,189,422,454
91,14,185,119,258,171,22,254,503,496,58,0
91,15,416,122,319,452,340,492,197,407,45,304
91,16,444,79,229,456,295,54,193,279,77,122
91,17,348,182,289,170,221,34,85,425,169,207
91,18,61,207,54,394,192,381,327,298,286,455
91,19,337,187,316,373,157,76,169,440,144,117
91,20,235,455,125,192,187,184,103,29,41,57
91,21,299,206,400,201,59,311,442,345,154,336
91,22,369,269,295,142,113,325,379,414,230,468
91,23,124,53,328,180,101,10,500,397,235,481
91,24,501,60,61,412,307,20,178,4,281,43
91,25,339,257,281,38,208,148,269,399,228,498
91,26,189,248,236,55,351,222,225,487,252,131
91,27,46,306,489,324,229,447,287,81,344,510
91,28,209,269,214,75,360,127,242,439,252,165
91,29,419,114,359,71,474,206,30,367,377,167
91,30,185,142,485,425,119,503,22,6,301,0
91,31,340,416,122,395,452,160,492,197,353,319
91,32,456,444,54,229,295,501,9,106,193,77
91,33,425,348,221,187,309,289,297,207,329,436
91,34,54,327,381,298,61,286,207,394,416,384
91,35,373,187,337,210,157,249,73,227,316,364
91,36,125,192,235,57,455,315,422,187,91,184
91,37,351,299,311,400,345,201,59,336,206,261
91,38,369,295,113,379,142,468,273,404,163,500
91,39,117,101,357,10,262,186,481,53,124,214
91,40,362,367,6,366,65,285,257,383,288,330
91,41,100,380,12,175,395,196,168,43,505,386
91,42,22,68,479,396,237,245,138,67,133,45
91,43,387,340,94,378,400,181,243,509,471,386
91,44,270,173,122,232,191,73,155,294,337,69
91,45,244,376,426,199,126,140,188,7,249,119
91,46,245,41,332,492,446,499,292,253,381,276
91,47,297,125,29,136,33,181,12,463,452,126
92,0,76,361,101,301,21,218,177,375,158,217
92,1,76,226,61,250,405,195,230,311,16,182
92,2,354,168,166,74,497,265,364,153,196,226
92,3,102,406,495,478,31,237,428,166,133,227
92,4,265,175,449,310,244,93,130,16,327,467
92,5,296,233,206,37,52,367,284,183,358,415
92,6,87,382,243,393,236,353,479,327,135,291
92,7,28,470,235,214,324,449,442,422,269,473
92,8,61,501,307,4,272,412,60,192,467,386
92,9,257,281,89,305,339,471,434,228,498,335
92,10,225,55,189,248,120,222,446,419,252,305
92,11,46,81,306,324,131,247,489,18,25,460
92,12,243,400,227,47,278,209,267,367,413,416
92,13,114,486,397,359,206,233,326,71,441,454
92,14,185,503,485,58,0,101,251,348,318,478
92,15,319,416,492,122,452,202,45,95,407,490
92,16,150,444,279,314,295,122,206,456,193,77
92,17,182,289,444,297,9,34,348,85,221,148
92,18,61,183,21,142,381,286,455,192,384,54
92,19,337,195,169,144,97,432,202,364,227,278
92,20,184,455,103,187,97,192,422,125,41,235
92,21,425,201,299,393,336,111,319,388,488,327
92,22,221,368,113,441,211,416,163,243,440,403
92,23,53,326,432,328,180,124,10,101,67,304
92,24,467,83,501,321,167,412,362,20,281,480
92,25,281,339,208,434,247,181,305,509,18,148
92,26,222,511,365,472,189,248,366,422,302,339
92,27,489,324,46,229,247,306,301,29,31,245
92,28,281,413,339,353,0,321,125,302,415,80
92,29,344,435,114,334,475,422,39,161,441,154
92,30,503,185,22,167,471,485,425,318,268,420
92,31,416,492,319,340,197,452,122,229,443,407
92,32,444,77,122,314,279,357,151,410,150,199
92,33,9,289,182,221,348,436,169,18,416,34
92,34,61,419,381,142,183,21,455,43,265,286
92,35,337,187,169,364,195,117,278,426,76,144
92,36,125,192,184,455,103,97,187,422,29,257
92,37,425,336,201,299,393,111,261,374,327,319
92,38,221,441,211,113,368,440,334,416,163,403
92,39,101,10,481,53,170,328,186,124,197,262
92,40,362,367,257,285,422,383,65,19,325,288
92,41,100,448,147,325,395,386,175,430,103,43
92,42,186,396,216,369,61,55,50,120,46,134
92,43,400,57,243,340,312,386,67,300,372,278
92,44,122,468,232,155,181,364,289,69,465,291
92,45,244,376,426,199,214,496,233,11,105,249
92,46,292,332,218,252,12,293,373,435,276,121
92,47,226,431,8,24,175,39,357,131,452,509
93,0,289,103,386,149,414,68,411,403,237,54
93,1,415,504,39,273,47,351,212,330,224,195
93,2,440,415,313,432,74,192,66,153,168,497
93,3,406,102,343,478,31,53,185,221,498,244
93,4,467,244,16,133,136,508,327,466,239,132
93,5,268,402,253,79,218,33,52,183,505,367
93,6,327,124,197,135,393,236,365,481,291,138
93,7,440,28,413,511,251,21,309,362,214,213
93,8,43,61,501,236,369,272,4,314,391,192
93,9,281,498,339,257,208,282,434,355,175,247
93,10,189,225,248,222,448,487,55,419,236,511
93,11,306,324,247,46,18,455,489,344,81,25
93,12,413,331,214,497,224,439,242,111,209,269
93,13,114,419,71,278,30,359,241,206,441,397
93,14,185,485,58,101,0,496,425,119,348,478
93,15,122,319,416,202,458,340,492,95,395,452
93,16,279,456,444,54,150,193,295,199,79,412
93,17,182,425,289,297,348,207,309,221,371,85
93,18,416,54,207,76,61,156,192,394,455,69
93,19,373,227,337,311,210,187,316,169,317,144
93,20,235,192,455,187,103,422,41,184,400,147
93,21,311,345,206,201,425,400,442,59,461,299
93,22,369,159,468,269,273,10,415,494,230,84
93,23,155,401,328,96,250,53,81,318,175,457
93,24,501,233,304,61,43,236,20,372,48,138
93,25,208,281,339,71,498,269,135,434,257,247
93,26,248,222,131,511,55,189,225,393,419,305
93,27,234,46,324,3,306,363,301,334,415,444
93,28,453,269,415,209,75,214,331,497,247,353
93,29,474,329,128,412,411,195,508,39,114,420
93,30,383,58,188,485,90,167,425,503,101,268
93,31,122,319,416,492,160,202,340,150,452,95
93,32,444,279,314,54,91,402,456,295,122,77
93,33,425,297,72,289,430,182,371,70,73,499
93,34,234,416,388,321,156,90,54,296,76,394
93,35,63,210,376,26,249,97,156,212,101,32
93,36,464,184,507,239,215,235,322,366,166,247
93,37,337,242,474,86,351,311,345,466,287,18
93,38,369,159,468,273,415,10,269,500,71,329
93,39,390,146,250,416,75,163,155,101,70,511
93,40,244,227,422,278,203,6,19,257,88,393
93,41,94,67,180,434,215,380,429,435,266,484
93,42,22,245,472,479,45,97,67,310,203,138
93,43,509,354,335,395,378,94,377,181,87,180
93,44,440,43,270,4,173,158,196,191,289,294
93,45,406,140,201,119,126,5,330,238,375,167
93,46,41,499,64,446,492,77,372,469,30,161
93,47,463,125,297,424,126,33,181,199,340,155
94,0,412,319,251,168,294,205,109,235,431,371
94,1,440,125,57,88,475,100,303,38,446,181
94,2,342,511,444,107,37,496,89,436,207,280
94,3,237,408,196,139,478,269,293,197,177,102
94,4,506,73,346,294,357,389,465,325,198,332
94,5,68,74,56,112,110,244,259,20,263,482
94,6,292,68,397,237,435,185,168,182,403,259
94,7,177,316,33,489,302,139,92,473,163,325
94,8,356,138,233,192,304,205,359,48,243,185
94,9,208,339,135,281,155,498,68,71,313,89
94,10,248,419,131,424,55,129,393,222,328,305
94,11,234,363,334,496,415,456,335,3,301,422
94,12,218,37,246,143,228,287,220,217,459,82
94,13,265,329,412,128,39,474,345,264,195,385
94,14,383,188,90,33,58,138,92,212,179,84
94,15,340,122,347,319,150,197,160,416,136,169
94,16,480,91,444,51,462,262,202,110,74,94
94,17,72,372,297,499,488,324,289,466,381,454
94,18,503,282,483,497,127,388,510,385,386,250
94,19,63,26,210,212,376,313,101,97,249,245
94,20,464,507,366,78,184,239,258,335,215,247
94,21,242,337,456,464,287,474,18,91,376,203
94,22,77,283,78,43,86,181,281,401,122,264
94,23,146,390,163,95,75,476,511,236,53,51
94,24,138,356,106,503,233,243,304,359,48,450
94,25,208,443,135,214,155,71,210,281,339,152
94,26,424,129,393,456,211,173,348,248,5,330
94,27,456,234,181,444,334,415,363,301,324,197
94,28,217,246,37,220,143,290,218,459,228,415
94,29,423,128,329,264,412,317,352,328,411,220
94,30,33,383,403,167,90,425,34,58,101,188
94,31,492,416,319,150,202,122,340,160,452,170
94,32,444,279,480,91,314,406,122,399,54,79
94,33,72,297,289,488,182,9,466,499,454,36
94,34,127,503,282,90,386,510,497,483,388,385
94,35,63,97,217,32,249,26,156,356,202,376
94,36,464,184,239,366,215,172,132,507,322,43
94,37,337,456,86,464,242,287,18,405,466,474
94,38,283,43,77,86,78,281,401,181,122,264
94,39,146,390,75,416,70,511,101,163,141,304
94,40,244,203,227,422,19,257,278,215,393,397
94,41,94,180,215,429,67,226,418,434,266,484
94,42,472,123,428,322,476,287,365,119,303,473
94,43,354,509,335,395,104,180,87,377,92,217
94,44,440,158,43,51,4,189,289,196,237,405
94,45,406,140,48,375,365,332,359,454,282,244
94,46,77,469,239,141,147,226,351,69,125,372
94,47,142,11,222,424,280,1,329,471,9,407
95,0,316,378,384,44,508,342,485,101,237,295
95,1,128,157,225,53,414,303,60,209,174,123
95,2,286,495,500,280,405,477,321,310,197,87
95,3,86,478,342,237,403,1,221,343,13,505
95,4,292,168,184,54,67,385,393,102,290,508
95,5,202,420,11,413,259,483,20,391,133,160
95,6,179,498,47,441,234,188,430,142,151,359
95,7,220,208,374,174,325,275,117,357,303,352
95,8,447,227,116,470,311,316,162,414,408,11
95,9,208,122,395,40,502,21,140,503,135,53
95,10,269,349,419,248,131,350,176,497,277,5
95,11,234,335,17,188,337,306,189,197,339,378
95,12,505,251,14,313,144,227,495,480,82,73
95,13,265,201,176,264,270,480,42,348,6,39
95,14,34,82,381,94,461,403,450,340,6,75
95,15,160,150,178,122,340,92,28,347,47,37
95,16,133,480,231,199,444,333,262,283,202,370
95,17,454,68,260,72,93,289,276,488,296,299
95,18,219,287,306,443,444,340,284,58,109,90
95,19,217,80,249,78,245,390,26,356,232,434
95,20,456,477,41,167,479,171,457,177,318,415
95,21,86,466,78,351,281,453,239,367,488,405
95,22,373,215,320,225,255,442,125,279,65,489
95,23,476,416,163,511,146,236,176,214,53,299
95,24,447,227,162,113,470,116,311,316,496,11
95,25,53,395,40,208,146,71,21,502,140,122
95,26,269,248,300,349,350,131,95,328,176,173
95,27,188,234,17,335,444,306,189,337,103,334
95,28,505,251,480,144,227,313,470,14,299,58
95,29,317,264,480,176,340,18,201,348,58,42
95,30,34,403,425,18,94,450,461,82,43,264
95,31,122,160,150,47,178,340,92,347,28,302
95,32,133,109,199,231,66,333,54,478,456,480
95,33,454,260,93,296,240,68,216,289,276,36
95,34,219,287,443,306,444,58,90,109,340,125
95,35,80,217,249,78,390,364,131,454,356,51
95,36,456,167,477,457,171,184,418,318,415,43
95,37,86,466,78,351,384,405,331,287,337,171
95,38,215,373,320,225,255,125,279,339,489,506
95,39,416,511,476,146,176,170,53,163,101,462
95,40,203,215,227,397,498,390,244,278,65,383
95,41,425,151,220,418,175,94,49,326,424,393
95,42,472,123,380,137,355,16,448,349,64,303
95,43,2,509,104,92,335,395,178,492,94,353
95,44,473,55,237,446,4,28,418,440,154,63
95,45,454,140,470,61,433,264,333,189,451,317
95,46,504,215,378,213,322,281,374,261,268,438
95,47,134,458,366,80,39,148,48,417,270,424
96,0,123,188,485,79,234,286,117,149,428,18
96,1,261,53,437,414,157,303,434,128,209,174
96,2,280,495,135,500,185,457,286,197,222,89
96,3,342,86,478,403,35,221,237,13,343,139
96,4,184,292,168,431,54,191,290,311,58,329
96,5,483,413,420,75,20,259,11,391,160,202
96,6,47,498,151,441,430,142,188,179,63,285
96,7,208,220,295,275,117,374,325,437,132,174
96,8,447,227,119,359,113,311,391,243,106,256
96,9,208,122,145,293,40,498,395,21,146,53
96,10,269,300,350,419,248,218,95,469,328,131
96,11,188,451,335,230,17,501,189,306,337,258
96,12,505,438,377,480,144,227,313,82,14,58
96,13,340,18,264,390,475,58,201,5,480,173
96,14,43,34,113,28,268,264,101,225,94,478
96,15,150,47,122,160,92,504,202,95,178,462
96,16,478,133,199,109,231,54,66,456,79,9
96,17,454,260,460,36,312,51,182,297,68,289
96,18,219,287,90,443,241,306,477,444,274,58
96,19,78,273,389,249,80,217,364,305,454,492
96,20,456,501,171,457,448,477,167,41,177,479
96,21,86,239,281,466,78,351,136,164,307,141
96,22,125,255,186,65,225,494,469,489,373,442
96,23,476,416,511,328,299,53,214,236,138,163
96,24,447,113,227,119,162,311,171,185,256,497
96,25,53,208,146,145,40,395,21,71,293,502
96,26,300,218,493,328,398,248,469,169,269,95
96,27,188,451,335,306,501,230,200,207,425,334
96,28,377,480,438,257,505,489,144,227,58,313
96,29,340,58,18,475,317,390,264,5,265,480
96,30,34,403,43,425,28,268,301,113,6,101
96,31,122,160,150,47,340,92,136,504,395,319
96,32,133,109,478,199,54,444,231,72,66,456
96,33,260,454,216,36,93,312,289,221,182,436
96,34,219,90,306,287,241,443,58,477,109,308
96,35,249,80,217,273,364,78,305,454,449,97
96,36,456,184,167,457,75,166,477,171,177,41
96,37,86,78,239,281,351,466,164,136,305,307
96,38,125,225,255,65,186,494,489,215,469,373
96,39,511,416,476,170,176,101,462,146,141,304
96,40,215,203,227,498,390,383,285,422,65,475
96,41,418,175,151,425,424,220,49,326,311,498
96,42,448,16,472,304,355,380,123,480,137,394
96,43,2,104,335,509,416,92,395,178,353,492
96,44,473,55,446,237,272,120,28,119,136,176
96,45,470,140,454,84,189,451,333,244,433,472
96,46,322,214,392,252,66,336,378,332,374,181
96,47,320,270,298,336,326,31,492,480,150,349
97,0,167,384,316,270,98,62,401,272,425,246
97,1,420,363,62,53,102,410,293,75,483,209
97,2,185,280,439,367,500,405,404,225,263,11
97,3,18,478,342,102,343,31,86,221,237,476
97,4,184,168,292,508,67,166,445,393,287,290
97,5,483,275,391,413,5,20,90,415,485,187
97,6,47,137,498,73,495,430,63,142,113,441
97,7,503,132,220,117,208,325,328,352,275,154
97,8,447,227,113,496,311,162,372,106,359,316
97,9,146,208,395,53,21,122,40,145,349,502
97,10,248,269,350,328,419,497,131,95,176,218
97,11,188,335,337,334,306,207,258,234,17,103
97,12,505,299,223,227,480,313,303,98,415,251
97,13,264,270,176,18,58,480,39,340,348,141
97,14,425,34,18,94,403,43,461,33,264,101
97,15,150,160,122,47,178,92,28,416,340,202
97,16,478,133,54,199,109,231,63,444,79,66
97,17,260,454,312,93,378,68,289,36,216,296
97,18,90,287,219,443,58,306,241,108,62,274
97,19,249,80,78,217,305,389,492,364,97,286
97,20,167,43,140,75,171,41,457,456,477,479
97,21,331,86,351,268,466,78,91,405,116,292
97,22,215,225,8,52,328,349,172,434,442,463
97,23,476,511,214,53,146,416,75,124,163,101
97,24,447,113,162,227,256,106,497,311,171,455
97,25,146,53,208,395,145,40,71,157,21,281
97,26,248,328,300,176,350,218,269,131,95,188
97,27,188,335,334,207,306,301,17,234,337,444
97,28,299,505,223,480,227,313,251,98,144,460
97,29,58,348,141,475,176,264,270,18,340,81
97,30,403,425,34,33,193,18,264,43,301,101
97,31,150,122,160,319,202,47,492,340,92,178
97,32,109,133,199,54,478,444,333,279,456,66
97,33,260,312,454,216,36,182,93,296,289,378
97,34,90,219,287,493,443,306,58,61,108,109
97,35,80,258,364,305,249,78,217,97,104,286
97,36,184,43,140,167,501,75,171,87,172,418
97,37,331,351,86,405,78,30,466,171,268,198
97,38,215,225,8,349,52,489,328,463,435,434
97,39,511,476,176,146,75,53,263,304,141,416
97,40,227,203,422,146,215,19,65,390,285,257
97,41,215,175,151,152,94,326,259,49,220,147
97,42,369,216,472,362,491,355,50,186,396,380
97,43,335,104,509,395,92,94,15,354,312,255
97,44,250,55,237,176,440,120,473,258,4,133
97,45,472,140,454,470,70,390,447,492,104,214
97,46,218,71,332,15,425,69,381,504,276,322
97,47,39,65,48,245,234,175,131,446,461,329
98,0,464,79,219,381,320,416,23,201,384,288
98,1,215,23,471,483,414,174,447,410,323,420
98,2,483,500,74,185,280,379,257,404,212,436
98,3,478,86,403,237,102,342,221,364,175,31
98,4,340,152,184,237,292,168,499,58,329,130
98,5,5,172,483,413,391,275,76,244,257,20
98,6,441,188,47,137,416,74,142,84,234,498
98,7,132,220,503,275,352,473,208,245,357,437
98,8,447,426,311,227,496,162,113,210,372,192
98,9,208,146,53,395,122,339,135,21,157,443
98,10,248,350,131,328,269,419,176,253,218,300
98,11,339,335,460,188,337,234,334,306,258,378
98,12,493,505,144,33,227,103,480,313,299,47
98,13,270,39,264,348,328,176,427,139,124,114
98,14,33,58,403,425,101,471,251,254,250,485
98,15,416,340,492,160,122,452,319,197,229,170
98,16,444,77,122,54,406,279,462,357,199,295
98,17,289,260,297,488,466,182,221,454,86,173
98,18,90,21,287,125,443,84,219,96,308,23
98,19,249,245,97,78,217,364,117,432,449,258
98,20,184,41,167,456,215,172,43,335,366,464
98,21,384,0,331,86,351,287,91,151,466,405
98,22,408,489,339,181,8,328,69,225,463,126
98,23,146,53,476,416,74,170,326,101,304,159
98,24,426,48,447,497,311,106,162,243,192,113
98,25,208,53,339,146,281,71,21,395,503,18
98,26,131,218,248,176,339,328,350,189,95,269
98,27,334,306,335,188,234,301,460,425,339,324
98,28,144,505,493,33,227,313,47,299,480,14
98,29,176,58,348,114,264,474,270,81,427,129
98,30,403,425,33,301,58,471,485,450,503,34
98,31,160,122,416,452,340,319,150,197,492,229
98,32,444,109,54,456,199,122,9,77,279,229
98,33,260,289,221,312,216,436,297,240,182,454
98,34,84,90,287,493,219,21,125,432,443,96
98,35,282,97,249,217,305,117,364,80,78,258
98,36,184,215,456,43,41,167,192,251,229,501
98,37,0,384,331,351,287,86,405,78,466,376
98,38,408,339,489,126,69,181,8,225,255,328
98,39,476,170,101,416,326,53,146,141,67,304
98,40,422,203,19,227,285,166,215,257,65,393
98,41,425,94,220,151,444,95,215,429,326,468
98,42,220,303,351,473,355,382,119,130,472,16
98,43,121,509,104,335,312,15,435,62,137,354
98,44,4,225,293,176,144,440,258,346,120,289
98,45,390,140,447,492,26,154,244,125,426,89
98,46,504,15,265,69,332,276,425,431,409,381
98,47,80,39,166,131,278,9,102,234,149,269
99,0,188,485,79,123,138,234,277,286,306,191
99,1,261,437,414,215,434,23,363,471,392,410
99,2,135,500,457,436,483,74,280,185,379,61
99,3,342,221,478,86,35,343,52,237,476,403
99,4,191,431,168,184,340,292,128,152,447,476
99,5,75,172,483,399,413,244,20,11,180,76
99,6,151,441,188,416,74,498,47,142,22,130
99,7,295,220,275,437,208,175,95,119,473,352
99,8,426,447,210,106,359,119,391,256,243,48
99,9,208,145,53,281,293,247,146,285,191,122
99,10,469,169,300,328,350,511,493,113,359,462
99,11,425,324,230,306,188,301,451,334,501,197
99,12,377,505,438,480,144,33,257,312,368,415
99,13,340,173,390,58,141,475,103,39,265,264
99,14,264,43,101,113,28,225,167,268,34,193
99,15,47,202,492,150,95,122,92,319,504,416
99,16,478,279,54,79,503,199,109,406,133,456
99,17,312,454,36,260,182,216,271,460,51,436
99,18,90,241,287,443,477,58,306,223,274,21
99,19,330,305,273,78,389,97,249,364,156,32
99,20,448,43,501,167,177,172,229,456,5,184
99,21,281,239,30,136,86,0,307,305,83,198
99,22,186,489,463,65,469,255,494,39,69,125
99,23,511,53,476,304,416,75,424,101,176,154
99,24,426,119,171,256,391,52,210,48,106,447
99,25,208,145,146,40,191,53,157,21,293,340
99,26,328,300,248,218,350,511,169,95,176,469
99,27,425,334,188,301,306,324,451,335,207,150
99,28,377,438,480,144,103,33,257,505,489,227
99,29,340,58,173,141,390,280,486,475,18,270
99,30,403,193,33,34,264,43,28,101,6,425
99,31,122,150,160,319,92,178,340,47,95,202
99,32,199,79,54,478,133,109,456,9,231,66
99,33,260,312,182,355,36,405,68,460,454,296
99,34,90,241,306,493,443,477,287,84,61,219
99,35,273,258,80,330,418,305,249,364,389,69
99,36,448,167,184,415,43,5,177,75,501,172
99,37,239,30,281,78,351,136,307,0,198,305
99,38,65,489,186,494,463,255,125,39,69,469
99,39,511,476,176,416,304,75,101,53,354,205
99,40,203,215,498,227,323,390,146,330,350,65
99,41,151,49,220,326,215,425,444,418,429,216
99,42,473,16,448,355,304,20,480,394,419,482
99,43,104,15,395,92,178,93,335,121,137,312
99,44,473,55,446,237,120,272,176,372,136,181
99,45,140,454,470,2,84,189,351,104,70,230
99,46,181,392,66,169,378,322,211,332,261,57
99,47,149,320,492,337,480,336,326,379,281,150
100,0,36,98,316,264,384,197,474,401,376,207
100,1,410,363,62,420,293,34,302,265,281,23
100,2,20,263,491,74,439,436,367,404,185,411
100,3,450,451,221,478,343,237,102,122,342,440
100,4,67,393,96,385,69,54,311,239,51,468
100,5,160,391,245,485,483,505,131,2,133,470
100,6,250,73,151,495,498,441,142,47,83,84
100,7,365,374,5,168,20,322,220,352,134,473
100,8,426,311,447,48,210,106,256,243,359,391
100,9,208,146,145,53,281,191,122,38,349,21
100,10,218,248,328,377,378,31,253,350,419,95
100,11,306,425,334,324,150,301,207,468,337,188
100,12,313,98,460,144,227,505,312,495,401,114
100,13,58,141,47,129,270,139,441,474,264,124
100,14,101,73,471,403,425,43,75,34,301,264
100,15,122,150,160,340,416,395,92,452,504,47
100,16,54,478,456,199,279,109,444,79,9,66
100,17,260,312,261,182,436,454,216,289,221,36
100,18,90,152,66,443,241,274,150,227,58,287
100,19,330,305,273,249,78,282,364,80,389,245
100,20,167,172,177,97,455,501,456,18,41,43
100,21,281,30,307,268,305,239,351,86,164,221
100,22,45,424,489,429,463,186,320,121,69,52
100,23,511,53,476,431,101,75,304,214,416,354
100,24,426,391,171,311,210,48,447,405,106,296
100,25,146,208,53,145,71,175,21,339,191,349
100,26,248,218,328,511,95,350,176,300,31,131
100,27,334,306,425,324,207,335,150,188,301,339
100,28,460,98,313,236,227,144,480,505,495,223
100,29,58,141,486,114,340,348,265,264,474,270
100,30,403,471,425,101,193,73,33,34,43,301
100,31,122,160,150,416,92,340,179,95,395,319
100,32,79,199,54,444,279,456,109,478,9,133
100,33,260,182,444,405,312,296,239,221,68,261
100,34,90,241,66,150,152,84,306,493,406,61
100,35,364,273,80,305,258,330,249,97,389,227
100,36,184,415,167,41,5,43,75,112,501,172
100,37,30,351,305,307,239,78,198,281,86,268
100,38,489,424,45,463,186,429,320,125,121,65
100,39,511,101,304,476,205,141,176,416,53,75
100,40,203,390,422,330,475,323,227,215,257,350
100,41,151,49,215,220,458,326,152,175,444,259
100,42,355,137,394,304,71,448,139,482,491,362
100,43,104,92,395,15,93,312,335,178,233,137
100,44,176,55,237,473,446,272,133,28,120,372
100,45,454,140,470,405,189,104,84,351,70,230
100,46,214,392,332,322,35,336,381,252,199,57
100,47,360,270,458,298,492,31,480,52,336,320
101,0,267,190,362,186,430,511,306,218,217,3
101,1,477,363,410,203,102,420,23,378,402,214
101,2,161,367,436,491,500,110,185,74,30,495
101,3,221,364,185,86,478,342,451,102,450,31
101,4,311,399,54,67,468,184,310,152,63,393
101,5,391,160,483,2,133,290,76,20,158,244
101,6,250,151,73,498,441,142,495,338,47,471
101,7,365,374,168,275,5,208,220,352,322,295
101,8,426,311,391,48,210,447,106,359,256,61
101,9,281,208,247,146,145,38,191,53,54,349
101,10,218,511,248,222,378,95,253,328,419,380
101,11,306,324,425,334,150,29,301,468,46,207
101,12,313,144,460,98,312,47,227,236,33,438
101,13,47,139,58,141,441,129,474,377,340,21
101,14,471,101,425,318,403,73,478,33,167,58
101,15,122,416,319,150,452,492,160,395,340,95
101,16,444,54,279,79,456,77,199,109,295,229
101,17,260,182,312,216,261,436,444,289,221,405
101,18,90,241,66,152,150,493,443,84,219,395
101,19,282,305,364,273,330,227,249,97,245,449
101,20,97,184,455,41,23,501,167,466,177,192
101,21,305,281,30,307,56,239,164,351,0,221
101,22,186,424,489,429,469,125,121,463,467,255
101,23,101,304,53,511,476,397,75,186,70,134
101,24,391,311,426,501,48,321,171,192,210,113
101,25,208,339,148,145,146,281,457,175,349,53
101,26,218,176,511,248,189,95,328,131,222,295
101,27,306,425,324,468,46,334,247,242,480,301
101,28,313,227,98,460,47,438,236,312,154,114
101,29,47,58,474,114,486,129,139,270,280,189
101,30,403,425,471,33,303,6,487,185,446,101
101,31,122,416,160,340,319,150,95,395,492,197
101,32,279,79,444,54,199,9,456,229,109,122
101,33,260,182,221,405,383,444,312,460,239,296
101,34,90,241,306,150,66,152,432,61,84,395
101,35,364,80,330,273,97,227,305,258,432,282
101,36,184,41,415,5,455,97,75,501,192,23
101,37,30,307,239,305,78,281,198,351,171,56
101,38,186,424,489,429,125,463,121,469,255,65
101,39,101,511,304,476,53,416,141,75,205,176
101,40,422,330,390,203,350,475,65,296,257,215
101,41,151,215,49,220,444,326,259,152,458,209
101,42,355,448,304,137,394,139,482,419,114,342
101,43,104,395,92,15,312,93,137,335,178,233
101,44,176,55,237,473,446,272,133,372,28,120
101,45,140,470,454,189,84,351,104,244,70,323
101,46,214,332,392,322,336,35,381,252,57,199
101,47,270,320,298,480,492,31,336,326,349,54
102,0,98,139,316,10,167,403,401,501,62,384
102,1,410,240,62,34,363,420,293,302,134,238
102,2,263,185,439,367,74,436,411,404,491,133
102,3,18,343,221,478,412,237,102,308,156,406
102,4,166,67,385,508,16,96,102,239,354,142
102,5,81,470,485,275,131,79,505,483,60,90
102,6,495,73,137,471,498,47,84,279,42,255
102,7,101,511,245,501,43,108,352,281,198,214
102,8,391,426,210,351,311,113,256,61,48,465
102,9,191,208,40,38,146,145,349,83,129,53
102,10,248,378,462,95,419,169,218,380,113,227
102,11,425,324,103,306,301,334,188,279,46,379
102,12,223,48,98,286,299,144,505,242,401,227
102,13,47,58,21,104,39,139,141,18,377,114
102,14,305,471,101,43,264,34,75,425,358,73
102,15,122,160,150,416,504,92,47,178,340,95
102,16,54,478,456,79,133,199,203,231,9,444
102,17,260,355,182,36,312,296,405,289,421,68
102,18,90,61,152,58,241,84,274,23,443,192
102,19,330,80,305,258,249,78,364,418,463,227
102,20,140,173,167,415,339,75,455,97,43,171
102,21,30,268,351,331,312,198,86,354,78,171
102,22,52,160,306,489,215,499,8,253,463,404
102,23,53,431,476,176,101,354,511,186,124,263
102,24,296,311,391,52,465,426,48,106,210,113
102,25,208,157,146,145,191,71,340,53,129,40
102,26,248,95,328,300,253,218,380,511,176,350
102,27,334,306,207,188,425,324,335,197,301,103
102,28,223,286,299,480,103,98,505,48,227,212
102,29,280,141,486,264,114,475,18,474,58,21
102,30,425,101,34,33,305,18,264,471,193,77
102,31,122,150,160,340,319,395,504,92,309,347
102,32,456,199,133,54,79,9,66,478,227,72
102,33,68,260,296,182,312,378,36,405,454,221
102,34,90,152,108,84,62,58,443,241,306,406
102,35,80,364,330,396,305,249,89,227,78,245
102,36,339,140,167,455,41,184,75,415,171,43
102,37,268,351,331,30,86,201,470,354,266,198
102,38,8,215,52,306,489,499,160,225,28,424
102,39,511,53,101,416,75,186,146,476,263,124
102,40,422,227,215,65,203,6,77,330,171,198
102,41,215,175,380,306,147,151,49,444,429,152
102,42,369,325,491,362,78,267,394,186,349,355
102,43,92,509,395,94,93,312,104,335,400,354
102,44,250,237,55,319,233,155,133,346,473,258
102,45,244,140,454,447,376,470,189,125,472,426
102,46,71,41,35,425,381,441,332,17,325,15
102,47,65,136,360,48,458,131,492,469,185,418
103,0,132,36,430,321,197,264,312,79,16,209
103,1,226,410,34,240,62,363,134,211,85,420
103,2,404,185,303,491,367,436,249,263,402,411
103,3,18,343,495,478,221,102,342,412,406,31
103,4,310,166,265,74,67,385,508,102,87,287
103,5,415,275,81,90,483,37,79,158,411,485
103,6,84,137,243,479,73,444,279,301,495,471
103,7,245,134,101,282,132,449,352,164,473,281
103,8,296,311,426,447,210,391,48,106,359,61
103,9,208,53,157,129,191,395,146,40,340,281
103,10,248,253,95,218,378,328,176,380,419,350
103,11,425,306,162,324,197,207,334,339,103,335
103,12,299,223,286,379,505,103,144,400,227,401
103,13,58,141,280,47,129,474,39,21,104,348
103,14,101,77,33,425,38,34,75,301,18,413
103,15,122,150,160,340,395,319,504,69,369,190
103,16,456,199,133,54,444,66,412,9,79,227
103,17,68,260,221,454,296,378,364,36,312,297
103,18,108,90,21,443,152,58,241,308,192,287
103,19,245,80,78,364,249,227,282,46,330,454
103,20,140,339,455,95,41,75,167,456,187,192
103,21,331,292,268,266,470,198,351,201,91,30
103,22,215,440,8,328,434,428,467,489,221,424
103,23,53,186,124,431,511,476,262,235,101,177
103,24,296,311,106,447,426,501,210,359,391,52
103,25,208,71,53,157,498,340,503,339,281,16
103,26,176,218,189,95,248,131,328,253,350,502
103,27,306,335,425,339,207,188,444,334,234,324
103,28,299,47,103,379,505,227,223,265,480,400
103,29,280,474,348,486,129,58,270,454,189,176
103,30,33,485,425,185,38,403,58,450,34,119
103,31,122,160,150,340,319,395,458,69,197,416
103,32,444,279,456,199,54,9,438,77,79,106
103,33,68,221,182,260,240,378,364,173,436,297
103,34,90,21,108,354,58,61,89,274,364,443
103,35,364,227,89,80,337,282,211,97,144,20
103,36,184,41,192,455,339,187,140,456,322,257
103,37,331,201,336,292,470,266,78,86,94,351
103,38,215,8,467,440,434,428,328,221,424,48
103,39,101,53,186,170,410,326,481,141,511,10
103,40,422,285,19,65,383,288,215,171,330,257
103,41,215,151,49,220,147,152,419,160,325,94
103,42,369,216,50,139,186,362,355,396,394,261
103,43,92,395,509,104,400,93,312,178,354,243
103,44,55,237,250,473,258,479,319,155,69,272
103,45,244,140,472,454,470,189,492,426,447,351
103,46,71,218,332,35,425,15,441,17,381,322
103,47,65,175,39,37,131,9,234,492,48,469
104,0,130,32,330,71,278,160,279,437,409,217
104,1,471,112,427,215,71,59,191,396,447,170
104,2,483,250,380,101,190,354,81,185,326,189
104,3,354,272,478,495,156,221,216,476,65,2
104,4,440,196,499,245,340,359,4,329,70,243
104,5,456,273,258,96,483,356,315,66,40,504
104,6,452,258,50,6,166,84,137,243,189,306
104,7,269,268,170,24,347,280,362,327,270,231
104,8,296,155,3,321,467,359,362,243,210,113
104,9,281,208,53,339,181,305,509,6,247,190
104,10,248,218,189,419,131,328,222,472,176,339
104,11,324,489,460,480,425,306,335,339,493,496
104,12,248,409,463,406,47,144,505,227,415,379
104,13,124,280,47,441,474,475,189,377,264,486
104,14,471,185,58,33,425,485,403,503,101,38
104,15,122,319,160,452,340,229,395,492,69,407
104,16,444,77,412,279,122,24,314,199,106,79
104,17,221,68,289,260,364,378,182,297,170,436
104,18,21,90,108,464,434,308,354,61,364,420
104,19,118,282,364,245,92,144,249,46,355,20
104,20,187,497,451,41,184,192,64,455,103,95
104,21,3,104,201,388,331,151,447,481,336,208
104,22,461,426,276,507,112,150,471,177,192,422
104,23,53,186,124,262,328,326,410,67,24,476
104,24,3,501,412,296,467,20,113,210,192,167
104,25,208,339,53,281,257,503,148,71,510,181
104,26,218,189,248,131,339,176,222,511,253,40
104,27,306,460,335,489,480,339,46,261,324,425
104,28,409,248,463,406,47,505,144,265,227,300
104,29,124,280,474,129,58,189,486,47,114,264
104,30,503,185,403,485,58,425,471,22,33,38
104,31,197,340,122,319,229,160,416,69,421,395
104,32,444,77,24,122,106,279,199,151,314,438
104,33,221,18,416,444,289,170,97,9,182,364
104,34,464,21,434,108,90,61,354,432,308,412
104,35,118,337,364,117,282,327,187,262,202,80
104,36,184,187,451,497,192,41,322,64,257,199
104,37,3,104,201,336,78,94,447,504,208,488
104,38,461,426,276,112,507,150,471,192,115,403
104,39,410,326,170,53,432,186,67,141,101,10
104,40,425,422,285,19,65,383,389,83,166,257
104,41,325,283,501,95,147,215,99,220,152,459
104,42,56,426,225,55,163,186,379,396,299,113
104,43,391,106,156,400,243,104,216,256,458,340
104,44,79,258,479,33,346,465,364,122,176,289
104,45,452,447,492,390,125,426,244,214,466,376
104,46,196,12,121,373,425,15,332,435,441,276
104,47,88,8,131,9,509,357,188,226,431,265
105,0,338,369,293,440,73,118,403,129,113,167
105,1,243,16,39,212,156,465,99,491,330,135
105,2,407,133,355,196,478,124,168,466,348,178
105,3,478,102,308,406,440,358,122,343,156,221
105,4,445,16,413,229,321,36,239,136,98,53
105,5,470,367,296,203,505,360,166,262,489,77
105,6,278,469,258,393,137,353,44,218,347,135
105,7,269,318,501,146,198,214,413,418,313,24
105,8,321,467,113,501,192,480,83,210,359,496
105,9,208,339,18,281,53,181,148,428,201,487
105,10,339,248,419,253,222,302,131,236,357,472
105,11,245,487,480,306,460,489,324,46,335,27
105,12,282,242,214,321,456,413,439,331,367,44
105,13,124,189,280,441,49,419,377,264,488,36
105,14,471,22,187,170,425,58,142,503,279,4
105,15,197,229,319,201,421,492,155,482,122,23
105,16,444,151,24,77,357,150,423,279,104,202
105,17,289,170,416,221,97,444,20,266,86,378
105,18,327,393,61,412,207,27,394,354,149,192
105,19,364,117,432,249,454,216,337,433,194,449
105,20,235,184,187,192,41,64,450,167,456,498
105,21,458,151,223,336,156,59,351,201,495,504
105,22,222,369,295,142,379,269,404,113,188,342
105,23,53,220,170,326,293,2,216,10,481,231
105,24,210,113,501,480,321,467,192,272,496,83
105,25,208,53,339,18,281,148,306,201,181,489
105,26,339,248,236,218,189,357,253,222,302,131
105,27,245,480,489,487,460,229,306,46,195,335
105,28,282,321,214,505,331,144,456,242,360,382
105,29,124,474,189,114,264,176,49,419,378,367
105,30,471,22,425,170,58,142,503,185,4,301
105,31,197,229,340,122,201,482,319,407,416,421
105,32,444,151,24,77,423,188,109,279,193,104
105,33,221,444,170,289,416,97,20,86,378,297
105,34,327,90,61,27,207,354,25,443,54,298
105,35,364,117,282,20,234,73,432,454,106,410
105,36,184,192,199,187,450,257,65,235,41,456
105,37,336,138,351,223,201,59,156,86,458,331
105,38,142,222,369,295,379,113,404,468,188,306
105,39,220,326,293,53,432,159,481,141,101,170
105,40,422,19,385,490,217,475,285,257,362,383
105,41,160,95,71,175,196,386,215,134,343,246
105,42,369,68,396,186,327,504,216,208,92,134
105,43,275,104,509,400,243,376,335,312,221,303
105,44,258,133,233,65,466,182,25,155,121,407
105,45,323,154,250,176,244,68,11,390,307,125
105,46,41,245,15,332,122,222,361,425,441,69
105,47,136,360,102,458,185,456,8,476,93,454
106,0,361,101,76,301,21,293,218,321,467,217
106,1,250,226,230,61,16,410,198,76,493,191
106,2,196,354,133,483,407,402,490,166,500,201
106,3,478,495,102,308,77,37,358,160,110,122
106,4,265,175,449,16,310,229,413,62,476,321
106,5,37,296,367,206,470,483,415,166,360,381
106,6,236,175,87,469,243,382,278,137,479,84
106,7,470,269,146,318,198,473,305,346,214,313
106,8,321,467,113,93,192,210,83,240,311,359
106,9,208,281,53,181,339,201,18,335,428,271
106,10,339,253,248,302,218,472,446,419,189,511
106,11,324,480,245,489,487,339,306,148,467,46
106,12,400,243,484,144,368,379,380,282,47,227
106,13,124,189,49,114,486,383,280,47,139,441
106,14,471,170,22,503,425,4,58,286,185,214
106,15,229,197,482,319,201,155,407,452,421,246
106,16,444,151,77,150,24,423,104,122,279,303
106,17,444,416,20,221,289,86,170,13,297,97
106,18,183,21,27,61,90,108,137,412,393,255
106,19,117,432,364,216,410,20,160,195,449,194
106,20,184,199,288,192,187,95,136,450,164,235
106,21,138,425,151,156,111,336,292,488,470,449
106,22,221,440,441,434,222,297,328,374,202,416
106,23,326,220,293,432,53,10,159,2,170,141
106,24,321,467,480,83,299,113,386,453,93,210
106,25,281,339,208,53,181,253,335,455,18,305
106,26,218,339,472,248,222,302,357,189,416,268
106,27,489,245,480,487,46,324,339,306,460,276
106,28,243,400,484,382,47,282,505,380,489,278
106,29,486,114,124,70,189,474,441,253,427,49
106,30,503,471,22,170,4,279,425,457,449,58
106,31,229,482,407,452,421,319,214,197,201,416
106,32,444,150,24,151,77,423,104,372,188,303
106,33,20,444,416,13,221,18,179,289,170,167
106,34,61,27,137,21,183,90,108,412,198,358
106,35,117,364,216,106,168,410,337,432,234,160
106,36,184,199,192,450,257,187,322,288,343,352
106,37,138,336,425,111,156,151,208,327,201,488
106,38,221,441,440,434,374,222,48,297,416,199
106,39,432,293,326,220,2,141,488,101,170,219
106,40,385,422,217,19,490,83,166,334,475,285
106,41,71,160,95,246,134,386,215,447,343,43
106,42,216,369,396,387,50,406,327,186,299,44
106,43,157,275,216,303,376,221,243,400,233,104
106,44,258,133,466,65,233,468,182,155,333,25
106,45,154,323,250,68,176,244,390,11,24,307
106,46,15,122,332,361,218,222,166,69,441,425
106,47,8,175,102,39,185,456,93,24,454,109
107,0,352,247,68,403,119,471,425,75,327,434
107,1,504,99,415,39,47,4,330,488,210,224
107,2,478,348,407,88,175,347,366,124,178,355
107,3,478,102,308,122,440,77,358,260,47,156
107,4,112,36,133,413,16,170,217,467,136,239
107,5,360,203,367,489,166,77,262,479,384,104
107,6,469,178,389,278,463,443,348,135,393,315
107,7,55,198,146,124,24,313,271,253,402,30
107,8,480,321,467,83,454,113,299,110,359,385
107,9,339,281,181,253,455,110,25,6,18,428
107,10,339,147,302,448,236,357,364,120,189,248
107,11,489,487,245,324,229,480,386,46,267,276
107,12,281,353,321,425,44,214,282,382,69,456
107,13,49,189,422,175,377,167,434,383,419,114
107,14,471,503,170,22,311,449,187,142,4,279
107,15,229,407,452,201,233,482,416,319,197,465
107,16,444,151,122,24,77,150,357,423,295,279
107,17,416,289,170,444,221,18,20,242,241,179
107,18,25,27,230,412,69,344,54,149,82,393
107,19,117,432,216,76,168,364,410,194,316,337
107,20,184,235,187,199,506,192,498,330,164,225
107,21,286,162,330,425,336,17,138,156,199,151
107,22,389,403,500,369,302,269,202,230,273,495
107,23,326,220,288,432,10,236,159,328,293,250
107,24,480,467,321,355,454,83,93,334,472,113
107,25,339,281,181,455,253,208,25,18,110,228
107,26,339,218,236,448,147,302,248,351,472,189
107,27,489,245,487,480,229,46,386,301,324,232
107,28,281,353,425,44,214,321,352,462,282,69
107,29,189,419,167,49,175,422,114,474,47,377
107,30,471,142,503,22,311,170,4,449,425,279
107,31,229,233,407,201,452,197,482,421,416,423
107,32,24,444,77,151,122,423,494,202,150,277
107,33,416,221,289,170,444,175,7,86,351,20
107,34,25,54,27,412,61,443,82,354,76,278
107,35,168,117,364,216,432,410,282,84,76,249
107,36,184,235,192,164,199,257,172,450,187,506
107,37,199,311,351,138,336,345,330,286,156,162
107,38,403,389,202,500,369,222,396,468,302,305
107,39,220,117,326,481,236,250,293,288,159,170
107,40,19,422,475,504,6,285,385,28,257,166
107,41,196,95,160,41,218,134,380,71,386,333
107,42,187,22,257,267,479,355,327,325,237,183
107,43,104,94,233,354,275,336,303,119,181,386
107,44,303,313,25,258,65,84,270,191,283,472
107,45,154,11,250,149,429,15,68,323,390,176
107,46,161,15,166,291,71,499,332,441,122,446
107,47,29,392,297,65,102,125,372,12,199,185
108,0,430,132,321,36,312,242,209,218,265,467
108,1,164,3,230,189,61,226,29,435,402,423
108,2,249,303,359,292,341,133,490,411,198,186
108,3,495,478,308,279,102,489,440,122,59,135
108,4,260,175,161,267,36,310,74,354,275,17
108,5,255,367,54,146,470,360,370,166,383,77
108,6,469,87,243,224,3,278,443,444,406,178
108,7,146,449,14,283,308,24,198,164,305,420
108,8,169,467,32,321,480,418,240,83,297,299
108,9,181,339,18,455,253,281,6,284,428,335
108,10,302,446,339,248,395,120,472,364,344,416
108,11,489,245,487,148,480,324,276,330,448,113
108,12,142,278,267,400,282,255,416,353,243,379
108,13,114,49,124,486,383,189,99,377,434,226
108,14,22,170,449,489,471,145,228,503,347,107
108,15,201,229,233,197,155,482,407,279,87,246
108,16,444,151,24,77,122,372,494,423,170,104
108,17,416,289,179,231,170,20,241,18,76,101
108,18,43,183,230,61,27,255,342,281,149,198
108,19,410,216,168,117,194,432,84,195,364,430
108,20,430,164,184,199,288,343,235,352,192,187
108,21,162,138,327,156,151,183,233,111,449,216
108,22,428,416,440,434,334,221,48,403,374,28
108,23,220,326,407,288,236,293,328,2,339,269
108,24,169,480,32,321,467,453,83,418,240,472
108,25,455,181,253,281,339,25,305,335,284,219
108,26,218,143,446,339,472,302,395,351,479,416
108,27,489,245,487,480,276,148,46,267,270,493
108,28,142,278,400,267,243,382,282,484,44,255
108,29,189,486,253,114,99,25,377,139,58,409
108,30,471,503,170,22,145,449,4,279,228,107
108,31,229,201,452,407,482,233,421,197,155,416
108,32,24,444,77,151,423,150,122,202,372,494
108,33,416,20,221,444,231,179,18,13,263,289
108,34,183,61,27,43,198,255,417,281,137,412
108,35,364,117,410,216,168,84,282,507,160,432
108,36,430,199,184,192,164,288,257,462,450,352
108,37,138,327,156,336,111,183,151,233,208,449
108,38,48,374,440,428,434,416,334,403,28,221
108,39,407,220,432,326,236,293,481,288,159,141
108,40,475,385,19,422,166,217,334,365,83,393
108,41,430,160,71,95,386,343,468,368,134,246
108,42,327,216,200,396,40,183,299,387,504,369
108,43,127,303,221,275,243,114,216,376,104,354
108,44,258,50,468,65,133,233,466,182,25,117
108,45,154,323,11,68,250,176,211,390,33,307
108,46,425,441,122,353,332,166,222,15,318,361
108,47,8,175,102,24,461,185,166,93,226,456
109,0,289,19,308,119,68,340,201,10,242,474
109,1,4,415,99,273,482,237,445,504,499,251
109,2,432,36,348,407,124,201,478,410,164,133
109,3,478,122,308,102,440,156,419,169,59,135
109,4,36,98,10,16,413,112,321,239,358,133
109,5,360,367,203,283,77,489,166,383,479,338
109,6,469,278,82,178,354,348,463,315,135,312
109,7,353,198,146,71,24,420,206,124,21,313
109,8,110,480,321,418,60,467,83,334,299,166
109,9,455,339,281,138,253,110,226,201,148,181
109,10,339,395,87,364,302,472,147,161,261,402
109,11,489,487,46,267,324,150,469,480,245,27
109,12,44,282,353,214,399,321,281,457,142,368
109,13,49,114,226,482,305,189,113,76,87,419
109,14,503,449,5,170,471,22,347,195,279,145
109,15,465,452,407,229,201,279,416,482,155,233
109,16,77,444,151,122,24,423,295,104,155,150
109,17,416,289,242,18,241,263,20,444,333,312
109,18,500,165,61,34,342,229,13,27,412,393
109,19,117,168,432,216,410,202,76,337,195,427
109,20,184,117,199,164,352,322,96,430,343,288
109,21,151,409,156,138,253,327,449,301,233,336
109,22,193,316,390,374,403,396,111,384,306,202
109,23,220,326,288,67,407,216,226,432,339,293
109,24,480,321,467,110,472,453,83,418,334,60
109,25,455,339,281,253,305,25,306,219,228,181
109,26,339,87,151,472,218,398,236,302,232,223
109,27,489,150,487,245,46,276,267,469,480,407
109,28,44,282,399,321,353,214,457,382,388,56
109,29,419,99,377,189,49,167,113,183,376,409
109,30,471,503,5,449,170,195,142,279,22,347
109,31,421,407,482,465,229,452,201,132,155,319
109,32,77,24,444,122,151,150,423,357,372,295
109,33,416,444,221,20,231,9,289,333,132,241
109,34,165,500,27,229,34,61,13,342,281,412
109,35,117,216,364,410,168,432,202,337,346,419
109,36,199,184,117,164,192,257,322,430,288,352
109,37,138,156,336,409,327,253,243,151,449,335
109,38,193,316,396,390,403,374,384,202,222,111
109,39,220,407,432,326,293,159,236,288,141,219
109,40,391,217,475,166,19,422,385,334,355,490
109,41,160,430,95,343,386,468,71,196,330,313
109,42,59,327,237,396,299,183,92,208,490,436
109,43,303,221,114,243,376,300,79,477,216,275
109,44,258,133,466,25,303,65,47,407,202,233
109,45,323,154,11,435,68,176,211,429,307,250
109,46,15,318,425,441,166,332,405,224,276,200
109,47,8,226,102,93,454,342,185,456,37,452
110,0,468,68,377,352,505,350,164,434,327,403
110,1,99,210,342,135,195,143,504,2,441,415
110,2,478,348,355,102,124,397,175,432,410,366
110,3,478,102,308,122,80,156,169,501,440,33
110,4,133,112,136,16,36,53,159,239,479,321
110,5,77,170,166,489,360,367,203,227,200,123
110,6,24,450,89,393,82,469,348,389,178,463
110,7,146,393,31,55,24,198,343,21,124,420
110,8,321,480,467,83,418,176,122,124,110,453
110,9,339,281,247,219,455,117,18,181,321,75
110,10,339,302,218,472,133,496,511,266,236,419
110,11,489,480,487,386,245,276,324,229,46,186
110,12,425,281,69,44,121,462,282,321,382,214
110,13,49,377,383,355,47,189,58,144,114,161
110,14,471,318,503,170,142,228,376,400,286,279
110,15,326,201,452,407,45,229,465,416,279,482
110,16,444,151,122,357,24,77,372,374,279,104
110,17,416,241,221,289,18,170,9,444,242,76
110,18,27,76,281,278,61,487,230,156,505,393
110,19,410,216,432,117,364,168,317,285,76,316
110,20,184,235,199,192,315,164,187,225,213,506
110,21,162,345,206,442,156,311,138,336,400,17
110,22,389,302,500,415,159,396,269,369,202,468
110,23,220,328,2,288,281,159,70,250,326,177
110,24,480,321,93,467,83,454,359,355,453,171
110,25,339,208,455,219,281,53,247,181,25,159
110,26,218,339,448,351,236,472,302,357,511,143
110,27,245,489,229,480,468,276,306,386,487,46
110,28,281,462,425,69,44,489,382,321,282,214
110,29,47,139,58,167,175,474,441,478,377,114
110,30,142,471,170,503,374,22,504,318,137,4
110,31,452,340,160,197,416,407,122,229,150,395
110,32,444,109,122,151,54,77,24,199,9,456
110,33,175,221,289,90,170,416,444,216,260,86
110,34,416,156,76,25,90,493,54,27,366,379
110,35,432,378,317,364,373,249,328,78,210,449
110,36,464,184,315,167,41,172,235,192,225,65
110,37,293,162,351,337,311,345,86,466,471,442
110,38,415,389,468,273,500,369,495,10,269,3
110,39,390,96,250,328,177,404,159,155,236,220
110,40,19,6,244,227,422,393,83,409,166,296
110,41,160,94,215,95,366,43,333,380,220,429
110,42,22,472,257,479,187,45,245,97,310,267
110,43,509,238,94,335,400,104,312,114,378,2
110,44,191,413,270,5,173,258,345,176,227,233
110,45,406,24,178,324,323,140,375,154,68,132
110,46,291,499,425,15,501,156,274,69,224,302
110,47,125,297,340,497,199,12,29,472,372,33
111,0,205,251,168,212,294,60,31,240,69,442
111,1,57,423,125,440,303,475,88,383,308,394
111,2,461,342,280,107,257,511,496,11,37,444
111,3,237,139,408,196,269,202,478,293,197,177
111,4,506,346,294,357,73,163,389,388,131,130
111,5,110,74,413,68,259,112,244,56,442,20
111,6,292,259,68,137,397,118,435,149,326,182
111,7,33,302,177,316,325,139,489,92,469,473
111,8,296,311,93,233,447,113,356,359,321,205
111,9,208,53,146,339,21,155,135,122,71,181
111,10,248,218,419,95,350,339,328,330,131,302
111,11,306,3,324,363,480,335,425,322,234,334
111,12,218,505,143,246,287,415,462,37,220,82
111,13,58,47,280,441,195,422,474,139,412,264
111,14,77,471,75,425,188,101,254,374,74,496
111,15,160,122,340,150,197,395,347,416,69,229
111,16,444,199,456,109,9,54,77,122,202,151
111,17,221,260,172,216,175,170,289,73,86,416
111,18,282,503,497,388,103,483,385,127,443,90
111,19,210,249,376,78,317,217,289,331,63,225
111,20,464,507,215,366,413,237,167,78,41,335
111,21,337,293,456,86,287,242,474,107,464,203
111,22,281,283,43,77,122,78,401,181,86,373
111,23,390,416,404,363,146,69,163,95,476,119
111,24,138,233,356,304,93,296,171,311,162,113
111,25,53,208,71,171,395,503,210,146,135,339
111,26,218,176,274,129,248,95,330,339,357,351
111,27,363,3,480,234,306,12,335,229,415,188
111,28,218,143,246,462,287,220,510,228,37,392
111,29,412,58,195,47,270,264,176,474,441,480
111,30,188,77,425,74,365,323,374,485,388,58
111,31,160,340,150,122,353,197,395,58,229,69
111,32,109,438,227,199,90,9,444,174,54,456
111,33,260,297,172,289,436,73,221,216,454,430
111,34,391,503,282,287,386,497,90,127,483,385
111,35,217,249,67,289,36,225,390,156,78,356
111,36,215,366,167,41,335,464,184,457,43,415
111,37,337,287,86,466,456,464,384,405,147,18
111,38,281,283,43,401,77,122,181,78,86,373
111,39,416,146,390,117,163,69,476,511,257,263
111,40,244,215,227,278,203,171,422,397,393,19
111,41,94,180,220,67,484,429,151,445,215,226
111,42,472,428,123,322,119,303,287,476,473,85
111,43,509,335,395,87,178,92,104,217,354,2
111,44,43,158,4,440,51,189,237,55,196,176
111,45,406,140,48,365,359,332,454,5,439,433
111,46,141,77,239,147,477,351,469,69,323,372
111,47,142,11,222,280,270,1,424,329,185,407
112,0,62,167,291,384,98,401,316,272,207,222
112,1,157,128,209,303,123,225,60,62,174,320
112,2,185,405,286,280,315,500,436,402,310,87
112,3,102,478,18,237,342,274,86,406,505,482
112,4,292,168,184,24,67,287,399,16,445,371
112,5,275,391,420,5,131,90,415,487,470,11
112,6,47,137,179,498,73,234,272,63,285,162
112,7,220,132,473,325,503,208,468,275,357,117
112,8,311,116,162,447,227,389,451,357,470,316
112,9,395,208,135,503,122,21,146,502,152,307
112,10,269,248,350,131,497,46,490,349,77,419
112,11,335,188,337,76,306,234,17,320,378,127
112,12,251,299,401,505,227,82,313,14,223,303
112,13,445,264,201,480,348,176,42,155,270,114
112,14,301,275,425,34,485,58,365,450,461,77
112,15,340,160,122,150,395,347,353,197,423,29
112,16,444,109,227,133,199,456,122,54,480,438
112,17,289,454,216,436,297,260,221,86,68,276
112,18,219,287,306,340,58,444,108,61,62,241
112,19,249,217,396,78,51,67,364,390,117,245
112,20,192,167,418,41,184,140,366,237,415,339
112,21,466,351,86,331,91,201,78,488,268,470
112,22,215,225,373,8,349,328,52,17,255,59
112,23,416,476,146,117,170,257,53,124,511,410
112,24,311,116,162,451,113,361,230,185,467,450
112,25,339,53,39,208,395,135,503,18,71,89
112,26,46,131,269,248,218,357,349,502,350,497
112,27,188,320,480,234,337,77,335,25,76,378
112,28,251,227,299,313,14,303,495,401,272,47
112,29,445,114,176,480,427,454,499,264,189,201
112,30,301,33,20,425,22,365,103,429,275,192
112,31,340,160,197,421,229,482,407,353,201,69
112,32,444,109,90,77,24,202,151,106,122,438
112,33,216,436,221,416,86,289,444,495,477,20
112,34,219,89,306,62,108,58,61,168,287,307
112,35,396,36,117,364,187,51,249,67,337,110
112,36,192,184,41,418,167,140,187,257,415,42
112,37,351,86,78,466,331,268,201,266,354,470
112,38,215,8,225,349,373,328,52,17,467,253
112,39,170,410,124,416,53,363,74,220,453,117
112,40,171,422,366,65,19,285,6,383,31,203
112,41,220,502,175,35,95,375,151,235,160,475
112,42,362,369,62,216,491,355,78,177,50,261
112,43,498,509,104,395,92,223,94,233,335,400
112,44,250,237,55,225,220,258,479,121,176,243
112,45,390,447,154,250,140,454,492,196,189,244
112,46,218,71,457,381,332,392,276,441,199,57
112,47,65,48,39,234,175,407,492,102,446,131
113,0,79,381,416,464,148,216,18,288,141,346
113,1,174,434,215,471,209,437,483,123,320,303
113,2,379,405,185,280,500,321,212,310,483,197
113,3,288,86,478,102,18,274,237,52,342,495
113,4,128,292,499,340,152,184,237,130,329,16
113,5,172,273,399,180,96,391,258,11,275,340
113,6,74,137,50,47,416,84,188,53,441,136
113,7,220,175,132,473,268,352,214,503,275,325
113,8,311,182,451,505,162,501,227,372,447,329
113,9,53,503,257,319,393,194,395,355,208,339
113,10,131,502,248,269,350,102,46,497,218,189
113,11,416,335,337,320,380,25,251,306,188,480
113,12,251,7,227,22,221,493,82,505,195,14
113,13,137,445,480,441,377,378,429,114,232,189
113,14,301,77,275,425,235,485,58,254,75,38
113,15,340,160,197,229,29,407,122,416,69,452
113,16,444,77,122,109,151,24,202,438,229,456
113,17,216,289,416,221,86,436,170,444,13,307
113,18,337,219,287,89,220,58,61,338,27,192
113,19,396,249,317,117,217,449,1,504,51,76
113,20,332,192,167,41,18,138,184,187,342,64
113,21,77,351,201,78,466,86,331,247,151,447
113,22,432,471,408,507,225,8,273,495,450,276
113,23,363,262,124,410,78,476,416,53,74,117
113,24,171,182,505,311,451,432,501,20,162,467
113,25,53,339,257,455,39,18,201,503,181,110
113,26,218,339,351,102,248,502,308,357,302,398
113,27,245,480,489,416,46,229,276,487,442,378
113,28,7,227,22,221,47,493,251,58,260,282
113,29,58,137,241,114,441,377,47,113,454,204
113,30,22,301,170,503,235,6,449,254,471,429
113,31,340,197,229,201,407,482,421,165,452,9
113,32,77,444,151,24,109,122,494,438,423,200
113,33,216,416,39,221,18,289,444,20,392,13
113,34,337,89,61,220,27,304,219,54,412,393
113,35,317,337,187,117,327,76,168,449,249,262
113,36,332,192,41,18,187,184,167,235,64,98
113,37,77,201,351,78,452,466,447,357,376,86
113,38,432,507,471,408,495,276,225,273,177,8
113,39,53,170,410,220,363,124,453,231,476,386
113,40,65,425,6,383,19,366,285,166,422,389
113,41,95,220,380,395,147,259,502,500,160,93
113,42,436,22,257,130,325,472,186,479,45,55
113,43,94,104,181,438,400,178,256,435,106,233
113,44,364,293,288,270,176,294,25,465,173,122
113,45,390,447,154,89,140,15,132,426,492,114
113,46,211,381,121,332,222,15,276,12,492,361
113,47,89,357,131,149,297,102,8,509,203,9
114,0,274,4,228,294,156,126,180,356,200,162
114,1,394,475,215,172,209,451,368,174,414,303
114,2,405,280,236,212,342,391,346,379,508,107
114,3,108,288,282,402,86,274,237,29,426,323
114,4,130,292,223,212,5,114,184,404,332,24
114,5,374,93,80,172,259,47,275,348,413,11
114,6,74,47,137,53,441,397,220,68,237,416
114,7,325,220,167,352,94,468,328,132,473,200
114,8,311,182,451,162,316,227,185,372,113,389
114,9,319,53,393,502,194,21,355,395,208,122
114,10,131,248,502,269,350,497,102,419,77,46
114,11,416,335,25,337,306,320,188,97,76,39
114,12,251,227,363,7,195,82,410,14,505,218
114,13,480,137,445,264,201,114,176,8,332,232
114,14,425,450,275,301,485,365,77,381,75,34
114,15,340,160,122,395,197,150,423,452,353,347
114,16,444,122,109,227,456,54,77,199,34,9
114,17,289,454,216,436,221,276,42,170,86,240
114,18,103,287,219,89,58,324,337,481,249,304
114,19,249,217,396,51,437,67,254,317,390,364
114,20,167,192,332,237,41,418,235,506,184,415
114,21,454,77,466,351,107,86,178,337,163,201
114,22,343,472,465,292,281,74,56,166,122,72
114,23,81,155,404,250,74,416,117,257,401,96
114,24,241,311,182,230,126,171,138,162,505,116
114,25,39,339,89,269,135,204,208,71,18,201
114,26,102,357,248,55,46,502,339,218,364,497
114,27,320,77,480,416,99,337,46,234,489,245
114,28,363,227,7,218,87,251,143,506,47,432
114,29,114,176,445,137,377,441,189,25,480,146
114,30,20,192,22,132,254,365,448,503,87,33
114,31,340,160,197,229,482,421,407,201,452,353
114,32,444,24,151,77,90,35,122,202,423,106
114,33,416,216,436,289,20,13,221,86,179,244
114,34,103,391,89,307,249,324,178,61,274,85
114,35,117,249,67,332,364,187,317,36,449,327
114,36,192,167,184,41,235,257,418,187,199,391
114,37,454,201,337,466,107,163,178,456,86,351
114,38,343,472,292,465,281,74,373,381,122,166
114,39,453,74,117,170,220,53,124,10,410,326
114,40,422,171,389,19,366,6,285,166,31,244
114,41,220,180,51,95,484,502,94,375,77,67
114,42,194,177,472,85,45,22,91,355,130,123
114,43,178,509,104,435,94,84,400,395,137,223
114,44,293,4,43,489,99,120,258,25,69,499
114,45,390,447,140,89,250,167,454,189,26,426
114,46,211,64,57,381,392,492,332,199,222,15
114,47,149,487,171,492,152,458,102,270,407,336
115,0,458,224,485,44,305,320,416,462,279,306
115,1,242,477,475,80,174,215,209,115,394,423
115,2,304,405,50,280,212,162,321,262,508,11
115,3,29,426,237,86,459,274,199,102,404,478
115,4,130,292,14,324,428,507,114,395,51,237
115,5,47,416,244,257,259,340,509,20,11,26
115,6,53,137,272,74,207,47,176,253,441,324
115,7,220,492,166,473,352,115,328,496,65,325
115,8,241,311,116,182,126,486,162,357,242,329
115,9,39,319,194,89,355,269,395,503,204,472
115,10,46,55,502,350,497,269,84,218,102,248
115,11,416,337,77,320,335,188,378,76,25,480
115,12,4,251,340,206,178,87,227,510,218,82
115,13,445,114,499,176,480,8,116,189,264,359
115,14,20,301,192,365,132,39,254,58,275,77
115,15,340,160,319,197,407,421,122,229,353,395
115,16,444,122,35,90,77,24,151,109,199,279
115,17,289,436,216,86,221,297,416,387,9,244
115,18,391,307,324,178,287,89,125,386,192,85
115,19,67,249,332,175,245,110,36,157,437,217
115,20,192,167,41,10,423,184,401,464,235,237
115,21,107,337,163,466,88,414,192,91,201,452
115,22,40,358,74,381,59,339,373,401,126,181
115,23,453,74,326,117,124,53,220,170,410,416
115,24,241,311,467,116,230,59,182,275,126,357
115,25,39,339,281,455,399,434,204,18,135,269
115,26,55,339,46,410,357,472,84,248,302,222
115,27,489,480,77,256,46,468,245,276,428,320
115,28,47,227,178,206,340,4,510,395,272,434
115,29,114,499,445,427,486,176,377,76,25,441
115,30,503,192,20,22,145,33,170,4,103,471
115,31,482,407,340,421,229,197,465,443,319,492
115,32,444,24,77,151,314,90,35,423,150,122
115,33,416,9,18,436,34,13,179,216,20,289
115,34,307,89,324,391,199,361,61,178,393,249
115,35,110,327,117,337,364,187,249,168,67,332
115,36,192,184,41,257,167,187,235,199,322,64
115,37,163,337,201,107,466,88,138,192,167,357
115,38,358,40,255,126,339,381,74,401,373,23
115,39,453,220,117,410,170,53,326,74,124,141
115,40,422,19,389,285,6,366,171,166,274,31
115,41,220,95,180,484,160,502,32,386,94,22
115,42,130,382,91,472,177,123,355,260,202,325
115,43,104,94,435,137,84,400,509,178,181,233
115,44,293,4,258,43,99,313,237,55,121,234
115,45,390,447,140,89,250,5,154,26,189,426
115,46,211,493,381,492,57,336,446,222,392,441
115,47,270,149,152,166,281,102,492,131,269,336
116,0,176,440,272,10,98,403,501,358,376,474
116,1,336,62,162,225,34,293,302,481,75,238
116,2,315,433,316,341,481,294,503,405,430,215
116,3,406,102,451,90,478,26,384,364,337,274
116,4,115,96,308,267,67,331,327,188,86,244
116,5,197,52,136,60,304,367,184,33,183,283
116,6,45,486,183,264,207,249,371,495,93,42
116,7,185,214,426,324,256,143,128,457,442,412
116,8,311,59,486,241,230,242,61,501,412,162
116,9,257,319,399,89,194,269,39,337,262,408
116,10,357,84,410,497,55,402,248,419,245,189
116,11,81,480,474,77,168,46,320,373,416,337
116,12,165,326,209,252,399,227,499,498,120,413
116,13,114,76,445,189,384,499,480,359,83,276
116,14,429,292,301,39,315,254,22,192,67,342
116,15,340,160,197,205,407,165,353,417,421,366
116,16,444,151,109,24,77,106,90,122,414,48
116,17,216,436,289,416,34,221,113,54,401,496
116,18,89,321,244,84,61,70,341,54,192,381
116,19,249,187,157,61,238,117,76,250,254,337
116,20,192,251,8,244,28,42,404,187,167,337
116,21,357,452,199,465,201,11,312,351,151,378
116,22,160,306,17,253,33,16,404,15,273,495
116,23,117,170,481,410,326,250,124,53,220,386
116,24,311,469,86,61,230,59,467,127,424,166
116,25,399,339,39,257,319,337,269,408,455,89
116,26,357,55,339,84,223,248,102,410,351,189
116,27,81,480,320,474,245,46,77,489,79,287
116,28,209,499,326,165,252,227,498,399,120,178
116,29,114,276,486,499,445,176,25,76,377,480
116,30,429,292,22,192,301,20,342,39,503,159
116,31,340,197,160,421,165,407,229,482,201,319
116,32,444,24,151,77,438,106,122,90,324,48
116,33,416,34,392,54,216,156,436,342,357,113
116,34,140,89,84,61,70,54,244,437,321,151
116,35,250,61,187,249,117,238,364,296,337,373
116,36,212,192,42,27,251,404,257,0,184,414
116,37,357,201,465,351,199,102,452,354,466,312
116,38,33,17,306,160,253,16,404,15,273,500
116,39,117,481,453,170,10,53,81,155,295,410
116,40,314,6,366,422,19,285,65,367,31,378
116,41,235,502,380,175,475,86,21,220,397,95
116,42,267,325,78,22,435,172,479,128,15,369
116,43,94,181,509,400,387,104,414,378,336,137
116,44,234,270,294,454,258,155,160,510,176,293
116,45,57,188,244,390,447,5,253,140,119,250
116,46,359,502,15,332,457,492,441,381,53,499
116,47,309,372,126,407,12,125,297,136,452,29
117,0,462,321,209,264,267,23,430,361,101,76
117,1,211,85,336,316,402,34,308,162,503,323
117,2,493,20,307,359,405,341,212,311,315,433
117,3,459,264,301,184,495,102,478,337,175,237
117,4,405,188,310,471,130,371,265,386,161,74
117,5,197,54,37,424,146,136,415,233,367,143
117,6,444,324,161,45,10,243,93,499,332,249
117,7,185,128,308,259,214,442,449,220,424,282
117,8,311,230,469,241,169,59,486,501,402,329
117,9,335,257,89,319,39,339,399,194,491,408
117,10,218,339,410,46,357,248,84,502,55,302
117,11,480,81,77,489,474,46,25,320,306,339
117,12,400,484,499,227,379,47,395,278,267,5
117,13,114,445,486,377,25,499,441,124,244,189
117,14,503,58,22,301,145,209,20,167,471,342
117,15,407,319,482,421,452,197,465,229,416,492
117,16,444,151,122,77,24,150,314,357,279,423
117,17,416,289,496,34,20,387,436,444,9,392
117,18,417,81,21,122,140,61,43,17,292,198
117,19,117,67,110,238,503,76,216,335,46,337
117,20,184,192,42,95,199,404,235,108,136,212
117,21,357,148,470,452,156,102,183,151,22,111
117,22,16,428,307,440,434,48,444,416,328,338
117,23,220,326,288,10,170,293,53,141,2,216
117,24,424,469,86,467,480,230,311,166,423,85
117,25,339,455,399,253,335,181,491,281,414,18
117,26,339,410,357,472,79,84,46,102,151,8
117,27,489,480,474,77,245,46,81,276,349,487
117,28,400,227,484,5,47,443,499,231,395,209
117,29,114,486,25,499,384,313,445,76,62,377
117,30,503,22,126,449,342,170,292,39,145,20
117,31,407,421,482,452,229,197,319,465,492,443
117,32,444,24,77,151,122,314,150,423,410,357
117,33,416,9,54,34,436,392,20,18,76,342
117,34,140,89,417,61,81,21,43,17,292,122
117,35,250,61,296,337,364,335,117,238,195,249
117,36,212,192,184,187,414,0,257,322,317,404
117,37,148,22,201,357,336,102,270,183,94,111
117,38,307,16,428,48,444,416,440,434,334,467
117,39,326,220,67,481,432,10,170,141,501,453
117,40,314,422,19,366,166,285,385,65,43,197
117,41,235,86,220,95,147,430,215,502,246,160
117,42,214,369,216,186,435,433,396,50,40,362
117,43,509,400,243,137,303,57,104,275,335,67
117,44,234,258,468,225,110,465,155,479,466,121
117,45,244,253,33,154,250,447,390,140,176,24
117,46,218,457,332,12,15,441,425,222,381,17
117,47,407,234,175,39,185,8,131,24,509,102
118,0,46,330,160,505,149,407,452,375,306,279
118,1,71,251,112,59,336,161,427,483,194,355
118,2,10,307,101,212,40,361,298,58,441,326
118,3,510,216,478,26,301,102,495,59,61,100
118,4,495,499,417,359,118,331,188,458,130,464
118,5,373,197,258,349,233,424,270,367,121,364
118,6,476,354,499,332,322,7,189,248,198,385
118,7,185,231,170,424,397,214,259,96,137,0
118,8,307,311,469,253,467,242,143,375,136,273
118,9,257,339,399,281,208,408,89,481,18,455
118,10,248,46,60,302,410,55,218,339,357,344
118,11,46,480,324,25,489,306,81,487,339,287
118,12,351,463,457,47,484,227,80,17,415,413
118,13,114,445,499,441,377,88,3,474,39,383
118,14,503,58,101,167,318,286,400,22,254,33
118,15,319,492,421,443,407,482,452,416,465,164
118,16,444,314,24,150,122,77,279,357,193,151
118,17,9,289,444,436,18,416,297,182,131,132
118,18,213,434,61,21,81,90,393,417,192,330
118,19,117,483,337,364,202,216,195,485,249,494
118,20,184,192,199,322,430,41,166,257,64,187
118,21,271,357,154,156,201,452,22,148,378,208
118,22,16,48,479,374,507,92,150,403,276,177
118,23,326,432,67,220,10,293,141,125,41,409
118,24,467,362,480,321,83,167,299,424,166,307
118,25,281,305,434,509,339,181,356,247,208,253
118,26,472,365,222,133,366,511,339,302,198,359
118,27,489,256,229,46,31,125,487,245,25,293
118,28,281,351,125,457,463,80,353,415,197,413
118,29,445,114,499,161,441,313,373,39,262,486
118,30,503,58,145,22,251,4,2,420,471,209
118,31,421,443,407,319,482,229,492,465,197,214
118,32,444,24,150,314,77,122,151,410,423,206
118,33,34,436,18,9,416,289,132,20,54,76
118,34,140,213,61,89,434,481,81,393,90,432
118,35,250,61,337,483,117,364,187,296,195,444
118,36,192,322,212,184,0,257,187,94,430,414
118,37,271,154,22,357,201,148,336,102,270,156
118,38,48,479,92,16,374,507,150,276,174,192
118,39,67,432,326,501,141,220,410,10,281,447
118,40,314,422,19,166,285,197,83,366,385,452
118,41,264,235,430,215,86,502,468,448,246,43
118,42,403,214,55,433,379,499,163,186,40,396
118,43,243,458,256,400,67,106,303,137,408,340
118,44,234,247,258,465,479,364,454,466,510,176
118,45,114,508,253,447,390,214,244,250,154,176
118,46,15,441,78,425,17,381,222,457,53,121
118,47,88,8,407,89,185,226,357,131,461,269
119,0,230,360,150,14,338,111,125,444,19,474
119,1,264,329,375,405,295,251,482,301,483,161
119,2,373,443,215,85,432,128,177,279,363,161
119,3,102,478,397,26,364,31,274,406,442,237
119,4,499,464,314,16,495,115,58,331,32,130
119,5,270,311,233,13,197,284,375,283,461,296
119,6,470,385,336,354,7,322,230,249,499,108
119,7,185,0,424,214,291,390,466,38,362,64
119,8,311,469,273,117,86,375,61,329,221,242
119,9,257,399,89,339,319,408,135,309,194,16
119,10,357,84,248,189,136,8,79,55,223,42
119,11,474,81,480,46,77,79,175,312,306,203
119,12,443,93,413,71,74,173,227,399,209,419
119,13,114,499,445,83,384,76,194,359,377,189
119,14,60,208,292,503,67,429,22,58,315,423
119,15,421,340,407,319,205,482,492,197,465,233
119,16,444,24,151,122,77,109,414,314,279,357
119,17,416,436,34,289,54,257,302,60,98,9
119,18,89,180,216,133,61,321,54,51,192,491
119,19,61,117,238,337,187,249,157,268,67,494
119,20,159,8,192,212,251,0,317,184,404,42
119,21,298,22,417,357,206,102,351,452,156,121
119,22,294,92,107,163,174,138,419,342,415,46
119,23,326,10,501,53,220,170,124,117,447,67
119,24,86,467,424,469,221,166,117,311,412,140
119,25,399,339,281,257,455,135,305,18,181,408
119,26,357,55,223,84,136,339,472,402,131,248
119,27,81,480,489,474,46,79,320,245,77,349
119,28,443,209,93,419,71,117,74,173,399,499
119,29,114,384,276,499,445,83,480,377,176,367
119,30,429,22,503,60,342,159,185,58,142,254
119,31,340,197,160,165,421,229,201,69,407,482
119,32,444,151,77,24,106,109,438,195,35,200
119,33,425,34,416,302,392,98,20,357,257,221
119,34,180,216,133,244,89,220,54,61,321,416
119,35,61,373,337,117,210,187,238,364,249,322
119,36,159,8,251,192,184,317,315,257,41,27
119,37,357,298,417,22,102,311,206,351,345,301
119,38,294,107,92,138,163,174,419,46,507,415
119,39,220,155,326,53,10,453,170,141,96,410
119,40,422,19,166,285,65,490,217,6,385,314
119,41,86,95,160,235,93,147,246,330,134,397
119,42,22,499,479,389,245,186,436,433,487,396
119,43,400,303,243,94,336,275,458,332,181,256
119,44,454,258,160,270,466,491,465,234,47,404
119,45,253,390,103,244,250,154,447,176,125,492
119,46,53,15,425,441,222,276,332,417,17,381
119,47,37,185,8,102,93,131,9,277,166,297
120,0,274,4,180,126,294,162,228,200,356,275
120,1,451,172,475,394,368,334,108,336,301,449
120,2,508,377,391,346,236,342,262,157,107,392
120,3,426,108,282,26,330,478,61,459,402,29
120,4,130,370,223,212,114,5,331,199,32,73
120,5,374,93,80,47,257,442,196,312,259,426
120,6,248,176,7,310,230,499,331,419,322,119
120,7,167,185,332,65,94,496,469,166,0,424
120,8,311,469,126,329,273,92,117,230,233,328
120,9,319,257,339,89,135,194,269,39,399,71
120,10,46,502,248,84,189,131,55,419,102,410
120,11,320,81,46,474,3,25,416,306,234,330
120,12,363,410,218,87,143,284,415,178,227,510
120,13,114,445,137,377,189,441,499,88,474,412
120,14,22,58,425,503,254,301,429,101,365,170
120,15,407,229,197,233,201,482,421,452,416,465
120,16,444,24,151,122,77,357,150,279,423,109
120,17,416,289,170,425,387,221,241,20,18,242
120,18,103,363,391,178,388,89,412,282,497,316
120,19,117,76,210,168,249,317,216,115,373,311
120,20,235,192,184,464,41,315,167,436,166,297
120,21,454,107,337,456,466,178,351,163,452,86
120,22,343,472,465,74,387,281,56,381,23,122
120,23,220,288,155,2,326,250,170,386,293,236
120,24,467,480,126,233,138,311,182,321,230,240
120,25,339,181,253,455,281,18,25,6,208,110
120,26,339,302,351,151,472,268,102,248,218,419
120,27,245,489,487,46,276,480,3,350,363,324
120,28,410,363,143,218,432,87,499,353,228,276
120,29,137,114,412,195,241,383,377,474,419,329
120,30,503,22,449,170,142,471,126,20,6,4
120,31,229,407,421,482,452,197,340,233,201,465
120,32,444,77,151,24,122,150,494,423,314,93
120,33,416,425,289,371,436,444,20,216,221,18
120,34,103,178,391,388,385,336,89,397,497,129
120,35,249,117,101,168,67,76,187,210,36,115
120,36,235,184,192,41,315,464,257,97,343,167
120,37,454,107,456,163,337,452,357,466,178,21
120,38,343,472,387,465,74,381,292,281,23,509
120,39,453,117,74,170,220,10,231,141,326,386
120,40,422,285,19,171,6,166,504,389,31,366
120,41,484,95,51,180,160,220,375,22,3,380
120,42,194,85,177,45,91,22,472,202,130,482
120,43,104,294,336,435,84,178,123,395,233,378
120,44,489,293,43,25,499,196,495,176,258,121
120,45,390,89,140,250,447,167,154,5,26,189
120,46,446,492,211,57,392,332,64,15,222,276
120,47,149,487,102,152,281,492,17,336,2,166
121,0,10,440,19,376,403,501,98,272,474,175
121,1,115,334,499,6,336,476,237,80,68,162
121,2,433,430,315,294,341,503,481,133,292,264
121,3,102,406,478,451,254,26,59,146,358,122
121,4,67,267,308,96,331,229,339,36,321,412
121,5,136,367,197,60,284,470,52,131,485,32
121,6,207,45,486,42,324,406,371,263,469,467
121,7,128,256,323,363,214,146,195,426,420,185
121,8,357,353,311,129,177,127,126,242,30,32
121,9,491,8,257,328,135,262,339,201,89,455
121,10,180,410,248,1,497,339,302,419,364,362
121,11,502,480,77,339,46,168,489,487,340,337
121,12,120,326,165,255,198,252,498,499,209,227
121,13,155,114,76,339,377,34,116,303,359,248
121,14,459,170,301,22,449,192,104,254,347,126
121,15,197,340,9,201,165,233,20,461,229,155
121,16,151,444,343,77,24,155,104,494,211,303
121,17,416,462,13,289,263,5,113,145,246,179
121,18,151,132,61,27,70,89,417,341,393,249
121,19,117,168,110,407,249,262,503,301,254,216
121,20,42,235,192,343,184,27,352,199,257,13
121,21,312,470,138,452,465,156,201,151,199,65
121,22,33,17,160,306,253,499,404,495,434,16
121,23,220,10,53,288,170,117,326,184,231,216
121,24,357,230,353,126,30,442,111,32,311,467
121,25,491,328,135,339,201,110,18,257,455,39
121,26,402,180,410,1,302,339,248,362,268,357
121,27,77,480,339,245,487,489,46,276,320,288
121,28,209,206,198,326,499,47,378,252,165,395
121,29,114,34,25,339,499,261,76,157,160,377
121,30,471,22,170,503,65,20,448,459,301,449
121,31,197,229,201,340,421,482,9,407,319,165
121,32,444,151,24,77,343,423,188,104,90,202
121,33,13,444,416,20,246,294,263,462,179,216
121,34,417,61,151,27,89,132,393,164,468,122
121,35,117,364,110,337,503,249,168,67,473,449
121,36,192,42,199,184,257,136,235,41,343,64
121,37,470,138,156,201,261,351,465,94,452,148
121,38,306,33,17,253,404,499,160,435,434,16
121,39,220,293,326,432,10,2,170,141,231,99
121,40,422,385,490,217,285,19,31,334,182,62
121,41,160,95,71,134,93,22,246,447,175,475
121,42,369,78,267,325,327,186,183,44,491,406
121,43,275,509,376,157,303,104,221,94,400,335
121,44,258,182,25,14,121,65,465,127,466,256
121,45,154,176,250,323,68,292,390,11,33,447
121,46,41,122,222,166,332,361,130,276,15,359
121,47,136,102,360,458,185,456,93,12,454,302
122,0,264,305,321,430,312,76,209,267,23,362
122,1,211,402,85,5,80,76,503,316,262,336
122,2,307,294,20,430,303,359,315,433,341,264
122,3,495,478,102,459,37,254,26,59,337,391
122,4,130,192,14,405,428,267,310,188,371,331
122,5,37,136,146,197,367,54,415,424,255,400
122,6,207,263,324,444,243,45,371,488,132,161
122,7,128,308,323,256,146,214,220,75,282,449
122,8,311,230,353,357,402,501,177,241,111,169
122,9,339,491,39,328,135,89,18,257,208,45
122,10,248,339,180,410,302,1,402,24,301,84
122,11,339,77,46,487,245,489,480,306,502,168
122,12,400,17,206,484,234,378,47,379,395,198
122,13,114,339,34,486,76,25,383,116,261,157
122,14,65,22,448,503,471,170,455,20,459,301
122,15,197,319,229,421,482,492,201,155,416,407
122,16,444,151,24,77,423,150,357,122,343,410
122,17,416,20,294,246,289,444,13,387,18,462
122,18,417,393,27,21,192,122,81,412,61,164
122,19,117,503,408,110,216,407,160,234,67,168
122,20,184,199,288,235,192,95,136,396,42,343
122,21,156,470,138,151,233,208,94,292,111,488
122,22,440,434,428,328,48,146,416,374,435,307
122,23,326,293,220,10,432,53,2,125,41,488
122,24,321,467,299,480,83,230,402,240,453,341
122,25,281,253,339,181,18,305,428,206,53,110
122,26,339,302,472,410,268,180,25,222,248,24
122,27,487,245,489,339,46,480,276,350,77,502
122,28,234,484,17,47,400,415,382,378,206,395
122,29,114,486,34,427,339,160,383,248,25,434
122,30,471,503,22,170,4,65,279,457,288,449
122,31,482,229,421,407,214,197,319,201,492,414
122,32,444,24,151,150,423,77,343,104,303,188
122,33,20,416,444,13,179,18,294,289,167,342
122,34,27,61,393,417,21,230,137,468,81,412
122,35,117,168,216,337,364,106,419,503,115,234
122,36,199,184,192,257,288,343,166,450,352,187
122,37,138,156,94,233,208,151,470,111,261,201
122,38,428,440,48,434,307,416,374,320,328,215
122,39,432,293,220,326,141,488,2,170,231,125
122,40,385,422,217,490,285,31,19,83,182,166
122,41,71,160,95,134,447,246,93,109,131,22
122,42,369,216,327,362,186,214,406,44,379,163
122,43,157,275,376,104,303,221,216,243,400,233
122,44,258,182,25,65,121,465,14,127,35,176
122,45,154,250,176,68,323,390,292,33,447,11
122,46,122,166,222,332,361,218,15,276,130,3
122,47,8,102,175,456,185,93,234,9,446,39
123,0,308,119,352,434,403,68,327,91,242,12
123,1,99,4,2,504,319,233,459,93,39,199
123,2,366,478,407,348,175,124,152,395,410,42
123,3,478,102,308,122,260,501,440,77,358,176
123,4,112,133,229,413,36,16,217,136,479,354
123,5,489,367,203,360,77,338,166,86,43,104
123,6,463,389,348,121,469,278,315,450,314,508
123,7,24,393,55,146,30,198,313,1,233,171
123,8,480,321,83,467,110,299,453,157,341,143
123,9,281,181,110,339,201,356,305,226,18,253
123,10,302,472,339,236,25,268,266,222,311,133
123,11,489,487,245,229,480,276,386,324,46,303
123,12,425,382,281,69,44,282,214,56,321,368
123,13,167,175,49,434,383,248,419,161,377,453
123,14,503,471,4,170,22,318,187,286,311,376
123,15,482,229,407,319,214,492,421,443,414,197
123,16,444,150,24,423,314,77,410,151,122,445
123,17,20,444,416,18,13,266,179,9,167,333
123,18,27,278,393,402,13,403,344,192,412,474
123,19,117,216,194,378,195,485,124,324,364,449
123,20,199,369,235,184,288,166,213,115,322,79
123,21,138,156,115,17,336,479,398,151,423,488
123,22,202,389,302,123,396,305,230,399,131,188
123,23,432,326,293,488,220,2,125,10,141,331
123,24,299,110,321,480,341,467,176,355,83,122
123,25,281,356,253,305,181,110,428,25,509,201
123,26,236,339,472,268,266,302,25,311,133,178
123,27,489,487,245,229,386,480,276,502,46,349
123,28,425,382,281,69,214,121,456,282,56,44
123,29,175,167,419,434,114,465,383,248,49,183
123,30,503,4,471,22,311,142,170,187,289,279
123,31,482,214,229,407,201,124,197,319,421,155
123,32,444,423,343,150,24,410,445,303,151,104
123,33,20,416,13,444,179,18,266,333,167,289
123,34,27,278,13,252,54,402,61,25,403,393
123,35,117,168,216,364,419,449,378,124,316,194
123,36,199,235,192,257,184,343,369,352,450,164
123,37,138,336,156,398,115,17,311,351,466,233
123,38,202,389,302,305,396,500,355,369,127,61
123,39,293,220,2,432,488,326,231,170,99,141
123,40,217,385,182,490,422,31,62,399,285,19
123,41,160,134,196,95,71,109,131,333,246,447
123,42,327,205,59,490,237,414,183,406,208,44
123,43,275,157,303,376,221,104,423,243,371,396
123,44,303,25,258,65,182,466,14,121,84,176
123,45,154,250,11,176,68,429,229,127,323,307
123,46,161,166,222,122,332,15,276,130,318,459
123,47,102,392,8,76,29,456,93,226,306,232
124,0,68,425,327,317,403,352,350,9,7,119
124,1,99,2,342,441,210,344,199,279,290,323
124,2,175,88,478,124,366,348,397,407,355,217
124,3,358,478,440,77,308,102,501,122,146,33
124,4,217,416,112,413,229,36,133,239,136,16
124,5,489,367,77,166,86,360,203,384,43,260
124,6,315,348,463,89,450,28,170,370,469,278
124,7,146,55,30,393,198,233,24,313,1,171
124,8,321,480,83,122,299,467,453,124,157,504
124,9,110,281,339,253,18,428,226,181,219,271
124,10,339,302,268,25,236,266,78,472,17,281
124,11,245,276,487,489,480,46,267,370,27,386
124,12,382,282,425,136,69,321,124,56,0,44
124,13,49,175,419,383,434,114,167,377,183,248
124,14,170,4,471,22,279,503,228,142,457,289
124,15,229,482,201,214,197,414,355,407,421,319
124,16,24,343,423,444,445,151,303,372,150,494
124,17,416,20,179,13,444,23,241,18,266,481
124,18,27,230,506,393,149,402,412,281,195,13
124,19,117,216,194,316,168,324,272,419,378,468
124,20,235,199,184,343,164,378,369,166,108,79
124,21,398,138,156,17,400,442,206,258,223,495
124,22,500,389,10,202,369,396,302,230,269,61
124,23,2,293,488,326,432,220,10,231,141,386
124,24,299,110,321,341,480,467,259,122,453,30
124,25,253,181,174,110,18,428,356,281,115,201
124,26,339,268,78,236,302,266,25,472,17,439
124,27,3,245,489,487,276,480,502,229,46,386
124,28,425,382,282,136,214,56,124,69,368,321
124,29,175,419,304,420,114,465,167,383,434,376
124,30,142,471,170,4,22,438,65,187,503,457
124,31,201,229,482,197,214,9,20,414,155,355
124,32,444,151,343,24,423,77,104,150,303,202
124,33,416,20,266,13,207,444,270,179,246,294
124,34,27,132,416,54,393,394,402,230,25,13
124,35,117,408,385,407,216,168,317,419,503,249
124,36,184,235,199,257,166,192,213,343,164,450
124,37,398,138,156,311,345,214,466,400,351,337
124,38,500,389,369,468,202,10,302,269,396,38
124,39,220,293,432,326,170,2,141,10,488,99
124,40,422,385,490,285,19,217,166,31,62,399
124,41,160,71,95,93,246,134,386,109,447,468
124,42,205,369,327,22,183,186,208,479,92,396
124,43,104,157,275,303,376,335,509,216,221,400
124,44,258,182,25,121,65,176,133,333,84,484
124,45,154,250,176,390,307,323,11,68,447,292
124,46,41,122,332,166,15,222,361,441,276,425
124,47,102,458,456,360,93,185,302,9,297,203
125,0,224,178,208,305,379,218,200,279,265,217
125,1,477,108,176,242,191,488,148,323,338,331
125,2,162,452,391,50,268,112,508,25,58,392
125,3,381,199,29,478,246,402,37,395,430,152
125,4,130,34,507,428,296,114,192,354,404,476
125,5,37,153,475,312,416,27,501,47,247,197
125,6,288,140,208,180,349,176,315,313,263,469
125,7,123,155,146,410,308,65,393,349,1,198
125,8,442,111,321,378,129,143,453,240,85,467
125,9,339,135,18,328,281,201,491,53,257,45
125,10,339,441,302,24,248,402,410,268,180,398
125,11,245,77,487,243,46,480,3,339,489,340
125,12,78,206,432,378,135,306,138,294,87,340
125,13,157,114,339,76,499,160,445,383,261,49
125,14,65,170,22,471,503,438,448,459,15,159
125,15,197,229,319,201,421,482,492,155,416,282
125,16,444,151,24,77,423,150,122,343,104,357
125,17,246,294,416,334,289,20,444,10,387,462
125,18,164,435,336,393,485,27,63,192,178,61
125,19,117,408,503,407,101,168,216,110,234,449
125,20,235,184,199,288,321,192,95,343,166,396
125,21,414,21,138,163,156,214,107,151,233,94
125,22,42,509,162,387,40,434,202,146,74,328
125,23,220,326,293,53,10,288,231,170,2,216
125,24,378,442,111,383,467,240,299,480,321,85
125,25,45,34,135,281,339,18,53,253,181,201
125,26,339,441,268,180,302,410,357,248,175,25
125,27,243,487,489,245,339,3,46,413,480,99
125,28,432,378,78,206,135,306,294,47,264,305
125,29,157,339,160,114,34,486,345,434,383,146
125,30,65,22,503,471,170,124,288,4,448,457
125,31,421,482,197,229,319,407,201,492,214,414
125,32,444,151,77,24,150,343,423,104,122,357
125,33,416,246,444,20,13,294,289,179,18,167
125,34,27,164,61,435,485,393,336,230,137,412
125,35,117,337,168,216,503,364,408,449,419,115
125,36,184,199,257,192,288,450,343,166,164,322
125,37,414,138,156,21,163,94,151,336,208,488
125,38,40,42,162,387,434,509,374,178,38,199
125,39,220,432,326,293,141,170,10,488,41,2
125,40,422,385,19,285,490,217,166,31,334,62
125,41,160,95,71,134,93,246,386,468,109,156
125,42,369,91,186,327,216,183,396,163,379,44
125,43,104,303,275,157,216,221,376,354,335,400
125,44,258,182,25,65,121,133,465,176,155,127
125,45,154,250,176,390,323,307,68,447,11,244
125,46,122,166,332,15,222,361,441,425,276,218
125,47,8,102,175,456,93,185,166,302,9,226
126,0,289,19,441,68,203,474,403,471,386,272
126,1,4,456,162,99,39,237,504,499,160,6
126,2,36,348,407,124,201,133,31,432,302,363
126,3,102,478,308,77,406,122,146,254,440,358
126,4,36,413,98,10,229,321,217,16,159,479
126,5,367,360,283,86,166,203,470,402,338,77
126,6,469,278,315,463,82,27,354,348,178,403
126,7,353,146,198,24,313,420,393,1,71,362
126,8,480,110,467,321,83,453,240,192,504,38
126,9,339,455,281,8,181,428,201,253,110,18
126,10,339,302,87,180,26,472,151,222,25,161
126,11,489,487,46,245,276,267,27,480,348,441
126,12,282,214,321,44,368,399,382,242,281,327
126,13,114,339,248,49,383,482,29,434,419,204
126,14,503,22,471,170,280,4,449,5,376,279
126,15,465,482,421,319,229,197,201,452,416,492
126,16,77,444,122,151,24,150,477,357,93,423
126,17,416,289,444,18,333,13,241,20,481,76
126,18,393,412,27,230,61,34,461,500,281,165
126,19,216,117,168,337,202,195,449,468,194,427
126,20,184,117,235,164,199,322,288,343,352,166
126,21,156,138,151,409,336,17,488,495,449,253
126,22,390,202,193,396,316,111,374,403,38,342
126,23,326,220,288,231,293,41,432,10,99,304
126,24,480,110,467,321,83,362,299,453,129,240
126,25,455,281,339,201,305,428,181,110,18,253
126,26,339,87,236,26,302,180,268,472,222,25
126,27,489,46,487,245,480,276,267,324,186,174
126,28,282,214,44,399,321,327,242,419,382,56
126,29,114,248,29,486,419,339,434,383,49,3
126,30,503,471,170,22,5,280,449,4,279,376
126,31,421,482,465,407,229,319,492,443,197,452
126,32,151,77,24,444,494,150,122,314,477,357
126,33,416,444,13,333,18,179,76,289,241,23
126,34,27,61,393,230,461,229,412,165,500,13
126,35,117,216,337,168,364,449,468,202,195,419
126,36,184,199,117,164,257,322,192,343,352,235
126,37,336,138,156,409,17,151,335,449,488,253
126,38,390,193,396,202,316,111,374,222,384,38
126,39,220,326,432,293,141,288,231,170,10,67
126,40,391,19,422,166,385,355,490,285,217,399
126,41,160,386,196,95,468,93,134,156,252,131
126,42,237,186,327,59,396,490,299,44,208,183
126,43,303,221,157,216,275,371,243,400,354,215
126,44,47,258,182,25,465,303,133,121,466,65
126,45,154,429,176,435,11,250,390,307,278,244
126,46,441,15,166,122,332,425,361,151,12,276
126,47,8,102,226,93,456,185,452,9,61,302
127,0,459,68,434,495,352,347,400,503,403,350
127,1,99,210,342,2,441,143,182,135,199,93
127,2,175,348,478,124,169,407,355,366,395,352
127,3,122,478,102,308,260,501,440,166,37,77
127,4,112,217,133,160,159,146,413,239,53,36
127,5,77,489,479,338,367,249,203,86,360,405
127,6,389,24,450,107,469,278,463,348,393,82
127,7,24,393,55,30,31,146,313,198,88,1
127,8,467,83,321,480,453,122,418,157,362,176
127,9,281,339,110,120,18,356,509,455,305,219
127,10,472,26,339,302,133,236,25,168,266,487
127,11,489,487,276,480,182,245,229,31,46,303
127,12,425,44,382,282,69,281,321,121,214,56
127,13,434,49,304,383,419,248,161,175,114,167
127,14,503,228,463,471,286,81,318,376,22,279
127,15,421,443,319,482,492,176,326,465,164,378
127,16,24,372,444,410,150,488,314,122,77,357
127,17,18,416,241,444,76,13,179,9,333,481
127,18,27,278,393,281,230,61,191,487,402,442
127,19,117,216,468,337,441,195,316,485,419,168
127,20,164,184,199,322,235,369,129,257,343,192
127,21,138,156,206,17,336,400,442,370,335,151
127,22,302,202,389,396,230,123,70,505,269,500
127,23,326,432,220,141,319,386,67,14,180,288
127,24,321,362,122,467,217,453,268,418,83,480
127,25,281,305,356,428,181,339,455,253,110,509
127,26,26,236,472,487,339,302,326,133,268,266
127,27,489,276,487,245,480,46,182,229,3,386
127,28,425,281,69,121,44,382,214,282,56,368
127,29,304,175,420,419,383,114,167,372,434,465
127,30,503,142,81,463,22,228,311,471,4,5
127,31,421,482,201,319,443,197,492,326,465,164
127,32,372,444,24,77,151,410,488,494,357,150
127,33,416,241,118,18,425,179,76,13,207,371
127,34,486,416,27,278,487,54,13,156,25,234
127,35,117,210,317,285,249,168,468,216,373,115
127,36,235,184,464,257,315,167,166,436,164,192
127,37,337,466,474,311,242,345,351,442,156,400
127,38,389,302,202,500,396,369,468,123,159,415
127,39,220,117,155,141,74,96,319,326,250,386
127,40,422,6,166,285,217,19,182,289,175,237
127,41,160,95,386,131,196,93,330,218,410,134
127,42,22,245,479,472,237,97,440,443,184,109
127,43,104,336,335,509,354,157,79,303,123,233
127,44,303,270,182,483,197,4,289,258,121,173
127,45,154,311,229,176,140,441,406,360,5,201
127,46,15,441,425,281,475,166,361,276,472,122
127,47,463,297,102,442,125,155,315,447,258,456
128,0,412,251,319,168,294,205,235,371,109,431
128,1,440,125,57,303,100,475,88,136,181,492
128,2,342,511,496,508,37,107,280,207,392,137
128,3,237,196,269,139,293,408,478,177,102,182
128,4,506,357,294,346,389,73,465,198,325,332
128,5,68,74,56,112,482,259,110,244,263,154
128,6,435,292,237,185,259,68,397,182,326,10
128,7,177,33,316,302,139,489,92,469,163,325
128,8,233,311,356,321,205,273,304,359,38,113
128,9,339,208,135,281,155,89,257,21,349,18
128,10,248,131,419,55,218,370,348,350,129,357
128,11,363,234,3,46,415,306,25,335,456,294
128,12,218,246,37,143,287,220,228,82,415,73
128,13,195,412,329,445,128,265,377,264,140,481
128,14,188,74,90,58,92,388,503,254,101,275
128,15,340,160,197,319,416,122,150,492,229,452
128,16,444,122,151,77,91,438,480,199,402,262
128,17,72,324,430,343,289,425,372,17,267,172
128,18,503,282,127,497,483,388,510,385,250,386
128,19,63,210,101,212,376,249,117,26,289,66
128,20,464,184,366,335,507,215,235,239,78,247
128,21,337,242,456,464,287,474,18,91,107,203
128,22,283,77,43,78,86,281,122,401,181,264
128,23,390,146,163,95,155,74,250,170,416,51
128,24,138,233,356,304,503,35,205,243,160,106
128,25,208,155,135,339,161,281,210,71,18,353
128,26,348,339,129,248,370,302,273,357,131,125
128,27,234,245,487,363,456,3,415,294,489,12
128,28,246,218,143,220,37,217,290,228,287,415
128,29,412,329,195,220,128,52,345,328,474,264
128,30,188,33,425,22,58,90,383,92,503,403
128,31,416,492,340,197,170,319,452,150,122,160
128,32,444,151,77,122,406,279,462,24,54,295
128,33,72,289,297,324,416,17,466,430,73,70
128,34,503,127,282,497,388,386,483,510,385,90
128,35,63,97,217,249,32,210,156,26,289,117
128,36,184,464,239,172,215,322,43,335,366,457
128,37,337,456,464,287,242,86,466,18,405,474
128,38,283,43,77,86,281,78,401,181,122,264
128,39,146,390,75,141,70,416,101,326,304,281
128,40,422,244,19,227,203,257,393,285,215,88
128,41,94,429,215,180,434,490,226,67,266,40
128,42,428,472,123,476,322,365,287,119,303,473
128,43,354,509,335,395,104,377,217,92,94,336
128,44,158,4,51,440,43,189,289,258,196,133
128,45,140,406,375,48,365,332,359,282,211,360
128,46,77,239,141,469,147,15,69,425,351,372
128,47,142,11,222,280,424,471,407,204,1,469
129,0,315,395,351,435,109,333,249,90,213,331
129,1,32,235,303,505,97,74,88,383,38,128
129,2,89,295,37,280,27,372,115,357,334,222
129,3,139,237,408,269,182,293,82,249,335,177
129,4,506,465,325,198,389,156,241,28,423,35
129,5,482,263,112,468,226,292,142,190,236,446
129,6,164,185,13,505,237,165,76,394,91,201
129,7,177,489,158,425,163,316,141,242,199,191
129,8,356,233,87,205,11,304,35,359,316,335
129,9,502,135,71,40,208,161,171,214,395,155
129,10,348,330,129,484,48,111,419,5,350,97
129,11,234,294,363,415,456,197,35,17,189,12
129,12,246,37,228,390,9,459,220,217,290,491
129,13,128,265,426,329,481,52,412,195,220,387
129,14,82,138,90,188,92,34,127,340,212,388
129,15,391,347,122,37,178,346,169,156,272,423
129,16,480,91,51,189,133,359,23,262,110,140
129,17,72,499,324,372,488,422,267,454,381,166
129,18,127,471,483,510,184,370,497,49,42,212
129,19,63,26,37,212,434,145,31,210,174,376
129,20,464,78,507,109,258,344,457,247,366,215
129,21,242,464,337,287,474,100,18,54,456,203
129,22,293,86,81,77,264,78,41,223,30,196
129,23,390,146,163,95,236,84,457,25,250,323
129,24,87,335,12,356,503,35,233,106,160,205
129,25,208,395,214,135,161,155,443,210,71,40
129,26,424,330,348,211,129,456,484,492,48,5
129,27,234,456,181,197,294,444,270,422,415,12
129,28,217,246,37,290,220,228,459,9,390,143
129,29,128,426,387,329,52,411,423,317,412,22
129,30,383,90,212,138,233,34,33,188,92,80
129,31,122,340,150,160,347,272,37,424,416,319
129,32,91,480,399,444,23,51,262,79,279,74
129,33,72,297,499,454,488,372,289,272,324,182
129,34,471,127,483,370,510,497,184,49,386,90
129,35,63,97,32,26,249,217,156,434,289,78
129,36,464,184,239,322,172,132,366,457,43,386
129,37,337,464,242,287,86,456,100,466,18,405
129,38,293,81,86,77,78,223,181,41,30,196
129,39,75,146,390,511,101,70,416,304,141,63
129,40,244,227,257,422,203,278,19,393,88,215
129,41,94,215,429,226,180,490,434,397,266,49
129,42,428,123,322,476,472,87,287,393,119,473
129,43,509,354,335,395,92,104,180,377,178,87
129,44,4,440,158,51,43,289,189,196,277,133
129,45,479,406,140,375,34,48,28,359,365,200
129,46,256,77,188,239,340,141,171,69,469,372
129,47,142,272,78,85,280,11,424,471,407,451
130,0,71,32,130,437,279,342,336,286,170,221
130,1,303,157,225,60,128,165,209,38,205,200
130,2,380,286,89,321,87,171,324,280,335,81
130,3,354,478,197,357,221,139,216,272,128,86
130,4,440,196,292,499,245,184,349,340,476,322
130,5,180,11,20,456,259,244,96,420,383,281
130,6,179,452,189,78,258,359,6,285,329,52
130,7,220,174,327,268,269,325,468,100,170,119
130,8,243,470,301,497,3,123,434,106,491,116
130,9,208,135,281,339,503,53,181,348,395,404
130,10,5,349,176,248,131,173,419,163,350,302
130,11,234,339,487,496,301,337,378,472,288,197
130,12,406,248,317,470,409,415,247,82,227,333
130,13,176,31,348,39,257,270,155,264,423,255
130,14,33,403,58,383,179,34,319,365,167,101
130,15,319,416,492,452,340,202,229,197,122,170
130,16,444,406,279,462,480,122,91,314,295,54
130,17,72,289,297,488,272,182,9,466,86,61
130,18,90,196,450,464,386,340,284,185,287,86
130,19,97,26,63,263,249,485,32,245,202,117
130,20,184,451,497,172,386,366,239,507,41,464
130,21,98,43,3,488,376,104,466,405,175,86
130,22,461,426,403,276,471,112,507,422,150,177
130,23,75,326,53,63,70,304,124,146,141,117
130,24,497,106,243,467,48,3,321,224,470,301
130,25,208,281,247,339,358,353,509,53,424,443
130,26,5,248,115,176,349,359,147,472,511,211
130,27,301,234,181,378,324,334,339,489,232,444
130,28,406,470,248,409,317,227,247,353,415,489
130,29,176,328,141,348,270,202,103,109,114,257
130,30,403,167,503,33,58,73,400,425,101,193
130,31,492,319,416,202,443,452,45,421,482,176
130,32,444,314,279,295,122,462,150,0,406,24
130,33,297,289,9,205,182,72,335,364,42,312
130,34,196,90,464,340,434,86,61,39,337,432
130,35,97,32,202,1,321,485,118,263,217,156
130,36,41,184,64,451,386,497,322,187,239,46
130,37,43,3,98,104,488,78,405,466,376,279
130,38,461,507,426,276,403,112,471,150,422,177
130,39,75,410,326,70,141,180,53,170,432,507
130,40,425,422,19,257,285,393,166,65,83,383
130,41,215,283,429,501,158,147,220,325,397,152
130,42,426,55,56,113,225,186,163,299,379,256
130,43,391,458,156,354,256,106,408,104,438,216
130,44,79,289,364,145,34,465,258,466,33,133
130,45,214,447,125,114,452,390,211,376,375,311
130,46,425,121,15,196,69,435,441,407,128,381
130,47,88,8,357,89,131,471,188,185,469,9
131,0,338,293,369,473,34,234,149,391,416,440
131,1,493,465,16,303,209,264,55,144,94,496
131,2,405,210,321,135,226,481,87,205,286,251
131,3,364,478,102,162,31,237,184,37,266,393
131,4,499,349,358,184,292,130,314,480,16,340
131,5,11,283,391,20,180,187,233,379,114,505
131,6,119,258,247,27,354,50,47,234,285,459
131,7,220,206,352,34,353,228,274,362,269,280
131,8,224,243,301,106,337,359,339,123,225,434
131,9,208,424,503,53,135,281,395,71,39,339
131,10,349,173,5,248,189,176,419,31,131,413
131,11,277,234,378,288,337,496,335,301,491,306
131,12,227,266,419,93,14,470,58,351,155,415
131,13,176,348,487,31,270,39,109,257,35,62
131,14,365,58,403,425,34,319,179,450,6,224
131,15,319,122,150,340,416,347,160,197,492,229
131,16,444,462,279,122,88,490,297,79,392,467
131,17,289,42,297,364,276,260,82,296,272,340
131,18,286,340,196,284,90,220,450,199,283,192
131,19,321,263,217,249,223,80,361,337,245,356
131,20,64,41,251,117,366,386,138,184,347,232
131,21,98,356,43,301,78,351,466,152,488,376
131,22,126,507,192,386,115,419,92,403,422,163
131,23,100,476,53,124,410,262,326,75,117,119
131,24,224,243,106,48,501,301,339,162,116,291
131,25,208,424,339,281,53,348,395,503,257,247
131,26,248,349,5,131,494,31,173,490,189,223
131,27,277,234,378,288,301,181,444,496,334,337
131,28,227,266,470,419,93,14,343,155,351,58
131,29,176,487,348,35,62,109,367,114,397,48
131,30,365,58,403,425,73,34,319,350,344,49
131,31,122,160,150,340,416,319,492,347,452,197
131,32,444,279,54,456,79,199,438,295,462,314
131,33,42,297,289,182,296,364,260,487,276,221
131,34,286,90,340,384,220,283,196,109,150,61
131,35,337,321,327,217,223,504,263,249,97,311
131,36,41,64,251,386,184,8,117,138,192,347
131,37,98,356,78,351,43,301,48,167,488,466
131,38,126,386,192,115,419,507,92,125,163,422
131,39,100,117,410,53,476,124,101,75,170,507
131,40,65,257,422,389,285,383,330,171,19,288
131,41,220,264,429,32,158,216,215,152,168,147
131,42,68,113,351,163,389,379,403,436,382,130
131,43,167,458,104,106,137,280,256,435,335,369
131,44,364,99,289,293,479,465,34,122,181,346
131,45,447,26,244,390,294,114,140,401,214,492
131,46,431,323,381,464,332,435,325,15,492,69
131,47,269,178,166,131,501,226,278,8,88,461
132,0,100,247,19,272,68,147,258,233,400,207
132,1,493,160,487,499,244,237,403,16,311,363
132,2,36,481,382,153,341,70,72,233,133,210
132,3,102,406,478,265,161,18,31,244,275,274
132,4,358,166,445,508,467,136,16,327,186,244
132,5,161,61,52,402,333,283,367,505,275,79
132,6,119,247,459,365,44,278,480,27,327,354
132,7,214,353,206,501,503,362,200,228,71,34
132,8,224,501,339,301,243,192,11,408,20,140
132,9,208,424,339,349,281,83,18,156,257,181
132,10,248,223,87,419,189,145,494,131,252,267
132,11,277,503,335,46,287,509,306,32,103,379
132,12,269,266,242,419,60,227,209,214,399,372
132,13,176,487,397,114,39,70,265,35,474,419
132,14,365,425,58,254,18,429,6,34,160,22
132,15,340,197,122,184,416,160,209,347,319,229
132,16,444,297,229,438,79,325,250,199,180,202
132,17,42,170,289,297,296,221,260,364,276,147
132,18,286,461,196,500,229,340,61,384,192,34
132,19,321,263,337,217,249,356,80,223,504,361
132,20,41,64,235,347,117,140,251,138,187,119
132,21,98,409,301,351,43,253,78,376,447,458
132,22,111,507,316,193,192,115,384,113,422,386
132,23,100,117,124,476,170,419,262,263,78,53
132,24,224,501,339,162,20,68,301,101,291,11
132,25,208,395,424,339,257,18,89,349,281,385
132,26,248,223,494,131,87,95,189,92,267,349
132,27,277,335,234,46,503,287,378,306,32,496
132,28,266,269,419,209,227,60,242,214,155,399
132,29,176,487,114,397,35,367,88,109,39,70
132,30,365,425,58,22,18,403,254,6,142,5
132,31,340,122,160,197,347,184,416,150,319,492
132,32,444,63,229,79,438,297,199,180,462,116
132,33,297,289,42,296,260,159,276,364,170,182
132,34,286,461,500,384,196,90,61,283,34,229
132,35,263,223,321,337,217,187,482,271,249,32
132,36,347,41,386,64,117,8,235,184,138,140
132,37,98,301,351,409,43,253,78,466,447,463
132,38,111,507,316,192,193,115,384,113,419,386
132,39,100,117,75,410,101,507,124,263,53,170
132,40,257,422,65,383,285,330,355,227,425,171
132,41,429,264,152,147,215,168,158,397,394,220
132,42,237,436,389,163,417,186,55,56,59,403
132,43,458,256,104,137,243,167,106,354,335,312
132,44,47,364,289,465,34,479,466,407,122,176
132,45,435,114,244,214,346,376,447,492,3,434
132,46,121,435,244,373,15,332,381,69,128,325
132,47,89,226,471,357,88,8,131,431,9,461
133,0,68,290,492,403,440,338,348,327,43,49
133,1,135,212,493,16,224,491,65,305,48,498
133,2,313,168,479,153,436,406,139,309,351,72
133,3,102,18,478,406,343,274,275,31,265,476
133,4,166,508,184,445,327,502,467,42,136,16
133,5,275,52,505,79,317,61,90,187,450,402
133,6,119,24,393,480,138,247,137,279,431,327
133,7,413,214,503,101,200,440,318,34,501,461
133,8,224,501,301,106,243,391,113,389,372,359
133,9,208,424,146,63,281,349,339,21,181,18
133,10,248,487,95,419,189,267,369,223,145,225
133,11,277,335,324,334,306,287,103,378,379,78
133,12,242,269,224,75,360,497,299,18,331,48
133,13,487,176,397,39,114,57,474,265,35,401
133,14,425,365,58,18,268,254,73,34,6,101
133,15,122,340,319,416,150,197,347,160,492,184
133,16,444,63,79,54,199,297,456,229,462,283
133,17,296,289,297,147,42,170,93,378,260,159
133,18,286,298,384,394,61,170,327,192,207,90
133,19,263,321,356,249,80,73,78,445,32,418
133,20,235,140,41,64,366,187,57,167,386,48
133,21,98,59,351,279,223,299,376,221,78,146
133,22,142,369,20,295,379,269,113,290,489,468
133,23,117,100,263,476,124,172,214,250,262,419
133,24,224,501,162,106,101,243,185,20,405,301
133,25,208,146,395,424,63,339,281,349,53,21
133,26,248,95,5,131,487,189,223,328,349,78
133,27,277,335,234,444,334,378,306,324,140,337
133,28,75,227,360,269,331,497,415,60,209,224
133,29,176,487,264,114,397,88,390,39,270,474
133,30,365,34,425,18,58,142,73,461,403,101
133,31,122,160,150,340,202,416,347,452,395,492
133,32,63,54,283,174,444,399,133,462,66,456
133,33,297,260,276,289,454,296,72,182,252,42
133,34,286,298,90,428,170,384,284,260,117,54
133,35,263,73,217,32,249,356,321,78,504,445
133,36,235,366,57,167,43,41,140,48,386,172
133,37,351,98,59,299,67,466,86,223,78,405
133,38,142,369,20,295,379,225,469,269,463,113
133,39,117,100,69,263,75,478,416,101,146,250
133,40,6,227,171,257,285,215,422,330,203,65
133,41,408,12,306,429,394,32,500,220,175,380
133,42,478,20,138,133,232,410,417,480,197,473
133,43,104,178,119,460,509,395,387,335,94,267
133,44,446,134,4,120,270,223,440,191,95,337
133,45,15,2,84,140,351,503,111,210,201,290
133,46,181,272,421,392,492,211,161,57,332,322
133,47,492,202,338,144,29,326,297,149,336,181
134,0,463,378,337,245,217,158,375,21,452,429
134,1,370,378,294,18,265,496,493,277,87,216
134,2,493,63,444,106,436,30,404,405,280,220
134,3,212,237,86,102,478,1,31,18,139,197
134,4,393,54,184,292,102,63,24,370,130,480
134,5,493,37,20,278,379,275,391,187,5,11
134,6,168,119,145,318,137,47,220,247,480,24
134,7,20,93,120,72,503,132,202,34,200,134
134,8,224,275,389,448,162,243,311,123,106,405
134,9,208,424,135,395,63,503,146,53,39,443
134,10,248,5,173,419,413,131,189,349,223,424
134,11,277,378,234,288,335,337,181,339,496,320
134,12,395,98,227,234,154,260,247,82,415,505
134,13,176,48,348,39,487,114,255,328,264,261
134,14,365,58,425,33,319,34,18,101,179,254
134,15,340,122,416,197,160,319,347,150,229,492
134,16,444,462,79,91,297,480,122,77,490,202
134,17,289,297,72,488,466,170,276,68,296,86
134,18,286,21,92,284,90,152,199,324,108,287
134,19,110,263,249,245,78,32,234,449,26,217
134,20,184,64,235,95,41,48,167,386,450,366
134,21,351,67,376,192,167,98,156,92,331,78
134,22,35,215,224,45,320,121,435,328,463,8
134,23,170,124,53,476,250,141,326,10,75,117
134,24,224,275,162,106,291,101,501,467,243,359
134,25,443,208,53,339,281,395,424,63,335,18
134,26,248,5,413,173,424,339,349,472,422,302
134,27,234,378,301,181,339,324,288,277,245,334
134,28,395,234,227,98,228,415,154,489,168,299
134,29,176,427,103,328,114,48,345,378,348,411
134,30,167,319,33,425,471,503,58,403,101,22
134,31,492,416,319,452,122,482,340,229,424,443
134,32,444,295,279,314,122,406,462,357,79,54
134,33,182,297,9,289,205,444,72,86,234,36
134,34,90,21,108,324,61,92,199,152,86,284
134,35,110,202,97,32,249,485,364,263,123,217
134,36,184,386,322,235,48,172,46,167,64,194
134,37,351,201,225,167,78,331,192,376,488,86
134,38,35,215,224,320,121,435,255,45,463,8
134,39,75,101,326,141,63,70,117,180,170,304
134,40,257,422,227,19,393,285,275,390,6,116
134,41,429,490,215,99,397,180,152,175,49,380
134,42,382,260,130,202,369,62,355,419,216,113
134,43,354,509,335,104,435,395,94,178,458,92
134,44,289,293,333,120,250,196,258,495,43,499
134,45,375,89,447,140,200,15,360,390,376,26
134,46,492,69,425,15,71,218,26,446,332,441
134,47,234,471,65,2,39,149,281,472,131,9
135,0,209,297,258,264,101,267,362,430,321,76
135,1,370,85,113,226,215,61,209,417,164,402
135,2,414,493,44,436,359,269,405,449,226,404
135,3,252,264,495,478,161,221,102,343,18,31
135,4,449,310,161,184,175,405,17,471,267,371
135,5,493,206,54,37,255,411,20,424,82,415
135,6,479,243,220,371,318,137,119,3,87,47
135,7,257,283,449,259,128,72,470,51,214,305
135,8,224,275,106,169,243,101,113,155,307,291
135,9,208,424,146,53,335,284,395,88,130,412
135,10,248,446,413,115,173,419,255,324,490,189
135,11,301,277,288,378,324,234,335,125,106,334
135,12,157,278,395,400,227,416,379,231,267,198
135,13,176,103,487,48,39,114,62,35,397,427
135,14,126,365,403,425,73,273,101,145,489,39
135,15,416,492,319,122,340,452,347,229,170,202
135,16,444,462,357,406,279,122,0,295,79,63
135,17,297,182,289,205,204,426,9,260,296,86
135,18,90,43,21,284,108,81,417,183,61,192
135,19,32,507,110,97,202,119,485,432,399,263
135,20,386,184,48,172,194,322,450,142,430,93
135,21,227,225,183,236,327,201,221,376,111,351
135,22,416,428,403,334,433,221,328,440,28,434
135,23,75,250,194,101,326,304,141,70,357,159
135,24,106,281,275,374,169,243,224,321,467,359
135,25,208,281,335,247,53,339,284,424,353,146
135,26,115,147,446,359,248,324,413,401,422,511
135,27,301,125,324,232,334,378,96,339,234,472
135,28,157,278,395,231,400,353,489,359,484,168
135,29,103,176,486,82,122,62,126,427,141,441
135,30,145,167,73,503,403,126,157,39,319,184
135,31,492,319,416,452,202,443,95,45,424,122
135,32,444,295,279,314,0,122,462,150,79,406
135,33,205,297,182,9,204,234,36,434,137,312
135,34,90,86,43,140,198,21,183,122,81,274
135,35,97,202,32,488,507,110,364,485,119,249
135,36,386,194,184,322,172,46,48,430,390,43
135,37,227,95,225,183,111,327,488,148,236,391
135,38,416,428,433,221,403,440,307,48,334,328
135,39,75,326,432,70,141,101,180,304,63,409
135,40,257,422,116,19,393,83,227,21,23,325
135,41,215,490,429,397,332,430,99,325,40,43
135,42,172,216,40,214,50,387,369,435,299,256
135,43,354,509,335,127,94,458,340,157,336,104
135,44,289,468,333,281,258,197,133,34,420,383
135,45,200,375,360,390,140,376,211,214,447,5
135,46,425,69,218,15,475,441,26,457,407,353
135,47,471,39,446,175,472,234,24,407,506,469
136,0,330,130,32,71,278,279,170,345,409,437
136,1,59,427,112,471,71,192,250,15,355,275
136,2,250,293,414,226,380,483,419,354,269,326
136,3,478,354,272,252,221,495,357,440,128,156
136,4,196,440,245,499,359,184,239,489,430,340
136,5,456,383,96,258,411,203,479,20,308,66
136,6,258,166,479,6,452,50,189,243,382,377
136,7,170,269,439,257,268,283,343,24,320,231
136,8,243,106,321,467,334,362,94,60,374,455
136,9,281,247,208,339,53,38,509,434,428,335
136,10,115,359,472,310,147,248,302,511,401,496
136,11,301,324,339,313,125,487,232,303,181,472
136,12,409,248,463,157,406,484,353,80,231,415
136,13,103,427,434,49,377,161,39,509,441,508
136,14,167,503,33,471,101,318,250,286,145,58
136,15,492,319,416,482,443,421,452,229,45,176
136,16,444,314,122,279,150,357,406,24,462,77
136,17,444,289,182,9,297,86,416,36,204,339
136,18,90,21,464,434,86,137,192,265,330,348
136,19,202,97,485,216,119,364,117,118,432,449
136,20,184,322,46,451,386,497,172,430,282,29
136,21,3,327,236,104,227,225,156,488,221,216
136,22,276,426,403,112,461,433,150,471,177,507
136,23,326,432,304,14,409,75,67,101,180,141
136,24,467,362,321,94,334,243,83,281,347,455
136,25,281,247,208,509,339,181,306,428,353,305
136,26,472,511,359,147,133,422,366,339,96,496
136,27,301,324,232,489,313,303,31,125,186,56
136,28,248,353,489,80,463,409,415,247,484,73
136,29,103,334,161,87,509,10,486,508,88,301
136,30,503,167,471,145,157,400,318,343,4,286
136,31,492,319,443,421,176,416,482,45,452,378
136,32,444,314,279,295,150,122,24,357,410,406
136,33,9,182,444,204,205,137,231,131,107,297
136,34,464,86,90,434,21,39,137,265,358,140
136,35,202,97,118,485,32,364,216,507,119,110
136,36,322,184,386,451,497,46,430,172,35,194
136,37,3,104,327,236,95,227,488,270,216,225
136,38,426,276,403,461,112,433,150,507,471,177
136,39,326,432,75,141,63,180,409,67,101,70
136,40,422,425,257,19,83,116,393,21,314,285
136,41,215,429,397,501,325,283,99,490,332,430
136,42,55,426,56,172,40,299,379,225,256,435
136,43,354,458,391,340,156,408,216,157,257,104
136,44,289,145,258,79,466,34,133,281,465,197
136,45,452,214,211,360,125,390,376,311,86,114
136,46,425,196,69,15,407,475,441,17,276,435
136,47,88,8,471,407,188,89,226,469,185,265
137,0,293,14,338,369,20,358,111,392,150,67
137,1,493,273,33,268,251,264,16,482,465,432
137,2,293,226,251,161,110,432,164,279,297,347
137,3,397,221,478,37,156,176,161,440,134,102
137,4,489,132,499,492,239,133,385,314,26,112
137,5,270,383,2,324,358,13,307,461,233,203
137,6,481,258,108,119,419,319,50,479,385,354
137,7,34,274,38,320,365,396,223,339,0,62
137,8,374,243,315,424,334,106,281,359,455,347
137,9,208,424,242,412,281,247,53,493,451,339
137,10,115,324,79,419,364,359,395,310,31,120
137,11,301,125,232,96,403,324,233,83,480,29
137,12,359,221,460,353,155,343,443,322,252,93
137,13,87,103,10,397,4,39,141,122,446,161
137,14,73,23,236,167,171,292,101,403,133,157
137,15,492,416,202,452,319,95,271,443,482,122
137,16,279,444,295,0,314,501,79,462,150,208
137,17,297,205,182,261,204,9,476,289,302,36
137,18,90,220,66,286,180,86,204,73,216,140
137,19,482,97,32,223,202,61,485,119,364,249
137,20,314,386,8,200,82,322,172,390,480,184
137,21,298,301,22,270,95,253,488,458,236,82
137,22,403,46,419,107,92,316,193,326,163,177
137,23,75,326,304,101,180,188,250,409,159,141
137,24,281,315,424,374,334,243,427,321,106,455
137,25,281,208,247,412,242,493,112,451,424,358
137,26,324,115,79,147,42,511,359,236,136,396
137,27,301,96,232,203,125,324,83,403,161,313
137,28,359,322,353,374,460,489,443,221,173,292
137,29,103,87,167,4,10,213,446,88,486,122
137,30,73,171,157,23,236,503,167,195,400,142
137,31,492,319,202,416,95,452,424,45,271,443
137,32,0,279,295,501,314,444,79,150,122,462
137,33,205,297,261,302,182,204,434,476,234,227
137,34,66,90,180,73,204,86,286,274,220,216
137,35,97,482,61,364,32,202,249,485,119,221
137,36,386,200,314,8,184,322,194,172,390,480
137,37,298,225,488,299,22,95,270,165,458,327
137,38,46,107,403,419,92,326,193,316,163,390
137,39,75,180,326,432,70,101,141,304,357,63
137,40,234,422,257,393,21,19,105,83,325,6
137,41,429,215,397,490,252,43,264,61,448,100
137,42,417,436,499,389,79,59,340,256,299,487
137,43,458,332,354,408,257,476,336,94,216,340
137,44,289,160,34,466,133,465,258,454,206,256
137,45,103,214,114,253,346,211,188,376,233,125
137,46,425,69,53,15,407,35,441,475,405,503
137,47,471,89,92,8,226,88,407,472,469,265
138,0,14,358,67,338,150,349,111,58,508,233
138,1,33,493,268,273,243,432,305,274,16,48
138,2,347,293,161,432,226,443,332,279,83,110
138,3,221,478,343,440,156,102,501,308,128,122
138,4,489,132,239,133,53,112,16,429,146,385
138,5,2,358,203,383,88,311,296,479,505,125
138,6,481,419,108,119,248,319,479,258,385,98
138,7,34,320,38,223,365,124,343,440,439,21
138,8,315,281,334,243,455,321,374,424,106,64
138,9,281,247,208,339,242,493,75,353,428,358
138,10,115,324,79,511,359,147,496,396,419,310
138,11,301,232,96,324,125,313,181,29,83,233
138,12,359,322,353,460,443,91,415,343,157,374
138,13,103,87,141,213,39,384,194,324,446,377
138,14,73,167,157,503,236,23,318,171,400,272
138,15,492,319,416,202,95,452,482,443,407,421
138,16,279,314,150,444,295,0,122,462,501,79
138,17,297,182,205,302,9,431,36,261,289,227
138,18,66,90,86,286,216,117,180,416,165,73
138,19,97,119,60,485,202,156,482,364,32,216
138,20,386,184,172,314,480,48,239,43,322,200
138,21,299,206,225,165,442,311,130,417,458,223
138,22,403,269,290,102,369,92,295,326,415,159
138,23,75,326,250,432,180,155,304,409,457,101
138,24,334,315,281,243,455,321,106,374,427,467
138,25,281,208,247,242,358,353,339,493,112,509
138,26,115,324,511,359,79,147,310,401,472,422
138,27,301,96,232,324,313,125,203,140,83,181
138,28,359,322,353,460,489,374,91,292,415,26
138,29,103,213,4,161,167,141,88,39,465,176
138,30,167,503,73,157,23,193,471,403,400,142
138,31,492,416,319,45,202,482,443,452,176,424
138,32,444,314,279,295,462,122,406,0,79,54
138,33,72,297,182,9,261,205,36,192,289,466
138,34,66,90,86,416,204,76,45,286,73,117
138,35,97,249,202,210,300,156,485,119,32,60
138,36,184,464,322,239,235,172,132,167,46,43
138,37,225,337,299,311,165,488,130,86,351,206
138,38,403,415,326,102,369,290,269,468,295,273
138,39,155,63,146,250,75,141,180,70,326,432
138,40,422,257,227,393,19,6,275,203,244,21
138,41,94,215,100,429,49,380,490,99,41,408
138,42,245,22,479,79,472,417,133,187,97,68
138,43,354,336,335,395,94,509,104,294,378,408
138,44,289,270,191,313,196,4,133,440,173,499
138,45,5,140,375,456,15,188,406,360,149,126
138,46,475,425,15,492,41,69,110,26,35,245
138,47,463,203,297,125,29,471,472,199,65,12
139,0,274,4,180,126,162,228,294,251,356,217
139,1,394,451,33,368,475,0,172,108,24,432
139,2,346,342,107,236,293,161,391,332,444,508
139,3,221,478,197,108,139,282,402,237,407,269
139,4,223,130,114,212,73,5,102,346,294,198
139,5,80,374,244,93,47,348,383,20,88,259
139,6,481,154,310,419,377,195,448,119,168,68
139,7,320,167,34,94,65,166,439,93,223,332
139,8,243,138,106,281,330,135,315,334,359,374
139,9,208,281,424,53,358,339,353,443,247,210
139,10,115,324,248,419,5,413,173,424,401,310
139,11,234,301,378,277,324,456,363,334,402,288
139,12,363,218,410,143,87,415,353,460,359,82
139,13,103,39,176,265,378,427,72,487,48,474
139,14,33,101,471,58,254,425,365,73,179,167
139,15,340,416,122,197,319,170,347,160,492,229
139,16,444,77,462,54,122,406,357,79,480,456
139,17,72,289,86,488,466,297,182,416,444,95
139,18,284,90,103,66,178,86,497,282,388,192
139,19,60,300,97,449,119,110,263,418,202,245
139,20,184,48,172,235,386,43,239,450,464,366
139,21,454,178,456,337,225,107,130,156,163,376
139,22,465,472,343,74,281,403,23,348,433,326
139,23,250,141,75,304,101,146,326,511,53,170
139,24,321,467,106,334,126,497,359,243,93,374
139,25,208,281,339,247,358,443,353,53,428,38
139,26,248,339,115,472,424,359,422,34,60,372
139,27,301,234,324,378,489,456,339,245,422,472
139,28,363,410,228,489,143,415,353,218,234,168
139,29,103,378,345,427,176,411,441,114,146,265
139,30,167,471,503,145,22,33,319,425,126,261
139,31,492,416,319,482,229,443,421,452,170,122
139,32,444,122,295,279,406,462,314,77,357,54
139,33,182,9,204,205,289,36,297,72,444,416
139,34,103,86,90,178,249,282,388,348,284,66
139,35,202,97,110,485,249,119,364,32,156,216
139,36,184,322,132,172,239,46,235,386,43,450
139,37,454,225,178,337,456,488,107,163,405,236
139,38,472,465,343,281,74,433,403,23,463,348
139,39,63,326,141,180,250,432,75,304,101,70
139,40,422,257,19,227,393,275,21,390,83,330
139,41,215,429,49,94,180,490,151,51,99,380
139,42,194,85,472,22,355,123,45,91,187,267
139,43,354,395,335,104,94,336,92,509,294,408
139,44,289,43,133,196,55,313,499,237,144,197
139,45,5,140,375,15,307,189,167,454,390,360
139,46,425,492,15,71,446,475,35,69,441,392
139,47,65,372,487,152,492,12,2,171,17,407
140,0,132,36,12,44,264,63,321,209,277,312
140,1,115,435,80,85,68,164,303,56,3,225
140,2,294,164,303,161,359,411,293,201,157,432
140,3,221,252,478,279,495,122,102,440,308,156
140,4,161,53,17,133,267,371,67,358,385,14
140,5,107,146,54,2,136,82,255,233,24,479
140,6,207,377,419,224,22,3,243,324,368,161
140,7,439,343,14,283,220,24,449,115,223,320
140,8,94,455,353,32,106,321,167,362,242,467
140,9,281,509,434,247,208,474,353,491,339,358
140,10,362,402,115,359,472,110,419,310,302,172
140,11,301,125,373,303,83,324,31,313,232,498
140,12,231,370,278,419,379,400,416,353,289,415
140,13,103,303,161,104,62,39,122,109,82,4
140,14,145,503,400,167,273,343,126,39,489,101
140,15,492,443,319,176,421,482,416,45,86,202
140,16,314,444,279,150,122,24,357,406,295,462
140,17,9,231,107,137,182,444,297,204,131,426
140,18,417,90,249,43,214,86,192,122,198,61
140,19,202,485,507,97,424,110,216,268,119,234
140,20,322,46,430,184,282,42,91,35,408,251
140,21,225,236,148,327,183,156,111,470,216,130
140,22,348,28,92,375,307,433,434,440,334,328
140,23,326,409,432,67,141,39,281,180,255,14
140,24,362,94,467,347,169,321,353,242,32,455
140,25,281,509,247,208,53,434,474,95,284,306
140,26,472,359,133,402,446,362,511,310,192,172
140,27,339,31,83,301,303,125,378,498,313,489
140,28,278,231,370,400,379,416,484,489,261,395
140,29,103,161,486,82,303,126,88,441,122,379
140,30,503,145,400,317,471,167,343,273,329,157
140,31,443,492,319,421,176,482,378,45,424,407
140,32,444,314,150,24,279,410,455,122,15,357
140,33,137,9,231,107,131,444,380,18,140,472
140,34,90,417,137,43,358,214,183,3,122,61
140,35,202,106,485,233,234,364,97,424,507,216
140,36,322,46,282,35,184,430,323,146,73,129
140,37,327,148,445,236,111,225,183,156,216,488
140,38,375,28,428,433,307,297,334,348,440,434
140,39,432,326,298,39,67,409,479,141,180,458
140,40,83,422,19,385,4,21,393,479,317,234
140,41,227,319,131,401,99,349,215,71,332,113
140,42,40,299,216,84,62,396,199,214,49,387
140,43,157,216,354,309,51,389,30,159,127,408
140,44,197,468,289,304,258,345,133,199,171,466
140,45,360,86,33,200,24,191,125,211,295,307
140,46,425,475,441,26,15,218,122,407,125,17
140,47,222,1,506,450,39,175,185,446,329,8
141,0,32,330,130,71,278,160,279,409,217,437
141,1,59,427,112,471,435,438,268,106,447,71
141,2,250,164,414,226,184,81,201,471,437,326
141,3,221,122,272,478,252,156,279,440,166,354
141,4,53,196,133,245,440,239,112,359,217,232
141,5,479,456,489,24,203,96,77,258,107,88
141,6,258,166,377,50,6,479,135,291,452,189
141,7,24,343,439,170,14,283,73,268,31,269
141,8,362,94,321,455,467,347,444,167,418,334
141,9,281,509,247,474,305,339,353,424,159,53
141,10,472,359,496,133,251,302,510,435,511,147
141,11,303,301,31,313,324,434,41,232,489,339
141,12,409,463,248,484,406,489,370,231,80,353
141,13,161,103,508,290,87,377,88,154,434,39
141,14,503,318,471,400,286,4,181,157,415,167
141,15,319,492,443,378,421,482,45,176,452,407
141,16,150,314,444,24,279,122,455,357,193,15
141,17,444,9,380,137,131,18,107,176,363,182
141,18,464,434,90,3,214,137,350,358,330,39
141,19,202,485,216,118,268,97,106,233,424,234
141,20,322,282,46,497,451,35,184,430,73,166
141,21,3,236,327,156,104,225,445,208,476,424
141,22,276,348,426,112,433,150,461,177,471,243
141,23,432,326,298,67,409,141,180,39,14,125
141,24,362,467,94,347,321,455,418,444,60,334
141,25,281,509,247,356,306,305,95,474,208,181
141,26,472,143,133,366,511,359,422,147,83,302
141,27,303,489,310,31,313,246,480,125,219,324
141,28,463,248,409,484,489,0,381,370,261,353
141,29,161,253,434,103,486,185,87,301,88,508
141,30,503,400,341,181,471,343,317,157,145,318
141,31,443,421,492,176,319,482,378,45,465,407
141,32,444,314,150,24,410,455,279,488,357,329
141,33,9,137,444,231,18,131,76,380,107,182
141,34,464,434,39,214,358,90,137,3,417,330
141,35,202,485,118,106,216,364,233,268,97,424
141,36,322,46,282,184,497,451,35,430,129,73
141,37,3,327,104,236,156,336,445,488,148,208
141,38,426,276,461,112,348,150,471,433,177,507
141,39,432,326,298,141,67,409,39,479,180,255
141,40,422,83,19,425,317,385,189,285,21,475
141,41,325,332,99,215,227,501,283,430,319,131
141,42,299,40,426,55,56,84,200,379,225,201
141,43,354,157,216,391,408,340,156,303,159,243
141,44,197,258,289,304,466,145,79,133,345,465
141,45,360,311,125,211,452,86,24,390,307,114
141,46,425,475,441,407,196,17,15,122,3,276
141,47,8,88,1,185,222,188,9,93,469,450
142,0,338,293,403,304,369,253,349,352,327,348
142,1,273,99,243,16,106,143,435,493,268,47
142,2,164,432,173,497,435,168,161,293,421,226
142,3,122,478,221,102,440,308,156,166,501,260
142,4,53,133,217,239,112,48,170,16,364,160
142,5,24,489,479,296,77,367,107,52,233,203
142,6,135,377,393,258,12,372,300,469,419,44
142,7,24,343,73,31,14,21,269,439,3,223
142,8,347,467,321,362,418,455,334,94,60,220
142,9,281,339,509,247,424,428,474,305,138,95
142,10,472,402,419,302,133,344,359,168,364,225
142,11,303,301,489,125,480,31,448,324,313,46
142,12,370,353,209,282,352,399,44,497,437,231
142,13,103,217,161,81,114,122,367,383,48,377
142,14,503,145,343,400,167,273,471,286,178,403
142,15,492,443,421,176,482,319,407,465,45,416
142,16,444,314,24,357,150,410,488,122,279,347
142,17,231,9,76,140,131,444,300,107,339,18
142,18,214,61,327,90,192,348,459,3,84,417
142,19,202,485,216,97,119,117,268,366,482,424
142,20,322,129,125,430,184,91,117,251,187,244
142,21,299,236,327,156,225,335,458,148,141,336
142,22,348,404,295,369,28,396,305,433,163,403
142,23,326,67,432,409,141,255,14,125,479,10
142,24,347,362,467,321,418,334,167,94,404,60
142,25,281,509,247,474,339,305,424,95,306,428
142,26,472,133,402,302,359,236,344,494,419,168
142,27,303,31,489,125,232,301,448,313,480,360
142,28,370,352,282,209,44,278,127,231,353,120
142,29,367,114,161,81,103,486,434,217,383,122
142,30,503,145,343,167,400,273,471,280,178,286
142,31,443,421,492,176,482,319,465,407,229,45
142,32,444,314,24,410,150,357,488,279,122,329
142,33,9,231,76,18,444,131,300,107,140,416
142,34,327,214,459,61,90,255,417,481,348,84
142,35,202,485,216,364,117,97,62,366,106,507
142,36,322,184,125,46,91,129,35,282,251,73
142,37,327,299,236,225,148,156,111,162,336,141
142,38,348,28,369,404,295,375,433,142,305,163
142,39,326,432,67,409,141,180,255,298,479,125
142,40,19,422,83,285,385,314,257,274,393,189
142,41,325,430,99,386,330,215,252,131,227,43
142,42,299,62,84,68,369,216,396,199,406,261
142,43,157,354,216,127,340,498,309,408,303,509
142,44,197,468,258,304,289,345,171,466,420,133
142,45,360,200,86,191,125,211,149,278,311,24
142,46,475,425,245,41,441,26,15,122,281,3
142,47,360,136,1,506,450,185,458,294,9,329
143,0,361,76,101,301,293,21,218,3,375,245
143,1,273,250,493,435,61,226,106,230,268,195
143,2,164,166,432,226,497,354,173,421,490,293
143,3,122,221,478,279,252,495,156,180,72,308
143,4,265,53,175,239,133,217,449,48,485,232
143,5,206,296,479,24,489,37,233,115,107,415
143,6,135,236,382,87,377,479,243,175,291,211
143,7,24,470,14,343,73,439,283,223,305,269
143,8,347,362,467,94,386,444,321,455,418,167
143,9,509,281,88,305,159,247,474,434,254,339
143,10,472,133,344,302,225,359,446,510,419,435
143,11,303,489,313,301,31,182,361,125,472,232
143,12,484,243,400,370,278,157,353,415,437,142
143,13,161,486,122,434,87,103,88,217,397,114
143,14,503,273,145,400,343,371,445,4,489,403
143,15,443,492,421,319,176,378,482,407,465,490
143,16,444,314,150,24,488,122,410,279,293,357
143,17,9,231,131,140,76,18,444,107,300,137
143,18,214,417,183,255,330,61,499,90,137,3
143,19,202,485,507,268,216,106,366,160,234,97
143,20,322,46,282,184,129,136,35,323,430,166
143,21,327,236,111,156,425,299,225,292,470,419
143,22,221,440,328,348,441,434,297,433,199,28
143,23,326,432,67,409,298,141,14,125,479,39
143,24,362,347,467,94,321,386,60,418,455,444
143,25,281,509,88,53,305,181,339,247,455,95
143,26,472,133,192,302,344,422,359,446,230,511
143,27,303,31,489,83,360,339,246,219,313,480
143,28,484,400,243,381,261,278,489,370,0,264
143,29,161,434,486,253,103,185,82,10,441,126
143,30,503,317,145,400,273,280,471,329,343,4
143,31,421,443,319,176,492,482,407,378,465,164
143,32,24,444,150,314,488,410,455,122,279,40
143,33,137,9,18,444,131,231,76,158,416,107
143,34,137,358,183,90,417,214,3,330,61,43
143,35,202,106,485,233,234,216,364,366,287,117
143,36,322,46,282,35,184,323,146,73,129,65
143,37,327,111,445,425,156,236,336,208,225,419
143,38,221,440,297,434,441,348,433,328,28,48
143,39,432,326,298,67,409,39,479,141,32,28
143,40,83,422,385,19,393,4,479,413,21,285
143,41,319,131,227,401,99,386,71,113,366,349
143,42,216,84,299,62,49,396,199,387,201,55
143,43,157,216,354,30,309,51,389,303,159,408
143,44,197,258,468,304,133,345,466,65,289,171
143,45,360,86,24,278,191,211,125,33,307,311
143,46,475,425,441,26,15,218,3,122,17,407
143,47,1,222,506,446,450,39,185,24,329,9
144,0,130,330,32,361,71,279,278,160,221,409
144,1,112,59,250,471,427,435,275,273,497,98
144,2,250,226,61,184,244,453,166,269,97,354
144,3,260,440,478,122,221,156,501,358,295,166
144,4,133,112,239,53,217,146,280,52,160,500
144,5,489,479,77,338,254,203,176,423,456,24
144,6,92,15,18,135,166,228,424,258,107,377
144,7,24,435,303,343,448,31,104,170,151,201
144,8,321,94,362,243,359,467,333,167,455,212
144,9,281,208,509,247,321,339,353,159,434,71
144,10,511,472,366,302,359,489,133,218,462,401
144,11,324,270,350,487,436,444,90,422,84,49
144,12,489,80,228,150,73,96,37,248,415,72
144,13,387,265,22,288,508,250,312,385,317,91
144,14,138,212,90,506,486,314,80,136,233,127
144,15,169,156,346,375,449,226,347,289,136,199
144,16,243,189,91,391,58,429,23,480,74,51
144,17,166,372,499,488,422,389,381,209,305,50
144,18,347,26,184,49,264,471,350,250,335,316
144,19,31,426,434,63,103,96,37,377,414,173
144,20,78,485,109,16,344,248,457,265,348,219
144,21,469,379,488,255,3,418,142,303,99,477
144,22,41,276,426,205,86,471,112,287,57,150
144,23,115,338,236,334,328,299,325,290,403,108
144,24,160,356,11,87,12,35,503,359,175,131
144,25,346,111,214,442,376,68,71,37,502,361
144,26,484,330,48,71,213,393,107,335,348,203
144,27,49,84,456,48,197,234,371,422,273,250
144,28,390,37,459,290,220,113,96,228,246,217
144,29,22,288,387,184,97,128,385,426,411,259
144,30,138,233,80,90,212,284,314,506,486,135
144,31,156,288,169,289,426,68,375,449,399,185
144,32,58,391,74,243,91,51,23,189,255,429
144,33,389,499,50,419,372,305,422,166,324,12
144,34,464,347,434,350,39,264,29,419,471,358
144,35,202,118,485,426,106,364,434,233,1,413
144,36,322,497,46,282,451,184,35,129,323,146
144,37,3,327,236,104,336,425,156,445,488,373
144,38,276,426,112,471,348,461,150,177,433,441
144,39,432,326,298,67,409,39,141,479,180,125
144,40,83,19,422,425,285,385,189,317,393,234
144,41,325,99,283,386,401,227,319,430,501,330
144,42,55,299,426,56,84,396,201,406,379,49
144,43,157,216,354,391,340,156,408,303,159,242
144,44,197,258,304,466,133,79,145,65,420,289
144,45,360,311,452,211,125,278,86,24,307,250
144,46,475,425,441,407,196,17,3,15,318,122
144,47,8,88,1,222,185,450,302,188,93,9
145,0,119,367,369,340,339,174,233,377,113,293
145,1,273,401,99,465,243,16,2,83,296,106
145,2,29,102,477,473,155,395,348,492,70,175
145,3,122,260,478,440,156,118,166,308,501,358
145,4,133,112,217,53,48,160,239,146,416,244
145,5,489,338,479,203,254,77,360,423,43,367
145,6,107,389,135,49,19,469,92,314,463,403
145,7,24,31,395,156,393,69,201,73,3,343
145,8,362,467,94,167,321,454,347,331,455,60
145,9,281,509,305,181,356,406,159,339,474,455
145,10,472,133,152,389,178,421,344,266,311,302
145,11,489,303,31,487,229,313,293,182,412,386
145,12,281,327,69,436,425,339,145,302,10,44
145,13,435,167,161,453,29,377,401,344,154,301
145,14,503,420,471,341,318,157,4,415,300,181
145,15,319,492,421,443,452,465,482,407,229,176
145,16,444,150,24,314,122,77,279,357,410,64
145,17,444,18,9,289,20,416,131,182,102,221
145,18,403,3,165,401,350,278,39,69,34,111
145,19,202,117,216,195,426,364,337,485,138,169
145,20,184,322,199,323,282,187,166,235,298,308
145,21,458,129,373,336,115,156,48,327,479,473
145,22,511,202,389,355,123,70,348,14,116,356
145,23,432,326,67,10,298,293,141,180,14,53
145,24,467,321,83,362,480,355,176,167,501,331
145,25,281,339,356,305,509,455,434,247,181,18
145,26,365,222,472,339,511,366,302,344,422,133
145,27,489,229,46,487,324,256,86,293,469,31
145,28,281,302,69,436,327,353,425,489,339,44
145,29,435,161,508,441,334,434,184,39,49,114
145,30,503,341,471,181,4,58,22,420,148,157
145,31,421,319,443,492,465,452,482,407,416,229
145,32,444,77,24,122,150,314,410,151,279,295
145,33,18,20,9,444,289,416,76,474,221,297
145,34,29,403,3,34,111,459,392,74,165,39
145,35,161,202,485,118,216,117,426,56,337,364
145,36,322,184,282,129,46,298,29,430,166,199
145,37,458,327,336,236,425,479,373,156,200,306
145,38,511,348,355,70,389,123,301,439,14,202
145,39,326,432,298,67,409,141,479,39,180,125
145,40,83,19,422,385,21,285,317,31,425,413
145,41,473,386,113,71,319,330,196,131,218,215
145,42,299,391,59,406,55,278,201,490,316,341
145,43,157,216,303,354,340,408,18,242,400,67
145,44,258,466,303,65,447,407,27,133,401,197
145,45,131,311,185,278,66,125,250,154,360,233
145,46,149,475,425,123,441,15,407,260,17,337
145,47,18,184,354,185,232,307,448,8,155,460
146,0,233,113,16,68,106,164,377,434,2,350
146,1,99,243,273,83,47,39,465,93,195,499
146,2,478,29,79,102,348,407,366,487,175,473
146,3,122,260,440,478,501,358,302,486,156,102
146,4,133,112,217,53,239,48,160,52,413,467
146,5,489,203,338,479,254,176,405,367,123,77
146,6,389,107,135,372,348,469,258,121,228,463
146,7,24,156,71,31,393,435,3,73,201,343
146,8,362,467,94,347,167,455,83,321,418,60
146,9,281,509,305,356,181,159,110,406,455,417
146,10,152,133,87,472,421,311,251,302,344,236
146,11,489,303,31,487,229,125,182,293,412,46
146,12,327,281,69,436,44,466,302,425,118,10
146,13,29,161,434,167,482,453,397,446,187,394
146,14,503,280,5,471,400,4,157,341,415,445
146,15,443,421,319,492,465,176,482,407,452,214
146,16,150,24,444,314,122,488,279,455,15,73
146,17,9,18,20,444,131,158,412,140,333,76
146,18,165,403,39,34,3,401,69,392,111,214
146,19,118,202,485,216,195,55,337,366,138,82
146,20,322,298,166,184,282,199,129,187,308,164
146,21,458,156,115,479,336,253,327,409,446,373
146,22,70,123,14,202,384,348,389,316,51,352
146,23,326,432,298,67,14,293,409,455,479,141
146,24,362,347,467,331,60,321,341,176,94,83
146,25,281,305,509,356,455,181,253,339,247,474
146,26,472,133,143,421,236,178,251,152,344,87
146,27,489,31,303,125,232,469,487,182,313,46
146,28,69,327,281,44,436,381,302,425,121,494
146,29,29,161,434,167,87,187,446,88,10,453
146,30,503,341,280,4,445,300,181,400,420,311
146,31,443,421,176,482,492,319,214,407,465,229
146,32,24,444,150,314,488,410,122,73,279,445
146,33,9,18,444,20,158,76,231,140,333,131
146,34,403,34,3,39,214,392,165,111,61,252
146,35,202,485,216,118,366,117,195,161,316,364
146,36,322,184,129,298,199,91,282,164,117,166
146,37,327,458,236,425,336,479,156,115,253,225
146,38,348,123,70,14,384,389,202,51,305,396
146,39,326,432,298,67,409,141,479,180,125,293
146,40,422,19,83,385,8,317,31,285,28,21
146,41,473,196,386,289,113,330,218,71,215,131
146,42,59,299,490,406,55,141,201,316,237,452
146,43,157,354,216,303,408,340,67,242,400,257
146,44,258,27,466,65,303,133,407,197,289,465
146,45,311,278,250,125,154,229,346,360,307,233
146,46,425,475,441,260,15,407,17,3,276,318
146,47,8,89,76,185,226,93,9,392,102,37
147,0,352,92,103,338,471,350,64,327,434,7
147,1,99,243,441,83,273,47,195,429,435,135
147,2,478,348,175,473,45,329,407,318,485,355
147,3,122,440,260,478,501,466,486,291,118,358
147,4,133,217,112,280,160,53,146,239,78,52
147,5,489,203,479,338,423,77,254,123,43,360
147,6,296,469,26,271,389,135,393,92,305,463
147,7,24,31,343,55,435,420,269,73,250,1
147,8,362,467,321,418,94,455,347,60,444,167
147,9,281,509,63,247,181,115,305,428,159,474
147,10,251,133,472,302,78,448,236,266,346,487
147,11,489,303,31,313,487,386,324,448,182,83
147,12,121,44,69,91,425,281,489,72,136,382
147,13,103,161,434,87,167,301,64,175,88,377
147,14,503,420,471,341,167,343,400,142,187,4
147,15,482,421,319,443,492,465,407,176,229,378
147,16,444,24,314,150,357,279,122,410,488,151
147,17,444,9,18,416,289,182,252,76,231,316
147,18,3,39,25,487,506,117,214,408,90,393
147,19,216,485,117,118,202,364,119,259,115,97
147,20,322,282,184,46,129,35,73,294,225,430
147,21,458,146,156,473,223,162,225,327,442,206
147,22,348,389,305,369,269,290,295,10,230,201
147,23,326,432,14,67,479,409,10,141,455,298
147,24,362,321,467,347,60,94,418,217,113,480
147,25,281,509,428,181,63,247,455,305,385,474
147,26,133,251,472,266,236,359,302,448,78,346
147,27,31,489,303,313,324,386,448,83,182,140
147,28,121,69,44,425,91,281,415,381,136,489
147,29,161,103,434,465,167,87,88,383,444,193
147,30,503,420,341,142,167,178,471,343,400,300
147,31,482,443,421,319,492,465,176,407,229,452
147,32,444,314,24,410,150,122,406,488,279,357
147,33,252,9,289,18,416,444,137,316,76,182
147,34,90,3,25,505,117,416,39,487,506,76
147,35,485,202,216,117,285,249,97,364,135,115
147,36,184,322,46,235,73,43,129,239,35,294
147,37,162,225,223,458,146,327,156,236,311,488
147,38,348,290,389,369,305,295,468,269,201,503
147,39,326,141,74,250,67,432,409,14,281,17
147,40,422,227,285,19,6,393,83,215,418,275
147,41,218,215,12,99,386,125,131,142,113,41
147,42,138,22,67,245,479,222,472,473,299,97
147,43,354,336,123,94,104,335,157,509,408,481
147,44,4,289,466,270,258,499,440,303,191,197
147,45,311,5,210,360,149,125,140,492,201,510
147,46,425,161,475,441,407,499,303,15,26,260
147,47,297,181,29,1,392,12,372,80,199,185
148,0,412,251,319,168,294,235,205,148,109,439
148,1,440,125,57,303,100,475,446,356,310,181
148,2,342,107,496,511,37,444,207,436,137,334
148,3,478,139,237,221,196,197,408,293,269,177
148,4,506,73,346,294,357,389,198,465,102,502
148,5,244,110,68,56,74,112,20,259,263,10
148,6,111,377,154,118,435,310,68,292,259,352
148,7,177,33,316,302,343,489,469,139,325,92
148,8,321,359,356,455,106,243,94,467,93,233
148,9,281,208,247,339,424,434,474,210,53,358
148,10,472,419,133,359,310,115,302,129,248,110
148,11,301,324,3,363,234,125,31,83,415,378
148,12,218,143,246,415,228,353,287,220,37,489
148,13,103,161,39,324,377,412,104,264,128,340
148,14,503,167,455,178,343,101,33,416,471,400
148,15,492,319,416,482,170,122,229,443,421,155
148,16,444,122,406,357,462,77,279,314,54,79
148,17,72,289,192,182,297,444,9,466,416,86
148,18,497,90,503,282,505,127,510,483,386,385
148,19,63,485,60,119,26,97,212,117,216,72
148,20,184,464,507,239,43,335,366,172,450,132
148,21,337,242,456,287,464,91,474,18,156,405
148,22,283,77,43,181,401,281,78,86,122,264
148,23,146,163,326,304,141,390,170,159,53,10
148,24,321,138,467,356,106,233,93,334,359,503
148,25,208,339,281,358,210,353,38,385,18,428
148,26,129,472,248,359,424,339,273,115,302,125
148,27,234,301,324,489,363,12,456,415,3,487
148,28,217,246,218,143,220,37,415,228,489,353
148,29,103,128,412,329,161,264,195,378,345,328
148,30,167,503,33,383,403,178,455,471,425,58
148,31,416,492,482,197,319,170,340,229,160,465
148,32,444,122,406,77,151,462,279,54,357,295
148,33,72,289,297,416,466,182,488,316,36,192
148,34,90,503,282,386,127,497,385,483,388,86
148,35,63,97,249,117,156,119,485,26,32,72
148,36,184,464,239,172,43,132,215,322,294,335
148,37,337,287,456,242,405,464,86,18,466,384
148,38,283,43,77,281,401,86,181,78,122,264
148,39,146,326,141,101,170,159,180,304,163,390
148,40,19,422,257,166,244,227,285,390,203,21
148,41,94,429,468,180,215,67,484,434,386,490
148,42,428,123,476,119,303,473,322,472,287,85
148,43,335,354,509,395,104,377,408,92,87,233
148,44,289,4,158,43,440,51,258,189,133,196
148,45,140,406,282,375,48,365,332,376,492,359
148,46,15,239,77,469,69,147,425,141,351,441
148,47,142,11,280,222,424,471,9,1,102,407
149,0,71,32,342,130,437,279,336,306,177,286
149,1,128,225,303,427,434,60,170,157,392,333
149,2,380,286,321,389,455,81,171,344,298,246
149,3,354,478,357,197,221,272,216,128,139,156
149,4,440,196,499,245,292,354,184,476,340,447
149,5,180,244,456,20,96,259,11,258,281,172
149,6,179,189,52,452,6,359,78,258,469,207
149,7,220,268,327,174,119,357,170,24,439,325
149,8,467,243,497,301,321,434,3,362,106,123
149,9,339,281,53,208,358,353,18,181,152,6
149,10,176,302,248,349,472,359,173,497,419,163
149,11,487,301,489,448,245,25,337,234,472,46
149,12,406,248,317,409,247,415,470,227,493,260
149,13,270,39,348,383,103,155,104,427,114,88
149,14,503,33,22,403,178,167,471,58,101,228
149,15,416,482,229,319,197,465,492,452,155,170
149,16,444,122,77,151,24,357,406,462,295,314
149,17,289,416,444,18,182,170,20,421,86,316
149,18,90,196,464,386,450,393,86,340,412,96
149,19,117,216,115,202,485,318,72,419,236,249
149,20,184,451,239,497,322,172,335,464,166,43
149,21,43,3,156,151,98,488,405,466,376,104
149,22,461,403,471,426,276,112,150,422,507,177
149,23,326,170,10,67,141,53,101,479,14,180
149,24,467,497,321,480,243,3,301,362,334,48
149,25,339,281,208,358,18,228,181,353,455,247
149,26,176,339,302,472,359,248,349,147,372,173
149,27,489,301,487,46,448,339,245,324,234,313
149,28,406,247,248,353,409,317,415,470,227,58
149,29,114,328,383,348,427,39,104,202,62,343
149,30,503,403,22,471,167,178,33,58,126,195
149,31,416,492,482,319,465,229,452,421,443,407
149,32,444,122,77,295,24,314,151,279,410,406
149,33,289,18,416,241,444,205,316,312,297,436
149,34,196,464,86,90,393,434,61,96,432,340
149,35,117,202,485,97,216,115,118,249,419,32
149,36,184,451,322,497,239,199,172,386,294,166
149,37,43,3,98,104,488,156,405,83,279,151
149,38,461,403,426,112,507,276,471,150,177,422
149,39,326,432,141,170,180,159,101,75,67,304
149,40,422,425,19,166,285,257,385,475,21,334
149,41,215,283,501,468,343,429,246,386,330,95
149,42,56,426,55,225,186,299,396,163,131,256
149,43,391,156,408,354,458,303,216,243,104,411
149,44,289,258,79,466,33,133,34,145,465,364
149,45,214,125,376,154,211,11,492,452,307,176
149,46,15,441,196,425,69,276,407,332,435,475
149,47,8,88,188,469,471,9,89,185,226,93
150,0,293,338,289,369,352,377,68,471,403,75
150,1,99,47,465,16,243,303,273,183,212,454
150,2,348,478,201,175,427,407,206,432,355,148
150,3,478,102,122,308,440,156,59,358,221,169
150,4,98,53,354,133,48,239,36,10,217,416
150,5,367,77,489,141,360,203,166,470,479,271
150,6,469,393,258,278,135,82,406,178,124,389
150,7,55,24,31,214,269,146,198,253,343,124
150,8,467,480,301,321,240,434,83,192,168,501
150,9,339,281,455,18,181,6,305,487,25,247
150,10,339,302,472,163,344,248,419,364,44,176
150,11,487,245,489,448,46,472,303,324,348,313
150,12,321,456,44,282,214,121,331,242,339,413
150,13,383,49,114,77,343,39,104,270,434,243
150,14,503,22,235,279,178,228,471,449,343,4
150,15,465,407,492,319,229,416,197,421,482,452
150,16,444,77,151,122,24,357,29,477,150,494
150,17,289,416,18,170,444,20,241,34,23,421
150,18,393,412,508,230,196,61,192,149,450,207
150,19,117,216,318,115,168,202,76,323,427,419
150,20,184,235,190,164,115,166,343,41,239,199
150,21,296,156,279,151,67,412,330,488,458,496
150,22,290,302,20,369,61,403,142,389,230,348
150,23,326,288,170,10,141,220,455,67,180,432
150,24,467,480,301,240,321,83,192,501,434,168
150,25,339,455,281,18,181,247,208,148,428,306
150,26,339,302,472,163,236,248,176,344,419,44
150,27,489,487,245,46,448,301,445,324,195,313
150,28,339,456,331,321,121,44,214,247,282,415
150,29,114,77,328,383,49,104,343,270,506,88
150,30,503,22,235,471,279,58,449,170,178,187
150,31,465,416,197,407,492,229,482,421,319,452
150,32,77,151,444,122,24,29,494,357,477,279
150,33,289,416,34,18,436,241,297,76,349,316
150,34,393,412,508,260,61,428,196,129,230,487
150,35,117,249,76,419,115,168,157,202,327,437
150,36,184,235,190,192,41,239,166,164,257,322
150,37,67,281,351,496,466,495,164,151,296,156
150,38,20,389,369,302,290,463,403,61,142,469
150,39,326,74,170,141,117,220,288,137,386,432
150,40,166,422,391,19,285,6,355,504,275,274
150,41,468,196,218,95,220,408,40,41,386,32
150,42,473,355,20,410,480,197,342,232,419,478
150,43,104,178,336,119,354,233,335,395,123,460
150,44,446,303,134,289,223,120,25,191,499,84
150,45,140,15,5,84,390,2,111,351,447,250
150,46,161,15,169,181,492,332,276,166,361,499
150,47,392,297,202,12,149,379,29,102,492,326
151,0,378,463,337,21,138,384,486,336,158,375
151,1,378,18,294,370,265,102,50,170,148,191
151,2,30,63,106,201,228,404,495,81,281,143
151,3,478,451,102,86,212,23,1,221,135,308
151,4,393,54,63,354,437,98,130,367,51,304
151,5,278,290,20,493,430,379,29,244,271,281
151,6,469,318,5,145,250,278,498,168,406,405
151,7,20,374,72,24,208,48,221,146,300,380
151,8,467,480,243,321,240,48,123,192,448,168
151,9,339,46,455,281,391,208,353,181,6,18
151,10,339,302,176,497,472,359,131,248,147,364
151,11,487,489,301,334,46,448,245,324,337,80
151,12,98,154,227,247,47,353,502,395,396,415
151,13,77,114,104,383,270,39,343,486,348,49
151,14,503,178,449,235,167,22,58,145,428,250
151,15,452,465,416,492,319,407,229,482,421,132
151,16,122,444,77,24,295,151,150,357,462,406
151,17,289,34,416,18,182,436,297,444,20,337
151,18,393,152,92,412,86,192,93,61,95,260
151,19,117,327,318,202,216,249,290,115,157,337
151,20,184,235,177,166,0,115,239,192,69,249
151,21,67,167,151,88,164,296,156,412,495,78
151,22,35,224,126,121,23,469,16,320,463,403
151,23,326,170,288,53,476,10,159,101,137,236
151,24,467,480,192,321,240,339,166,275,48,83
151,25,339,455,46,281,181,18,391,138,208,306
151,26,339,302,472,344,378,147,131,223,248,176
151,27,489,46,487,245,301,339,448,314,469,445
151,28,98,154,227,502,353,247,395,47,282,415
151,29,114,77,486,49,383,345,343,39,348,47
151,30,503,22,449,279,471,58,429,170,235,195
151,31,465,416,452,407,482,421,319,229,492,197
151,32,77,122,444,151,24,295,494,29,477,357
151,33,289,416,34,18,241,436,174,337,444,76
151,34,393,152,92,93,412,61,432,86,98,149
151,35,327,117,337,157,419,249,76,168,202,115
151,36,184,192,235,177,257,166,41,199,98,64
151,37,167,351,78,164,67,151,192,156,88,495
151,38,35,126,121,224,320,23,463,16,469,255
151,39,326,170,220,410,288,141,432,159,117,231
151,40,166,355,19,285,422,274,389,257,391,31
151,41,468,32,95,220,160,352,386,40,41,93
151,42,260,130,382,355,419,113,327,120,92,202
151,43,104,435,137,106,233,280,221,400,354,335
151,44,293,289,258,99,176,25,495,120,144,499
151,45,447,140,390,89,294,26,154,176,250,11
151,46,492,15,332,276,409,431,457,166,252,361
151,47,166,2,234,501,269,102,131,281,149,9
152,0,458,258,320,219,464,416,384,149,295,23
152,1,113,102,370,280,487,272,363,476,219,417
152,2,135,379,44,321,201,399,30,304,281,106
152,3,364,478,102,86,184,162,404,451,59,135
152,4,130,237,358,324,292,51,184,16,115,354
152,5,283,391,278,76,20,379,133,177,172,121
152,6,247,318,5,469,250,278,403,220,142,74
152,7,36,5,352,353,220,72,473,48,412,208
152,8,467,192,363,480,240,166,78,243,228,71
152,9,339,455,46,399,393,281,181,18,254,487
152,10,339,131,223,419,302,364,31,497,472,344
152,11,489,46,487,25,337,334,301,245,496,491
152,12,389,227,93,313,247,419,47,415,33,98
152,13,114,383,39,270,49,62,77,88,104,3
152,14,429,22,503,279,449,58,63,228,178,322
152,15,465,197,416,229,407,482,421,319,417,492
152,16,444,77,122,151,24,357,494,29,477,423
152,17,289,416,18,170,34,241,297,242,326,436
152,18,393,412,152,150,192,244,98,23,491,223
152,19,327,117,249,115,337,430,76,318,157,398
152,20,184,251,117,347,41,235,192,167,343,166
152,21,51,151,167,76,351,356,164,156,465,67
152,22,126,386,92,408,35,432,23,121,69,224
152,23,170,326,53,476,386,288,236,426,10,74
152,24,467,192,363,480,339,501,240,337,127,450
152,25,339,455,46,181,399,18,281,391,208,149
152,26,339,131,248,223,302,344,189,31,472,62
152,27,46,489,245,487,491,25,339,335,336,306
152,28,389,93,227,98,47,419,434,58,313,33
152,29,114,62,486,244,383,77,49,345,348,3
152,30,503,22,429,279,58,449,170,471,6,322
152,31,465,197,407,229,421,416,482,319,304,165
152,32,151,77,444,24,122,29,494,357,93,477
152,33,289,18,416,34,241,23,170,436,481,76
152,34,393,412,150,244,223,61,152,92,149,98
152,35,117,327,337,168,76,249,419,115,430,194
152,36,184,251,192,235,117,343,41,199,166,347
152,37,51,167,351,151,76,356,227,495,164,156
152,38,126,386,92,408,35,199,432,23,69,121
152,39,326,220,170,288,432,386,141,67,293,231
152,40,355,422,166,19,285,274,365,31,399,260
152,41,468,95,160,220,93,425,386,32,196,395
152,42,351,382,130,260,355,327,120,113,183,163
152,43,121,104,167,137,435,354,280,106,386,303
152,44,293,99,258,25,289,484,407,464,133,121
152,45,390,447,140,26,154,294,89,11,250,176
152,46,492,15,332,431,252,409,276,361,441,166
152,47,166,502,178,501,269,102,8,131,278,9
153,0,19,258,479,272,474,139,79,400,289,207
153,1,487,113,363,238,160,244,307,445,499,16
153,2,36,164,432,341,133,292,382,201,481,238
153,3,102,478,122,59,169,308,406,254,33,440
153,4,98,358,36,10,16,48,115,86,354,407
153,5,367,283,121,17,161,52,166,249,360,77
153,6,278,469,247,53,406,82,418,318,403,300
153,7,412,457,354,24,253,353,214,198,67,324
153,8,467,480,292,240,83,321,453,192,472,122
153,9,339,316,455,281,399,18,305,181,3,253
153,10,339,344,223,472,302,291,151,351,440,268
153,11,489,469,46,34,53,245,487,480,194,267
153,12,399,282,321,44,214,326,368,209,382,413
153,13,114,49,419,383,434,3,377,382,167,1
153,14,503,279,228,22,343,449,412,429,142,4
153,15,465,492,407,421,416,452,319,482,360,417
153,16,444,151,77,122,24,357,93,279,150,314
153,17,23,34,242,416,241,289,18,76,481,9
153,18,412,244,393,61,321,230,229,461,344,54
153,19,117,76,202,115,168,373,194,427,316,391
153,20,117,184,235,164,343,347,128,251,27,129
153,21,465,151,351,76,51,227,156,356,77,442
153,22,273,500,390,306,111,269,437,386,468,44
153,23,326,386,170,288,67,220,22,432,10,231
153,24,480,467,240,501,363,192,339,83,453,127
153,25,339,455,316,399,281,305,138,18,510,181
153,26,339,223,236,344,151,472,302,291,351,411
153,27,469,489,46,336,245,34,487,480,81,25
153,28,399,321,282,44,214,326,209,388,370,382
153,29,114,419,167,49,3,383,373,88,465,382
153,30,279,142,503,22,343,429,449,228,6,63
153,31,465,416,360,421,492,197,417,414,304,407
153,32,77,151,444,24,29,122,93,357,494,229
153,33,289,23,416,241,192,34,242,425,436,170
153,34,412,321,244,229,461,54,393,61,129,223
153,35,249,76,117,168,430,419,115,373,432,427
153,36,235,184,41,117,167,192,415,27,2,343
153,37,351,465,227,76,151,495,356,337,51,156
153,38,273,390,500,306,111,386,468,269,160,33
153,39,170,404,117,386,74,220,326,380,231,288
153,40,355,166,422,6,285,19,274,399,504,31
153,41,95,93,220,468,94,196,67,160,500,380
153,42,237,205,22,303,472,190,138,473,351,267
153,43,104,167,378,94,336,335,509,386,137,280
153,44,47,4,293,484,258,176,250,25,457,289
153,45,390,447,154,140,250,426,176,5,11,26
153,46,15,332,276,436,41,361,492,151,441,166
153,47,458,102,297,456,131,178,93,125,9,29
154,0,224,208,305,178,379,218,279,306,217,438
154,1,477,108,176,242,487,277,488,423,322,148
154,2,162,112,391,452,50,342,201,261,392,365
154,3,199,29,478,381,402,395,102,267,65,430
154,4,130,296,507,114,34,428,354,424,486,23
154,5,475,416,153,27,312,47,37,244,76,259
154,6,176,278,140,247,180,53,288,469,403,253
154,7,155,36,123,353,65,166,496,410,258,115
154,8,442,111,357,126,192,467,383,213,209,408
154,9,339,135,455,393,18,181,53,399,46,254
154,10,339,131,302,223,441,288,344,419,362,248
154,11,46,487,489,243,3,336,339,245,25,493
154,12,432,206,389,506,78,87,340,135,378,218
154,13,114,157,339,244,383,49,373,3,62,88
154,14,22,503,279,228,448,449,65,178,343,429
154,15,465,197,416,229,492,319,304,165,155,482
154,16,444,151,122,77,24,357,29,410,494,218
154,17,289,416,18,34,241,23,242,170,76,246
154,18,435,336,393,178,412,223,164,192,491,474
154,19,327,117,407,101,76,408,262,168,427,249
154,20,184,321,235,343,251,199,166,41,117,115
154,21,151,21,414,163,51,107,167,356,351,76
154,22,126,40,162,387,509,74,42,23,417,342
154,23,170,326,386,53,288,453,231,10,67,220
154,24,442,111,467,339,192,357,383,480,337,240
154,25,339,455,8,181,46,411,18,7,281,135
154,26,339,223,288,441,248,344,131,362,151,302
154,27,46,489,487,243,245,339,361,314,496,302
154,28,506,432,78,206,389,87,47,135,378,340
154,29,114,339,244,486,157,276,62,3,383,345
154,30,22,503,279,448,58,6,65,185,170,449
154,31,465,197,421,229,407,416,360,304,417,492
154,32,151,77,444,24,29,122,494,93,200,477
154,33,289,23,34,416,18,241,462,290,170,242
154,34,393,336,435,412,164,178,61,149,223,230
154,35,117,337,327,407,76,168,419,249,503,115
154,36,184,192,343,235,166,199,41,164,251,257
154,37,21,414,151,167,163,356,156,495,138,79
154,38,40,126,162,387,509,42,74,23,199,342
154,39,326,220,170,432,453,386,288,231,293,67
154,40,355,166,19,422,285,43,274,85,31,399
154,41,468,95,160,93,220,386,32,156,326,196
154,42,91,351,130,382,327,163,260,183,508,355
154,43,104,167,137,280,435,400,233,354,427,386
154,44,293,99,258,25,176,484,289,407,122,121
154,45,390,447,154,26,140,250,176,11,89,426
154,46,15,332,431,276,464,252,361,222,166,492
154,47,166,102,269,8,501,131,456,178,226,278
155,0,19,441,272,347,68,258,403,65,10,207
155,1,487,499,113,160,6,244,456,473,162,22
155,2,36,133,124,382,407,292,341,410,155,31
155,3,102,478,308,59,406,501,122,248,135,440
155,4,98,36,48,10,358,217,354,211,413,407
155,5,367,360,161,249,52,166,121,77,61,271
155,6,278,469,24,247,53,506,403,418,348,82
155,7,353,198,190,24,457,146,354,412,253,467
155,8,480,467,192,240,321,339,454,83,472,226
155,9,339,455,8,281,18,181,201,148,110,174
155,10,339,326,302,344,223,236,26,151,472,156
155,11,487,489,46,245,469,324,370,276,194,80
155,12,282,321,214,44,399,209,242,388,382,60
155,13,114,49,419,383,339,304,167,1,377,88
155,14,503,22,279,228,170,449,4,142,463,178
155,15,465,452,416,407,229,197,155,421,319,20
155,16,77,444,151,122,24,477,494,357,295,93
155,17,289,416,34,18,241,23,242,170,333,337
155,18,393,461,229,412,486,321,61,244,192,27
155,19,117,316,76,337,216,272,432,168,430,427
155,20,184,235,117,115,347,343,166,164,498,487
155,21,465,151,351,156,51,442,311,206,76,335
155,22,273,111,269,306,390,342,386,468,495,403
155,23,288,326,170,231,10,432,159,101,220,426
155,24,480,467,192,501,339,321,240,504,83,363
155,25,455,339,281,18,181,148,201,138,110,306
155,26,339,326,223,236,302,344,26,151,487,268
155,27,46,489,487,245,3,469,448,313,361,336
155,28,282,214,321,399,44,429,326,242,60,353
155,29,419,114,49,465,383,167,343,88,39,420
155,30,22,279,503,142,6,449,228,504,170,419
155,31,465,197,416,452,492,201,229,360,417,170
155,32,77,151,444,122,29,93,357,494,406,477
155,33,289,416,241,425,23,436,481,192,297,170
155,34,412,461,321,393,486,129,363,54,61,229
155,35,117,249,168,419,76,115,432,157,16,323
155,36,235,184,41,464,43,257,415,192,2,167
155,37,351,227,76,465,337,495,384,151,466,277
155,38,273,390,111,306,495,269,339,415,403,468
155,39,170,74,117,404,386,476,380,288,69,231
155,40,285,166,355,383,504,399,6,182,422,256
155,41,94,95,316,274,196,326,363,500,408,1
155,42,473,237,303,22,472,138,190,119,355,351
155,43,104,335,233,336,119,178,386,395,509,378
155,44,250,4,446,191,270,176,95,25,84,134
155,45,503,140,15,111,351,5,368,390,154,250
155,46,332,499,504,15,276,169,492,41,501,222
155,47,48,80,297,125,39,102,199,29,492,171
156,0,495,188,234,79,286,158,375,177,3,467
156,1,447,434,437,509,423,487,277,262,211,141
156,2,457,379,44,494,135,262,294,454,377,508
156,3,478,35,102,86,404,426,288,184,337,59
156,4,130,191,152,128,370,431,267,292,354,14
156,5,172,290,180,399,244,257,340,442,20,76
156,6,147,151,188,416,247,74,53,447,278,469
156,7,122,176,119,492,275,36,437,166,175,352
156,8,322,467,192,448,126,177,451,78,472,487
156,9,339,256,455,18,348,78,21,399,181,6
156,10,339,302,131,344,370,248,151,223,419,362
156,11,489,46,487,25,245,380,448,335,3,427
156,12,33,22,284,510,227,258,438,340,218,389
156,13,114,205,49,383,239,39,348,303,88,23
156,14,22,279,419,228,503,449,429,328,170,343
156,15,465,197,416,229,155,417,201,196,304,20
156,16,77,444,151,122,29,93,494,357,24,200
156,17,289,416,241,23,170,104,481,34,242,18
156,18,412,38,304,391,393,192,331,129,98,363
156,19,117,76,168,249,254,115,323,491,449,419
156,20,41,192,184,2,401,257,343,235,366,260
156,21,151,281,496,351,495,67,247,175,56,92
156,22,65,20,469,224,255,39,186,23,125,69
156,23,170,74,22,288,476,386,231,180,10,117
156,24,322,501,480,467,192,177,226,487,448,240
156,25,339,256,455,348,148,18,208,21,201,181
156,26,339,248,137,131,151,302,344,53,419,312
156,27,46,245,480,487,489,380,325,27,448,335
156,28,33,227,258,22,47,340,284,247,510,438
156,29,114,49,205,348,383,486,239,303,39,491
156,30,22,279,170,449,425,228,419,346,6,429
156,31,197,465,340,360,201,416,499,20,155,417
156,32,77,151,93,444,29,229,449,494,374,54
156,33,289,23,416,241,481,180,421,77,221,170
156,34,412,304,393,98,129,61,432,331,38,89
156,35,117,168,76,249,419,323,115,254,437,311
156,36,192,41,184,235,119,257,415,2,43,177
156,37,495,281,351,496,67,164,151,247,56,136
156,38,65,255,20,23,469,125,224,463,186,39
156,39,170,117,74,386,22,380,476,69,231,410
156,40,285,504,166,46,399,355,182,288,383,256
156,41,500,95,220,274,316,32,160,326,352,1
156,42,473,355,260,20,197,16,480,342,410,304
156,43,104,178,119,460,233,386,335,336,137,395
156,44,446,95,134,176,223,25,84,120,499,121
156,45,503,84,140,111,15,390,368,2,351,11
156,46,332,169,181,211,392,276,272,57,15,252
156,47,149,492,326,320,336,379,281,349,480,150
157,0,316,446,384,167,98,401,376,414,258,474
157,1,238,378,302,294,293,62,476,307,478,420
157,2,30,367,439,470,315,38,263,436,106,404
157,3,102,478,451,23,248,337,59,37,135,86
157,4,445,339,393,67,69,287,321,468,211,348
157,5,391,275,470,485,278,379,414,367,160,249
157,6,220,498,250,495,74,137,145,142,84,469
157,7,473,352,20,214,132,503,318,72,300,374
157,8,192,322,487,467,501,314,127,451,504,211
157,9,339,455,18,355,256,208,21,46,181,281
157,10,339,248,53,1,131,302,95,344,356,62
157,11,335,46,487,489,245,496,348,453,337,287
157,12,299,313,227,98,22,502,15,326,495,223
157,13,114,491,205,332,383,49,39,348,48,155
157,14,22,301,429,425,279,228,406,185,449,454
157,15,340,465,197,416,417,229,360,201,20,304
157,16,77,444,29,151,122,106,93,24,494,357
157,17,289,416,23,170,481,241,104,348,180,436
157,18,412,304,61,393,62,152,192,354,396,406
157,19,117,327,323,254,76,115,419,249,157,187
157,20,192,41,27,140,184,98,164,119,177,257
157,21,351,67,495,164,151,167,247,331,88,330
157,22,160,126,8,23,52,224,499,255,459,35
157,23,386,170,53,410,22,476,10,74,453,288
157,24,501,192,467,339,487,275,480,412,226,178
157,25,339,256,455,18,46,355,257,21,208,391
157,26,339,248,131,189,344,302,53,351,1,151
157,27,46,335,245,489,487,480,380,496,348,339
157,28,299,22,495,227,98,313,47,395,258,326
157,29,114,454,332,486,491,48,383,49,348,315
157,30,22,301,429,279,454,185,425,170,449,346
157,31,340,465,197,69,20,360,201,417,499,145
157,32,77,151,93,29,106,444,456,229,494,54
157,33,23,416,289,221,481,241,348,436,13,76
157,34,412,304,61,92,354,62,152,393,396,93
157,35,117,168,337,76,187,249,419,323,327,254
157,36,192,98,257,184,119,41,177,164,343,235
157,37,351,167,164,495,192,67,151,247,78,331
157,38,160,8,126,23,52,499,224,35,113,33
157,39,410,117,231,220,170,386,10,481,380,74
157,40,399,355,46,389,285,490,166,274,182,217
157,41,160,95,32,500,220,274,352,22,93,316
157,42,260,130,491,382,355,327,113,208,419,325
157,43,233,106,104,137,435,221,371,400,386,335
157,44,293,25,250,99,121,346,4,176,495,258
157,45,176,154,447,26,390,140,294,89,250,244
157,46,492,332,431,166,276,361,446,222,15,409
157,47,166,501,131,102,269,234,48,456,2,281
158,0,23,219,264,320,79,70,166,258,464,321
158,1,23,211,215,113,487,85,203,420,322,363
158,2,402,311,30,44,451,201,228,436,387,367
158,3,23,478,102,86,212,495,404,184,451,510
158,4,130,237,152,468,51,24,405,292,265,322
158,5,379,37,5,76,391,278,493,275,414,160
158,6,220,74,84,391,137,498,142,188,444,441
158,7,473,132,352,93,128,258,36,322,429,72
158,8,275,467,178,451,236,311,240,487,480,322
158,9,339,355,455,18,257,181,21,256,281,208
158,10,339,344,302,53,248,351,305,218,364,131
158,11,489,46,480,487,335,245,25,348,427,306
158,12,395,47,227,22,313,33,495,299,400,312
158,13,114,454,491,486,383,49,332,48,350,348
158,14,22,301,228,279,449,503,463,322,346,170
158,15,465,340,417,229,197,20,360,155,196,421
158,16,77,444,151,29,122,494,93,24,200,106
158,17,416,289,23,481,241,216,221,76,170,34
158,18,412,396,61,92,354,192,393,27,491,125
158,19,117,76,168,187,323,427,419,115,430,449
158,20,192,98,184,257,229,164,343,41,352,5
158,21,192,91,151,351,331,156,384,138,76,266
158,22,307,467,8,126,215,435,339,374,434,35
158,23,10,170,231,53,386,220,410,288,380,108
158,24,236,480,501,467,275,226,178,311,192,83
158,25,257,339,455,18,148,201,181,355,428,297
158,26,339,351,248,344,268,302,305,218,189,151
158,27,480,489,46,245,487,27,324,18,361,448
158,28,395,22,495,47,227,382,33,364,434,400
158,29,454,114,486,49,383,189,491,409,377,253
158,30,22,301,170,449,279,454,457,471,503,463
158,31,465,197,340,360,229,201,416,499,145,20
158,32,77,151,93,444,29,188,494,155,24,104
158,33,416,221,289,23,13,481,444,18,241,216
158,34,412,396,27,61,92,354,393,89,149,230
158,35,117,337,168,364,187,449,419,76,249,323
158,36,192,257,229,98,184,187,352,119,41,343
158,37,192,384,76,305,156,351,138,331,449,151
158,38,8,307,467,215,339,126,408,434,35,424
158,39,481,231,170,220,10,410,380,99,101,288
158,40,399,490,285,390,166,39,334,355,383,217
158,41,160,95,49,109,316,22,274,151,326,94
158,42,327,355,369,303,208,482,120,75,50,216
158,43,104,233,221,386,395,223,335,92,371,137
158,44,225,176,4,55,237,25,121,258,155,133
158,45,176,154,140,323,294,250,189,470,11,33
158,46,332,71,218,276,392,222,361,252,166,322
158,47,65,102,492,175,336,456,234,80,461,480
159,0,508,98,270,175,10,479,403,501,237,316
159,1,23,34,62,504,240,302,4,420,293,99
159,2,263,133,478,252,407,124,192,292,459,411
159,3,102,478,308,440,77,343,37,501,128,221
159,4,67,10,479,16,36,98,413,170,244,321
159,5,470,119,367,131,485,505,360,262,274,203
159,6,471,73,27,495,469,137,315,348,406,421
159,7,43,198,473,313,124,214,420,146,427,256
159,8,311,178,468,236,480,83,467,321,129,501
159,9,339,455,18,77,257,201,428,148,181,21
159,10,339,351,218,305,248,253,344,124,419,302
159,11,480,324,348,489,487,46,429,27,245,188
159,12,223,255,120,303,307,426,227,321,502,44
159,13,454,114,189,377,49,383,491,486,238,58
159,14,170,22,449,471,463,425,279,228,261,503
159,15,465,155,360,340,197,417,416,145,20,421
159,16,77,151,155,93,444,29,494,122,303,200
159,17,289,23,416,216,221,481,421,444,5,98
159,18,27,412,61,168,192,246,341,89,84,58
159,19,117,449,187,168,115,323,76,432,337,419
159,20,192,173,136,352,257,184,122,450,98,164
159,21,449,268,502,470,312,156,138,192,351,78
159,22,306,349,52,253,499,374,434,337,328,342
159,23,231,481,10,170,288,386,99,220,18,53
159,24,501,129,311,480,467,321,236,83,127,226
159,25,339,257,455,18,201,428,77,148,1,266
159,26,339,351,305,248,236,189,218,398,289,419
159,27,480,18,325,46,489,429,324,447,318,245
159,28,255,321,426,223,120,307,44,303,209,214
159,29,454,114,377,189,486,241,49,58,25,206
159,30,170,22,301,471,449,279,425,185,6,457
159,31,465,340,197,145,360,155,421,20,417,416
159,32,77,151,93,155,444,343,494,29,188,303
159,33,13,444,23,416,221,289,481,5,216,429
159,34,27,412,61,246,168,89,341,230,54,58
159,35,337,117,364,168,449,187,432,216,419,301
159,36,192,184,173,352,257,187,136,229,199,98
159,37,138,268,156,449,336,502,351,470,201,78
159,38,306,499,253,52,349,374,434,28,396,337
159,39,231,481,220,10,170,99,288,293,427,101
159,40,399,490,166,217,334,285,67,422,385,19
159,41,160,95,22,156,109,175,41,475,468,220
159,42,327,78,75,362,208,491,216,186,369,183
159,43,221,243,371,94,400,440,376,396,104,386
159,44,220,258,121,182,25,484,479,176,465,256
159,45,154,176,323,33,390,244,292,250,294,140
159,46,332,218,276,15,122,166,488,361,441,222
159,47,8,102,234,166,175,456,93,452,39,454
160,0,352,222,68,471,54,403,289,304,291,327
160,1,99,504,4,445,441,39,2,23,447,319
160,2,348,478,175,124,407,366,343,152,355,221
160,3,77,102,308,478,117,37,440,501,343,502
160,4,10,413,479,36,16,321,98,211,407,93
160,5,360,367,86,166,203,210,141,77,271,384
160,6,469,315,136,178,450,278,443,121,393,348
160,7,313,198,55,420,24,146,1,214,473,393
160,8,480,83,321,110,467,129,122,453,192,240
160,9,455,339,201,428,110,487,281,257,181,356
160,10,339,351,87,302,268,266,218,412,364,281
160,11,480,489,46,487,276,267,469,174,245,472
160,12,282,44,321,425,214,382,388,56,281,413
160,13,114,454,241,377,49,419,189,29,383,482
160,14,170,449,5,503,22,471,279,228,463,280
160,15,465,155,421,417,145,360,197,132,20,279
160,16,77,151,122,477,155,494,93,444,104,24
160,17,416,444,333,23,289,13,5,337,481,216
160,18,27,412,61,393,342,230,13,281,34,165
160,19,117,168,449,337,187,216,364,427,115,76
160,20,192,352,184,257,343,199,187,164,365,330
160,21,138,336,156,65,115,449,272,48,335,79
160,22,302,389,202,396,38,127,355,374,505,305
160,23,231,288,99,220,10,170,386,326,132,18
160,24,480,129,321,83,122,501,467,110,240,166
160,25,455,201,339,110,148,257,428,18,181,1
160,26,339,351,87,236,268,218,302,281,25,266
160,27,46,480,487,245,489,276,469,229,267,18
160,28,282,214,44,425,56,321,382,281,209,69
160,29,454,114,241,419,377,29,49,58,167,238
160,30,170,449,301,471,5,22,142,347,463,279
160,31,465,145,155,197,421,360,319,461,94,417
160,32,77,151,155,93,104,303,494,188,444,200
160,33,13,444,333,416,221,216,5,337,23,289
160,34,27,54,412,61,13,403,278,89,342,165
160,35,117,449,364,337,317,168,432,216,301,316
160,36,192,352,184,257,199,164,235,343,187,117
160,37,336,138,156,449,351,11,345,335,311,330
160,38,389,302,202,396,355,305,374,127,38,222
160,39,231,99,220,81,170,250,117,288,10,481
160,40,28,399,67,490,6,217,166,334,365,385
160,41,196,160,218,109,22,95,380,333,156,41
160,42,327,208,22,237,490,59,479,257,267,183
160,43,94,181,221,336,380,243,371,104,233,79
160,44,303,294,25,121,499,258,191,182,466,472
160,45,429,176,154,149,127,5,390,323,140,11
160,46,161,166,499,276,501,15,488,332,492,361
160,47,61,392,232,297,102,29,454,456,178,372
161,0,350,289,138,7,314,352,64,147,471,92
161,1,99,210,342,441,47,344,2,188,445,26
161,2,478,348,124,139,201,407,420,343,352,175
161,3,308,102,77,478,37,117,343,275,248,440
161,4,10,36,98,16,479,413,186,321,93,211
161,5,360,367,121,470,166,141,86,203,262,384
161,6,443,469,178,136,315,24,450,406,296,393
161,7,198,420,55,313,473,24,124,146,1,214
161,8,480,236,321,467,83,192,113,468,129,171
161,9,339,455,18,399,257,201,148,428,281,487
161,10,339,351,302,346,305,218,419,268,357,412
161,11,480,46,487,489,27,245,29,276,324,348
161,12,321,425,44,282,214,255,382,56,281,209
161,13,114,241,49,377,189,454,383,419,380,237
161,14,170,22,449,279,471,425,228,142,412,463
161,15,360,465,145,197,417,20,155,469,421,14
161,16,77,151,93,155,200,477,229,494,449,122
161,17,23,289,416,241,221,481,179,5,371,13
161,18,27,412,156,61,54,230,89,342,393,416
161,19,168,449,117,317,115,76,187,432,323,427
161,20,192,352,315,506,184,164,235,229,343,173
161,21,345,311,199,206,449,400,156,138,11,442
161,22,302,273,369,389,269,495,10,38,396,102
161,23,231,81,288,380,18,170,386,250,427,481
161,24,480,501,129,321,83,226,236,467,168,192
161,25,455,339,148,18,201,1,428,257,110,215
161,26,339,351,346,218,236,268,302,248,118,305
161,27,480,245,18,487,46,324,229,29,276,27
161,28,321,425,44,282,214,255,209,56,457,121
161,29,241,114,377,454,49,419,58,189,420,167
161,30,170,449,22,142,279,301,425,6,346,347
161,31,340,465,20,360,197,145,155,416,201,170
161,32,77,151,93,155,229,444,449,29,477,494
161,33,23,416,289,481,221,425,216,29,309,5
161,34,412,27,54,156,61,321,230,89,487,25
161,35,168,432,117,373,317,449,249,76,238,323
161,36,164,192,184,257,352,315,119,506,235,97
161,37,351,449,311,345,199,206,336,330,201,156
161,38,273,369,389,495,302,468,396,202,28,269
161,39,81,117,250,380,170,231,101,481,427,220
161,40,399,6,383,166,366,285,390,422,475,334
161,41,380,316,274,160,41,95,196,475,22,93
161,42,22,267,479,45,187,325,237,257,97,138
161,43,181,94,336,104,386,335,378,509,223,233
161,44,294,303,270,25,484,173,121,313,176,499
161,45,140,154,176,297,201,188,330,119,390,5
161,46,499,332,492,276,501,361,446,161,15,166
161,47,372,297,125,12,29,126,102,199,392,33
162,0,264,305,321,312,430,76,218,209,267,177
162,1,189,3,5,76,423,435,402,61,262,211
162,2,307,359,303,454,20,249,411,124,81,326
162,3,495,37,308,478,102,77,248,110,283,91
162,4,192,310,161,130,267,321,413,36,405,17
162,5,54,146,470,360,255,424,274,505,47,197
162,6,3,444,161,406,443,469,315,132,178,421
162,7,259,128,313,449,420,146,198,308,1,473
162,8,169,242,32,311,321,418,129,192,126,468
162,9,491,339,201,428,455,18,257,357,38,227
162,10,339,218,351,446,265,362,302,118,248,357
162,11,480,324,348,318,27,493,448,26,46,29
162,12,17,267,138,416,278,231,255,400,378,227
162,13,114,454,377,189,303,49,98,25,58,486
162,14,170,126,449,471,463,22,347,261,301,228
162,15,145,155,197,360,465,340,236,417,112,461
162,16,155,77,151,303,93,79,104,229,343,412
162,17,142,289,416,5,444,23,86,221,13,216
162,18,27,61,43,412,417,249,81,342,198,89
162,19,449,117,187,432,301,168,364,240,507,216
162,20,192,352,184,41,278,42,257,365,266,97
162,21,233,148,449,183,156,138,470,488,111,65
162,22,320,428,416,334,48,374,434,16,444,328
162,23,231,18,99,170,117,81,288,386,53,380
162,24,169,242,32,129,226,83,321,311,501,468
162,25,201,257,148,428,491,339,18,1,455,335
162,26,339,446,351,402,265,146,362,248,218,357
162,27,480,324,318,26,29,18,348,245,125,301
162,28,17,138,267,278,231,416,400,227,125,434
162,29,114,377,454,303,189,49,82,25,233,14
162,30,126,170,22,449,484,463,425,279,471,39
162,31,340,197,145,155,360,465,416,112,20,170
162,32,151,77,93,155,229,79,444,250,303,106
162,33,142,23,481,416,204,289,444,77,221,348
162,34,61,43,412,81,417,27,481,89,198,249
162,35,432,168,117,323,507,238,364,449,76,187
162,36,119,184,257,192,97,164,386,352,266,394
162,37,233,449,148,183,495,201,111,354,488,151
162,38,320,334,416,48,428,374,444,28,16,328
162,39,380,170,101,481,180,117,231,99,220,176
162,40,399,383,390,285,6,334,189,329,422,166
162,41,316,175,274,326,93,160,95,380,41,430
162,42,214,216,186,362,120,387,327,369,208,75
162,43,386,243,458,509,335,104,94,400,57,221
162,44,35,465,176,468,484,258,479,117,220,121
162,45,33,445,244,154,323,390,176,368,140,11
162,46,332,218,276,15,281,222,252,166,361,501
162,47,234,39,175,102,24,456,407,452,9,131
163,0,234,464,149,416,188,91,79,334,39,473
163,1,59,471,264,251,285,482,192,23,261,237
163,2,215,379,307,161,101,24,294,454,271,387
163,3,364,102,478,495,397,248,489,283,37,308
163,4,499,192,237,314,130,471,349,58,329,371
163,5,233,146,270,2,284,33,273,54,255,76
163,6,50,22,324,481,444,391,161,243,479,509
163,7,466,274,390,214,440,284,313,424,198,420
163,8,242,169,140,226,501,468,192,311,334,467
163,9,339,18,335,21,455,257,148,228,399,38
163,10,339,146,248,402,302,447,289,79,344,351
163,11,245,480,348,474,344,27,448,29,487,218
163,12,231,138,249,93,17,227,343,267,434,460
163,13,114,303,486,233,49,263,383,228,491,377
163,14,22,126,228,279,425,261,449,346,170,489
163,15,465,20,197,360,499,155,196,417,205,416
163,16,151,77,93,155,29,444,477,229,439,494
163,17,23,204,289,142,481,101,77,416,421,426
163,18,61,48,412,216,198,220,81,417,43,129
163,19,238,117,76,240,168,115,432,507,323,62
163,20,8,184,266,97,386,192,317,418,164,41
163,21,148,233,449,168,301,351,354,151,201,330
163,22,110,419,163,177,507,92,141,403,422,335
163,23,380,170,180,288,386,176,10,63,437,34
163,24,242,226,169,501,140,480,467,334,32,240
163,25,335,18,455,339,148,3,215,421,266,181
163,26,339,146,289,446,402,376,248,362,189,79
163,27,480,245,489,29,301,344,348,448,27,318
163,28,231,249,93,267,47,138,413,434,255,460
163,29,114,486,233,49,99,383,377,10,263,25
163,30,126,22,425,261,228,346,279,170,449,471
163,31,499,20,465,360,197,416,196,170,492,340
163,32,151,77,229,444,93,29,79,439,250,54
163,33,204,289,481,23,416,77,193,421,54,59
163,34,412,61,48,216,198,89,220,417,330,338
163,35,117,432,238,76,323,168,364,493,404,419
163,36,184,119,266,8,386,164,97,257,173,418
163,37,148,449,233,301,495,168,156,151,330,354
163,38,110,419,163,507,403,177,92,141,374,199
163,39,380,170,101,180,176,437,141,22,427,476
163,40,399,383,285,390,422,475,329,189,19,334
163,41,316,326,264,473,274,368,41,175,196,448
163,42,389,436,120,186,75,379,403,327,214,499
163,43,386,458,104,335,440,455,312,243,354,239
163,44,176,465,407,454,479,160,113,289,484,133
163,45,114,445,253,11,390,214,176,244,426,140
163,46,332,276,15,53,252,222,405,200,381,35
163,47,89,226,88,8,92,431,357,102,131,93
164,0,507,30,352,358,403,338,150,68,360,58
164,1,183,305,179,212,16,224,285,135,330,99
164,2,139,133,407,406,168,432,124,334,410,31
164,3,102,478,248,308,77,37,440,336,275,420
164,4,98,10,464,36,455,211,239,321,208,16
164,5,470,141,367,360,77,33,262,426,17,21
164,6,481,384,393,119,469,421,82,406,178,419
164,7,466,214,124,198,424,313,21,284,332,146
164,8,334,480,140,501,242,226,467,192,83,465
164,9,18,339,455,148,3,421,497,201,21,181
164,10,339,146,402,190,302,344,124,310,289,364
164,11,245,348,487,489,480,29,324,448,27,344
164,12,321,453,255,249,138,121,413,44,214,179
164,13,420,49,383,355,114,263,377,99,1,422
164,14,22,279,503,449,170,425,228,178,261,346
164,15,465,197,155,360,319,407,20,416,229,421
164,16,151,77,444,122,357,24,93,477,229,155
164,17,289,23,416,309,425,481,270,170,421,371
164,18,412,48,416,508,61,156,505,129,25,234
164,19,117,101,168,285,16,449,76,432,216,115
164,20,184,235,315,464,41,436,164,116,297,317
164,21,311,461,206,345,233,156,330,449,442,495
164,22,369,415,110,159,269,142,290,468,379,71
164,23,170,288,22,326,380,231,455,159,180,293
164,24,480,501,233,240,467,321,226,138,192,83
164,25,339,155,18,281,455,208,181,148,135,25
164,26,339,302,248,129,273,419,348,236,487,484
164,27,487,245,3,46,489,363,72,27,294,415
164,28,453,321,214,255,415,282,368,44,228,364
164,29,220,49,481,195,420,383,329,412,128,114
164,30,22,90,188,92,178,504,503,279,323,170
164,31,197,465,170,416,340,492,229,20,360,196
164,32,77,444,151,93,357,229,29,24,406,122
164,33,289,17,416,425,343,73,184,70,481,297
164,34,234,416,412,321,505,393,76,388,129,156
164,35,101,376,117,249,419,168,66,115,63,16
164,36,464,184,235,247,239,43,166,41,315,215
164,37,337,242,474,311,156,345,351,495,171,203
164,38,415,369,110,273,159,468,403,500,136,142
164,39,170,74,141,390,10,250,146,220,95,231
164,40,285,166,383,422,244,6,19,399,390,471
164,41,94,95,484,316,196,326,67,434,274,12
164,42,22,479,45,245,97,472,138,473,310,184
164,43,335,104,336,294,509,378,395,233,94,377
164,44,270,4,289,440,43,158,173,258,484,176
164,45,140,406,154,250,492,390,188,480,210,5
164,46,41,161,332,15,499,110,106,492,222,276
164,47,463,125,199,297,424,203,102,340,29,438
165,0,412,251,319,168,294,235,205,431,109,148
165,1,440,125,57,303,100,88,50,475,163,216
165,2,342,511,37,496,107,207,334,89,247,392
165,3,196,478,237,139,293,408,269,197,177,102
165,4,506,73,294,346,357,465,389,198,325,332
165,5,68,74,244,56,112,110,259,263,482,10
165,6,435,292,397,237,68,259,185,322,469,182
165,7,177,33,316,489,302,139,92,163,351,303
165,8,192,356,233,321,467,138,359,205,243,168
165,9,339,155,281,208,18,455,6,181,201,254
165,10,339,302,419,129,248,344,359,472,484,125
165,11,487,363,489,234,3,46,415,301,334,324
165,12,218,143,246,37,228,287,220,415,353,301
165,13,195,128,329,265,49,383,412,39,220,345
165,14,90,188,92,503,388,504,402,212,138,74
165,15,340,197,416,347,170,122,319,229,423,492
165,16,480,444,77,91,51,122,202,74,151,406
165,17,324,289,372,297,343,499,72,466,488,17
165,18,497,282,503,127,510,385,483,388,505,250
165,19,101,63,212,376,117,26,66,408,210,249
165,20,184,464,239,335,247,43,507,366,258,215
165,21,464,242,337,456,287,91,474,18,107,171
165,22,77,181,283,43,78,401,86,281,122,264
165,23,146,170,390,163,95,476,141,236,74,10
165,24,356,138,233,205,503,160,35,106,304,41
165,25,155,208,339,135,18,353,281,171,161,358
165,26,348,339,129,248,302,273,456,484,125,164
165,27,456,234,294,487,363,3,12,415,270,245
165,28,246,37,217,143,220,218,228,290,459,415
165,29,128,329,220,291,160,195,343,412,157,52
165,30,33,22,471,425,503,278,167,90,178,288
165,31,197,229,492,416,482,319,170,340,465,421
165,32,444,151,406,77,357,122,462,29,79,24
165,33,289,416,72,297,324,444,170,316,488,18
165,34,497,503,127,282,385,386,510,483,90,388
165,35,63,117,249,115,101,72,156,419,485,97
165,36,184,464,239,43,132,294,215,450,247,322
165,37,337,456,464,242,287,18,405,171,384,86
165,38,283,43,77,86,401,78,281,181,122,264
165,39,141,170,146,326,101,159,304,180,163,10
165,40,422,285,19,390,166,244,203,227,383,257
165,41,94,180,484,429,95,326,67,468,434,215
165,42,428,476,119,303,287,473,123,322,472,92
165,43,335,104,354,395,509,336,377,303,233,94
165,44,289,4,158,440,43,258,51,189,499,176
165,45,140,406,332,492,365,282,5,250,48,375
165,46,15,469,239,77,141,147,351,222,332,122
165,47,142,11,280,222,424,9,1,102,185,471
166,0,188,485,342,286,123,306,44,472,28,158
166,1,128,434,437,261,303,225,170,174,231,424
166,2,436,135,457,286,171,81,321,143,280,189
166,3,342,478,35,221,86,139,290,197,407,128
166,4,191,431,184,168,292,447,317,354,370,476
166,5,75,244,20,11,259,180,399,340,420,172
166,6,179,151,359,47,78,498,430,52,274,442
166,7,295,174,220,437,175,119,208,325,357,380
166,8,106,243,119,359,116,470,168,48,497,475
166,9,208,145,21,281,293,247,339,358,349,6
166,10,469,248,126,349,359,95,176,493,173,14
166,11,324,301,306,335,451,448,501,337,200,234
166,12,377,438,480,247,317,415,470,73,227,257
166,13,390,340,39,264,436,155,383,18,348,343
166,14,43,167,101,425,33,261,178,225,403,471
166,15,122,492,416,47,170,319,150,92,23,340
166,16,444,406,54,478,79,357,462,279,456,199
166,17,289,297,182,421,339,36,431,316,460,444
166,18,90,241,450,306,477,331,287,348,192,260
166,19,273,72,97,119,249,156,117,305,78,389
166,20,184,448,43,239,366,450,132,41,5,294
166,21,239,136,281,307,171,449,86,405,156,305
166,22,255,186,65,469,463,125,494,39,179,225
166,23,511,304,170,141,476,180,176,101,53,326
166,24,106,321,467,119,243,311,113,497,501,116
166,25,208,281,145,358,247,428,293,385,18,339
166,26,469,359,349,248,168,493,339,472,380,34
166,27,301,324,448,501,313,451,140,200,306,234
166,28,438,377,247,470,480,415,58,489,257,125
166,29,390,340,383,103,39,18,436,257,114,155
166,30,167,403,261,425,33,178,43,193,503,471
166,31,492,416,482,319,23,170,424,443,465,47
166,32,444,406,357,279,79,54,462,151,77,314
166,33,339,289,182,297,444,36,481,421,416,316
166,34,306,90,241,348,61,477,412,219,86,56
166,35,273,97,72,119,249,117,156,115,485,216
166,36,184,132,239,448,450,294,43,322,41,166
166,37,239,136,281,67,86,78,305,171,449,307
166,38,255,125,65,186,463,494,469,39,225,179
166,39,141,304,101,170,180,176,476,416,326,511
166,40,390,203,422,285,334,215,383,498,475,399
166,41,49,151,209,326,220,215,418,41,152,180
166,42,473,448,355,16,123,20,304,480,482,419
166,43,395,104,354,92,335,233,178,15,223,386
166,44,55,473,237,272,446,133,440,120,176,289
166,45,140,470,2,189,84,454,351,230,390,307
166,46,181,392,211,322,169,332,66,378,276,57
166,47,149,320,492,326,336,337,379,480,281,150
167,0,384,167,316,98,270,62,401,272,425,207
167,1,62,420,209,102,293,303,280,483,478,265
167,2,436,404,439,491,367,263,280,405,38,185
167,3,342,18,478,86,102,221,237,31,364,274
167,4,184,292,168,67,393,445,166,69,287,468
167,5,391,275,5,20,90,11,485,415,131,160
167,6,47,498,137,73,142,495,430,279,84,132
167,7,132,220,503,154,20,245,134,325,328,117
167,8,116,106,113,162,243,48,311,215,275,389
167,9,208,146,21,135,145,339,157,358,349,53
167,10,248,349,490,497,95,328,350,378,419,131
167,11,335,337,334,234,301,339,378,288,197,103
167,12,299,313,227,223,98,247,415,303,114,82
167,13,39,348,155,390,270,176,257,114,265,31
167,14,425,33,403,6,18,101,58,261,365,34
167,15,340,416,122,197,170,160,492,229,347,150
167,16,444,406,462,54,480,77,79,122,202,63
167,17,289,297,170,260,93,68,488,86,296,299
167,18,306,90,287,241,58,108,61,62,152,192
167,19,249,263,245,217,117,115,110,258,72,449
167,20,184,140,43,167,41,366,75,450,239,294
167,21,331,351,91,86,268,171,156,151,376,466
167,22,215,8,463,349,52,328,225,255,424,156
167,23,476,170,176,511,236,53,124,141,304,146
167,24,162,106,113,116,48,243,501,311,497,450
167,25,208,145,358,135,339,53,18,146,395,21
167,26,248,349,490,339,302,173,419,497,95,186
167,27,301,234,334,335,339,378,288,324,337,245
167,28,313,299,227,247,223,228,98,470,15,103
167,29,114,176,390,348,427,103,383,378,264,265
167,30,425,471,403,33,167,22,261,178,6,193
167,31,197,340,416,170,492,229,482,424,319,23
167,32,444,406,54,151,77,462,357,79,155,229
167,33,289,416,170,481,86,297,339,421,444,182
167,34,306,90,61,241,62,108,58,412,152,287
167,35,117,72,115,249,493,323,97,449,156,419
167,36,184,132,239,450,43,294,140,172,167,41
167,37,331,351,171,405,268,156,449,86,305,376
167,38,215,8,463,52,225,349,328,255,424,453
167,39,141,170,304,176,101,180,476,424,326,146
167,40,390,285,422,383,203,334,475,166,399,329
167,41,326,49,151,209,316,94,95,175,220,215
167,42,355,369,362,50,216,491,139,482,120,448
167,43,104,395,335,233,92,354,386,223,509,94
167,44,55,237,250,133,176,289,272,473,440,4
167,45,140,470,189,454,307,390,250,230,323,492
167,46,332,276,392,71,218,322,459,441,199,57
167,47,65,492,336,39,480,175,102,349,234,9
168,0,98,316,73,129,501,10,495,175,401,474
168,1,62,34,293,240,420,215,302,483,56,40
168,2,411,436,263,491,439,404,367,133,161,264
168,3,221,478,102,308,135,343,342,451,440,122
168,4,67,239,53,354,133,69,385,416,1,396
168,5,470,485,119,77,131,81,203,479,505,489
168,6,368,73,471,421,27,495,12,137,47,42
168,7,343,43,124,284,24,256,281,14,198,427
168,8,321,168,106,467,311,113,48,391,243,418
168,9,281,208,428,339,18,247,38,145,358,6
168,10,359,248,380,168,302,472,378,339,419,190
168,11,301,448,324,313,186,487,29,334,489,472
168,12,255,223,224,247,120,370,353,98,15,44
168,13,383,103,39,62,49,114,104,348,217,434
168,14,167,261,178,145,503,471,425,286,463,225
168,15,492,416,319,170,482,23,155,45,326,229
168,16,444,406,79,54,357,279,77,462,410,229
168,17,182,339,444,421,289,481,316,231,36,9
168,18,61,90,348,192,241,84,341,58,129,152
168,19,72,216,119,117,485,432,97,115,493,449
168,20,184,322,132,294,43,450,173,129,239,364
168,21,449,156,268,327,312,225,199,236,171,335
168,22,28,52,160,499,306,253,463,495,156,33
168,23,141,304,326,101,180,176,10,170,250,456
168,24,321,467,168,418,106,334,113,83,362,127
168,25,281,208,428,145,358,353,18,339,38,247
168,26,359,380,168,472,378,302,248,339,236,481
168,27,301,324,448,313,31,140,186,489,27,472
168,28,255,223,247,370,224,353,120,44,98,303
168,29,103,62,383,114,486,1,217,49,161,104
168,30,167,145,261,471,503,178,463,286,193,161
168,31,492,416,319,482,23,170,443,155,421,45
168,32,444,406,357,279,79,410,54,314,303,77
168,33,339,231,182,444,9,481,27,316,421,358
168,34,348,61,90,341,84,214,70,152,58,168
168,35,216,117,72,485,119,364,115,202,97,432
168,36,184,322,294,450,132,129,43,239,257,173
168,37,449,327,268,156,236,171,335,351,470,225
168,38,28,306,52,160,499,253,463,16,33,495
168,39,141,304,326,101,176,170,180,250,432,255
168,40,390,422,334,285,475,399,189,6,21,385
168,41,41,175,326,380,475,330,215,316,204,209
168,42,267,78,325,120,491,187,62,355,183,46
168,43,94,336,104,303,335,354,181,233,157,408
168,44,313,499,133,256,293,289,144,258,294,220
168,45,140,390,5,323,307,250,447,263,368,492
168,46,492,359,332,276,425,110,281,441,122,459
168,47,372,12,126,136,501,125,185,155,9,199
169,0,430,132,321,36,312,209,242,267,23,76
169,1,34,435,62,85,211,164,29,40,56,402
169,2,411,303,359,436,491,263,198,264,404,307
169,3,495,308,221,478,102,440,248,122,279,156
169,4,260,239,161,53,67,354,36,310,405,217
169,5,255,77,370,470,146,203,54,479,489,24
169,6,421,444,301,368,12,469,224,489,73,479
169,7,343,43,283,24,124,14,502,198,256,439
169,8,418,321,467,168,83,113,334,122,362,226
169,9,281,428,18,247,138,148,474,339,88,347
169,10,168,359,472,302,339,380,133,190,395,435
169,11,448,324,301,313,186,487,348,26,29,27
169,12,142,255,278,484,400,44,222,243,416,370
169,13,217,383,49,486,434,103,62,114,126,161
169,14,145,167,503,463,261,178,228,286,343,273
169,15,319,492,482,326,23,45,443,155,465,416
169,16,444,410,406,357,79,303,150,160,253,329
169,17,231,339,444,481,182,316,9,358,416,77
169,18,61,348,255,43,214,90,191,342,192,417
169,19,216,485,117,72,119,507,202,115,493,323
169,20,322,430,184,129,294,164,450,199,136,365
169,21,156,449,327,236,335,111,470,183,419,268
169,22,428,374,440,28,434,416,48,328,348,297
169,23,141,326,407,304,180,255,409,432,10,67
169,24,321,362,418,122,467,83,169,168,386,60
169,25,281,428,339,181,474,305,18,306,509,88
169,26,472,168,302,133,359,266,339,190,395,295
169,27,448,489,324,487,313,31,301,480,186,140
169,28,142,484,278,400,255,44,222,416,267,370
169,29,486,114,49,103,383,88,161,434,217,82
169,30,503,463,145,167,471,178,228,22,4,286
169,31,482,421,443,319,492,465,326,164,23,229
169,32,444,410,357,24,150,372,253,406,303,488
169,33,231,444,339,18,9,76,416,358,481,316
169,34,61,348,43,191,90,214,255,393,27,183
169,35,216,117,485,419,364,202,115,119,441,72
169,36,430,184,322,129,199,450,294,164,257,136
169,37,156,327,449,111,236,335,183,233,419,208
169,38,428,28,374,48,440,434,416,328,444,375
169,39,326,141,407,432,220,304,255,479,170,180
169,40,274,422,385,334,285,317,475,217,166,189
169,41,430,330,95,386,459,71,215,204,131,160
169,42,299,75,62,216,40,200,327,379,92,387
169,43,303,354,157,127,408,216,243,104,335,221
169,44,258,133,466,465,468,50,289,247,145,117
169,45,390,250,263,492,11,211,323,307,33,154
169,46,318,276,425,441,3,15,459,122,218,464
169,47,458,292,93,102,9,185,234,175,446,8
170,0,46,330,160,505,3,375,407,263,306,452
170,1,71,59,483,112,251,275,435,424,455,107
170,2,10,101,411,432,359,436,307,226,97,326
170,3,308,221,478,510,495,440,156,122,102,501
170,4,499,495,53,260,417,239,359,217,354,430
170,5,373,77,258,370,479,489,203,360,255,170
170,6,476,421,354,206,12,368,489,301,469,444
170,7,231,343,24,502,170,31,43,283,198,124
170,8,321,307,418,467,60,168,243,113,106,83
170,9,281,428,247,339,208,353,38,470,347,509
170,10,302,472,359,60,168,133,266,339,380,395
170,11,301,324,448,487,313,31,489,472,303,186
170,12,351,457,484,142,463,415,247,489,255,353
170,13,103,383,434,49,161,377,508,343,88,193
170,14,471,503,58,167,261,22,101,485,178,425
170,15,319,122,197,416,340,229,155,69,482,184
170,16,444,406,151,79,357,77,303,24,150,229
170,17,289,170,416,444,86,481,421,182,97,20
170,18,213,137,90,348,434,61,192,419,342,27
170,19,117,216,72,449,364,398,119,115,432,485
170,20,184,322,450,294,199,430,166,129,43,257
170,21,156,154,271,327,449,119,208,236,488,335
170,22,374,479,276,150,348,177,48,507,70,417
170,23,326,141,10,304,170,14,180,432,67,479
170,24,467,321,362,307,122,83,418,299,243,168
170,25,281,339,428,208,18,306,181,305,353,253
170,26,472,302,339,168,295,248,359,222,386,60
170,27,245,489,487,46,448,324,27,480,349,472
170,28,351,489,415,463,457,80,368,142,0,264
170,29,334,49,434,441,378,508,114,383,265,343
170,30,471,22,503,288,4,463,6,376,178,228
170,31,482,229,421,197,319,492,416,201,214,326
170,32,444,77,151,357,372,303,24,406,104,29
170,33,444,416,18,241,289,20,481,13,316,339
170,34,213,434,348,393,61,90,137,27,191,214
170,35,216,117,483,485,441,419,364,337,115,202
170,36,199,322,129,184,430,450,294,257,164,365
170,37,156,154,271,327,335,208,449,138,236,58
170,38,374,479,48,276,150,177,348,507,422,419
170,39,326,141,432,220,407,255,479,304,170,293
170,40,274,422,385,285,317,334,217,475,19,166
170,41,264,330,386,430,71,95,459,215,246,204
170,42,403,75,299,379,327,92,59,55,120,183
170,43,303,354,408,157,216,243,104,221,233,257
170,44,258,466,133,247,465,65,117,260,50,348
170,45,390,114,508,307,250,492,263,457,323,211
170,46,318,276,441,15,3,425,122,459,407,166
170,47,8,88,89,93,102,226,9,166,185,269
171,0,19,360,446,338,403,272,211,414,352,327
171,1,99,405,273,195,237,183,16,499,179,296
171,2,36,432,124,164,355,173,410,478,348,407
171,3,308,122,440,102,478,501,156,37,358,169
171,4,53,217,133,239,479,112,159,36,16,413
171,5,77,489,479,170,203,367,161,249,123,360
171,6,278,300,476,12,82,469,421,486,354,206
171,7,24,353,3,198,343,31,71,502,206,233
171,8,467,418,321,60,83,362,307,122,168,404
171,9,138,281,428,474,470,247,509,339,18,148
171,10,472,168,302,87,339,133,364,60,190,344
171,11,487,489,53,186,324,46,31,448,348,182
171,12,282,44,404,266,399,155,327,457,255,214
171,13,114,434,482,383,217,49,210,125,88,444
171,14,463,503,228,145,178,22,8,5,286,343
171,15,482,492,443,465,326,319,421,45,155,176
171,16,444,410,357,253,279,406,303,150,160,29
171,17,444,339,231,9,76,241,182,18,333,358
171,18,393,283,500,191,213,61,348,229,342,34
171,19,216,117,485,483,419,202,337,82,458,415
171,20,322,129,117,164,199,184,430,294,493,347
171,21,156,335,409,154,449,301,119,327,271,253
171,22,396,193,316,374,390,111,348,384,70,202
171,23,326,141,255,432,319,407,220,479,14,437
171,24,122,321,362,418,467,404,307,157,60,68
171,25,428,281,305,120,474,253,470,181,174,271
171,26,87,472,168,236,302,60,266,133,364,25
171,27,489,182,487,480,46,448,52,31,186,324
171,28,282,44,222,457,404,327,69,155,419,255
171,29,103,434,88,114,49,383,204,167,486,217
171,30,463,503,228,471,145,5,270,81,4,142
171,31,421,482,443,319,164,465,492,326,284,176
171,32,410,444,24,253,357,488,372,150,303,29
171,33,18,76,333,444,231,241,416,339,9,187
171,34,500,213,191,393,229,34,283,214,61,348
171,35,216,117,485,419,441,364,415,82,202,115
171,36,129,199,322,184,164,450,257,430,294,117
171,37,156,335,154,409,327,253,271,301,236,449
171,38,396,193,316,374,390,384,111,348,177,202
171,39,326,141,432,220,407,255,479,67,293,14
171,40,391,422,385,274,355,317,217,334,475,19
171,41,386,252,330,95,459,71,264,430,113,204
171,42,59,299,237,75,403,327,92,436,490,183
171,43,303,354,408,216,243,157,221,336,242,233
171,44,47,466,258,133,303,465,472,256,348,65
171,45,435,429,114,390,307,457,492,250,346,11
171,46,151,318,441,276,15,425,3,459,166,407
171,47,89,8,93,226,102,61,9,185,454,232
172,0,73,403,119,352,129,360,338,394,501,75
172,1,99,296,179,135,195,183,143,273,323,405
172,2,124,410,432,478,355,168,155,175,45,55
172,3,122,308,501,440,478,102,322,166,248,358
172,4,217,53,159,16,285,239,160,48,364,208
172,5,77,479,249,367,489,170,203,130,360,227
172,6,24,300,393,12,82,206,486,348,278,107
172,7,24,31,235,73,393,198,3,266,502,88
172,8,418,362,467,122,60,321,83,307,404,157
172,9,281,428,110,120,138,339,474,509,305,470
172,10,472,143,168,302,133,266,487,60,339,351
172,11,489,487,182,267,31,186,303,276,324,46
172,12,282,44,69,118,121,222,425,352,124,457
172,13,434,49,217,161,204,64,383,103,377,321
172,14,228,503,463,286,471,270,178,376,142,4
172,15,421,482,319,492,443,465,326,176,45,164
172,16,410,444,357,24,150,372,253,488,303,78
172,17,241,444,76,18,9,416,231,333,339,358
172,18,191,393,437,213,487,27,342,214,61,3
172,19,216,117,485,441,419,415,202,364,459,316
172,20,322,129,164,199,184,369,125,493,294,450
172,21,156,400,335,154,299,223,327,417,449,336
172,22,396,295,348,305,369,389,269,374,70,414
172,23,326,432,141,319,220,14,180,255,479,500
172,24,321,418,362,122,467,217,307,404,60,83
172,25,281,428,470,474,305,120,509,181,339,253
172,26,472,266,133,302,236,60,168,487,364,221
172,27,489,487,182,480,31,276,448,303,313,52
172,28,44,282,69,121,222,209,457,179,425,255
172,29,114,434,103,167,49,88,383,161,204,465
172,30,503,463,81,471,142,178,148,228,270,145
172,31,421,443,482,319,164,465,492,326,176,229
172,32,444,372,410,24,150,357,488,253,77,303
172,33,18,416,241,76,444,13,289,231,333,339
172,34,327,393,213,487,191,117,27,129,61,214
172,35,216,117,485,419,441,115,202,415,323,364
172,36,199,322,184,129,450,125,164,257,235,294
172,37,156,400,335,138,449,327,299,236,225,417
172,38,396,295,348,369,374,305,389,468,163,202
172,39,326,141,432,220,255,479,319,67,293,74
172,40,274,422,385,217,166,83,285,317,189,19
172,41,386,95,459,71,330,160,131,196,215,99
172,42,68,92,299,75,327,59,396,67,44,183
172,43,303,354,157,336,376,216,123,221,104,233
172,44,258,133,182,466,303,260,197,499,289,465
172,45,154,492,390,11,457,360,176,323,307,263
172,46,245,318,425,166,441,3,122,41,15,475
172,47,458,360,102,9,93,136,8,155,185,454
173,0,76,101,361,21,301,467,177,218,217,245
173,1,76,250,226,405,61,230,195,141,5,435
173,2,354,124,166,410,76,432,168,45,155,175
173,3,495,308,122,102,166,478,322,453,33,480
173,4,217,265,159,175,16,53,321,48,160,449
173,5,296,479,367,206,249,227,77,489,130,351
173,6,24,87,393,300,206,382,486,236,469,450
173,7,24,393,470,235,198,31,88,73,146,266
173,8,418,122,321,467,60,307,362,404,168,157
173,9,428,281,88,474,509,470,339,120,247,18
173,10,302,472,133,60,168,266,487,339,395,419
173,11,489,487,348,182,31,324,186,448,480,276
173,12,243,282,44,484,222,400,457,278,255,142
173,13,434,103,49,114,204,383,88,217,161,486
173,14,273,503,463,228,371,145,81,4,471,270
173,15,421,482,443,319,465,164,492,176,326,45
173,16,372,444,24,410,488,303,150,357,494,104
173,17,18,76,416,444,241,13,231,289,358,9
173,18,183,393,27,191,61,213,216,192,255,330
173,19,216,441,117,485,202,419,507,62,135,415
173,20,199,322,164,129,493,450,3,136,192,430
173,21,156,138,425,335,459,299,111,417,327,154
173,22,221,441,374,396,348,163,243,440,70,417
173,23,326,319,220,432,141,479,67,255,14,386
173,24,362,386,122,453,321,467,157,418,150,307
173,25,281,305,120,53,487,181,88,27,411,83
173,26,302,472,120,268,266,221,418,510,25,295
173,27,489,487,276,314,46,182,480,351,302,174
173,28,484,243,400,44,282,425,69,17,278,56
173,29,486,434,114,122,88,383,82,204,49,343
173,30,503,81,376,289,4,463,471,228,148,22
173,31,421,443,482,164,319,465,229,176,214,492
173,32,372,24,150,444,410,488,455,104,494,253
173,33,18,13,241,416,444,76,333,179,20,289
173,34,393,183,27,230,61,137,330,191,43,90
173,35,216,117,419,441,106,485,381,364,168,202
173,36,199,184,322,129,164,450,3,257,493,134
173,37,138,425,156,335,336,79,459,208,449,327
173,38,221,374,441,396,440,348,48,434,202,163
173,39,432,326,220,141,319,479,293,67,255,386
173,40,83,385,274,422,217,317,166,19,285,391
173,41,386,95,459,71,160,330,99,131,227,215
173,42,92,299,327,379,75,216,44,396,59,439
173,43,157,216,303,376,354,221,408,257,114,242
173,44,133,258,182,466,197,260,465,468,171,65
173,45,154,390,492,360,11,176,323,24,278,457
173,46,3,318,166,122,441,425,15,475,276,459
173,47,8,102,93,9,226,185,302,24,454,175
174,0,352,129,119,73,394,403,223,434,386,327
174,1,415,99,4,504,47,2,296,319,273,267
174,2,348,407,347,478,42,124,410,201,432,366
174,3,122,478,308,102,37,254,440,166,501,33
174,4,217,159,36,98,112,133,413,48,16,53
174,5,367,360,77,479,141,489,24,203,249,200
174,6,469,121,135,82,278,393,389,463,300,12
174,7,24,55,146,393,198,3,31,395,367,67
174,8,467,480,83,321,418,454,362,472,122,110
174,9,281,339,18,455,181,428,138,487,474,312
174,10,120,339,302,472,168,87,364,395,151,133
174,11,487,489,324,46,186,448,27,245,301,29
174,12,44,214,425,282,353,281,321,69,368,255
174,13,482,49,226,29,114,383,217,434,76,204
174,14,503,22,5,311,471,280,376,178,228,449
174,15,319,416,229,421,482,465,452,132,155,197
174,16,444,122,77,24,151,357,410,295,372,150
174,17,416,18,444,241,289,481,76,20,9,339
174,18,61,342,393,13,230,171,149,278,86,27
174,19,216,117,419,337,168,161,115,323,485,76
174,20,184,199,164,257,322,96,166,235,129,378
174,21,48,156,151,336,425,335,115,449,138,79
174,22,355,389,403,202,302,305,396,188,356,390
174,23,326,220,14,141,479,170,432,386,319,10
174,24,467,480,68,321,177,362,472,83,122,418
174,25,281,455,487,339,181,312,18,305,428,253
174,26,339,87,472,302,120,236,151,364,137,178
174,27,489,487,46,245,276,448,313,324,469,480
174,28,44,282,214,327,353,69,255,425,281,321
174,29,482,114,76,383,49,29,434,122,88,367
174,30,503,22,235,376,471,279,178,228,142,449
174,31,421,482,319,229,197,416,465,132,201,164
174,32,444,77,372,122,410,24,357,151,29,104
174,33,416,18,241,289,76,481,444,333,13,339
174,34,342,393,34,61,403,171,27,459,278,281
174,35,117,419,216,168,323,161,76,115,124,441
174,36,199,184,164,235,257,129,450,192,391,294
174,37,48,153,151,156,336,335,138,385,425,79
174,38,389,355,202,396,305,302,403,188,127,454
174,39,220,326,141,386,170,319,74,479,293,288
174,40,166,385,217,274,504,422,285,182,28,19
174,41,196,386,95,160,218,468,71,330,459,134
174,42,391,237,183,92,59,490,327,351,396,120
174,43,104,233,483,303,354,336,380,221,435,411
174,44,303,140,472,133,283,258,25,84,65,176
174,45,429,149,390,250,154,385,140,176,11,307
174,46,161,191,164,15,166,318,276,332,459,361
174,47,392,501,210,61,232,315,102,178,275,502
175,0,350,138,354,322,147,7,503,326,129,12
175,1,210,326,99,499,441,401,458,260,380,457
175,2,407,348,124,182,478,133,410,42,267,175
175,3,102,478,308,254,122,358,248,110,440,37
175,4,217,159,36,98,321,234,229,67,413,160
175,5,497,367,360,249,470,77,8,24,227,200
175,6,469,423,45,278,82,49,463,135,348,183
175,7,24,146,367,198,353,420,395,393,71,83
175,8,467,321,83,480,362,450,453,122,418,68
175,9,281,428,455,181,110,201,305,120,487,253
175,10,302,339,71,187,472,419,111,151,359,100
175,11,270,422,84,487,489,324,350,49,58,27
175,12,228,150,37,63,96,368,264,0,73,415
175,13,265,387,22,288,97,312,250,508,385,91
175,14,138,212,90,506,486,314,233,127,136,80
175,15,169,156,347,449,340,375,346,136,122,288
175,16,91,391,480,243,189,58,23,51,429,74
175,17,166,499,372,422,381,488,324,389,50,305
175,18,347,26,316,49,440,335,184,136,264,228
175,19,31,434,63,426,96,103,83,414,37,355
175,20,258,78,219,109,348,444,344,485,88,330
175,21,48,288,385,409,151,156,142,275,468,306
175,22,511,308,135,306,202,32,102,188,460,363
175,23,170,236,338,328,108,223,54,124,197,22
175,24,11,501,20,160,332,412,131,283,397,12
175,25,18,208,339,395,135,277,6,297,111,68
175,26,456,248,296,153,203,252,339,419,222,279
175,27,456,78,86,234,366,197,287,509,245,367
175,28,290,113,228,372,368,298,80,242,469,415
175,29,265,302,250,67,457,22,342,154,441,184
175,30,160,471,233,22,268,425,138,254,383,212
175,31,340,197,122,347,319,160,229,184,209,201
175,32,480,91,444,77,151,202,51,163,262,229
175,33,299,294,297,221,289,372,499,488,72,416
175,34,419,347,61,393,500,440,27,129,222,179
175,35,117,426,434,449,216,364,363,337,419,121
175,36,96,184,199,164,298,235,296,71,166,450
175,37,409,156,138,425,48,153,253,335,79,465
175,38,202,306,511,396,188,32,460,366,135,316
175,39,432,326,220,141,319,14,293,479,407,170
175,40,166,217,422,385,475,285,274,334,391,83
175,41,386,196,21,95,71,160,459,330,430,321
175,42,391,59,237,92,341,327,299,183,351,278
175,43,303,483,376,157,104,221,216,354,408,243
175,44,303,258,133,466,182,283,260,256,407,465
175,45,62,154,99,66,390,492,149,176,11,457
175,46,123,289,334,115,15,318,166,500,441,467
175,47,448,184,354,178,205,501,102,459,342,392
176,0,147,138,10,350,376,175,501,106,118,466
176,1,210,499,458,237,99,487,160,326,415,5
176,2,433,292,407,252,133,341,124,72,410,432
176,3,102,451,478,308,122,33,358,406,419,166
176,4,217,10,159,98,321,234,354,36,48,413
176,5,367,497,249,360,479,332,384,8,166,227
176,6,469,423,45,278,82,348,275,183,214,506
176,7,24,71,198,146,353,420,143,67,393,214
176,8,467,321,480,83,418,68,122,472,362,192
176,9,455,281,339,428,18,181,138,201,487,253
176,10,339,302,87,151,120,472,364,187,168,137
176,11,489,487,407,46,276,324,27,245,267,52
176,12,282,44,255,321,214,353,209,399,242,60
176,13,49,114,383,482,204,434,217,419,210,1
176,14,449,5,503,178,228,279,22,463,170,347
176,15,465,482,319,416,421,94,229,326,23,155
176,16,77,122,444,372,477,24,151,357,104,303
176,17,416,289,241,18,444,333,481,76,339,231
176,18,500,342,229,393,461,61,440,34,165,409
176,19,216,117,168,323,432,419,427,76,115,441
176,20,164,184,96,199,322,298,117,365,352,235
176,21,409,156,138,253,425,151,335,301,449,48
176,22,316,384,102,193,33,306,396,342,202,374
176,23,220,326,141,41,479,288,319,386,180,226
176,24,480,321,467,122,68,83,217,472,453,418
176,25,455,281,487,18,339,428,181,312,306,228
176,26,339,87,302,236,151,472,120,419,187,364
176,27,489,487,46,245,3,276,469,480,27,267
176,28,282,44,255,214,321,399,353,69,136,242
176,29,419,49,114,383,420,465,204,167,321,1
176,30,5,142,503,463,449,178,471,22,228,279
176,31,482,421,319,197,229,465,416,326,155,492
176,32,444,372,77,122,410,357,406,303,93,24
176,33,416,444,13,289,333,18,76,241,231,316
176,34,500,229,34,393,27,342,61,440,165,461
176,35,216,117,441,419,364,168,323,115,485,415
176,36,199,322,164,184,129,450,134,96,294,257
176,37,156,425,138,409,253,459,335,449,327,336
176,38,396,316,384,193,374,202,348,111,306,177
176,39,432,326,220,141,319,479,293,14,255,407
176,40,385,217,422,166,83,317,475,274,391,334
176,41,386,71,95,430,160,330,459,196,215,21
176,42,59,92,299,237,327,75,396,490,183,44
176,43,303,376,157,216,354,221,408,257,336,243
176,44,258,133,182,466,303,465,260,197,407,47
176,45,154,435,492,11,176,323,457,263,24,390
176,46,318,166,3,441,425,122,15,276,475,459
176,47,8,93,226,102,9,454,185,302,376,469
177,0,352,471,327,61,247,403,338,92,350,360
177,1,99,342,415,135,504,4,47,210,183,182
177,2,175,348,478,432,407,88,124,355,34,165
177,3,122,478,308,440,102,501,166,358,37,110
177,4,217,160,53,133,159,112,36,354,16,170
177,5,77,479,489,367,249,360,203,218,130,384
177,6,450,393,24,82,12,389,469,135,300,421
177,7,24,31,393,55,198,343,88,146,502,1
177,8,418,321,467,83,122,60,362,168,307,480
177,9,281,428,474,247,339,18,509,470,148,455
177,10,133,472,302,168,487,266,339,60,78,236
177,11,489,324,487,313,186,448,31,267,27,348
177,12,425,44,121,69,222,255,281,321,282,368
177,13,49,161,217,1,383,420,434,210,193,377
177,14,503,463,178,167,420,228,286,261,471,343
177,15,319,482,492,416,421,465,155,443,170,326
177,16,444,406,357,410,77,279,122,303,79,314
177,17,339,444,481,416,182,9,231,316,358,76
177,18,487,505,416,25,27,348,342,76,3,156
177,19,216,72,117,485,119,432,115,493,316,364
177,20,184,322,294,129,132,450,143,164,365,352
177,21,156,449,400,345,335,206,225,442,179,327
177,22,389,369,348,396,415,302,269,10,290,159
177,23,141,326,304,41,180,479,14,250,500,101
177,24,321,418,467,307,60,122,168,362,83,359
177,25,281,428,353,18,208,181,455,474,306,339
177,26,472,168,359,133,339,302,380,266,60,487
177,27,448,324,313,301,489,31,186,3,140,480
177,28,44,121,255,69,425,353,415,222,453,457
177,29,161,1,49,383,217,103,193,444,420,210
177,30,167,178,503,463,142,261,420,145,286,343
177,31,416,492,170,319,482,23,465,443,421,326
177,32,444,406,357,77,410,122,279,314,54,79
177,33,339,416,481,289,231,316,9,444,182,431
177,34,505,416,348,156,487,129,117,214,61,90
177,35,117,72,216,485,115,432,119,323,249,493
177,36,184,464,239,294,132,43,322,315,450,129
177,37,449,156,345,171,236,327,311,400,225,337
177,38,348,415,389,369,468,396,495,28,269,295
177,39,141,250,304,326,170,101,176,180,476,424
177,40,390,422,285,334,21,399,166,6,275,475
177,41,326,316,209,380,41,49,40,215,484,429
177,42,22,479,97,67,267,245,138,187,355,45
177,43,336,104,233,395,335,94,294,123,354,92
177,44,289,133,499,55,237,270,191,117,144,121
177,45,140,5,390,201,323,307,263,250,375,454
177,46,276,499,492,41,459,332,441,425,446,15
177,47,125,203,297,65,372,199,492,181,12,9
178,0,274,180,126,4,162,294,251,356,217,177
178,1,394,451,368,108,0,475,216,260,333,492
178,2,342,346,411,391,236,436,107,334,392,508
178,3,221,478,108,308,282,402,29,248,102,139
178,4,223,130,114,212,354,5,73,370,332,404
178,5,374,244,80,47,93,312,259,181,348,247
178,6,111,421,368,137,12,211,377,310,435,68
178,7,167,94,166,496,65,343,177,24,332,439
178,8,321,418,168,467,113,307,126,311,243,362
178,9,281,428,18,339,208,474,38,247,235,353
178,10,302,380,168,359,472,339,60,419,378,248
178,11,301,324,448,363,313,487,3,186,12,334
178,12,363,218,87,410,353,255,143,247,415,284
178,13,383,103,1,49,39,217,161,104,18,193
178,14,167,261,178,503,471,455,343,286,425,402
178,15,416,319,170,492,122,155,197,179,229,23
178,16,444,406,79,54,462,77,279,357,122,229
178,17,289,182,297,192,444,431,421,339,481,316
178,18,505,103,385,90,497,178,282,348,192,331
178,19,72,117,216,119,449,115,249,485,156,398
178,20,184,464,239,43,294,450,315,132,235,366
178,21,454,107,156,456,449,337,178,171,163,399
178,22,343,465,472,74,381,281,292,23,348,469
178,23,170,304,141,53,101,176,476,10,326,511
178,24,321,126,467,168,416,357,138,418,334,144
178,25,208,428,281,145,18,339,353,148,38,181
178,26,339,359,248,302,380,168,295,472,419,94
178,27,324,301,448,234,339,489,487,245,46,363
178,28,363,87,410,218,143,247,353,415,432,228
178,29,383,114,348,49,345,103,205,434,128,146
178,30,167,261,178,503,33,471,425,455,22,463
178,31,416,482,319,197,170,492,23,229,155,421
178,32,444,406,77,151,303,357,54,155,29,79
178,33,444,416,339,481,289,421,316,182,297,170
178,34,103,505,348,178,61,385,90,412,129,282
178,35,117,72,449,115,323,216,249,419,119,168
178,36,184,132,239,294,450,43,257,41,352,129
178,37,449,454,456,107,337,156,171,178,305,405
178,38,343,472,465,74,281,381,292,23,463,122
178,39,170,141,304,176,476,101,180,99,220,326
178,40,390,334,285,422,166,399,383,203,217,490
178,41,316,326,151,209,484,49,51,180,95,160
178,42,194,85,355,91,394,448,419,255,45,482
178,43,104,335,395,233,92,294,435,223,509,303
178,44,237,144,55,133,176,489,43,499,117,258
178,45,140,167,390,323,470,250,263,189,307,454
178,46,492,276,332,71,218,459,15,446,441,322
178,47,65,39,487,152,492,278,9,102,336,456
179,0,98,270,138,316,147,501,401,10,175,167
179,1,62,115,34,302,293,80,68,435,303,40
179,2,411,263,436,315,294,491,439,334,404,459
179,3,478,102,221,308,18,248,135,440,122,495
179,4,445,67,354,53,217,416,288,69,321,159
179,5,470,131,119,415,485,5,275,367,505,81
179,6,137,207,73,42,279,471,421,495,142,111
179,7,43,281,214,132,323,284,282,343,427,124
179,8,113,467,321,357,168,311,353,501,243,322
179,9,18,281,38,339,21,77,353,428,181,208
179,10,248,472,1,302,380,419,359,344,364,378
179,11,448,324,301,489,487,373,344,148,313,502
179,12,223,299,303,247,255,316,415,58,370,227
179,13,383,114,486,104,103,434,217,155,39,49
179,14,425,178,167,261,503,22,471,107,343,455
179,15,319,229,416,482,492,170,465,421,304,155
179,16,444,406,122,410,357,314,24,79,462,64
179,17,289,444,416,170,124,316,182,421,335,18
179,18,61,58,168,90,192,62,129,341,255,84
179,19,117,216,72,115,485,202,249,323,119,430
179,20,184,450,140,43,322,173,294,235,239,166
179,21,156,330,268,449,91,405,488,502,292,171
179,22,328,349,499,52,8,215,434,463,253,28
179,23,10,170,326,141,41,304,479,101,67,288
179,24,467,113,321,168,472,299,353,362,106,334
179,25,18,281,208,181,428,339,385,353,77,38
179,26,472,359,302,248,1,344,380,419,372,94
179,27,324,448,489,301,339,344,487,313,148,245
179,28,223,299,303,247,255,47,353,370,316,33
179,29,114,383,434,486,103,348,49,88,427,39
179,30,503,471,22,167,178,425,455,4,261,107
179,31,482,229,319,421,492,414,416,443,465,197
179,32,444,406,29,24,410,64,122,357,314,77
179,33,416,289,444,18,170,316,20,124,101,76
179,34,61,90,168,84,255,58,348,86,129,62
179,35,117,216,115,485,202,72,168,364,419,249
179,36,184,450,294,257,199,322,43,140,166,164
179,37,156,268,330,449,405,331,502,292,384,171
179,38,499,52,349,215,328,8,28,434,306,253
179,39,326,170,10,141,432,479,220,41,488,159
179,40,285,385,19,422,21,166,257,334,390,365
179,41,71,246,93,459,386,160,95,326,215,343
179,42,216,396,491,369,362,75,327,92,78,387
179,43,303,335,104,354,408,94,411,243,157,216
179,44,258,289,140,256,220,464,250,466,133,465
179,45,307,154,492,33,11,214,188,250,176,140
179,46,15,332,222,441,276,475,218,425,3,122
179,47,446,39,9,102,185,8,175,458,93,155
180,0,32,130,278,160,71,330,409,279,229,79
180,1,471,447,112,427,215,59,239,490,217,416
180,2,250,483,101,380,411,328,326,344,488,81
180,3,478,357,102,122,354,272,440,166,135,59
180,4,440,245,196,354,499,217,53,476,416,4
180,5,456,273,96,258,367,180,479,249,470,465
180,6,469,452,6,50,137,166,258,136,189,151
180,7,268,24,214,67,170,327,269,146,284,231
180,8,467,168,321,472,362,113,480,3,418,453
180,9,281,18,181,455,339,6,228,120,487,149
180,10,302,472,344,359,248,94,364,435,419,96
180,11,489,448,487,245,303,313,324,460,339,472
180,12,409,406,248,463,47,484,415,247,353,368
180,13,383,434,486,88,49,114,104,39,475,217
180,14,503,22,178,343,228,471,4,167,455,289
180,15,229,482,465,319,421,452,304,416,492,443
180,16,444,122,24,314,410,77,150,295,151,29
180,17,416,18,444,289,20,241,76,316,170,335
180,18,464,61,434,393,192,86,21,472,137,129
180,19,117,216,202,115,485,168,419,323,72,76
180,20,184,451,164,322,497,450,199,257,129,166
180,21,156,330,3,104,151,43,179,449,405,488
180,22,461,112,471,426,276,150,177,403,507,422
180,23,326,10,170,67,14,432,479,141,41,386
180,24,467,321,362,3,472,168,480,401,299,240
180,25,281,181,487,18,455,339,228,428,306,509
180,26,302,472,344,248,339,201,359,364,259,419
180,27,489,487,245,448,46,339,480,313,472,182
180,28,409,248,406,415,463,484,247,282,44,276
180,29,434,383,114,49,486,334,253,104,88,444
180,30,503,22,376,471,4,178,228,289,455,167
180,31,482,229,421,465,319,443,197,165,492,214
180,32,444,24,29,122,410,151,494,77,314,64
180,33,18,416,289,76,444,101,170,241,20,316
180,34,464,61,434,393,196,129,86,137,90,502
180,35,117,216,419,202,485,118,115,168,76,323
180,36,184,451,164,322,497,199,129,257,450,166
180,37,3,104,156,330,43,449,79,151,236,488
180,38,461,426,112,276,471,150,507,403,177,422
180,39,326,170,432,141,10,67,479,220,14,159
180,40,425,422,285,19,385,21,166,257,475,83
180,41,283,71,501,386,246,459,99,330,215,468
180,42,56,426,225,55,92,299,396,186,163,327
180,43,391,303,156,408,354,216,411,104,243,242
180,44,289,258,140,79,145,466,33,465,464,133
180,45,492,154,307,214,11,360,376,390,447,250
180,46,15,441,196,425,332,276,3,222,475,69
180,47,8,88,9,188,185,93,226,102,469,471
181,0,289,338,293,103,369,403,68,471,352,19
181,1,99,243,16,465,273,183,47,330,296,454
181,2,348,206,407,36,164,478,45,205,139,410
181,3,478,102,254,308,122,440,166,156,248,59
181,4,16,358,354,217,416,53,445,159,467,42
181,5,367,203,77,141,360,479,470,200,489,338
181,6,469,278,258,393,135,136,463,121,218,151
181,7,67,55,214,269,24,501,264,146,198,253
181,8,467,480,321,168,472,340,113,83,301,240
181,9,18,487,281,339,181,312,385,455,15,138
181,10,302,248,236,419,472,501,364,339,251,96
181,11,489,487,448,245,195,324,46,460,472,174
181,12,214,282,456,242,331,413,44,321,353,415
181,13,383,49,114,434,419,88,167,104,169,377
181,14,22,503,235,376,178,471,322,343,142,279
181,15,229,416,197,319,165,17,132,452,304,465
181,16,444,122,151,295,24,218,77,180,410,202
181,17,18,289,416,170,316,241,221,444,76,182
181,18,86,230,61,393,207,192,129,344,342,412
181,19,117,76,115,216,419,168,202,72,427,323
181,20,235,184,164,257,166,190,450,117,498,199
181,21,330,156,296,151,281,458,449,412,279,495
181,22,302,369,290,403,142,389,20,230,269,295
181,23,170,10,326,137,426,141,182,67,268,479
181,24,467,321,480,168,20,301,472,281,340,157
181,25,18,487,181,228,339,281,312,138,385,208
181,26,302,236,344,472,248,339,147,151,419,364
181,27,489,487,448,245,46,301,313,344,324,232
181,28,282,353,331,214,44,456,121,247,321,69
181,29,114,383,49,104,434,88,359,167,367,77
181,30,22,235,503,376,471,178,195,142,311,343
181,31,229,165,197,416,319,132,421,17,452,482
181,32,444,295,122,24,410,151,218,42,29,180
181,33,416,18,289,76,7,170,316,241,141,205
181,34,61,86,207,56,230,25,129,393,319,84
181,35,117,76,115,419,216,202,73,72,168,249
181,36,235,184,164,257,192,294,129,199,172,391
181,37,330,281,156,296,164,449,458,351,305,67
181,38,403,302,369,290,389,495,142,396,61,468
181,39,170,141,10,63,326,159,137,74,117,101
181,40,285,19,422,21,365,257,504,475,274,330
181,41,196,41,95,459,375,429,12,386,160,326
181,42,355,137,177,482,373,139,92,396,197,342
181,43,104,411,119,336,354,233,178,395,335,94
181,44,140,289,446,176,84,499,134,464,95,303
181,45,15,140,492,503,390,149,111,351,11,84
181,46,214,15,392,336,57,161,276,332,322,423
181,47,270,492,349,336,31,298,326,102,9,480
182,0,489,403,7,350,64,349,338,400,316,501
182,1,302,210,62,238,294,189,293,481,240,243
182,2,292,439,481,238,316,341,263,459,470,106
182,3,90,478,102,254,336,185,337,415,156,440
182,4,115,339,67,53,485,48,217,354,445,416
182,5,367,131,485,465,8,60,52,249,470,119
182,6,469,318,495,183,358,42,471,278,463,262
182,7,354,67,214,426,143,324,269,467,457,363
182,8,467,321,168,61,480,340,401,113,372,83
182,9,487,228,18,281,269,471,339,455,385,181
182,10,302,248,147,344,289,364,317,472,419,447
182,11,489,487,232,301,324,131,174,344,245,497
182,12,498,497,353,326,282,247,120,413,321,227
182,13,359,114,383,49,434,419,39,104,169,422
182,14,503,376,22,258,195,178,345,73,283,471
182,15,229,416,197,132,319,452,165,465,304,482
182,16,444,295,122,24,77,73,42,151,218,180
182,17,18,289,416,170,141,205,97,241,49,211
182,18,84,321,86,381,61,393,192,58,54,344
182,19,117,76,115,216,432,419,32,72,202,249
182,20,235,184,445,27,498,192,469,164,13,91
182,21,330,11,199,268,151,156,79,312,357,201
182,22,52,499,253,160,306,269,273,17,404,342
182,23,170,10,326,250,137,124,226,426,236,182
182,24,467,61,127,321,168,272,281,20,334,496
182,25,228,487,18,339,471,181,269,281,208,138
182,26,302,248,291,147,344,317,236,472,189,339
182,27,489,301,46,344,487,245,448,232,313,324
182,28,498,353,326,282,497,247,165,209,426,98
182,29,114,383,419,359,434,71,367,88,266,422
182,30,22,503,283,195,258,142,471,178,376,73
182,31,229,416,165,132,197,319,452,304,421,465
182,32,444,295,122,42,24,0,73,406,77,462
182,33,18,289,416,170,106,425,205,141,7,231
182,34,84,321,86,61,54,70,341,129,381,151
182,35,117,32,115,202,76,373,249,72,216,419
182,36,235,184,386,27,445,164,390,91,97,192
182,37,199,345,351,311,330,156,268,201,449,79
182,38,52,306,160,273,499,253,404,269,17,403
182,39,250,170,10,141,326,159,101,63,426,81
182,40,21,19,422,257,285,6,275,475,189,365
182,41,380,429,459,175,41,95,103,475,196,386
182,42,22,267,479,491,78,325,187,396,92,97
182,43,94,181,336,411,354,104,335,29,509,294
182,44,289,270,313,294,140,256,173,191,220,258
182,45,5,119,132,492,188,140,447,15,376,390
182,46,499,502,15,359,446,266,492,501,441,110
182,47,372,12,125,297,126,29,9,199,463,33
183,0,412,319,251,168,294,235,205,148,431,109
183,1,440,125,303,475,57,100,310,446,170,216
183,2,342,436,511,107,496,37,334,207,392,444
183,3,237,196,139,478,293,408,269,197,177,221
183,4,506,73,346,294,357,465,389,198,325,332
183,5,244,74,68,56,110,112,259,482,10,263
183,6,68,435,137,292,237,469,182,397,168,259
183,7,177,33,316,302,489,139,92,214,351,284
183,8,467,321,113,168,233,356,138,359,372,334
183,9,18,208,353,339,358,281,155,385,210,38
183,10,248,302,419,359,472,380,129,96,125,348
183,11,301,363,324,3,489,487,234,415,448,334
183,12,218,143,246,37,287,220,353,228,415,247
183,13,195,383,128,422,412,39,329,103,377,345
183,14,425,178,503,167,471,504,101,188,90,73
183,15,416,340,122,197,319,229,170,347,160,452
183,16,444,406,295,462,122,79,262,202,456,54
183,17,289,297,170,466,72,431,221,18,324,196
183,18,282,497,503,127,385,483,505,510,388,386
183,19,63,210,117,212,101,376,249,26,72,115
183,20,184,464,239,507,335,366,43,215,423,235
183,21,456,242,337,287,464,91,474,18,171,107
183,22,283,281,77,181,401,43,78,122,86,264
183,23,146,170,390,95,137,163,74,236,10,326
183,24,138,467,356,233,503,205,321,168,304,48
183,25,208,228,210,487,18,152,385,443,155,339
183,26,248,302,424,472,129,147,419,364,422,125
183,27,489,487,234,363,301,3,324,339,46,415
183,28,246,218,143,217,220,415,37,228,160,410
183,29,412,329,72,128,195,345,383,434,220,343
183,30,383,33,22,471,283,503,178,376,425,6
183,31,229,197,416,132,165,340,160,452,319,421
183,32,444,295,122,77,24,42,73,151,180,406
183,33,289,72,416,18,466,297,170,17,488,70
183,34,386,282,503,127,497,385,388,510,483,86
183,35,63,117,249,419,32,289,26,115,76,210
183,36,184,464,215,239,172,335,43,199,167,507
183,37,337,287,456,464,242,18,466,384,91,474
183,38,77,283,43,281,401,78,181,86,122,264
183,39,170,146,141,326,390,432,10,101,159,74
183,40,422,244,21,19,257,285,275,166,203,272
183,41,94,180,429,67,484,434,95,435,103,152
183,42,428,472,303,119,476,322,123,287,473,396
183,43,509,335,411,104,354,377,336,94,217,400
183,44,289,4,158,43,51,258,189,140,333,499
183,45,140,406,332,5,365,375,492,359,282,48
183,46,77,15,469,239,141,147,351,425,69,501
183,47,142,11,280,222,9,1,185,329,102,407
184,0,209,321,132,36,44,312,164,342,346,186
184,1,128,303,174,225,157,9,123,209,85,272
184,2,471,286,359,303,361,321,405,87,335,334
184,3,478,221,495,279,489,102,135,156,252,308
184,4,161,371,292,354,53,310,361,476,85,132
184,5,255,509,244,11,146,107,259,82,24,272
184,6,22,179,161,359,235,78,52,224,469,274
184,7,220,174,283,439,172,95,343,248,14,365
184,8,467,337,116,470,497,168,334,321,243,136
184,9,281,208,18,6,353,434,339,95,181,358
184,10,349,302,472,176,359,248,115,497,173,419
184,11,301,491,448,335,489,487,472,25,232,337
184,12,231,247,14,317,415,470,278,227,460,38
184,13,109,62,155,42,270,383,348,31,88,39
184,14,403,22,503,455,178,425,471,376,63,39
184,15,229,416,165,340,197,319,132,17,122,452
184,16,444,122,295,462,24,180,218,73,77,406
184,17,289,18,204,170,416,86,205,221,97,316
184,18,340,86,481,265,450,198,43,95,90,129
184,19,424,104,115,117,32,202,419,240,432,72
184,20,184,430,172,386,239,390,13,143,367,0
184,21,216,183,148,236,466,111,151,488,270,424
184,22,446,416,403,48,16,433,428,334,297,328
184,23,170,326,101,141,426,159,10,75,236,479
184,24,467,281,334,337,497,374,321,116,424,48
184,25,228,487,471,138,412,339,181,281,388,18
184,26,115,400,349,302,497,344,173,413,176,339
184,27,489,150,301,491,125,96,283,487,46,232
184,28,231,247,353,278,460,470,168,227,434,322
184,29,109,62,47,114,328,26,486,88,434,39
184,30,303,503,195,283,126,39,22,403,184,471
184,31,416,132,229,319,452,465,165,197,492,482
184,32,444,295,122,0,73,77,24,42,406,279
184,33,204,205,18,289,416,86,106,34,231,41
184,34,86,340,43,198,140,265,95,90,61,481
184,35,424,488,32,104,202,117,115,364,110,335
184,36,430,184,172,386,390,194,322,200,239,294
184,37,183,216,270,148,236,111,201,327,22,378
184,38,446,416,403,48,16,334,428,297,28,433
184,39,326,432,170,101,141,159,304,180,67,479
184,40,21,257,422,19,285,166,105,475,189,83
184,41,332,103,468,429,215,362,386,40,448,175
184,42,40,216,435,200,387,299,443,92,172,396
184,43,354,127,335,104,509,340,411,216,494,408
184,44,289,468,42,333,258,133,312,140,225,466
184,45,33,376,11,200,140,453,390,307,492,250
184,46,457,218,425,434,15,332,69,441,276,407
184,47,18,407,24,39,175,234,471,8,9,469
185,0,63,14,12,242,461,277,149,434,428,246
185,1,268,482,415,303,195,273,504,134,99,445
185,2,347,432,161,443,66,332,407,164,85,83
185,3,478,221,308,102,440,476,343,122,156,415
185,4,132,489,354,16,53,10,239,217,429,112
185,5,88,203,77,24,367,311,479,360,2,13
185,6,469,481,362,135,377,419,385,154,228,100
185,7,320,124,21,332,223,365,360,24,343,38
185,8,467,334,281,321,168,480,424,64,83,347
185,9,281,451,339,138,38,358,455,247,428,228
185,10,115,339,302,359,364,79,472,216,118,375
185,11,489,125,232,301,96,487,324,313,303,448
185,12,353,322,460,359,415,247,69,374,74,443
185,13,324,109,446,270,88,188,49,47,87,39
185,14,503,195,471,178,60,218,343,167,73,391
185,15,416,132,229,452,465,319,482,421,407,17
185,16,444,122,295,0,77,73,24,462,42,410
185,17,192,205,289,18,204,416,41,164,227,141
185,18,86,66,165,363,95,73,278,129,90,192
185,19,60,117,115,240,318,432,216,482,32,249
185,20,184,172,367,386,89,239,235,83,390,199
185,21,320,216,156,466,236,488,165,282,270,299
185,22,403,326,415,369,102,0,269,305,92,430
185,23,326,170,10,457,101,159,268,62,479,236
185,24,467,281,334,347,321,330,480,374,58,220
185,25,451,138,281,339,487,18,228,455,412,181
185,26,115,400,339,302,344,236,311,375,364,289
185,27,489,150,96,301,125,469,46,487,468,232
185,28,353,322,460,26,415,357,69,442,281,247
185,29,47,324,114,182,141,446,171,88,328,270
185,30,503,142,22,195,471,147,218,178,376,60
185,31,416,132,165,197,229,319,465,452,482,17
185,32,444,77,122,152,295,24,151,42,403,218
185,33,192,18,416,289,205,312,164,241,34,170
185,34,66,363,86,95,165,38,393,129,90,73
185,35,60,117,249,419,115,168,76,332,365,202
185,36,184,235,464,192,215,199,335,164,257,41
185,37,384,320,337,466,287,91,156,151,79,351
185,38,403,326,463,415,339,369,72,102,92,181
185,39,170,326,141,74,10,220,432,159,426,146
185,40,285,422,19,257,166,365,21,504,385,215
185,41,94,429,95,386,468,368,180,71,67,459
185,42,190,473,303,119,396,79,472,92,443,452
185,43,411,509,104,354,335,336,498,29,94,428
185,44,289,140,4,258,43,270,466,176,225,418
185,45,282,492,140,433,149,375,262,311,385,447
185,46,41,15,425,504,69,281,475,441,266,332
185,47,203,471,155,297,458,242,442,223,107,417
186,0,274,4,228,180,294,126,162,356,156,279
186,1,172,268,451,0,33,24,394,362,368,315
186,2,508,161,377,332,347,346,107,262,411,184
186,3,221,478,426,197,282,108,102,407,308,139
186,4,370,223,212,114,130,354,5,292,317,367
186,5,244,257,93,11,88,374,80,442,5,259
186,6,154,310,481,377,493,419,362,22,100,469
186,7,332,320,220,357,439,223,365,94,95,181
186,8,467,281,334,321,168,448,64,487,243,374
186,9,358,281,228,244,353,455,38,18,6,339
186,10,115,349,302,497,216,173,359,176,339,419
186,11,489,301,232,487,96,497,245,125,448,324
186,12,247,353,510,460,363,415,322,227,218,143
186,13,270,47,205,328,39,383,104,324,88,188
186,14,22,503,471,376,63,195,178,425,147,33
186,15,229,416,165,132,197,452,465,17,319,304
186,16,122,444,295,77,24,151,42,73,218,180
186,17,289,18,192,416,106,261,34,205,241,170
186,18,66,363,95,86,38,386,96,450,324,393
186,19,60,117,419,115,76,318,332,240,249,216
186,20,184,335,239,199,235,172,41,423,164,192
186,21,384,287,320,91,151,337,156,466,330,92
186,22,339,181,472,343,328,401,463,435,59,403
186,23,170,326,10,182,53,426,386,124,74,141
186,24,467,330,487,448,497,480,334,281,402,20
186,25,487,18,339,471,256,228,181,312,385,281
186,26,302,400,339,497,151,344,248,472,222,115
186,27,489,46,487,339,468,150,480,301,287,174
186,28,510,363,247,143,460,227,47,353,415,58
186,29,47,114,205,328,427,104,348,270,486,383
186,30,22,376,503,471,33,279,147,6,449,178
186,31,229,165,197,319,482,132,421,416,465,17
186,32,444,122,77,24,151,218,180,410,372,469
186,33,18,416,101,289,34,76,241,170,466,192
186,34,393,96,38,95,66,61,363,386,125,412
186,35,117,419,60,76,115,168,249,262,202,216
186,36,184,164,199,257,192,215,322,41,235,464
186,37,384,287,156,151,337,79,466,320,330,83
186,38,339,472,328,343,181,401,463,403,281,77
186,39,326,170,141,432,220,10,67,74,479,159
186,40,422,285,19,385,166,475,334,365,355,257
186,41,386,95,93,71,459,246,368,99,330,94
186,42,396,92,299,303,119,473,369,428,373,190
186,43,411,303,354,509,104,498,335,242,408,336
186,44,258,466,140,4,465,289,145,364,434,65
186,45,492,154,125,211,360,311,250,390,447,11
186,46,425,15,441,475,276,17,122,332,218,407
186,47,446,9,185,458,39,80,93,102,469,152
187,0,71,32,130,160,278,44,279,437,336,221
187,1,172,427,303,438,376,68,24,94,225,71
187,2,380,184,250,377,201,332,131,508,453,344
187,3,478,357,354,221,272,135,156,59,166,128
187,4,440,196,245,499,370,354,476,243,322,367
187,5,180,456,244,96,88,281,11,259,479,258
187,6,6,469,189,310,452,154,362,151,493,258
187,7,268,327,220,67,24,320,289,249,439,105
187,8,467,487,301,211,168,340,64,321,123,434
187,9,228,455,281,487,339,244,18,181,358,188
187,10,302,472,444,364,344,372,359,339,163,312
187,11,489,487,232,448,245,301,46,497,174,136
187,12,406,247,248,409,510,47,415,493,353,193
187,13,104,359,47,270,434,486,39,383,88,114
187,14,503,22,376,235,195,228,279,4,343,471
187,15,229,132,465,165,319,416,197,421,452,482
187,16,122,444,295,24,77,151,218,410,150,314
187,17,18,416,241,289,76,34,170,242,363,395
187,18,196,464,86,96,434,393,95,61,386,192
187,19,117,76,419,216,115,323,391,202,168,427
187,20,184,164,451,497,199,129,257,322,420,166
187,21,43,330,156,3,151,104,83,476,79,335
187,22,461,471,426,112,177,276,403,150,507,243
187,23,326,170,10,67,141,182,14,432,455,479
187,24,467,3,362,480,301,321,487,418,497,404
187,25,281,339,487,18,181,385,455,509,305,306
187,26,472,302,344,151,444,163,133,359,419,248
187,27,489,487,46,448,245,339,313,261,301,125
187,28,248,406,409,47,125,247,353,510,276,58
187,29,104,47,486,114,243,434,383,359,88,233
187,30,503,22,376,471,178,343,167,58,279,228
187,31,229,421,165,482,319,197,443,465,492,17
187,32,444,24,122,410,314,77,151,218,295,150
187,33,18,416,101,76,289,241,170,44,444,9
187,34,196,464,434,61,393,96,337,137,502,214
187,35,117,216,202,419,485,1,115,168,118,262
187,36,184,164,322,199,451,497,129,257,166,192
187,37,3,43,104,156,79,151,279,330,98,83
187,38,461,471,112,426,403,276,507,177,150,422
187,39,326,432,170,141,220,67,10,479,14,159
187,40,422,385,285,425,19,166,83,475,334,274
187,41,283,501,386,71,99,459,93,215,95,246
187,42,92,56,426,299,396,55,225,186,59,327
187,43,303,391,156,354,411,408,216,242,157,243
187,44,258,466,79,140,465,145,289,33,364,133
187,45,492,154,125,11,214,211,176,250,360,307
187,46,425,15,441,196,475,276,122,332,17,407
187,47,8,88,185,9,188,93,102,226,89,469
188,0,289,293,369,338,352,138,471,147,386,327
188,1,99,47,243,465,454,183,303,16,384,332
188,2,348,478,175,407,148,343,201,206,355,400
188,3,478,122,440,102,59,308,501,166,47,358
188,4,217,98,53,133,42,354,170,160,112,239
188,5,479,367,203,489,360,77,141,249,166,338
188,6,469,443,393,178,135,406,26,258,121,463
188,7,24,55,31,494,146,420,67,269,343,214
188,8,467,321,301,480,362,505,418,472,176,122
188,9,281,487,428,455,18,181,339,509,253,247
188,10,302,472,163,133,339,344,251,364,266,124
188,11,489,487,313,448,303,182,245,324,31,276
188,12,121,44,425,69,282,456,85,281,111,7
188,13,434,383,88,104,49,171,275,377,161,475
188,14,503,235,22,376,311,343,420,228,178,471
188,15,465,482,319,421,229,443,452,492,407,176
188,16,444,24,151,122,77,314,150,494,29,410
188,17,18,416,289,241,76,444,316,170,424,9
188,18,230,393,487,27,25,508,235,196,192,281
188,19,117,216,419,168,323,115,485,76,427,72
188,20,164,184,190,199,322,129,235,192,450,166
188,21,156,279,412,330,296,458,281,335,151,79
188,22,389,290,20,302,348,369,201,230,469,396
188,23,326,10,479,170,67,288,141,386,432,236
188,24,467,321,505,362,418,301,480,472,401,176
188,25,487,281,455,18,181,428,339,385,110,306
188,26,302,472,133,444,163,339,236,266,419,151
188,27,489,487,448,245,182,313,386,31,324,229
188,28,121,425,44,456,69,331,7,282,281,111
188,29,104,114,434,383,77,171,177,88,49,47
188,30,503,22,376,235,178,311,142,471,228,420
188,31,482,465,229,421,197,165,319,443,304,17
188,32,444,24,77,494,29,151,122,410,488,372
188,33,18,289,416,76,241,349,170,66,290,453
188,34,393,260,117,428,95,487,508,129,61,25
188,35,117,419,115,76,168,216,323,249,391,202
188,36,192,184,164,190,129,199,235,257,41,322
188,37,79,281,67,496,164,88,156,412,136,151
188,38,389,20,290,463,469,369,302,65,201,348
188,39,326,74,170,141,479,10,386,67,220,117
188,40,285,422,274,19,504,166,385,365,28,189
188,41,95,160,459,218,220,32,386,352,41,196
188,42,473,20,92,355,410,232,197,342,419,16
188,43,336,104,354,178,119,123,233,29,242,411
188,44,446,303,499,258,176,134,464,182,223,120
188,45,5,390,140,492,111,15,154,447,84,2
188,46,441,15,169,181,276,161,332,166,425,211
188,47,149,379,297,12,202,492,326,392,102,9
189,0,378,463,337,21,138,384,486,295,158,336
189,1,378,18,294,265,102,370,332,148,170,315
189,2,63,30,106,184,38,81,201,367,143,404
189,3,478,86,23,212,1,102,451,308,221,135
189,4,393,54,63,354,437,130,29,311,476,261
189,5,278,290,244,379,493,160,430,271,29,249
189,6,469,5,318,443,145,250,406,278,498,178
189,7,20,374,24,146,420,208,72,453,48,1
189,8,467,487,448,321,211,340,472,129,123,168
189,9,455,391,487,46,339,228,244,18,281,181
189,10,302,444,339,472,364,442,378,369,147,344
189,11,489,487,150,301,232,419,448,387,122,497
189,12,98,154,247,502,227,313,395,353,415,47
189,13,104,47,77,39,114,270,378,434,359,88
189,14,503,195,471,63,235,170,22,147,376,449
189,15,465,482,229,416,421,165,319,452,197,132
189,16,444,122,77,295,151,24,494,155,73,361
189,17,18,289,34,261,416,241,7,508,49,170
189,18,393,95,152,92,86,93,192,428,260,129
189,19,117,419,327,332,115,216,318,323,76,168
189,20,184,192,199,177,164,235,420,498,10,166
189,21,79,67,167,156,164,151,88,412,330,272
189,22,35,224,121,320,23,469,126,463,16,321
189,23,326,170,479,386,10,426,53,288,453,74
189,24,467,487,275,330,211,453,157,480,402,448
189,25,487,391,18,339,455,181,471,256,228,312
189,26,400,302,151,344,339,472,105,444,419,248
189,27,489,46,487,150,339,174,73,468,480,469
189,28,154,395,98,502,47,227,58,282,247,415
189,29,114,47,104,77,486,328,427,434,383,378
189,30,376,22,503,158,471,4,334,147,228,279
189,31,229,465,482,165,421,197,319,304,132,17
189,32,444,24,77,494,151,122,218,138,200,372
189,33,18,416,76,34,289,140,170,106,290,241
189,34,393,92,95,152,93,61,199,137,139,89
189,35,419,117,337,327,76,262,381,106,216,168
189,36,192,199,184,129,164,257,98,180,177,41
189,37,79,167,156,164,192,78,67,138,351,151
189,38,35,126,320,121,16,224,463,23,321,469
189,39,326,479,170,432,67,220,141,226,74,10
189,40,285,355,422,19,385,274,217,166,365,21
189,41,160,95,220,459,386,468,32,71,131,352
189,42,92,62,130,382,75,327,260,355,419,299
189,43,104,29,303,221,243,137,354,400,411,435
189,44,258,293,176,346,182,140,99,303,464,117
189,45,447,390,154,176,492,140,294,89,26,33
189,46,441,276,15,3,332,431,166,218,122,492
189,47,234,292,9,102,93,2,131,166,8,269
190,0,46,160,258,505,295,330,407,375,306,452
190,1,71,370,113,378,280,75,107,455,148,417
190,2,10,153,101,63,106,350,419,326,184,253
190,3,478,212,23,510,102,59,254,166,91,474
190,4,495,499,417,130,237,322,354,476,261,304
190,5,379,278,373,258,493,367,29,249,271,76
190,6,198,403,476,469,318,189,443,220,463,278
190,7,231,24,75,146,473,221,170,453,67,420
190,8,467,362,129,275,240,340,453,472,166,157
190,9,487,391,455,18,339,181,355,220,281,110
190,10,302,442,364,90,344,378,419,25,151,472
190,11,487,174,489,46,480,276,73,497,448,472
190,12,463,351,395,502,227,47,415,98,124,55
190,13,104,47,114,77,486,359,434,49,383,377
190,14,376,503,22,471,170,322,63,351,289,58
190,15,465,229,482,421,197,319,165,452,407,155
190,16,444,122,24,77,151,494,218,200,150,202
190,17,18,289,416,34,424,241,444,76,384,315
190,18,393,95,92,213,192,434,122,61,139,491
190,19,117,419,337,483,216,335,262,381,115,76
190,20,192,199,180,98,184,420,166,235,13,164
190,21,79,271,154,156,151,208,138,67,192,272
190,22,479,374,16,48,126,276,507,150,192,177
190,23,326,479,10,170,67,426,53,432,386,236
190,24,467,157,307,453,362,401,480,275,236,321
190,25,487,181,281,18,339,110,455,83,53,306
190,26,302,222,151,25,268,339,351,344,284,472
190,27,487,489,46,174,480,261,73,472,351,493
190,28,463,282,395,351,502,124,227,47,415,58
190,29,114,486,47,434,77,479,104,253,383,49
190,30,376,503,22,4,471,58,209,170,2,322
190,31,421,482,465,229,319,197,165,443,407,214
190,32,24,444,494,150,200,488,151,372,138,77
190,33,18,289,76,416,333,179,13,444,97,170
190,34,393,213,434,92,95,61,137,358,89,27
190,35,337,117,419,483,327,115,262,76,216,168
190,36,192,199,184,180,129,257,164,41,98,322
190,37,79,271,154,156,208,192,138,495,151,336
190,38,374,48,479,126,507,150,16,276,192,177
190,39,326,170,479,67,226,220,432,141,410,53
190,40,355,285,422,385,19,274,389,217,350,31
190,41,95,160,264,220,459,386,444,71,468,99
190,42,403,92,379,163,327,75,55,113,299,268
190,43,104,29,137,303,106,221,243,400,411,354
190,44,247,258,346,176,479,465,140,182,117,464
190,45,447,390,508,114,492,154,176,294,250,307
190,46,15,441,464,276,431,3,166,332,381,265
190,47,88,8,226,166,269,9,131,93,102,89
191,0,119,507,360,367,340,339,258,479,30,501
191,1,405,16,401,99,473,141,311,179,267,488
191,2,407,410,153,155,124,133,70,18,178,42
191,3,478,102,440,122,254,59,166,201,308,406
191,4,160,16,244,217,454,136,358,98,234,321
191,5,367,338,360,52,8,249,86,470,269,227
191,6,278,463,469,49,476,348,315,314,403,358
191,7,353,395,198,252,146,214,67,367,24,412
191,8,467,452,157,453,480,297,236,307,166,261
191,9,487,281,18,455,339,181,254,344,305,257
191,10,302,25,419,100,249,222,96,472,344,339
191,11,487,489,270,46,174,472,350,245,401,493
191,12,282,214,489,229,368,66,150,415,67,73
191,13,508,377,414,334,154,364,253,302,501,265
191,14,471,503,485,22,58,162,376,254,101,170
191,15,197,122,319,340,416,184,229,69,165,421
191,16,444,250,297,199,229,151,325,79,456,77
191,17,170,289,348,296,221,97,297,378,416,86
191,18,419,179,412,316,393,137,468,347,215,491
191,19,311,364,76,234,117,227,434,169,6,22
191,20,119,184,41,235,64,420,243,258,108,330
191,21,79,495,272,385,156,142,297,306,151,218
191,22,355,135,454,308,390,363,202,111,183,511
191,23,170,53,124,419,172,22,10,328,476,54
191,24,501,412,20,467,93,83,321,450,11,400
191,25,18,339,208,281,385,297,135,487,148,201
191,26,248,339,153,456,252,222,208,302,419,439
191,27,245,456,86,487,472,287,138,46,181,27
191,28,80,489,415,58,368,321,298,113,0,439
191,29,160,334,342,291,265,261,378,46,159,441
191,30,471,288,22,425,261,6,65,346,254,170
191,31,197,340,229,416,319,184,170,421,482,492
191,32,444,151,77,357,229,406,93,29,202,164
191,33,289,416,444,299,294,170,481,221,86,20
191,34,419,393,61,412,222,461,129,278,213,27
191,35,117,337,419,115,483,363,121,426,161,216
191,36,192,199,296,117,235,184,243,166,180,185
191,37,79,153,154,409,156,306,271,495,385,48
191,38,355,511,111,308,135,390,306,454,396,202
191,39,326,170,479,220,67,10,226,432,476,293
191,40,285,391,355,385,422,19,350,274,334,504
191,41,480,95,160,459,131,196,386,71,152,316
191,42,391,403,237,92,327,341,59,75,299,49
191,43,104,411,29,303,400,243,256,106,270,221
191,44,45,176,258,390,346,303,182,465,140,407
191,45,492,447,390,176,185,154,66,114,307,368
191,46,123,15,334,441,115,505,276,85,166,332
191,47,481,448,205,184,354,178,155,307,9,225
192,0,10,479,501,507,175,30,350,167,358,253
192,1,16,405,499,237,160,473,403,39,99,244
192,2,133,341,153,410,252,292,407,36,31,70
192,3,102,478,254,406,440,308,122,274,166,248
192,4,445,16,44,217,186,358,354,381,10,136
192,5,367,119,52,161,470,61,283,505,360,338
192,6,278,469,476,348,358,459,354,82,463,506
192,7,353,214,198,146,71,67,457,206,503,24
192,8,467,480,236,192,166,168,157,358,17,314
192,9,487,339,18,455,312,281,181,399,257,15
192,10,339,302,87,151,351,223,344,472,364,419
192,11,46,487,489,174,448,245,469,27,480,348
192,12,282,214,209,266,321,44,419,404,60,124
192,13,114,47,383,377,49,276,104,482,419,237
192,14,376,22,503,58,425,279,178,440,429,322
192,15,197,165,229,465,132,421,482,319,416,304
192,16,444,122,151,24,218,180,77,357,138,200
192,17,18,416,289,241,76,34,242,170,333,307
192,18,461,393,412,500,229,61,34,213,192,384
192,19,337,117,419,483,76,115,272,430,216,281
192,20,243,192,180,235,184,117,251,41,166,257
192,21,79,409,151,156,495,271,154,351,336,167
192,22,316,193,111,384,507,306,342,374,396,222
192,23,170,426,10,479,220,326,319,254,182,476
192,24,467,480,339,192,307,168,157,504,236,20
192,25,487,339,18,312,181,41,21,257,399,455
192,26,236,339,87,151,223,302,351,248,344,25
192,27,46,489,487,174,245,469,503,448,27,480
192,28,209,282,214,419,60,44,242,266,269,321
192,29,114,47,419,383,486,167,49,377,292,467
192,30,376,22,503,471,279,142,5,178,449,170
192,31,229,165,197,482,465,421,319,132,304,17
192,32,444,24,218,494,122,138,469,151,180,77
192,33,18,416,333,76,289,241,170,444,34,13
192,34,393,461,500,229,34,61,213,412,437,384
192,35,419,117,337,483,381,216,106,262,364,234
192,36,192,199,184,180,235,129,164,257,98,251
192,37,79,409,154,156,336,271,138,351,151,495
192,38,316,111,193,384,507,396,374,115,306,177
192,39,326,170,220,432,479,67,226,141,10,319
192,40,355,385,285,19,422,217,365,289,21,469
192,41,160,95,459,386,264,252,71,196,131,99
192,42,92,237,403,327,75,436,59,299,163,396
192,43,29,221,303,411,243,400,104,354,376,215
192,44,258,182,47,140,479,465,176,117,260,466
192,45,176,435,114,154,492,390,447,68,24,263
192,46,15,3,122,166,441,332,276,381,318,459
192,47,8,226,102,93,89,9,203,88,454,461
193,0,274,4,180,126,162,294,200,156,228,279
193,1,394,108,451,475,368,405,311,0,391,216
193,2,112,236,346,391,201,342,153,277,326,81
193,3,402,102,108,478,282,29,135,328,429,47
193,4,130,223,5,212,114,34,404,354,120,189
193,5,374,93,312,247,153,475,367,15,80,27
193,6,176,476,278,469,140,463,348,24,354,180
193,7,353,155,167,146,198,94,123,67,362,214
193,8,442,307,467,236,358,192,383,47,279,17
193,9,487,339,18,53,135,257,106,455,312,181
193,10,288,302,87,165,339,184,37,364,248,419
193,11,46,487,174,489,136,243,245,228,19,292
193,12,506,432,78,363,135,415,87,227,47,282
193,13,114,47,486,482,157,383,276,479,104,405
193,14,376,22,351,58,503,65,448,371,406,158
193,15,229,197,465,165,421,482,319,132,301,17
193,16,444,24,122,77,151,494,218,200,202,363
193,17,18,289,416,241,34,424,384,60,167,363
193,18,393,336,435,103,213,192,95,412,164,178
193,19,337,117,327,483,419,407,262,398,115,76
193,20,180,192,199,166,235,184,41,257,357,368
193,21,79,48,208,156,151,495,154,21,271,138
193,22,343,126,472,40,387,507,509,56,374,465
193,23,170,453,426,326,10,479,53,386,220,476
193,24,442,467,445,339,177,453,383,192,157,111
193,25,487,339,181,46,18,53,312,455,411,110
193,26,288,87,302,184,222,339,151,344,268,284
193,27,46,487,489,339,174,351,245,261,149,361
193,28,506,432,78,363,47,135,289,282,124,206
193,29,114,47,486,276,339,482,303,157,383,434
193,30,376,22,503,448,4,279,65,58,170,6
193,31,465,229,421,482,165,197,319,132,304,407
193,32,444,494,24,77,151,200,29,218,122,372
193,33,18,416,289,76,241,170,34,179,333,13
193,34,336,393,435,164,103,137,61,178,412,249
193,35,337,117,419,407,262,327,76,168,115,503
193,36,192,199,184,41,257,343,164,129,180,235
193,37,48,79,21,208,151,336,156,495,454,414
193,38,343,40,387,472,126,509,56,465,292,42
193,39,326,170,220,453,479,10,432,53,226,67
193,40,355,285,422,385,19,274,43,85,217,504
193,41,160,95,220,459,386,71,99,444,152,215
193,42,92,163,327,91,379,268,403,75,85,373
193,43,29,104,411,400,303,243,137,106,221,280
193,44,258,346,140,182,479,176,122,465,99,117
193,45,447,154,176,492,390,26,294,11,68,24
193,46,15,441,3,166,431,464,276,332,381,122
193,47,8,226,102,166,269,9,93,487,131,278
194,0,68,173,492,304,19,334,327,474,386,272
194,1,499,99,160,68,487,456,405,115,403,113
194,2,427,206,348,36,153,382,178,133,140,292
194,3,102,478,406,254,440,336,244,419,308,359
194,4,136,244,16,93,48,217,467,229,42,454
194,5,367,295,52,61,402,86,200,141,161,338
194,6,469,278,262,463,348,218,177,476,459,370
194,7,214,353,198,146,71,190,467,67,156,149
194,8,467,480,339,157,501,192,321,236,20,504
194,9,487,312,339,455,8,18,91,281,181,110
194,10,351,326,87,302,339,268,124,412,187,90
194,11,487,46,489,174,245,373,276,480,136,228
194,12,282,214,209,124,44,425,242,321,413,388
194,13,114,377,419,383,276,434,49,150,502,289
194,14,376,22,503,322,457,5,58,4,280,471
194,15,229,165,197,319,132,482,421,465,416,304
194,16,444,24,122,151,77,218,200,180,494,374
194,17,18,416,289,333,241,326,167,179,23,444
194,18,393,461,34,27,500,281,229,412,192,61
194,19,337,419,117,82,483,76,381,262,458,316
194,20,192,199,235,184,115,180,298,41,187,257
194,21,79,409,336,156,253,138,495,154,151,48
194,22,111,384,202,316,183,193,14,356,396,144
194,23,479,170,426,302,326,10,220,319,67,279
194,24,467,157,339,453,480,472,20,192,401,504
194,25,487,312,181,110,339,91,18,455,257,281
194,26,351,87,236,364,151,222,302,25,223,326
194,27,46,487,174,489,245,373,351,27,276,290
194,28,214,209,282,124,404,266,242,419,44,60
194,29,419,114,47,383,167,104,425,49,465,377
194,30,376,22,503,457,471,4,322,5,6,280
194,31,229,421,482,165,197,319,465,132,414,407
194,32,24,444,494,138,200,218,122,188,150,372
194,33,333,18,416,13,20,290,179,289,444,146
194,34,393,34,461,500,229,437,403,27,486,283
194,35,419,117,234,106,337,381,364,82,335,483
194,36,199,192,184,235,129,164,180,163,322,298
194,37,79,409,336,154,156,138,253,495,351,330
194,38,396,111,202,316,384,193,14,356,389,507
194,39,326,432,479,67,170,220,226,169,141,342
194,40,385,355,19,21,422,83,289,285,217,365
194,41,196,95,71,160,289,386,131,459,252,99
194,42,92,237,59,327,75,403,49,490,299,396
194,43,29,303,221,376,243,216,354,400,157,104
194,44,258,182,303,140,47,27,464,407,466,197
194,45,176,492,154,435,7,68,24,114,323,263
194,46,15,122,3,441,166,425,276,475,332,130
194,47,8,226,9,102,93,89,454,461,368,155
195,0,139,434,418,68,184,106,479,197,75,91
195,1,99,135,499,2,441,210,45,342,367,445
195,2,175,407,348,478,366,155,124,355,410,70
195,3,478,102,440,254,406,122,358,308,59,471
195,4,217,112,133,48,160,244,407,93,16,136
195,5,338,367,203,489,166,479,86,8,77,360
195,6,463,24,469,109,348,278,226,314,443,107
195,7,24,198,146,460,393,55,233,67,214,457
195,8,467,321,157,480,362,217,299,15,168,401
195,9,487,281,110,181,455,356,18,305,312,201
195,10,302,487,351,25,472,339,268,90,266,344
195,11,487,489,46,174,276,480,469,229,182,245
195,12,282,214,281,425,69,124,27,44,388,368
195,13,434,167,419,49,321,377,114,237,383,446
195,14,376,503,142,22,471,4,170,5,322,457
195,15,319,421,482,465,229,197,407,165,443,452
195,16,444,24,122,151,150,494,314,77,200,218
195,17,18,333,289,416,444,76,461,309,241,270
195,18,393,278,27,165,402,229,192,416,89,474
195,19,419,117,216,316,115,262,168,252,272,128
195,20,235,315,199,192,164,184,436,498,213,298
195,21,79,206,311,400,442,156,138,370,272,154
195,22,123,183,302,202,273,159,269,500,102,505
195,23,326,479,67,10,170,432,455,426,108,169
195,24,467,217,157,453,480,321,362,401,472,299
195,25,487,281,18,356,181,455,385,110,305,312
195,26,302,487,236,25,339,268,151,351,472,364
195,27,487,489,174,46,3,276,229,245,480,469
195,28,282,214,425,69,281,453,124,44,415,58
195,29,420,47,419,114,465,167,383,237,434,104
195,30,376,142,503,22,504,218,58,471,4,432
195,31,482,465,197,421,229,165,319,492,304,29
195,32,444,494,24,29,77,488,122,151,410,218
195,33,18,289,270,416,76,425,170,371,302,17
195,34,278,393,416,156,321,505,129,54,165,95
195,35,127,117,419,115,376,168,249,16,391,76
195,36,464,235,184,315,164,129,199,192,436,257
195,37,311,330,79,400,337,156,206,351,442,465
195,38,273,302,468,369,396,415,500,389,269,159
195,39,74,170,326,141,10,96,386,479,63,67
195,40,285,422,274,19,504,6,391,365,385,355
195,41,95,459,484,326,386,94,67,160,220,380
195,42,479,22,237,67,97,92,245,307,45,187
195,43,336,104,354,294,378,123,411,233,395,29
195,44,270,499,489,176,140,303,196,173,464,95
195,45,492,5,140,390,503,15,154,176,447,126
195,46,15,276,441,446,166,41,332,57,492,3
195,47,297,125,9,199,102,463,29,149,93,203
196,0,200,274,4,180,126,294,162,279,156,275
196,1,108,451,368,394,475,0,449,391,216,356
196,2,236,346,342,391,112,107,232,268,392,237
196,3,108,478,402,29,282,102,139,58,50,330
196,4,223,130,114,5,73,212,354,332,506,34
196,5,374,80,47,244,93,259,312,112,196,27
196,6,463,403,469,292,435,176,24,68,397,195
196,7,65,167,166,496,94,177,316,214,155,24
196,8,467,321,233,168,126,138,205,356,192,157
196,9,487,281,18,455,339,155,228,181,6,244
196,10,302,472,129,419,364,339,147,344,359,407
196,11,487,489,363,46,448,3,415,140,301,12
196,12,218,410,363,87,143,432,415,247,353,284
196,13,47,104,195,383,39,88,434,49,377,220
196,14,503,195,147,376,178,343,63,471,22,504
196,15,416,465,319,482,197,452,229,165,492,421
196,16,444,122,295,24,77,151,42,357,73,406
196,17,289,18,17,34,416,73,375,343,270,106
196,18,103,393,178,388,497,282,385,95,505,85
196,19,127,117,101,376,16,419,115,262,318,249
196,20,315,464,235,184,436,297,239,498,41,383
196,21,107,456,454,156,337,178,151,163,330,175
196,22,343,465,472,74,292,23,281,381,469,119
196,23,170,74,386,326,10,479,141,288,53,426
196,24,467,126,138,233,357,322,356,321,41,205
196,25,487,18,155,339,455,181,312,135,281,228
196,26,302,400,472,129,265,339,151,344,364,289
196,27,489,46,3,487,150,363,245,448,468,339
196,28,410,143,218,363,87,432,220,289,228,58
196,29,47,114,220,383,303,195,434,72,157,348
196,30,503,22,376,178,448,33,471,228,504,279
196,31,482,465,229,197,421,165,319,492,304,443
196,32,444,24,29,151,77,357,494,122,410,488
196,33,416,289,18,170,76,241,466,462,444,17
196,34,178,103,393,388,497,385,282,61,129,249
196,35,117,419,168,76,115,216,323,249,72,262
196,36,184,235,164,192,257,41,199,129,450,322
196,37,454,456,107,330,178,156,151,163,337,175
196,38,343,472,465,292,74,23,281,381,469,122
196,39,326,74,170,141,479,220,10,386,67,288
196,40,285,422,274,504,19,365,166,385,355,171
196,41,95,220,459,326,484,32,160,93,386,51
196,42,85,194,130,355,92,419,91,382,197,327
196,43,104,411,354,294,233,435,123,336,395,178
196,44,176,293,489,464,499,95,140,99,196,43
196,45,140,390,26,167,492,447,89,503,15,154
196,46,15,276,332,71,492,446,441,57,166,392
196,47,65,487,149,152,281,166,492,102,9,93
197,0,98,270,62,401,9,176,425,175,272,501
197,1,302,115,62,80,293,5,238,34,303,307
197,2,292,294,341,470,439,360,315,252,316,311
197,3,478,102,254,440,406,122,59,336,359,308
197,4,339,445,267,67,53,217,96,288,354,386
197,5,367,131,119,143,415,136,200,470,77,249
197,6,469,129,207,495,42,406,83,46,279,264
197,7,67,214,429,146,24,282,128,427,14,143
197,8,467,353,127,322,472,177,321,401,480,240
197,9,487,18,281,403,455,181,312,339,110,237
197,10,1,302,3,151,472,344,137,248,124,339
197,11,489,487,325,448,245,46,148,182,287,333
197,12,303,255,282,326,120,388,44,499,316,426
197,13,155,114,383,434,303,76,99,49,257,88
197,14,107,22,503,376,228,343,322,178,471,289
197,15,229,482,165,197,319,465,421,17,304,158
197,16,444,24,410,218,29,122,151,494,363,314
197,17,416,18,289,76,241,170,242,231,258,444
197,18,61,168,341,393,230,192,249,62,93,255
197,19,117,419,216,168,115,76,281,323,427,262
197,20,164,27,184,235,192,42,140,129,257,199
197,21,330,151,156,312,292,470,502,335,449,268
197,22,17,52,349,328,306,253,434,440,499,33
197,23,170,10,326,479,67,386,141,182,426,236
197,24,467,353,127,177,472,340,322,401,404,418
197,25,487,18,403,181,281,41,312,110,300,455
197,26,1,302,151,344,3,248,472,124,236,419
197,27,489,325,148,487,245,46,448,287,333,174
197,28,255,303,282,379,44,120,326,426,299,316
197,29,114,486,25,155,303,434,383,313,88,47
197,30,22,107,376,503,455,471,228,279,6,185
197,31,229,165,197,482,319,465,421,17,443,304
197,32,444,218,24,122,410,180,469,363,202,151
197,33,416,18,76,124,170,289,263,125,216,46
197,34,61,255,168,341,417,393,230,129,343,214
197,35,117,419,216,202,168,115,62,323,485,76
197,36,184,164,199,27,257,192,129,140,322,136
197,37,156,470,292,268,502,151,111,330,201,449
197,38,17,52,349,253,440,306,434,328,16,215
197,39,326,170,10,432,141,67,220,14,159,479
197,40,19,285,422,385,274,166,83,334,365,504
197,41,386,459,95,175,330,71,197,93,99,343
197,42,216,396,92,369,299,491,362,387,78,327
197,43,354,104,303,411,408,335,157,400,94,509
197,44,258,140,466,465,171,220,289,176,145,250
197,45,447,33,390,492,154,307,11,72,176,250
197,46,15,441,475,425,276,332,218,3,122,318
197,47,446,234,93,9,39,8,102,185,131,175
198,0,32,130,278,160,71,330,279,409,437,217
198,1,471,447,427,112,71,59,239,338,317,438
198,2,250,470,483,307,101,472,380,294,344,390
198,3,478,272,102,254,135,357,354,495,59,474
198,4,440,245,196,386,354,476,319,70,304,268
198,5,273,456,258,367,96,415,249,143,197,206
198,6,6,136,166,50,469,452,258,129,46,189
198,7,429,67,269,268,214,282,258,473,128,170
198,8,467,171,386,3,401,340,362,240,480,472
198,9,487,18,281,181,335,88,339,455,305,491
198,10,302,472,398,248,344,38,90,124,476,94
198,11,489,487,460,245,448,333,339,472,182,77
198,12,484,409,463,248,47,379,380,406,247,415
198,13,486,25,383,114,113,434,122,313,88,39
198,14,503,22,376,471,107,273,342,178,30,250
198,15,229,319,482,421,465,165,197,452,443,407
198,16,444,24,122,410,150,218,314,77,151,357
198,17,18,416,289,20,444,263,125,97,170,242
198,18,464,61,434,255,21,330,293,343,122,108
198,19,117,216,202,115,430,419,46,485,195,323
198,20,184,164,199,497,451,192,129,322,166,257
198,21,156,3,104,151,208,419,330,476,272,335
198,22,426,461,112,471,276,177,150,403,507,243
198,23,326,10,67,170,14,432,141,455,479,236
198,24,467,386,362,321,171,157,418,3,404,299
198,25,181,281,487,18,339,509,305,385,53,306
198,26,302,472,344,398,25,20,133,248,419,268
198,27,489,487,460,339,448,46,182,480,303,245
198,28,484,409,248,463,47,406,329,415,58,379
198,29,434,486,114,383,113,25,313,122,88,475
198,30,503,22,376,471,107,343,4,455,178,58
198,31,421,229,443,319,482,465,165,197,452,176
198,32,444,24,410,122,314,150,488,218,77,295
198,33,18,416,76,444,335,289,20,9,231,131
198,34,61,464,434,393,21,214,330,137,230,417
198,35,117,216,202,419,485,337,115,168,364,195
198,36,184,199,129,322,451,164,497,257,192,166
198,37,156,104,3,79,208,236,151,330,335,336
198,38,426,276,461,112,150,471,507,177,403,368
198,39,326,432,170,67,10,141,220,293,14,159
198,40,19,385,285,422,425,83,274,334,166,217
198,41,386,71,459,95,501,99,283,330,197,325
198,42,56,92,426,299,396,55,379,225,163,327
198,43,391,354,157,156,303,216,408,104,400,242
198,44,258,140,145,465,466,79,33,176,171,289
198,45,447,390,492,154,307,250,452,176,360,11
198,46,15,441,425,276,196,3,475,332,122,464
198,47,8,88,93,9,226,188,102,185,166,131
199,0,119,103,367,369,459,338,68,340,370,75
199,1,16,401,499,465,237,473,160,243,99,403
199,2,133,169,155,70,124,36,42,410,407,178
199,3,440,102,478,122,406,166,254,358,308,501
199,4,217,112,53,160,133,48,244,416,16,204
199,5,367,479,489,77,249,161,360,61,338,52
199,6,348,278,300,486,469,358,314,506,393,107
199,7,24,353,198,393,324,71,146,73,206,233
199,8,467,362,157,472,404,321,122,418,480,453
199,9,120,281,339,181,18,305,174,509,110,487
199,10,302,87,472,25,344,364,222,236,251,223
199,11,46,487,489,182,460,480,333,276,469,245
199,12,282,214,209,124,44,399,404,118,368,419
199,13,114,383,434,113,482,122,3,49,419,88
199,14,22,503,8,228,471,5,463,376,289,270
199,15,443,421,482,319,229,176,465,492,164,165
199,16,444,410,24,150,314,488,357,122,347,64
199,17,18,76,416,241,444,20,333,289,9,97
199,18,393,461,61,500,34,229,39,192,437,171
199,19,117,216,337,202,419,485,118,195,323,391
199,20,199,129,322,117,164,235,243,184,257,192
199,21,156,409,458,335,104,253,301,119,393,330
199,22,316,396,193,111,384,202,507,511,356,306
199,23,326,67,10,432,170,479,14,141,319,255
199,24,467,362,157,404,321,418,432,303,122,168
199,25,181,281,120,509,18,305,339,385,174,110
199,26,302,472,87,344,236,25,251,351,419,221
199,27,460,489,487,46,182,480,303,448,229,149
199,28,282,214,209,419,69,404,399,44,124,327
199,29,114,434,383,486,113,122,419,125,482,88
199,30,503,22,471,8,376,270,343,5,142,228
199,31,443,421,319,229,176,482,465,492,164,197
199,32,410,444,24,314,64,150,347,488,122,455
199,33,18,76,416,289,333,241,252,300,9,97
199,34,61,34,500,461,393,229,214,39,437,502
199,35,117,216,419,202,485,337,118,115,391,323
199,36,129,184,322,199,164,235,257,192,117,450
199,37,156,458,409,104,335,253,336,79,301,236
199,38,396,111,316,193,511,384,507,115,390,202
199,39,326,67,432,170,141,10,220,409,479,14
199,40,285,19,422,385,83,355,317,274,425,189
199,41,459,386,131,330,113,316,95,99,196,197
199,42,299,92,56,59,237,55,75,391,426,327
199,43,303,354,157,243,216,400,104,242,408,159
199,44,258,465,303,47,466,176,145,171,117,364
199,45,385,492,307,445,435,311,185,457,263,125
199,46,475,425,441,15,276,3,429,318,337,123
199,47,433,232,360,9,458,93,37,8,226,155
200,0,103,10,459,175,376,207,98,489,501,167
200,1,499,160,16,237,473,403,465,139,367,492
200,2,133,36,433,341,481,155,410,31,169,124
200,3,478,102,122,440,501,166,254,308,451,406
200,4,217,53,160,48,112,170,133,204,416,244
200,5,367,479,77,161,489,249,61,338,283,384
200,6,278,300,486,469,258,348,390,506,354,199
200,7,24,353,71,198,393,206,324,269,146,233
200,8,467,362,321,157,418,480,404,472,453,94
200,9,281,339,181,18,487,305,120,509,95,385
200,10,302,472,344,25,249,435,100,222,133,185
200,11,487,489,303,31,182,472,313,274,494,289
200,12,489,80,415,282,72,368,449,315,86,273
200,13,434,508,161,383,88,377,475,364,343,342
200,14,503,471,318,167,4,181,101,58,492,400
200,15,319,492,443,421,482,452,176,465,407,416
200,16,444,150,314,24,122,410,279,357,64,488
200,17,444,9,18,289,20,380,297,182,479,474
200,18,419,393,40,488,90,350,64,3,449,491
200,19,216,485,117,202,426,195,364,97,119,268
200,20,184,322,327,199,282,450,323,46,490,166
200,21,156,409,458,104,253,303,119,36,371,374
200,22,316,384,193,202,155,177,396,70,422,137
200,23,326,432,67,10,14,141,409,41,298,180
200,24,467,362,321,176,243,94,359,333,83,299
200,25,281,247,509,208,181,385,339,428,305,434
200,26,472,365,511,366,302,359,133,96,222,422
200,27,229,324,489,31,313,487,448,301,394,194
200,28,489,281,302,0,80,415,353,69,73,121
200,29,161,154,435,184,434,364,508,475,441,509
200,30,503,167,471,420,58,178,4,318,268,400
200,31,319,443,492,421,482,164,229,176,407,416
200,32,444,150,314,410,24,406,357,279,122,77
200,33,444,18,289,9,416,20,50,474,316,297
200,34,61,419,500,393,214,129,502,3,34,39
200,35,216,117,485,202,426,364,419,337,195,115
200,36,129,322,184,199,164,257,235,192,450,46
200,37,156,458,104,409,335,236,79,330,253,301
200,38,316,396,193,384,111,507,177,115,348,422
200,39,326,432,67,141,170,10,479,409,14,298
200,40,385,285,19,422,83,317,189,425,274,430
200,41,386,459,330,131,113,71,99,316,95,246
200,42,56,92,299,59,75,237,55,426,396,225
200,43,157,303,354,216,243,408,391,400,242,159
200,44,258,466,47,465,145,303,176,117,133,197
200,45,435,492,307,311,445,457,125,360,263,211
200,46,475,425,15,276,441,3,318,332,166,407
200,47,37,8,226,93,9,88,185,102,302,76
201,0,308,403,481,91,338,352,471,327,349,119
201,1,99,135,243,16,212,296,47,183,39,179
201,2,407,168,173,478,175,124,473,178,348,164
201,3,122,440,478,501,102,260,118,358,308,74
201,4,217,455,133,112,160,53,48,146,239,107
201,5,489,479,367,21,77,249,24,36,338,203
201,6,393,135,24,300,469,296,384,372,26,348
201,7,24,116,73,31,269,198,393,250,3,343
201,8,467,362,321,418,157,277,480,404,171,176
201,9,281,181,487,18,509,120,305,339,385,510
201,10,302,472,236,487,344,25,133,251,78,266
201,11,489,487,303,182,229,297,472,31,448,386
201,12,408,121,69,282,44,425,281,179,456,368
201,13,434,383,167,144,88,161,125,175,275,217
201,14,503,142,22,471,343,187,8,420,400,4
201,15,443,421,319,492,176,465,229,482,164,452
201,16,444,410,314,150,24,488,122,64,347,357
201,17,18,252,76,9,416,266,444,289,131,231
201,18,214,25,3,393,61,487,67,394,279,508
201,19,117,216,202,34,316,485,115,317,252,419
201,20,235,129,164,322,184,257,199,252,450,166
201,21,156,223,458,335,330,206,299,442,146,11
201,22,348,369,269,136,295,389,396,468,290,414
201,23,67,326,141,10,432,14,170,255,479,104
201,24,467,362,418,277,321,157,404,171,168,217
201,25,281,181,509,18,305,389,385,487,306,120
201,26,472,302,20,344,236,398,501,133,266,487
201,27,489,487,448,182,229,303,3,480,313,140
201,28,121,408,69,44,456,425,179,282,281,91
201,29,355,144,383,434,420,114,125,275,167,419
201,30,503,142,22,343,178,235,376,6,8,145
201,31,443,229,421,319,197,165,17,492,86,176
201,32,444,410,314,24,64,347,122,202,488,218
201,33,416,18,252,289,76,231,170,316,425,241
201,34,214,61,117,67,25,487,394,416,54,3
201,35,117,202,216,419,485,115,34,391,285,323
201,36,235,184,322,129,164,257,315,464,192,166
201,37,156,236,223,345,330,311,458,335,206,449
201,38,369,348,468,295,396,495,136,389,290,269
201,39,326,67,141,170,74,10,117,14,236,409
201,40,285,422,19,189,274,393,6,504,83,334
201,41,380,157,459,475,386,41,99,12,368,326
201,42,67,325,267,22,257,138,479,187,68,97
201,43,94,354,336,104,181,123,335,233,157,435
201,44,294,499,270,293,258,176,256,173,474,313
201,45,5,132,140,447,210,201,390,188,492,15
201,46,492,425,276,446,15,359,318,441,475,332
201,47,372,12,297,29,181,126,149,9,2,492
202,0,132,36,312,264,16,321,346,166,430,39
202,1,164,435,3,262,61,5,29,230,189,76
202,2,320,164,490,303,359,414,201,249,341,432
202,3,478,279,122,495,440,102,459,308,59,252
202,4,267,53,161,217,160,48,485,354,416,175
202,5,24,367,146,2,54,479,107,77,215,489
202,6,175,3,377,135,243,447,496,469,87,224
202,7,24,14,73,343,439,31,197,442,283,3
202,8,467,418,362,455,171,404,169,32,68,321
202,9,181,281,18,509,491,474,305,120,72,339
202,10,472,302,446,133,344,398,146,362,20,185
202,11,489,303,448,125,182,487,281,313,472,80
202,12,370,252,278,231,267,442,368,44,221,240
202,13,122,217,383,144,180,434,125,113,355,218
202,14,503,145,343,22,107,8,178,273,237,400
202,15,443,421,319,465,482,176,17,229,492,86
202,16,444,410,314,24,488,347,357,64,122,218
202,17,231,252,76,416,18,9,289,424,371,131
202,18,61,214,417,70,60,493,416,255,508,183
202,19,366,202,117,216,485,135,115,400,285,317
202,20,164,129,322,244,42,184,235,166,257,337
202,21,148,236,156,327,335,449,206,330,201,111
202,22,375,348,334,307,28,428,328,342,92,274
202,23,67,326,141,10,170,255,409,479,14,182
202,24,467,418,68,362,171,321,404,347,168,242
202,25,181,281,509,18,305,474,491,385,306,389
202,26,472,302,344,446,133,398,146,20,233,250
202,27,489,448,3,303,125,487,182,394,313,480
202,28,370,252,267,278,231,442,453,44,221,255
202,29,420,217,122,355,383,434,114,144,88,125
202,30,503,343,145,22,107,178,142,495,6,180
202,31,443,421,319,229,176,482,165,17,492,86
202,32,444,410,314,24,29,122,347,357,488,218
202,33,231,416,18,76,289,316,424,425,9,170
202,34,214,61,417,70,416,60,76,129,493,255
202,35,366,117,202,285,115,485,400,249,216,419
202,36,184,244,322,42,129,464,164,257,235,315
202,37,236,345,156,327,148,206,311,449,330,335
202,38,375,348,334,428,307,28,415,495,468,328
202,39,170,326,10,74,67,141,14,155,96,236
202,40,285,19,422,6,227,366,274,393,189,248
202,41,175,380,430,99,386,459,475,330,41,326
202,42,479,22,267,325,245,97,216,491,78,45
202,43,94,335,181,104,354,294,411,336,509,30
202,44,294,270,499,211,173,468,140,464,258,474
202,45,132,140,447,492,119,390,126,5,297,188
202,46,218,359,492,504,446,15,276,425,441,332
202,47,372,39,463,297,126,29,125,12,199,9
203,0,412,251,319,168,294,235,148,439,431,205
203,1,440,125,303,57,100,475,50,446,216,299
203,2,342,37,511,496,107,207,334,89,392,308
203,3,196,478,293,237,139,269,408,197,449,177
203,4,506,465,73,389,346,294,357,325,198,423
203,5,74,244,68,56,112,259,482,263,110,10
203,6,435,292,68,259,185,111,237,310,469,134
203,7,177,33,316,139,489,302,92,163,346,469
203,8,467,321,233,356,168,205,157,359,138,418
203,9,155,18,281,487,339,385,208,181,171,353
203,10,302,348,472,129,419,273,484,125,96,248
203,11,487,363,489,3,415,294,12,324,448,301
203,12,218,246,143,37,287,228,415,220,301,113
203,13,195,128,329,220,412,383,265,345,39,88
203,14,188,503,90,323,504,388,140,92,178,74
203,15,319,197,340,416,492,229,165,170,122,452
203,16,444,122,462,406,202,77,24,295,438,42
203,17,343,289,324,17,73,372,196,70,297,267
203,18,497,282,503,385,127,510,483,388,85,505
203,19,127,101,376,63,66,117,212,318,16,408
203,20,464,184,247,239,335,215,172,228,43,383
203,21,464,337,456,287,242,18,107,91,474,171
203,22,283,43,78,77,292,401,281,86,181,122
203,23,156,170,146,420,390,139,95,250,163,74
203,24,233,356,138,205,503,41,304,93,35,48
203,25,155,167,471,18,339,487,228,208,171,281
203,26,302,273,129,400,348,472,125,248,364,484
203,27,99,363,489,294,3,12,487,415,46,301
203,28,218,143,246,220,37,287,415,324,228,489
203,29,195,220,128,329,412,291,157,383,47,52
203,30,241,90,188,20,178,438,140,503,195,388
203,31,416,229,197,165,132,319,340,452,482,465
203,32,444,295,42,122,73,406,24,0,77,462
203,33,163,289,416,73,17,205,141,343,18,70
203,34,85,497,385,282,503,391,127,510,386,483
203,35,127,32,117,249,115,156,318,72,76,67
203,36,184,464,172,239,325,386,247,390,215,43
203,37,337,456,464,18,287,242,107,466,171,488
203,38,283,43,292,281,77,78,401,86,181,122
203,39,170,101,326,141,304,159,146,163,390,250
203,40,21,257,244,19,422,285,166,227,390,105
203,41,484,94,429,67,180,40,397,326,103,226
203,42,428,476,287,322,119,303,472,123,473,85
203,43,335,509,354,104,94,395,336,377,217,411
203,44,289,158,4,43,51,333,258,440,499,176
203,45,140,406,132,5,492,390,282,48,332,250
203,46,77,469,15,239,64,147,351,141,501,303
203,47,142,280,11,309,222,329,1,9,407,424
204,0,458,224,485,342,305,320,416,44,464,462
204,1,242,128,174,303,209,123,477,392,60,170
204,2,304,286,50,171,321,87,162,392,326,335
204,3,426,29,478,197,237,293,199,86,269,139
204,4,292,324,130,114,507,428,296,14,476,354
204,5,244,257,416,259,11,339,112,340,509,5
204,6,272,179,425,78,235,359,293,500,14,344
204,7,220,492,174,357,181,177,328,468,333,65
204,8,241,116,486,147,357,372,265,502,205,48
204,9,39,339,4,208,503,171,487,281,358,21
204,10,349,410,46,245,302,248,419,364,189,386
204,11,489,301,288,487,337,46,232,335,234,320
204,12,340,4,178,218,247,510,470,206,415,87
204,13,116,499,34,348,176,39,345,55,213,261
204,14,22,503,20,132,425,63,376,195,73,52
204,15,229,165,197,319,482,416,465,421,132,452
204,16,444,122,24,295,42,77,218,73,151,180
204,17,18,289,163,416,141,86,321,97,170,241
204,18,391,324,85,307,386,125,86,192,129,491
204,19,318,249,67,115,127,289,76,117,432,332
204,20,172,464,184,215,239,335,325,423,507,247
204,21,107,337,287,147,91,384,151,466,18,330
204,22,401,77,358,40,181,78,339,59,255,408
204,23,250,156,137,326,170,479,74,10,236,146
204,24,241,467,116,48,497,281,311,486,334,470
204,25,228,471,487,339,167,39,208,281,18,181
204,26,410,302,248,46,2,339,344,115,147,245
204,27,489,99,301,232,428,46,497,283,487,339
204,28,247,178,340,510,324,4,353,218,206,415
204,29,499,114,176,109,348,62,213,116,55,34
204,30,503,20,126,195,22,39,178,63,167,403
204,31,416,229,132,482,319,197,465,452,165,421
204,32,444,295,122,0,73,24,406,77,42,462
204,33,204,205,289,59,416,18,297,170,7,86
204,34,391,324,307,86,90,85,386,340,125,129
204,35,249,67,32,117,115,202,72,156,488,104
204,36,184,172,464,239,386,390,132,215,43,325
204,37,337,466,107,287,384,488,147,171,86,91
204,38,401,255,339,358,40,181,77,78,463,408
204,39,170,101,326,141,159,304,250,146,137,75
204,40,21,257,19,422,244,285,390,227,275,166
204,41,484,180,94,429,67,326,40,41,215,103
204,42,428,472,123,287,91,473,119,303,435,369
204,43,335,509,94,354,104,395,181,336,92,217
204,44,289,4,43,158,333,258,294,499,440,133
204,45,132,140,5,375,406,492,390,282,250,447
204,46,501,499,15,492,457,446,425,332,169,218
204,47,372,171,80,309,152,39,12,407,175,48
205,0,219,70,23,505,203,468,267,44,227,485
205,1,336,174,225,209,23,162,303,157,85,414
205,2,304,387,405,87,321,286,335,159,454,500
205,3,478,23,283,102,221,185,495,364,31,86
205,4,371,237,471,292,152,130,354,51,268,405
205,5,76,244,509,11,5,259,416,255,172,278
205,6,22,391,272,188,441,324,425,416,78,235
205,7,439,220,172,174,105,275,473,95,357,284
205,8,334,241,337,467,168,486,340,59,298,123
205,9,228,39,339,421,388,358,281,208,18,181
205,10,245,410,248,302,46,364,344,115,419,339
205,11,232,301,489,428,491,497,487,448,344,245
205,12,231,247,434,178,460,317,493,470,260,415
205,13,499,62,359,109,383,116,39,55,244,213
205,14,503,126,39,195,63,22,343,20,178,386
205,15,229,165,416,197,465,132,482,319,452,304
205,16,444,122,295,24,218,77,151,73,42,494
205,17,204,59,18,289,416,141,205,170,34,241
205,18,86,340,96,223,450,198,396,129,307,192
205,19,104,117,115,76,67,432,32,216,72,332
205,20,184,229,172,386,239,418,132,43,164,199
205,21,330,148,384,151,76,287,91,481,156,424
205,22,69,339,307,467,403,328,408,446,181,463
205,23,170,326,101,10,137,141,63,62,159,75
205,24,467,334,281,337,374,480,321,241,168,347
205,25,228,339,181,18,138,421,412,281,335,358
205,26,115,410,302,344,147,339,237,359,472,46
205,27,489,232,301,428,491,96,448,313,125,324
205,28,231,353,247,434,460,47,493,445,178,322
205,29,486,62,213,114,499,109,244,313,88,383
205,30,126,503,195,22,178,167,343,39,471,145
205,31,416,229,132,492,319,452,482,465,165,197
205,32,444,295,122,0,77,24,406,42,73,279
205,33,204,205,416,59,316,289,18,182,27,140
205,34,86,96,61,223,56,90,340,362,198,342
205,35,117,202,115,72,32,104,216,76,249,97
205,36,229,184,172,386,132,239,43,390,294,257
205,37,148,384,330,76,405,156,481,287,488,83
205,38,69,307,403,339,408,467,328,446,463,181
205,39,170,101,326,141,10,159,62,63,432,304
205,40,21,257,19,285,422,390,166,227,272,385
205,41,425,94,41,429,326,103,175,468,71,386
205,42,303,396,473,119,369,216,120,261,355,134
205,43,121,335,354,104,509,498,408,395,243,411
205,44,225,289,258,4,140,333,133,176,468,84
205,45,140,376,11,282,375,214,390,307,250,176
205,46,504,15,69,218,332,425,276,169,441,475
205,47,446,39,80,466,471,175,472,407,234,9
206,0,71,130,32,468,278,330,70,160,437,409
206,1,23,336,427,414,281,174,71,112,471,59
206,2,250,380,387,494,453,81,423,488,244,201
206,3,478,357,221,354,272,135,59,185,407,156
206,4,440,245,196,499,354,471,243,322,476,268
206,5,456,180,76,244,96,479,383,249,281,315
206,6,469,452,151,6,189,258,391,188,50,286
206,7,268,439,223,105,327,24,220,67,172,320
206,8,467,334,168,64,472,61,337,480,340,321
206,9,228,421,339,455,281,247,18,254,181,487
206,10,302,344,245,339,359,115,364,410,289,472
206,11,489,232,491,448,487,301,245,428,497,344
206,12,247,248,406,409,353,434,463,47,231,493
206,13,359,244,87,383,486,213,499,62,313,434
206,14,503,195,449,22,178,63,126,228,171,235
206,15,465,416,229,132,452,319,482,421,165,492
206,16,122,444,295,24,77,151,218,42,361,150
206,17,18,416,241,204,242,59,205,141,34,122
206,18,86,464,223,434,96,56,61,196,342,338
206,19,117,76,115,216,323,419,202,427,168,104
206,20,184,172,451,386,229,164,497,199,367,239
206,21,330,3,151,156,43,476,104,481,83,449
206,22,403,69,461,471,112,426,150,276,177,422
206,23,170,10,326,182,137,101,62,479,268,67
206,24,467,334,281,480,374,321,3,340,347,386
206,25,228,339,181,18,281,138,487,421,412,306
206,26,344,302,237,115,147,472,339,359,364,295
206,27,489,232,428,96,487,313,448,46,125,301
206,28,353,248,406,247,409,322,463,231,415,434
206,29,213,486,313,359,114,62,434,244,383,88
206,30,503,22,126,195,178,343,167,376,228,145
206,31,229,416,132,319,465,482,492,452,421,165
206,32,444,295,122,24,77,410,42,73,0,314
206,33,416,204,18,205,242,76,241,316,485,34
206,34,86,434,464,61,362,56,96,129,223,342
206,35,117,202,216,115,76,419,72,32,323,118
206,36,184,451,386,497,172,257,229,390,322,166
206,37,3,330,104,43,156,449,476,83,488,236
206,38,403,461,426,471,112,276,150,69,507,177
206,39,170,326,432,10,101,507,62,141,159,137
206,40,21,19,425,285,257,422,166,385,189,317
206,41,501,283,103,386,71,468,343,429,41,326
206,42,426,56,396,55,186,379,225,120,299,128
206,43,391,354,156,243,458,408,411,104,216,335
206,44,289,258,79,140,34,145,465,33,466,364
206,45,452,376,214,11,307,176,390,492,233,24
206,46,15,196,69,332,441,276,266,425,475,260
206,47,8,88,471,226,188,9,472,185,469,93
207,0,14,293,338,369,39,16,233,346,2,357
207,1,23,465,273,243,16,281,268,336,99,47
207,2,347,161,66,443,432,164,110,192,407,421
207,3,478,221,122,440,102,308,59,343,358,415
207,4,132,354,489,133,112,217,429,239,53,10
207,5,88,203,2,367,383,360,479,13,77,24
207,6,469,481,258,135,228,362,393,419,372,377
207,7,320,223,124,481,440,269,365,360,3,234
207,8,467,334,281,64,321,301,347,61,480,168
207,9,281,451,339,228,138,412,487,421,455,247
207,10,115,339,302,79,344,375,482,147,359,364
207,11,232,96,489,125,428,487,301,497,324,101
207,12,353,322,460,359,174,26,247,374,69,368
207,13,213,324,446,87,182,377,499,88,244,359
207,14,503,195,60,186,142,171,167,178,73,2
207,15,416,229,452,319,132,465,492,421,482,197
207,16,122,444,295,0,462,77,24,73,361,42
207,17,205,141,204,18,289,416,268,290,182,434
207,18,86,165,66,278,223,362,196,129,192,64
207,19,117,202,32,482,236,115,77,118,318,494
207,20,184,172,386,235,367,229,390,239,89,190
207,21,330,458,151,296,281,156,43,279,496,336
207,22,403,69,290,326,305,230,20,123,369,142
207,23,101,326,170,137,10,75,268,62,457,159
207,24,281,334,467,347,321,480,301,374,348,58
207,25,451,412,228,281,138,339,181,358,421,413
207,26,115,375,236,302,344,339,482,359,364,79
207,27,489,96,232,125,301,428,469,324,313,448
207,28,353,322,460,247,26,359,442,69,357,240
207,29,213,446,244,167,114,87,182,88,383,499
207,30,235,503,195,142,22,178,167,171,343,172
207,31,416,132,229,319,465,452,197,421,165,482
207,32,444,295,122,0,42,77,24,73,462,406
207,33,204,205,416,18,289,268,122,140,434,395
207,34,86,66,56,223,362,165,61,428,278,338
207,35,117,76,202,115,249,187,337,72,190,327
207,36,235,184,386,172,257,367,229,132,239,390
207,37,281,330,164,458,296,496,156,136,67,151
207,38,403,69,305,290,326,369,123,20,51,230
207,39,170,117,137,10,507,101,326,62,63,268
207,40,257,19,285,422,330,21,234,166,504,189
207,41,100,41,252,196,103,386,408,468,95,215
207,42,355,473,177,79,20,232,120,342,482,396
207,43,104,119,354,178,411,335,458,395,233,137
207,44,446,289,140,176,258,34,134,84,120,55
207,45,15,140,2,390,503,111,492,376,84,290
207,46,169,15,260,332,392,211,276,57,181,69
207,47,149,492,336,379,326,349,102,281,29,9
208,0,138,98,316,147,501,401,474,207,196,384
208,1,281,302,294,62,238,23,378,336,363,265
208,2,341,439,161,292,387,470,263,252,367,133
208,3,102,478,337,451,221,185,47,266,406,193
208,4,67,339,132,485,393,96,396,489,354,69
208,5,367,485,88,131,470,52,33,2,465,115
208,6,318,495,469,454,278,183,481,419,358,145
208,7,440,223,354,320,426,14,20,281,86,124
208,8,334,281,64,347,127,61,467,374,321,416
208,9,339,228,421,412,386,38,281,156,106,18
208,10,79,115,339,283,291,201,223,302,344,369
208,11,344,301,232,324,497,96,489,81,448,313
208,12,353,322,209,326,247,224,120,497,460,15
208,13,364,154,334,213,22,46,377,501,184,414
208,14,101,485,73,167,425,178,268,221,53,427
208,15,122,416,395,150,160,340,319,184,197,69
208,16,456,54,9,199,444,325,279,106,295,229
208,17,296,289,348,312,23,221,297,141,74,59
208,18,419,179,86,412,362,491,56,432,61,303
208,19,76,44,311,227,156,157,211,495,245,32
208,20,41,327,133,64,444,87,380,386,455,253
208,21,151,268,351,320,312,449,493,234,330,495
208,22,306,52,403,499,69,160,342,459,253,28
208,23,419,172,53,328,476,124,75,101,54,108
208,24,501,412,281,332,20,351,334,106,450,339
208,25,208,349,339,496,16,498,313,281,21,257
208,26,248,95,189,456,369,279,252,131,218,112
208,27,306,444,32,277,109,468,447,334,367,493
208,28,315,80,413,73,224,152,279,415,372,388
208,29,57,334,344,154,287,184,297,179,46,474
208,30,425,496,185,437,119,195,485,143,171,34
208,31,122,395,184,340,160,410,369,416,69,150
208,32,456,9,297,35,229,412,325,54,203,79
208,33,348,34,296,221,141,258,7,14,312,74
208,34,84,419,86,66,61,129,321,342,412,177
208,35,76,426,117,208,44,397,249,187,366,492
208,36,27,235,184,91,367,386,122,257,172,390
208,37,320,351,268,330,357,312,156,449,153,465
208,38,306,52,499,28,403,160,342,253,69,33
208,39,117,101,481,10,422,507,150,170,137,62
208,40,257,330,234,21,19,285,6,105,325,166
208,41,475,41,175,363,380,100,126,196,468,429
208,42,78,491,267,79,190,120,325,362,183,355
208,43,104,94,335,137,354,386,336,107,422,509
208,44,256,289,379,293,176,220,499,407,437,140
208,45,188,140,390,405,277,11,5,433,149,15
208,46,359,110,492,332,15,200,252,266,289,501
208,47,501,372,12,403,178,342,126,418,297,136
209,0,430,132,321,36,312,242,79,209,267,18
209,1,85,281,34,164,29,211,435,302,62,23
209,2,341,161,292,303,387,359,439,433,470,347
209,3,495,478,102,185,337,451,221,127,266,294
209,4,260,485,132,67,339,354,348,429,489,381
209,5,215,2,88,485,60,33,82,367,465,76
209,6,318,495,444,481,419,377,469,247,391,301
209,7,223,320,332,354,440,6,14,412,426,457
209,8,281,334,467,347,61,64,168,321,372,374
209,9,228,339,281,412,38,421,353,455,358,208
209,10,115,245,410,339,84,369,302,419,79,219
209,11,489,428,232,301,96,324,125,497,283,487
209,12,353,247,460,322,415,453,178,368,224,142
209,13,213,324,499,359,55,39,377,205,88,182
209,14,73,195,503,171,178,416,425,52,63,20
209,15,416,229,197,465,319,132,165,482,170,492
209,16,444,122,295,42,77,24,151,462,73,0
209,17,192,289,18,141,34,297,49,205,290,108
209,18,86,66,363,38,450,321,416,505,192,129
209,19,60,318,332,117,76,249,67,115,36,156
209,20,184,235,239,172,498,166,2,386,199,366
209,21,320,330,384,151,156,287,91,235,337,357
209,22,375,415,160,403,273,69,159,311,463,339
209,23,170,137,404,326,10,74,250,155,457,386
209,24,334,467,281,48,321,480,230,168,330,347
209,25,228,339,487,18,281,208,412,358,181,455
209,26,115,410,2,302,147,339,245,46,232,472
209,27,489,232,96,428,301,344,497,3,487,313
209,28,353,460,510,247,322,178,342,143,415,218
209,29,213,55,499,114,205,359,324,377,176,345
209,30,503,22,20,416,376,195,178,33,103,63
209,31,229,165,197,416,482,132,421,465,319,340
209,32,444,24,122,42,295,77,152,90,218,410
209,33,192,18,416,289,34,241,76,268,466,49
209,34,66,363,56,38,86,505,129,450,321,61
209,35,60,117,76,419,249,115,332,168,202,67
209,36,184,239,464,235,335,43,215,132,164,199
209,37,384,320,337,330,287,156,151,466,91,405
209,38,415,375,403,463,273,339,160,468,28,306
209,39,170,137,10,326,141,404,63,226,146,426
209,40,19,285,422,166,504,257,274,21,365,385
209,41,484,95,94,459,41,386,468,375,380,160
209,42,190,303,473,71,205,119,369,22,267,396
209,43,335,104,509,29,498,294,411,354,395,336
209,44,140,4,258,289,270,499,43,84,489,196
209,45,188,15,492,282,140,5,390,406,46,129
209,46,41,15,169,267,299,416,213,367,332,288
209,47,203,125,458,297,9,199,360,107,155,385
210,0,274,4,126,294,180,228,162,156,356,275
210,1,172,451,475,368,394,336,382,452,0,50
210,2,377,508,161,391,346,342,387,304,107,262
210,3,478,221,426,197,282,185,337,108,407,102
210,4,370,223,212,114,130,354,5,70,107,73
210,5,257,244,442,93,374,5,80,259,356,76
210,6,154,310,493,481,377,68,425,419,272,435
210,7,332,357,496,177,320,94,220,223,95,365
210,8,487,334,467,241,448,281,123,230,168,321
210,9,228,281,339,487,208,256,18,39,358,250
210,10,410,245,302,46,339,344,248,115,364,237
210,11,489,487,428,232,46,339,245,287,174,301
210,12,510,247,363,178,143,353,460,415,218,87
210,13,359,499,55,348,434,377,213,427,383,39
210,14,503,22,376,20,250,33,279,63,471,289
210,15,229,165,197,482,319,465,421,416,132,452
210,16,444,122,24,77,151,295,218,494,150,423
210,17,18,289,416,97,34,241,170,140,321,363
210,18,38,86,386,363,56,96,391,66,450,192
210,19,117,419,332,76,60,67,115,216,281,323
210,20,184,199,335,192,164,235,41,2,166,423
210,21,384,91,287,151,320,330,156,337,79,171
210,22,339,181,472,343,328,401,463,77,59,435
210,23,170,10,326,67,426,479,53,182,124,386
210,24,467,487,334,401,20,453,480,157,168,472
210,25,487,18,339,228,181,188,269,455,138,281
210,26,410,302,344,248,151,46,25,339,472,289
210,27,489,46,428,174,487,339,232,497,448,480
210,28,510,247,353,363,460,47,282,324,143,445
210,29,359,499,114,55,213,434,427,205,104,415
210,30,22,376,503,20,228,471,178,4,33,279
210,31,229,197,165,421,482,465,319,132,416,443
210,32,444,24,295,122,218,77,410,494,42,314
210,33,18,416,76,101,289,34,241,170,49,290
210,34,56,96,386,38,61,129,66,412,363,125
210,35,117,419,76,60,115,168,332,202,216,485
210,36,184,164,239,199,257,43,464,294,132,322
210,37,384,287,151,337,320,330,156,91,405,171
210,38,343,472,339,463,181,401,328,281,77,465
210,39,170,326,141,10,67,137,479,220,226,432
210,40,19,422,285,385,504,166,274,257,365,31
210,41,95,459,386,160,94,93,246,484,71,375
210,42,92,303,119,194,190,369,85,396,428,473
210,43,498,29,411,335,303,509,354,400,104,243
210,44,258,140,4,466,464,43,289,158,121,176
210,45,492,154,282,390,11,176,33,447,250,125
210,46,15,441,276,332,122,71,475,425,218,3
210,47,446,39,9,80,152,93,175,65,487,102
211,0,71,32,130,160,44,278,279,437,409,336
211,1,172,427,115,336,225,303,71,68,434,438
211,2,380,250,377,494,389,201,455,488,423,131
211,3,478,357,354,135,272,102,59,221,474,407
211,4,440,196,245,370,354,499,243,268,322,373
211,5,180,456,244,96,442,258,259,11,30,281
211,6,189,6,452,310,272,469,493,154,258,151
211,7,268,327,220,323,67,269,170,59,24,453
211,8,467,487,301,3,240,123,168,340,472,18
211,9,228,487,339,281,18,455,181,188,120,6
211,10,302,472,245,344,163,248,410,444,372,364
211,11,489,487,46,245,448,428,81,136,497,290
211,12,406,248,247,47,409,510,178,493,415,317
211,13,359,104,499,383,486,114,39,88,434,243
211,14,503,235,22,376,228,429,178,63,279,449
211,15,229,465,165,197,319,482,416,132,421,452
211,16,444,122,24,295,77,151,218,42,358,410
211,17,18,101,416,241,289,34,170,242,76,290
211,18,196,464,96,86,434,450,56,192,386,393
211,19,117,76,419,332,115,323,168,1,216,427
211,20,184,451,164,497,199,239,257,166,343,357
211,21,151,43,3,330,104,156,79,476,83,396
211,22,461,471,426,112,177,150,507,276,403,422
211,23,170,10,326,182,426,137,268,124,67,386
211,24,467,3,301,487,165,480,340,18,472,180
211,25,487,18,339,228,188,181,312,325,455,7
211,26,302,344,163,151,444,472,248,339,259,62
211,27,489,487,46,448,174,339,245,290,314,497
211,28,406,248,409,247,47,493,463,353,272,227
211,29,359,104,486,114,243,313,62,383,348,88
211,30,22,503,376,228,279,178,343,449,33,63
211,31,229,465,197,165,421,482,319,416,132,17
211,32,444,24,122,410,77,151,314,295,218,29
211,33,18,416,101,76,241,122,34,289,242,170
211,34,196,464,434,61,96,56,337,129,502,412
211,35,117,202,1,419,216,76,115,485,118,168
211,36,184,451,497,164,199,322,129,257,192,166
211,37,104,3,43,151,330,156,79,83,98,279
211,38,461,426,471,112,507,276,403,150,177,422
211,39,326,170,141,432,67,10,220,479,159,426
211,40,425,19,422,285,166,385,257,475,274,365
211,41,283,501,386,95,93,459,215,468,325,330
211,42,56,426,92,55,186,225,299,396,163,131
211,43,391,411,156,303,354,242,408,29,243,458
211,44,258,140,79,466,33,465,364,145,464,289
211,45,492,11,154,125,390,176,214,452,426,250
211,46,15,441,425,196,332,121,122,276,373,12
211,47,8,9,88,226,188,93,185,37,357,102
212,0,481,359,352,338,369,403,466,68,327,75
212,1,99,243,465,16,39,212,183,303,224,498
212,2,407,355,168,124,348,175,478,410,178,133
212,3,478,102,254,122,440,308,135,406,415,156
212,4,455,217,42,354,53,48,239,244,170,112
212,5,367,21,141,360,77,249,203,479,489,200
212,6,469,393,135,278,463,258,82,300,384,70
212,7,24,116,67,55,198,214,269,146,73,501
212,8,467,480,301,321,83,340,168,472,362,146
212,9,487,281,18,339,181,455,271,110,257,121
212,10,302,151,344,472,161,339,411,236,245,419
212,11,489,487,46,174,480,448,428,182,81,497
212,12,282,44,408,321,214,388,69,456,121,169
212,13,359,49,383,104,167,419,499,434,243,377
212,14,22,503,376,235,228,343,471,142,178,279
212,15,165,197,229,319,17,421,465,132,416,482
212,16,444,122,24,218,410,469,295,151,77,180
212,17,18,76,416,241,242,170,122,6,289,258
212,18,196,61,393,437,394,344,192,82,230,25
212,19,117,76,216,419,391,323,115,168,281,202
212,20,184,235,164,129,190,199,257,498,322,266
212,21,330,296,156,458,151,279,335,223,83,412
212,22,369,142,136,20,269,290,389,396,342,403
212,23,170,10,326,182,141,137,63,479,67,386
212,24,467,301,480,277,321,340,20,404,472,401
212,25,487,18,339,181,228,15,138,281,41,455
212,26,151,302,472,236,344,161,163,339,133,411
212,27,489,174,46,487,34,448,428,333,182,314
212,28,282,44,408,214,456,121,353,69,247,255
212,29,359,104,114,167,419,228,383,1,49,77
212,30,235,22,376,503,343,142,228,178,143,279
212,31,229,165,17,197,465,482,421,132,304,319
212,32,444,410,42,122,24,295,469,314,77,218
212,33,76,18,416,242,289,122,231,241,170,7
212,34,428,56,61,25,129,54,260,502,487,412
212,35,117,76,202,115,419,391,216,323,187,168
212,36,235,184,164,257,129,322,190,192,239,166
212,37,281,330,67,156,296,164,136,496,151,458
212,38,369,142,389,20,468,463,136,396,469,290
212,39,170,326,141,63,117,10,74,137,67,255
212,40,285,422,19,504,189,274,362,330,317,475
212,41,196,41,157,386,459,95,330,326,316,12
212,42,473,355,20,68,177,410,232,342,482,92
212,43,104,354,336,119,233,395,335,178,386,460
212,44,446,176,140,499,337,84,258,289,95,134
212,45,15,2,140,390,201,492,503,84,5,210
212,46,15,169,392,332,181,276,211,57,262,245
212,47,149,492,336,379,326,349,281,29,297,102
213,0,479,98,270,501,66,10,474,272,403,401
213,1,302,238,62,294,265,476,293,430,378,307
213,2,341,439,292,133,470,252,316,106,31,459
213,3,478,102,254,135,337,451,474,248,308,122
213,4,67,339,393,485,354,96,42,48,115,53
213,5,367,131,249,470,52,60,107,235,24,351
213,6,318,495,300,469,278,183,70,145,42,264
213,7,14,412,198,214,354,67,146,3,20,73
213,8,467,127,472,340,404,321,168,61,157,71
213,9,18,399,339,228,257,72,487,474,181,138
213,10,344,302,151,447,223,197,472,378,419,79
213,11,489,81,487,469,46,480,448,497,333,344
213,12,282,120,326,255,399,498,98,209,370,496
213,13,359,104,114,383,49,77,228,1,377,99
213,14,22,228,503,343,235,8,67,376,178,171
213,15,17,165,132,304,416,465,229,197,319,499
213,16,444,122,218,295,410,42,180,77,469,24
213,17,416,76,18,241,395,140,242,49,289,34
213,18,84,61,93,393,321,244,344,192,129,341
213,19,117,391,115,76,419,216,323,168,281,316
213,20,235,27,91,184,164,129,257,14,61,199
213,21,330,335,156,312,268,11,199,151,449,357
213,22,306,52,160,499,253,17,33,269,463,342
213,23,170,137,10,182,63,386,255,141,507,326
213,24,467,127,404,472,340,321,61,281,71,168
213,25,228,18,339,399,257,72,181,487,138,15
213,26,302,344,472,291,151,236,378,351,223,444
213,27,489,448,487,333,480,46,469,81,232,344
213,28,282,255,326,209,399,370,120,498,353,426
213,29,114,359,419,383,167,104,1,77,377,228
213,30,22,343,235,503,142,228,178,8,107,376
213,31,17,229,165,197,132,482,304,465,86,416
213,32,444,410,42,314,158,64,122,24,295,484
213,33,76,416,140,18,231,289,242,241,27,300
213,34,84,61,321,54,437,56,341,171,393,70
213,35,117,419,115,391,202,76,216,72,323,249
213,36,235,27,91,164,184,257,129,192,322,166
213,37,330,156,268,312,351,335,449,199,236,357
213,38,306,52,160,499,253,28,17,33,16,273
213,39,141,63,170,326,10,67,117,255,74,137
213,40,285,422,274,189,475,19,334,330,504,6
213,41,475,41,380,459,316,95,175,330,326,40
213,42,267,78,491,325,479,22,92,75,187,97
213,43,94,104,336,354,181,335,400,386,243,233
213,44,256,499,293,258,176,294,270,379,140,220
213,45,188,390,447,5,140,119,492,307,15,250
213,46,110,359,492,332,276,446,502,15,425,262
213,47,372,12,126,9,501,131,166,29,297,102
214,0,19,289,473,103,272,474,54,338,258,392
214,1,445,211,509,435,29,189,447,476,244,113
214,2,161,164,36,273,341,443,432,292,481,390
214,3,478,102,364,254,248,308,359,459,135,479
214,4,358,354,67,132,485,115,48,16,130,53
214,5,283,367,107,161,465,470,2,249,24,33
214,6,444,147,318,300,136,278,469,247,419,372
214,7,3,353,412,198,440,14,354,457,67,214
214,8,467,127,314,321,404,472,168,192,340,157
214,9,18,339,399,257,181,228,281,138,72,481
214,10,223,302,344,419,472,118,151,197,407,184
214,11,489,469,487,46,480,448,281,497,333,232
214,12,282,399,419,326,255,224,353,368,58,460
214,13,359,49,1,383,114,377,434,213,228,419
214,14,22,503,178,228,343,67,195,376,463,8
214,15,17,416,165,229,132,197,319,465,304,482
214,16,444,122,218,295,410,77,24,202,180,151
214,17,18,416,76,371,241,289,395,309,140,34
214,18,321,393,244,61,86,84,229,171,461,344
214,19,117,216,419,316,391,115,323,252,281,168
214,20,235,117,184,164,129,367,251,199,61,347
214,21,335,330,156,465,151,199,206,449,444,351
214,22,390,193,386,92,500,342,222,273,111,375
214,23,170,10,182,63,141,326,255,426,501,457
214,24,467,127,404,242,340,303,321,360,168,472
214,25,18,339,487,181,72,257,399,138,15,228
214,26,302,223,472,344,236,351,291,151,378,402
214,27,489,487,448,333,46,480,182,290,469,348
214,28,282,399,419,255,209,326,44,353,370,214
214,29,114,383,419,1,49,434,167,359,425,213
214,30,22,503,376,8,343,142,178,228,463,471
214,31,17,165,197,229,482,319,132,304,416,421
214,32,444,410,469,64,218,24,202,122,314,484
214,33,416,76,18,231,289,425,241,300,140,316
214,34,461,244,321,61,393,229,84,171,505,54
214,35,117,419,216,391,115,202,373,366,323,316
214,36,235,117,164,184,257,129,192,27,91,322
214,37,156,330,465,335,351,345,206,311,79,449
214,38,390,273,222,193,500,396,306,111,386,92
214,39,170,141,10,326,63,67,117,74,255,182
214,40,285,274,422,355,189,334,475,19,6,385
214,41,475,459,95,41,316,380,330,176,326,220
214,42,237,79,92,75,205,267,327,479,396,187
214,43,94,336,104,243,400,303,181,354,411,335
214,44,47,258,34,176,117,499,140,289,256,294
214,45,390,492,188,447,5,307,435,263,253,445
214,46,332,276,15,423,122,425,222,318,151,359
214,47,12,37,297,9,372,29,125,93,131,226
215,0,224,208,305,178,379,218,200,279,217,306
215,1,477,108,176,242,211,457,26,488,191,423
215,2,162,112,452,391,50,342,161,392,203,334
215,3,29,199,478,402,381,304,102,307,429,101
215,4,130,296,114,507,428,34,354,189,64,367
215,5,475,153,47,27,416,283,312,367,244,37
215,6,176,180,140,278,247,147,24,253,300,391
215,7,123,353,155,65,496,166,258,412,3,440
215,8,111,442,126,18,357,168,467,192,200,445
215,9,135,228,430,339,386,181,399,348,18,46
215,10,302,407,288,362,37,378,245,201,155,223
215,11,487,46,489,3,243,448,300,136,266,497
215,12,432,78,87,206,247,340,378,218,135,506
215,13,359,157,114,383,104,213,345,499,339,258
215,14,22,376,503,448,65,228,178,143,504,158
215,15,197,165,229,319,17,416,421,482,340,132
215,16,444,122,24,77,218,151,469,357,180,410
215,17,18,289,416,76,241,114,170,330,462,363
215,18,435,393,336,178,385,505,192,164,388,129
215,19,117,407,327,101,419,115,76,262,281,168
215,20,184,235,199,321,166,367,164,498,368,192
215,21,163,414,107,330,21,151,156,79,214,495
215,22,40,162,387,74,381,126,509,23,42,339
215,23,170,453,74,137,10,182,326,386,426,53
215,24,467,111,442,357,126,445,416,339,340,157
215,25,487,339,18,181,188,46,257,7,481,411
215,26,302,288,362,259,418,402,344,248,339,268
215,27,46,489,487,174,339,351,314,290,245,448
215,28,432,87,78,47,506,206,282,340,378,368
215,29,114,276,486,359,345,339,383,157,348,434
215,30,22,376,503,8,471,448,228,4,235,343
215,31,165,229,197,17,319,132,482,421,340,443
215,32,444,469,77,410,138,202,218,24,122,180
215,33,18,416,76,289,241,462,34,170,363,330
215,34,393,435,336,178,61,137,412,164,56,385
215,35,117,419,327,115,76,337,391,407,323,262
215,36,192,184,257,235,199,129,164,166,41,266
215,37,79,163,414,21,156,330,151,107,335,495
215,38,40,126,162,387,381,509,74,42,23,339
215,39,170,10,326,141,453,226,74,63,67,479
215,40,355,285,274,422,19,385,43,504,189,391
215,41,95,459,220,41,160,176,484,330,316,326
215,42,92,91,75,327,473,355,396,130,373,163
215,43,104,400,29,94,243,137,280,303,335,411
215,44,258,293,176,140,499,99,117,407,256,346
215,45,390,492,447,188,140,176,307,2,26,154
215,46,169,332,276,15,3,122,222,381,318,423
215,47,166,9,8,131,269,93,226,102,152,149
216,0,247,68,100,434,352,147,75,19,327,119
216,1,99,162,499,113,456,445,302,487,160,6
216,2,407,124,348,175,70,366,478,155,42,410
216,3,102,478,254,406,308,122,47,358,440,359
216,4,244,48,217,112,136,354,160,467,416,170
216,5,367,338,333,8,200,52,203,360,176,254
216,6,463,278,469,348,180,226,403,147,24,247
216,7,198,67,353,190,146,24,214,69,460,393
216,8,467,157,321,454,472,20,480,15,168,240
216,9,487,181,18,339,312,257,8,281,271,41
216,10,302,351,326,419,268,90,25,402,344,236
216,11,487,489,174,46,480,290,245,497,27,448
216,12,282,214,425,124,368,0,281,209,27,118
216,13,114,49,383,434,237,446,419,241,377,76
216,14,376,22,503,142,5,471,4,186,462,407
216,15,165,229,197,132,17,319,421,416,233,465
216,16,444,122,24,218,295,469,138,78,202,150
216,17,18,416,333,241,76,289,170,114,97,221
216,18,393,278,165,27,229,461,192,61,474,402
216,19,117,419,216,281,363,316,115,272,430,137
216,20,235,184,199,166,498,164,192,330,298,368
216,21,465,79,156,206,330,151,335,272,442,199
216,22,123,302,202,183,500,390,273,193,111,306
216,23,170,426,10,226,182,326,293,236,67,479
216,24,467,157,453,20,198,59,259,454,321,480
216,25,487,181,18,339,91,271,312,356,257,41
216,26,268,302,236,25,326,402,351,151,344,364
216,27,487,489,174,46,351,290,276,245,480,448
216,28,282,214,425,124,281,209,382,44,321,69
216,29,419,420,114,237,383,1,465,167,49,434
216,30,22,142,376,503,471,5,178,504,343,2
216,31,197,165,229,132,416,319,421,340,482,465
216,32,444,202,24,410,122,469,77,295,314,218
216,33,18,416,425,76,289,270,170,371,333,207
216,34,278,416,321,393,461,486,229,129,165,61
216,35,117,419,16,115,101,391,202,66,249,216
216,36,235,464,184,164,315,129,257,436,239,322
216,37,330,465,79,345,206,156,311,335,199,351
216,38,396,302,273,390,111,202,389,306,500,183
216,39,170,10,141,74,63,326,117,96,67,250
216,40,285,422,391,19,504,6,189,355,274,475
216,41,41,475,380,459,95,196,316,368,330,386
216,42,237,267,479,92,22,97,187,245,45,79
216,43,336,104,94,354,181,294,378,335,233,303
216,44,258,47,499,140,270,303,294,289,173,283
216,45,5,188,492,126,15,119,390,140,307,250
216,46,15,276,332,446,359,425,492,502,318,222
216,47,12,297,372,29,125,61,9,126,37,33
217,0,321,36,132,264,312,430,16,474,209,197
217,1,435,29,164,189,211,3,85,423,402,307
217,2,341,303,292,359,164,198,430,20,411,238
217,3,478,495,254,279,102,264,308,122,135,474
217,4,161,354,485,267,74,53,405,348,48,67
217,5,367,146,54,233,24,370,255,284,272,470
217,6,444,469,24,243,224,161,300,87,301,463
217,7,14,449,283,73,214,24,67,146,198,3
217,8,467,169,418,321,404,472,340,168,32,127
217,9,18,487,474,339,181,335,257,237,72,88
217,10,302,446,472,362,344,419,435,151,378,407
217,11,489,448,487,182,148,281,333,497,113,480
217,12,278,370,267,255,400,282,379,416,231,243
217,13,383,114,359,486,49,233,303,1,104,146
217,14,145,107,489,22,343,376,228,178,503,8
217,15,165,17,229,197,304,132,482,319,492,170
217,16,444,410,218,24,469,122,314,488,357,425
217,17,231,76,18,416,101,241,426,124,170,140
217,18,255,61,43,183,417,214,129,84,192,393
217,19,366,117,62,216,202,115,419,391,507,323
217,20,164,322,129,184,430,462,235,257,166,91
217,21,327,236,156,330,335,111,216,449,183,292
217,22,28,428,440,328,375,334,434,416,342,307
217,23,326,67,141,170,10,182,479,409,14,63
217,24,467,169,418,362,32,404,321,386,242,472
217,25,487,181,88,335,474,281,18,509,305,120
217,26,472,302,446,133,344,362,151,435,419,146
217,27,489,448,182,487,125,148,303,480,333,313
217,28,278,370,243,255,267,484,400,282,416,47
217,29,233,486,114,383,303,25,434,125,88,217
217,30,145,503,489,107,376,22,343,228,8,178
217,31,443,482,229,421,165,17,319,465,492,197
217,32,444,410,488,24,314,425,218,122,202,347
217,33,231,76,18,416,101,9,426,124,316,241
217,34,61,255,214,43,502,183,417,330,129,198
217,35,366,117,216,202,485,419,62,115,1,507
217,36,322,184,129,164,430,199,257,166,294,450
217,37,327,236,156,111,335,449,216,183,330,148
217,38,28,440,375,428,328,334,434,348,307,416
217,39,326,67,141,170,432,479,10,220,14,409
217,40,422,285,19,189,385,475,274,317,83,217
217,41,430,386,325,330,459,71,99,95,215,246
217,42,299,216,92,387,396,55,327,40,75,214
217,43,303,340,354,242,408,127,157,216,400,243
217,44,258,466,468,145,465,133,434,164,197,464
217,45,11,211,154,311,390,492,125,360,250,307
217,46,425,475,441,15,407,318,276,3,17,45
217,47,360,458,446,93,185,9,8,102,39,454
218,0,32,330,130,278,160,71,279,260,336,437
218,1,59,112,471,427,435,216,447,239,338,322
218,2,250,453,244,326,336,428,277,248,361,365
218,3,478,135,357,495,272,474,166,279,59,152
218,4,440,354,217,196,245,361,53,64,160,373
218,5,456,479,489,24,367,273,249,235,96,77
218,6,166,469,211,50,135,6,258,377,46,509
218,7,24,268,14,170,67,343,283,217,462,321
218,8,467,418,362,321,386,168,3,404,60,401
218,9,281,487,339,18,181,88,120,509,305,6
218,10,472,302,133,359,435,344,249,407,96,94
218,11,487,489,448,303,401,313,472,324,31,245
218,12,248,409,484,463,406,415,80,243,368,47
218,13,383,434,161,377,88,251,49,46,193,508
218,14,503,471,178,22,53,167,376,278,4,145
218,15,319,197,229,416,492,482,443,421,165,452
218,16,444,24,150,122,410,357,64,314,77,151
218,17,18,444,416,20,289,170,479,97,447,316
218,18,464,434,137,330,346,61,419,420,393,40
218,19,117,216,485,115,72,195,419,202,449,408
218,20,184,199,322,164,450,257,166,451,497,294
218,21,156,327,3,104,236,151,179,476,489,449
218,22,471,426,112,177,276,243,461,150,441,348
218,23,326,10,170,41,432,141,500,488,293,14
218,24,467,321,362,299,168,83,418,122,341,157
218,25,281,339,18,428,181,253,305,208,38,247
218,26,472,302,339,248,359,68,318,481,243,419
218,27,245,489,487,448,46,324,339,27,261,472
218,28,80,415,248,0,368,489,58,264,28,329
218,29,334,46,434,60,383,34,114,343,39,3
218,30,503,471,22,4,167,178,288,6,261,58
218,31,229,482,421,492,416,414,319,407,214,197
218,32,444,24,151,357,64,150,29,406,77,410
218,33,20,444,416,289,170,18,316,421,221,241
218,34,419,464,61,434,129,502,393,214,348,265
218,35,117,216,202,485,118,115,1,426,195,366
218,36,322,164,497,451,129,184,199,430,166,257
218,37,327,156,3,104,236,335,336,208,449,141
218,38,471,112,426,461,276,177,348,150,422,507
218,39,326,432,67,141,479,14,220,170,409,298
218,40,422,19,425,285,385,83,274,189,317,475
218,41,430,386,501,283,325,330,459,71,99,246
218,42,56,426,299,55,92,396,379,59,225,327
218,43,303,391,408,216,242,354,340,156,157,243
218,44,258,466,145,133,79,465,65,464,407,33
218,45,154,11,211,125,311,390,492,250,360,307
218,46,425,441,475,15,196,407,318,276,3,17
218,47,8,185,93,88,9,188,102,226,89,469
219,0,120,369,352,338,293,68,403,100,247,426
219,1,273,99,47,243,454,195,183,296,435,143
219,2,473,478,175,432,348,173,163,407,206,355
219,3,478,122,440,260,102,308,319,144,486,501
219,4,133,217,112,160,53,354,146,170,78,48
219,5,489,479,203,367,77,333,24,338,423,253
219,6,135,26,393,271,469,377,389,92,357,82
219,7,24,31,73,481,343,3,195,233,435,250
219,8,467,418,362,167,455,94,321,404,347,168
219,9,281,509,181,159,474,305,339,487,247,72
219,10,133,472,302,236,251,344,20,359,419,435
219,11,489,487,303,448,125,182,389,31,313,472
219,12,121,91,69,44,282,370,368,339,387,111
219,13,161,383,434,217,144,88,10,125,444,167
219,14,503,343,142,420,400,8,178,145,471,22
219,15,443,492,319,176,421,490,482,378,465,17
219,16,444,314,150,410,24,488,279,122,357,347
219,17,76,231,18,416,9,131,316,479,252,241
219,18,3,214,61,416,25,39,117,252,487,235
219,19,216,117,202,485,366,285,115,316,72,195
219,20,322,164,184,129,235,166,308,257,320,408
219,21,327,206,236,156,335,311,345,330,179,458
219,22,348,290,305,389,230,369,396,70,356,269
219,23,326,409,67,141,10,432,14,170,255,479
219,24,467,362,418,321,60,168,404,94,455,303
219,25,281,509,181,305,474,159,339,434,18,247
219,26,472,133,302,344,236,359,448,295,250,364
219,27,489,448,313,303,125,487,182,245,31,333
219,28,121,91,69,370,44,339,111,282,453,489
219,29,420,161,355,383,1,217,434,125,167,114
219,30,503,142,343,22,178,420,400,471,145,8
219,31,443,421,492,176,319,229,165,482,416,197
219,32,444,410,314,24,488,202,406,122,150,77
219,33,18,416,289,76,231,316,9,425,114,131
219,34,505,3,416,214,76,61,129,508,117,235
219,35,117,115,202,216,366,485,16,72,66,376
219,36,464,235,184,322,129,164,257,315,166,239
219,37,327,236,345,156,206,311,330,458,171,337
219,38,348,305,389,290,396,369,230,70,468,202
219,39,326,141,67,14,432,170,74,10,63,409
219,40,422,285,19,189,83,475,393,317,6,385
219,41,218,330,196,386,100,125,113,325,459,316
219,42,479,299,59,22,97,490,396,245,92,255
219,43,242,104,354,303,336,94,216,340,243,335
219,44,466,258,303,133,499,65,270,140,176,444
219,45,311,11,149,307,278,125,210,154,429,126
219,46,161,441,425,407,260,30,318,475,276,15
219,47,29,297,89,8,76,93,415,185,9,102
220,0,352,446,350,338,403,327,211,196,471,254
220,1,47,273,99,243,195,441,159,119,296,498
220,2,173,432,478,164,168,148,355,175,348,497
220,3,122,478,440,102,308,166,501,74,260,358
220,4,217,160,53,354,48,170,112,416,246,239
220,5,24,479,489,367,77,249,170,253,203,141
220,6,135,170,393,82,377,469,341,421,372,296
220,7,24,31,73,3,343,481,262,21,293,235
220,8,467,418,404,362,321,347,19,168,60,455
220,9,281,509,339,18,474,181,305,159,72,247
220,10,133,472,302,344,78,435,448,419,364,236
220,11,489,487,125,303,182,448,313,428,497,419
220,12,121,44,442,453,176,136,282,370,69,415
220,13,420,383,355,161,144,217,88,125,434,377
220,14,503,343,22,178,142,455,228,376,8,471
220,15,229,165,17,319,88,443,492,421,482,416
220,16,444,122,24,410,314,295,218,77,357,73
220,17,18,416,76,371,309,241,114,289,447,316
220,18,505,416,508,76,214,3,129,156,165,393
220,19,117,16,115,216,72,419,285,101,66,323
220,20,315,184,235,464,436,498,297,166,367,383
220,21,311,206,345,330,156,461,442,343,236,335
220,22,415,159,348,290,369,500,468,342,10,119
220,23,170,10,457,74,96,63,401,51,14,155
220,24,467,233,168,321,356,401,347,340,472,138
220,25,155,339,228,487,181,18,281,171,135,353
220,26,302,472,147,129,2,237,344,245,273,348
220,27,489,3,232,487,363,46,448,415,497,294
220,28,353,453,143,218,415,276,247,121,368,255
220,29,213,195,220,128,1,412,420,329,434,383
220,30,503,22,178,376,471,90,195,241,504,323
220,31,229,416,197,165,319,482,132,170,492,443
220,32,444,295,406,122,202,77,410,462,24,42
220,33,289,416,343,18,17,192,316,170,73,184
220,34,505,416,497,129,393,234,56,85,321,388
220,35,117,101,115,376,419,66,249,72,216,127
220,36,464,184,239,43,132,247,235,166,257,199
220,37,337,474,242,156,345,311,171,330,206,203
220,38,415,159,348,500,468,273,369,290,119,269
220,39,170,10,141,326,74,14,96,95,146,220
220,40,285,422,166,19,244,504,385,383,390,471
220,41,484,94,71,95,246,326,368,434,1,41
220,42,479,97,245,22,45,472,14,267,473,92
220,43,294,104,335,395,336,509,354,233,303,94
220,44,258,489,43,173,4,95,140,499,270,158
220,45,140,406,503,15,5,307,126,250,390,53
220,46,41,15,472,499,222,475,213,267,169,122
220,47,463,203,125,297,155,163,185,29,442,325
221,0,412,251,319,168,294,235,148,439,205,262
221,1,440,125,303,57,100,50,216,38,82,88
221,2,342,37,511,496,107,207,334,392,444,308
221,3,478,196,237,293,139,269,408,197,221,449
221,4,506,73,465,346,389,294,357,198,325,423
221,5,74,68,244,56,112,482,259,110,263,10
221,6,435,237,68,397,111,292,185,469,259,463
221,7,177,33,316,139,302,489,92,163,346,67
221,8,467,233,321,168,356,359,205,138,48,123
221,9,339,18,228,487,155,281,181,171,385,250
221,10,302,245,147,419,2,472,129,344,248,237
221,11,489,232,363,487,3,301,46,428,415,497
221,12,218,246,143,37,287,415,220,228,247,353
221,13,195,499,128,377,49,1,329,359,412,383
221,14,188,90,503,22,376,323,504,178,175,74
221,15,197,416,340,165,319,229,132,452,122,170
221,16,444,122,295,462,77,42,24,148,202,78
221,17,289,343,17,324,18,73,267,425,430,70
221,18,497,503,282,127,385,510,483,388,505,316
221,19,101,66,376,16,63,117,383,249,262,212
221,20,464,184,239,247,335,215,228,235,41,366
221,21,464,242,337,456,287,18,474,91,107,171
221,22,77,283,43,78,281,181,401,86,122,264
221,23,146,170,95,390,163,457,236,363,74,224
221,24,233,356,35,503,205,138,304,467,41,321
221,25,155,208,135,339,161,18,281,353,385,358
221,26,348,484,129,302,248,125,273,250,330,386
221,27,294,3,363,456,487,415,206,12,489,38
221,28,246,143,37,220,218,306,217,113,30,228
221,29,128,195,220,52,329,412,481,291,343,383
221,30,90,188,92,278,178,425,388,22,448,471
221,31,197,340,416,229,170,319,122,160,165,150
221,32,444,406,151,77,51,462,357,79,229,122
221,33,289,416,343,324,297,170,17,72,70,421
221,34,497,127,385,503,510,282,386,483,388,129
221,35,63,117,249,101,115,72,383,449,376,156
221,36,184,464,239,43,132,450,215,247,41,294
221,37,337,464,456,287,242,18,405,171,466,91
221,38,283,43,401,77,86,181,78,281,122,264
221,39,170,141,146,176,10,163,304,476,101,326
221,40,285,422,390,244,203,383,19,227,166,215
221,41,94,326,484,71,180,246,434,95,226,67
221,42,428,303,119,365,476,473,287,322,123,472
221,43,335,104,395,509,336,303,233,377,92,94
221,44,258,158,4,440,43,51,176,189,289,121
221,45,282,140,406,250,365,332,48,426,307,154
221,46,469,77,239,15,222,141,147,25,351,122
221,47,142,11,424,222,280,1,9,185,329,204
222,0,315,395,351,435,333,109,249,90,213,331
222,1,32,505,303,235,88,97,74,38,178,158
222,2,89,295,37,4,27,334,115,171,342,357
222,3,139,237,293,408,269,249,182,82,478,177
222,4,506,465,198,389,325,156,423,59,241,410
222,5,482,263,112,468,226,142,471,259,446,190
222,6,185,164,13,505,165,76,91,159,468,237
222,7,177,489,158,316,425,141,163,191,199,242
222,8,356,87,233,205,35,359,335,304,106,11
222,9,208,155,171,135,161,214,446,181,339,68
222,10,348,129,330,484,48,335,5,419,456,125
222,11,456,234,294,363,12,415,3,422,270,402
222,12,246,37,228,459,217,220,290,9,390,143
222,13,128,265,52,426,329,220,195,481,345,412
222,14,90,188,138,92,127,388,486,427,82,212
222,15,347,340,391,122,197,169,37,423,416,22
222,16,51,480,91,359,262,189,74,23,202,333
222,17,324,372,343,267,72,488,499,484,196,95
222,18,127,471,510,483,497,184,49,370,42,250
222,19,101,63,212,376,383,408,66,127,22,174
222,20,464,247,366,507,228,78,215,258,457,335
222,21,464,242,337,287,18,474,100,171,456,91
222,22,293,86,77,78,264,81,223,41,181,196
222,23,390,146,163,95,476,236,363,84,170,69
222,24,87,12,335,35,356,503,233,160,205,41
222,25,208,155,45,135,167,161,214,446,385,395
222,26,348,456,129,484,330,424,248,335,48,125
222,27,456,294,234,363,422,206,415,12,84,181
222,28,217,246,37,220,290,143,228,30,218,459
222,29,128,426,291,52,329,265,160,387,34,220
222,30,90,33,188,92,438,427,448,138,288,388
222,31,340,122,160,197,416,150,170,347,319,92
222,32,51,444,91,406,79,151,54,229,480,77
222,33,72,297,289,324,372,488,503,499,343,466
222,34,127,471,497,510,386,483,49,503,370,184
222,35,63,249,101,217,383,449,156,72,117,115
222,36,184,464,247,43,239,132,366,215,41,450
222,37,337,464,466,287,242,18,86,456,171,405
222,38,293,77,81,86,78,181,223,264,41,30
222,39,146,170,141,390,304,101,176,163,476,416
222,40,244,383,390,422,203,285,227,215,278,65
222,41,94,180,326,484,226,434,67,151,220,215
222,42,428,476,322,123,472,287,119,473,303,87
222,43,335,509,395,104,92,336,377,178,217,180
222,44,158,440,43,4,51,189,289,176,196,121
222,45,140,406,479,34,28,48,359,365,282,426
222,46,77,256,239,188,340,141,171,469,388,504
222,47,142,78,272,280,11,85,424,329,1,185
223,0,188,485,80,222,286,342,28,324,215,224
223,1,303,437,225,261,128,434,157,60,174,38
223,2,135,436,457,286,89,171,143,87,81,321
223,3,342,221,478,35,139,290,86,269,128,197
223,4,184,191,431,292,168,447,317,341,354,322
223,5,11,20,75,244,259,420,180,340,399,112
223,6,179,151,359,47,78,430,498,329,272,436
223,7,174,295,220,437,175,208,325,380,468,177
223,8,106,470,243,116,119,497,359,449,336,445
223,9,208,21,145,358,135,281,293,502,353,339
223,10,469,349,248,5,126,359,95,46,350,471
223,11,301,324,306,337,335,448,189,234,154,197
223,12,377,438,247,317,470,480,415,82,227,312
223,13,31,390,436,348,39,176,257,383,264,340
223,14,425,403,33,261,101,43,167,52,178,416
223,15,122,340,416,150,160,170,319,492,197,69
223,16,444,456,54,406,79,462,66,199,9,229
223,17,289,421,297,431,182,316,260,296,36,460
223,18,450,90,306,241,287,109,185,331,340,477
223,19,273,217,249,72,156,258,63,318,245,119
223,20,184,366,448,43,239,41,450,132,5,294
223,21,239,136,281,307,171,86,67,405,305,56
223,22,255,469,65,186,125,463,494,39,225,20
223,23,511,476,170,304,176,53,101,141,124,163
223,24,106,470,321,501,116,497,119,48,311,467
223,25,208,145,358,428,281,385,18,339,38,21
223,26,248,349,469,359,339,5,380,168,201,186
223,27,301,324,288,448,339,245,313,306,472,234
223,28,438,470,247,377,317,227,58,415,193,480
223,29,31,176,348,390,383,436,62,114,257,103
223,30,403,167,425,261,33,178,471,43,193,101
223,31,416,492,482,170,319,122,23,229,197,340
223,32,444,406,357,79,151,54,303,279,462,77
223,33,444,289,182,339,416,297,481,36,170,421
223,34,90,306,241,348,61,412,109,331,56,477
223,35,273,72,217,249,449,423,156,119,115,117
223,36,184,132,450,239,448,41,294,43,5,415
223,37,239,67,136,86,281,305,78,171,449,466
223,38,255,125,65,186,463,469,494,225,39,179
223,39,304,141,170,176,101,476,416,511,180,424
223,40,390,203,383,422,285,498,334,399,215,329
223,41,151,49,209,326,220,160,418,246,215,145
223,42,473,448,355,16,123,304,20,480,482,177
223,43,395,104,92,233,335,178,223,15,354,386
223,44,473,55,237,446,272,176,133,440,121,120
223,45,470,140,2,189,454,84,351,250,230,390
223,46,181,66,392,211,322,332,169,276,57,378
223,47,149,320,492,326,336,379,480,337,281,349
224,0,384,378,427,190,138,463,295,102,34,316
224,1,203,102,303,18,209,378,280,272,420,265
224,2,436,451,495,30,280,367,326,321,189,334
224,3,342,86,175,1,237,478,505,102,184,31
224,4,184,54,292,168,393,311,399,102,354,468
224,5,391,20,160,11,290,133,420,414,259,487
224,6,255,498,47,250,73,142,137,151,430,285
224,7,168,322,374,220,208,295,380,117,503,352
224,8,162,311,116,419,501,372,389,192,106,123
224,9,208,21,395,145,503,502,157,135,349,40
224,10,248,5,349,131,425,419,490,96,350,95
224,11,335,337,17,306,288,234,154,43,472,103
224,12,313,98,312,227,154,438,401,14,114,247
224,13,31,176,348,201,390,265,39,114,257,383
224,14,425,403,450,34,18,485,10,461,261,6
224,15,340,122,197,160,184,209,229,416,150,69
224,16,444,199,54,79,202,297,180,77,456,229
224,17,289,296,170,260,421,454,93,297,221,276
224,18,219,306,241,61,109,58,287,450,395,412
224,19,217,249,78,80,273,117,263,245,492,329
224,20,511,75,41,415,366,237,184,479,167,119
224,21,281,136,351,239,86,305,67,92,78,495
224,22,255,429,125,186,424,320,225,469,224,303
224,23,476,416,170,275,176,337,22,117,511,236
224,24,162,501,311,116,113,450,470,291,405,389
224,25,208,21,395,145,18,135,385,146,339,349
224,26,248,349,5,425,350,339,62,201,76,131
224,27,335,288,245,234,337,27,306,17,339,448
224,28,227,98,313,438,193,58,312,470,114,154
224,29,114,176,348,390,31,383,264,201,62,39
224,30,425,34,18,22,403,471,261,461,58,33
224,31,340,122,197,160,416,170,184,209,150,347
224,32,444,229,79,54,199,406,151,77,202,456
224,33,289,170,297,260,296,421,93,454,481,416
224,34,306,61,241,219,152,90,58,395,412,406
224,35,249,117,217,80,273,323,115,449,437,72
224,36,511,415,41,167,184,43,75,366,119,237
224,37,351,78,281,86,305,67,239,164,495,136
224,38,125,255,429,186,424,303,320,224,225,469
224,39,170,416,176,476,275,337,117,101,511,10
224,40,383,171,285,227,390,203,6,498,65,430
224,41,220,151,49,326,175,424,418,316,425,216
224,42,137,355,304,139,123,448,482,394,177,120
224,43,104,395,335,92,178,15,233,137,386,267
224,44,28,55,237,446,473,120,176,272,440,186
224,45,140,454,470,189,230,447,351,390,426,84
224,46,75,392,336,214,322,332,252,199,378,193
224,47,320,270,298,492,31,336,461,480,501,326
225,0,427,34,384,458,66,473,246,288,479,171
225,1,102,420,240,293,209,62,303,336,280,307
225,2,436,451,30,304,399,161,495,321,367,507
225,3,364,185,102,478,86,342,221,184,31,404
225,4,324,184,292,54,399,311,168,51,468,130
225,5,391,133,160,20,11,430,2,290,414,158
225,6,255,250,498,47,73,137,142,311,151,83
225,7,365,5,220,374,168,322,214,380,352,208
225,8,465,162,311,405,419,501,372,389,256,106
225,9,208,146,21,145,339,349,39,403,18,395
225,10,248,425,31,369,95,349,5,350,131,302
225,11,335,337,301,43,306,288,453,448,17,106
225,12,313,224,227,460,252,312,98,247,193,114
225,13,114,348,176,39,31,201,383,270,390,480
225,14,425,18,73,22,261,34,58,403,101,43
225,15,122,340,197,160,416,170,69,157,395,150
225,16,444,54,63,199,79,297,77,229,462,202
225,17,289,170,260,421,297,93,296,312,481,261
225,18,381,306,61,241,150,152,58,395,412,192
225,19,429,249,117,78,217,80,323,273,398,396
225,20,511,75,184,370,41,167,415,119,450,133
225,21,305,351,281,76,495,473,86,164,239,322
225,22,186,386,255,429,125,424,469,121,303,208
225,23,476,170,176,22,117,416,275,511,236,216
225,24,465,501,113,162,405,311,372,243,291,496
225,25,208,146,18,21,339,145,403,135,349,428
225,26,248,339,186,369,425,5,31,349,302,95
225,27,335,334,245,306,301,288,337,339,480,433
225,28,313,224,460,227,98,252,15,58,47,114
225,29,114,176,383,49,39,348,31,486,264,390
225,30,425,22,471,34,261,43,18,178,170,207
225,31,197,340,122,416,170,184,229,201,165,69
225,32,444,229,151,77,79,406,93,202,54,327
225,33,289,170,416,481,297,421,261,296,97,312
225,34,61,381,150,412,306,241,152,90,395,58
225,35,117,323,249,429,80,115,46,364,273,449
225,36,511,184,370,41,75,119,43,415,450,257
225,37,351,305,495,281,76,78,164,449,56,473
225,38,386,125,429,186,255,424,303,121,224,225
225,39,170,176,476,117,275,337,141,416,10,53
225,40,383,285,171,390,65,6,422,498,227,288
225,41,175,151,49,326,220,316,424,95,274,107
225,42,137,355,304,139,448,482,394,120,351,177
225,43,104,335,395,92,233,386,178,137,15,312
225,44,28,55,237,473,176,446,272,120,440,372
225,45,140,470,454,189,230,390,368,244,426,250
225,46,214,332,392,336,322,75,57,252,199,276
225,47,270,320,336,298,31,492,480,326,349,54
226,0,316,427,98,167,446,384,401,211,272,10
226,1,240,420,62,293,336,40,302,34,487,363
226,2,436,451,263,367,439,404,491,30,38,287
226,3,102,478,18,248,237,342,275,37,207,406
226,4,445,67,184,321,354,168,96,69,508,467
226,5,470,275,485,391,131,90,367,415,505,5
226,6,255,137,73,47,495,498,113,142,471,42
226,7,214,318,503,132,352,43,281,473,146,380
226,8,465,501,311,192,405,113,162,226,372,467
226,9,208,339,21,18,145,146,148,349,281,455
226,10,248,339,95,302,378,425,186,201,168,131
226,11,335,245,348,448,27,306,487,46,32,337
226,12,299,223,98,227,303,15,282,313,58,502
226,13,114,383,39,176,348,31,441,49,429,201
226,14,425,22,261,228,346,463,178,402,6,34
226,15,197,340,416,170,122,229,326,184,201,492
226,16,77,444,229,93,122,357,151,406,79,29
226,17,170,289,481,416,378,297,421,296,93,241
226,18,61,412,152,62,306,381,241,58,168,192
226,19,117,323,249,115,419,396,432,493,245,0
226,20,184,41,140,167,119,511,43,450,235,192
226,21,351,331,156,449,495,268,151,292,86,502
226,22,349,215,328,8,499,113,52,225,53,156
226,23,170,476,53,180,124,22,216,176,10,386
226,24,501,465,113,226,467,162,243,192,311,450
226,25,208,339,18,21,145,148,455,146,428,135
226,26,339,248,302,5,168,419,236,186,344,253
226,27,245,487,339,288,348,335,46,334,340,448
226,28,223,299,303,282,98,227,242,58,321,15
226,29,114,176,383,49,441,427,31,265,60,261
226,30,22,471,425,261,33,178,279,463,185,228
226,31,197,340,416,170,482,229,326,201,122,492
226,32,77,444,93,357,29,229,122,406,54,151
226,33,416,289,481,297,170,241,378,444,86,421
226,34,61,412,62,168,108,90,306,58,152,246
226,35,117,323,249,115,419,337,493,364,216,72
226,36,184,140,43,257,41,450,294,192,167,164
226,37,331,351,268,156,449,495,292,201,502,94
226,38,113,215,349,8,499,52,328,253,225,434
226,39,170,141,180,476,326,220,53,176,386,304
226,40,285,422,383,166,390,334,274,182,65,19
226,41,95,316,326,175,160,220,274,134,386,93
226,42,163,327,186,362,369,491,216,120,379,131
226,43,104,303,335,106,386,233,94,221,509,336
226,44,258,117,465,176,250,133,364,289,452,122
226,45,447,390,154,368,307,250,11,263,457,426
226,46,332,12,222,276,166,15,381,441,459,373
226,47,458,446,102,131,93,39,185,9,360,509
227,0,32,278,71,160,130,79,279,88,437,330
227,1,471,447,71,215,427,112,336,53,483,371
227,2,483,250,451,436,101,488,328,404,216,380
227,3,102,478,272,354,135,357,495,31,248,59
227,4,440,245,196,354,499,445,430,184,248,473
227,5,456,273,258,470,96,367,508,271,249,337
227,6,6,137,452,469,258,50,136,255,166,218
227,7,214,268,269,24,146,503,170,67,318,264
227,8,467,465,321,168,480,501,362,192,226,113
227,9,208,281,339,18,455,6,146,120,21,181
227,10,248,302,339,472,186,5,328,131,364,344
227,11,339,245,448,460,487,348,335,27,324,489
227,12,409,248,406,463,47,415,484,227,247,380
227,13,383,114,348,39,49,31,441,60,486,124
227,14,22,261,228,503,178,33,167,425,463,471
227,15,416,492,197,170,326,482,319,23,465,155
227,16,77,444,357,406,122,29,151,93,79,462
227,17,289,416,481,297,421,339,444,241,170,182
227,18,21,464,412,61,434,192,393,108,472,137
227,19,117,323,216,419,72,115,493,46,22,119
227,20,184,451,497,199,164,43,322,450,41,294
227,21,151,156,104,3,388,495,449,208,94,331
227,22,507,426,461,112,276,177,150,471,192,422
227,23,326,180,170,10,53,304,141,476,220,386
227,24,467,480,321,83,3,243,226,168,122,501
227,25,339,428,18,281,208,455,306,247,148,181
227,26,339,302,248,168,5,472,186,419,344,359
227,27,489,339,245,487,46,301,324,348,460,448
227,28,409,248,463,406,47,484,415,247,282,276
227,29,60,49,114,383,427,486,348,104,3,441
227,30,22,503,471,279,463,228,178,261,167,4
227,31,482,492,326,465,229,416,197,421,319,23
227,32,77,444,93,357,253,29,122,151,104,372
227,33,416,241,289,481,444,339,18,297,358,13
227,34,61,464,21,434,393,412,137,90,348,432
227,35,117,419,323,216,337,168,118,115,76,327
227,36,184,451,497,257,199,450,164,294,41,192
227,37,104,3,156,151,449,94,495,208,504,336
227,38,461,507,426,276,112,150,471,115,177,192
227,39,170,326,141,220,180,386,432,41,410,99
227,40,425,422,166,285,19,334,274,383,217,182
227,41,95,501,283,160,468,386,71,134,326,316
227,42,163,56,327,426,225,379,186,55,299,120
227,43,303,391,104,156,106,233,221,386,243,257
227,44,79,258,176,117,465,133,33,479,364,452
227,45,390,447,154,11,307,250,368,457,114,263
227,46,12,166,222,332,276,15,373,196,121,459
227,47,88,8,431,102,93,226,188,131,357,509
228,0,120,139,369,403,492,327,338,68,97,349
228,1,16,156,243,212,224,465,330,498,99,454
228,2,168,265,466,196,355,175,124,406,173,74
228,3,102,478,406,122,254,440,166,358,59,33
228,4,217,36,204,229,354,321,413,416,42,454
228,5,367,61,249,52,470,218,296,505,121,402
228,6,278,353,393,82,212,300,136,469,486,347
228,7,146,269,501,24,318,393,413,214,418,28
228,8,467,113,321,192,83,122,157,501,272,168
228,9,18,339,281,257,120,219,174,6,201,428
228,10,248,302,339,168,419,231,351,151,6,25
228,11,460,348,245,46,487,489,480,27,276,195
228,12,282,242,321,360,209,44,413,269,331,367
228,13,114,383,419,49,169,377,266,457,465,124
228,14,22,471,228,463,376,425,170,503,261,81
228,15,201,197,482,421,229,326,319,465,214,355
228,16,372,444,77,104,253,200,93,445,24,357
228,17,289,170,241,416,481,378,211,207,252,432
228,18,207,61,327,393,192,394,412,266,437,129
228,19,419,117,323,493,441,115,246,316,216,337
228,20,164,235,184,125,199,266,450,192,41,57
228,21,156,151,223,458,449,59,351,201,495,335
228,22,295,142,369,379,113,396,269,404,342,414
228,23,170,386,326,220,180,319,53,216,293,500
228,24,113,272,496,467,122,321,192,20,155,501
228,25,18,120,339,208,428,219,201,281,315,174
228,26,339,302,236,168,248,419,6,186,494,151
228,27,460,245,348,46,487,195,480,27,489,287
228,28,282,242,360,331,269,214,75,321,209,233
228,29,114,176,49,419,383,422,465,104,367,265
228,30,471,22,425,463,228,142,170,261,178,81
228,31,201,482,197,340,229,326,453,170,23,87
228,32,372,93,77,444,104,253,406,357,303,445
228,33,289,416,297,481,170,241,378,444,252,124
228,34,61,327,207,54,298,90,255,129,412,394
228,35,117,323,419,249,115,62,216,364,432,73
228,36,184,235,450,125,164,43,199,167,41,294
228,37,351,449,223,59,201,156,354,335,458,311
228,38,142,369,113,295,379,396,468,404,290,342
228,39,141,170,117,176,326,180,263,220,304,476
228,40,422,390,217,334,383,285,182,6,475,385
228,41,175,316,95,380,12,326,134,71,386,204
228,42,68,369,327,257,22,134,44,299,186,92
228,43,303,94,335,336,509,104,233,498,376,395
228,44,258,270,260,133,117,182,65,231,430,293
228,45,154,250,390,307,11,244,323,140,368,263
228,46,41,245,166,281,332,122,459,441,425,222
228,47,136,458,155,125,102,442,199,242,185,297
229,0,361,101,76,301,21,293,218,467,217,177
229,1,250,226,230,61,16,198,76,424,493,216
229,2,196,483,354,490,402,168,406,133,166,466
229,3,102,478,495,166,254,135,59,406,480,285
229,4,265,449,175,354,36,204,217,321,229,109
229,5,206,296,367,37,249,470,407,415,121,235
229,6,236,382,175,278,87,243,353,137,300,82
229,7,146,470,269,214,473,24,318,393,305,501
229,8,113,465,496,321,122,192,386,311,467,178
229,9,335,208,18,120,6,428,339,146,21,281
229,10,248,302,339,186,446,253,419,168,378,364
229,11,348,245,335,480,148,460,487,448,324,27
229,12,243,400,484,380,379,282,227,144,278,367
229,13,114,39,383,233,49,486,441,176,124,428
229,14,463,489,471,22,425,170,261,376,228,178
229,15,482,23,319,492,326,201,229,197,170,453
229,16,444,104,77,406,372,303,79,357,445,122
229,17,289,444,416,481,170,297,241,339,86,20
229,18,21,61,255,183,108,192,90,348,137,472
229,19,117,62,216,323,46,419,33,493,441,234
229,20,184,199,164,450,136,43,322,294,288,166
229,21,156,151,292,449,425,111,138,335,470,419
229,22,440,221,328,441,434,416,444,243,297,199
229,23,326,10,170,141,304,220,180,293,53,500
229,24,122,321,467,386,83,168,113,299,362,157
229,25,428,18,281,335,208,339,53,253,120,219
229,26,168,302,186,339,472,446,419,96,248,359
229,27,460,339,348,489,301,324,448,480,487,245
229,28,243,484,400,380,282,47,44,255,278,144
229,29,486,49,114,383,103,60,233,88,39,427
229,30,471,463,22,489,228,503,261,178,170,4
229,31,482,492,229,326,23,319,201,421,170,416
229,32,303,253,444,77,357,104,406,372,93,79
229,33,444,416,481,241,339,358,13,20,289,297
229,34,61,21,255,348,90,183,27,137,108,393
229,35,216,117,419,323,364,1,485,119,441,115
229,36,184,199,450,322,164,257,294,134,136,43
229,37,156,425,111,449,138,292,151,335,419,327
229,38,441,221,440,328,215,434,444,374,416,243
229,39,326,141,432,293,170,220,180,304,99,488
229,40,385,334,422,217,285,475,390,274,182,19
229,41,71,95,246,134,160,215,204,386,330,175
229,42,216,327,299,387,369,186,55,92,75,379
229,43,303,157,257,408,221,216,376,275,243,335
229,44,258,133,117,466,465,65,182,145,260,197
229,45,154,263,250,307,390,323,176,492,214,457
229,46,122,425,332,276,222,3,166,441,475,218
229,47,446,39,102,458,185,93,8,9,469,454
230,0,130,330,32,71,361,278,279,160,437,260
230,1,112,250,471,59,427,416,371,275,217,216
230,2,250,483,354,490,380,326,189,345,281,226
230,3,478,357,166,354,272,135,267,495,59,417
230,4,440,359,196,245,499,217,354,109,4,285
230,5,456,96,273,479,206,258,249,489,271,367
230,6,236,382,452,166,50,258,469,278,175,6
230,7,24,268,269,146,170,393,266,470,280,88
230,8,467,321,122,362,453,386,3,113,157,472
230,9,281,120,6,339,428,18,305,181,208,335
230,10,302,472,221,339,251,186,168,248,94,25
230,11,487,489,276,245,460,348,303,182,349,472
230,12,409,248,484,463,243,406,380,415,47,144
230,13,383,49,434,88,39,486,114,3,441,343
230,14,503,463,228,471,170,22,178,4,376,289
230,15,482,421,492,319,326,229,465,201,443,214
230,16,444,24,357,372,150,406,104,314,445,410
230,17,444,416,241,289,18,20,481,339,13,76
230,18,464,21,434,61,472,330,192,191,27,393
230,19,216,117,118,485,419,1,202,441,323,493
230,20,184,199,164,322,497,451,450,129,288,294
230,21,156,3,104,151,138,425,449,208,327,419
230,22,471,112,177,441,461,426,276,150,507,422
230,23,326,141,180,432,293,10,220,304,479,255
230,24,467,321,362,122,83,386,299,453,418,243
230,25,281,428,339,253,247,305,18,306,509,181
230,26,472,168,302,339,133,359,25,295,222,511
230,27,489,303,313,186,301,324,182,448,344,487
230,28,248,484,409,463,44,243,406,489,282,80
230,29,334,383,486,49,434,60,114,161,39,88
230,30,503,471,4,463,167,22,228,279,289,145
230,31,482,492,421,443,326,319,229,214,176,407
230,32,444,24,150,357,410,372,253,77,314,104
230,33,444,18,20,241,416,13,76,289,9,170
230,34,434,464,61,137,21,90,393,191,27,330
230,35,216,117,485,419,118,364,202,441,106,1
230,36,199,184,322,451,497,450,164,257,129,134
230,37,3,104,156,138,425,449,327,335,208,336
230,38,471,112,461,426,276,441,150,177,507,422
230,39,432,326,293,141,180,220,479,170,488,41
230,40,385,422,217,334,83,19,425,285,475,274
230,41,71,246,215,134,95,386,131,330,501,160
230,42,56,426,327,299,55,379,225,75,92,406
230,43,157,303,216,408,376,257,391,354,275,221
230,44,258,133,466,65,117,465,79,197,182,260
230,45,154,263,307,250,323,176,390,211,11,214
230,46,122,425,3,441,166,276,222,475,15,332
230,47,8,102,185,93,88,9,469,454,188,357
231,0,479,352,338,403,369,293,139,327,471,349
231,1,99,243,454,465,47,183,273,65,296,384
231,2,168,355,410,173,478,192,117,165,124,74
231,3,440,478,122,221,501,102,308,358,156,260
231,4,133,217,53,239,112,36,416,159,364,204
231,5,77,489,203,479,367,360,200,505,470,423
231,6,26,393,82,197,121,300,469,357,135,206
231,7,24,31,343,88,393,73,146,250,501,472
231,8,362,467,369,321,113,83,176,243,212,226
231,9,281,247,509,6,339,428,474,18,189,305
231,10,472,168,448,302,251,133,236,221,359,266
231,11,303,487,313,186,182,29,31,344,489,324
231,12,121,69,91,44,331,497,282,370,222,352
231,13,383,49,39,88,434,161,367,167,177,301
231,14,503,471,311,420,167,142,228,400,463,343
231,15,492,482,319,45,326,421,443,176,23,407
231,16,444,357,314,150,279,24,79,406,410,253
231,17,289,18,241,9,444,76,349,297,252,339
231,18,25,3,235,191,214,61,487,252,393,117
231,19,216,485,117,268,97,202,493,323,316,419
231,20,322,184,129,164,125,199,235,450,283,190
231,21,156,458,425,335,206,223,330,58,442,327
231,22,396,348,290,305,389,230,269,369,70,51
231,23,326,180,141,432,255,409,125,304,293,41
231,24,467,321,362,83,418,122,113,243,369,176
231,25,247,281,509,339,428,253,208,474,6,18
231,26,472,168,236,133,448,302,359,266,511,339
231,27,303,301,186,313,344,324,31,489,182,448
231,28,121,69,91,331,44,353,179,370,222,281
231,29,114,383,465,161,167,175,422,49,171,367
231,30,142,311,503,420,167,471,463,228,343,400
231,31,492,326,482,416,176,45,319,421,443,23
231,32,444,357,79,77,253,314,406,122,24,104
231,33,289,297,241,416,252,170,18,349,339,312
231,34,25,76,61,117,54,3,487,90,235,129
231,35,117,373,216,419,323,493,168,249,115,210
231,36,235,184,322,450,164,199,257,41,129,57
231,37,351,311,449,345,156,199,201,330,223,206
231,38,290,305,389,396,348,51,369,495,230,70
231,39,180,117,141,250,326,432,155,74,255,170
231,40,422,6,334,28,217,285,385,455,383,317
231,41,218,196,330,215,316,131,204,100,12,343
231,42,257,22,479,187,245,267,472,327,138,97
231,43,336,94,408,303,104,354,233,257,181,335
231,44,270,133,303,472,466,258,117,293,65,173
231,45,149,154,316,307,457,390,15,429,263,5
231,46,161,166,492,276,459,441,499,425,318,15
231,47,297,29,12,199,392,102,93,372,454,469
232,0,321,264,132,36,312,430,346,16,197,39
232,1,164,3,189,435,29,262,423,61,230,5
232,2,359,303,249,414,490,164,44,341,493,292
232,3,279,478,102,495,122,135,264,440,308,248
232,4,161,36,354,267,53,217,159,371,416,204
232,5,146,54,367,255,77,24,249,470,233,479
232,6,161,82,243,300,3,444,469,224,377,87
232,7,14,24,146,449,283,214,439,128,73,343
232,8,19,169,467,418,226,122,242,32,321,113
232,9,339,18,219,6,257,148,428,281,120,247
232,10,168,446,339,302,291,472,248,448,186,364
232,11,245,348,448,52,487,489,480,27,80,276
232,12,278,231,267,370,400,255,416,44,380,379
232,13,383,114,169,49,124,486,39,233,266,3
232,14,228,463,145,22,503,178,279,471,343,261
232,15,326,492,88,482,499,465,170,23,197,201
232,16,357,444,253,79,406,77,502,29,372,104
232,17,241,289,416,481,170,231,339,76,77,316
232,18,61,43,417,198,255,183,214,412,508,192
232,19,400,323,493,117,216,432,419,115,507,72
232,20,164,184,199,450,129,294,266,43,322,430
232,21,449,111,156,148,236,335,183,351,151,216
232,22,440,375,428,28,416,334,328,307,434,48
232,23,180,141,255,437,170,386,264,326,304,259
232,24,169,19,83,418,321,226,32,467,122,242
232,25,18,339,428,208,148,335,145,247,306,138
232,26,168,446,339,302,133,186,291,248,146,472
232,27,348,301,480,245,186,52,448,324,29,188
232,28,278,267,400,231,255,370,484,44,243,416
232,29,49,114,486,383,82,217,233,39,303,88
232,30,228,463,471,279,22,145,178,425,167,43
232,31,326,492,482,416,499,23,201,197,170,465
232,32,253,357,104,77,93,79,444,502,29,303
232,33,481,241,416,289,77,358,339,297,170,231
232,34,61,43,90,183,255,348,198,417,214,412
232,35,400,117,323,419,216,493,432,364,115,366
232,36,184,164,450,294,257,43,199,119,129,322
232,37,449,148,111,156,183,216,335,405,201,236
232,38,375,440,428,334,28,416,48,328,307,434
232,39,180,141,170,264,437,255,304,176,109,117
232,40,334,383,390,160,455,422,285,475,217,189
232,41,430,316,175,204,95,274,343,326,215,196
232,42,186,216,327,255,214,387,40,299,120,364
232,43,257,335,127,386,340,408,104,303,243,509
232,44,211,133,117,468,328,258,106,447,465,249
232,45,263,323,415,307,33,445,11,214,390,68
232,46,191,218,332,276,459,475,3,205,15,166
232,47,39,232,458,446,454,24,175,162,469,9
233,0,278,234,123,188,149,411,70,330,440,279
233,1,59,437,471,261,427,217,333,94,216,170
233,2,135,494,436,457,250,414,361,81,143,97
233,3,342,35,478,279,52,248,102,495,357,135
233,4,417,431,440,191,354,438,447,260,184,359
233,5,75,258,24,399,146,370,434,273,255,233
233,6,99,166,421,50,82,243,161,360,300,324
233,7,295,214,309,268,502,146,14,259,439,381
233,8,19,418,226,168,467,242,321,501,386,401
233,9,145,293,208,18,285,339,6,349,148,497
233,10,469,168,339,186,233,248,421,302,133,146
233,11,348,448,324,301,480,230,306,27,487,245
233,12,438,409,377,370,463,255,111,415,484,449
233,13,49,39,340,383,441,377,46,508,217,139
233,14,167,43,268,261,425,318,101,471,178,53
233,15,122,416,197,492,319,150,23,326,340,236
233,16,444,77,79,357,279,199,229,54,406,122
233,17,297,481,289,182,339,444,170,421,194,416
233,18,61,241,434,90,412,348,477,166,508,330
233,19,117,323,432,119,364,216,400,72,97,226
233,20,448,184,119,450,199,43,294,262,164,38
233,21,449,156,104,335,260,213,495,399,236,476
233,22,39,112,494,471,177,461,276,342,422,374
233,23,180,304,170,53,141,326,181,101,437,432
233,24,83,321,243,501,106,467,226,450,150,93
233,25,208,281,247,145,18,339,428,148,353,385
233,26,339,511,168,469,248,222,302,213,186,96
233,27,324,306,301,229,334,188,29,444,425,472
233,28,489,353,415,73,438,368,321,364,385,377
233,29,184,475,49,340,334,39,441,154,114,435
233,30,471,167,318,43,101,425,34,73,503,58
233,31,492,416,319,122,202,23,326,95,170,47
233,32,444,77,79,279,406,357,229,54,111,93
233,33,297,289,481,182,444,339,492,421,416,358
233,34,61,241,348,90,412,434,477,129,508,301
233,35,400,163,323,117,216,364,419,432,493,72
233,36,448,184,199,294,164,450,119,257,129,134
233,37,449,156,104,335,495,216,327,78,236,336
233,38,39,112,471,177,461,368,276,494,374,441
233,39,180,170,141,264,437,109,304,255,99,432
233,40,334,160,383,455,390,285,217,422,274,475
233,41,430,316,95,204,274,326,343,215,196,456
233,42,364,186,327,255,379,59,120,46,299,214
233,43,156,257,408,221,243,440,386,340,303,104
233,44,133,117,33,465,145,328,258,466,260,407
233,45,263,323,445,11,307,214,390,68,368,244
233,46,332,276,459,35,3,381,205,143,222,318
233,47,8,37,454,88,226,102,93,9,469,188
234,0,404,352,481,507,338,428,179,403,327,119
234,1,99,183,273,143,195,465,106,296,384,286
234,2,407,432,355,478,410,124,366,348,155,224
234,3,308,478,440,501,102,221,248,343,135,122
234,4,36,455,239,354,204,133,112,98,285,479
234,5,77,360,200,21,269,203,123,470,489,367
234,6,82,421,99,450,389,12,393,26,357,300
234,7,502,124,297,198,146,116,31,343,494,55
234,8,19,418,83,122,321,226,467,168,60,334
234,9,247,281,18,428,138,339,208,145,226,148
234,10,168,233,302,186,266,339,448,236,133,419
234,11,348,480,448,245,324,29,487,425,186,27
234,12,121,425,69,222,456,255,44,408,321,415
234,13,355,49,167,383,340,275,39,377,217,144
234,14,318,142,228,187,463,471,167,420,88,503
234,15,326,492,465,482,23,319,499,421,416,197
234,16,357,444,104,77,253,79,384,406,372,449
234,17,241,297,289,416,481,339,358,170,18,266
234,18,487,76,508,25,416,61,505,348,393,214
234,19,323,117,216,493,419,285,432,316,115,441
234,20,184,199,235,164,450,322,266,294,257,129
234,21,156,206,311,335,345,442,330,449,146,399
234,22,389,415,290,269,136,468,495,369,201,3
234,23,180,255,141,326,264,170,386,220,500,228
234,24,83,122,321,19,226,467,418,168,60,74
234,25,18,247,428,208,339,281,138,226,253,219
234,26,168,302,233,448,236,339,266,133,186,25
234,27,245,348,487,186,480,448,52,301,229,313
234,28,121,425,456,255,222,415,44,453,69,321
234,29,49,355,383,114,465,175,167,72,39,419
234,30,142,228,279,463,471,178,22,167,170,425
234,31,326,492,482,197,201,499,465,421,416,87
234,32,444,372,357,104,253,29,449,24,77,384
234,33,289,241,416,297,170,425,371,466,18,13
234,34,76,416,508,393,129,505,25,156,321,61
234,35,210,117,419,249,115,493,168,323,110,373
234,36,235,184,464,199,315,41,167,322,13,192
234,37,337,156,311,351,345,171,466,206,442,449
234,38,415,468,273,369,389,290,269,495,500,348
234,39,180,155,386,255,326,141,170,220,74,264
234,40,274,285,217,422,182,504,355,455,334,385
234,41,95,180,94,330,326,484,134,456,386,160
234,42,22,472,479,245,327,97,369,257,45,473
234,43,509,104,233,303,386,336,335,354,294,221
234,44,270,133,258,293,176,65,43,117,499,196
234,45,390,154,447,250,457,28,307,68,11,368
234,46,166,41,314,459,340,276,441,188,122,3
234,47,125,199,297,29,36,102,9,218,469,93
235,0,240,297,71,32,322,160,35,239,33,46
235,1,394,313,386,115,303,80,475,427,190,434
235,2,300,380,444,200,107,294,469,280,334,236
235,3,478,178,102,108,354,272,202,357,197,495
235,4,440,333,130,14,499,379,245,196,354,292
235,5,348,110,47,101,259,456,244,180,96,112
235,6,189,207,68,111,168,452,195,52,310,137
235,7,93,83,220,268,167,166,325,202,115,269
235,8,353,138,113,126,192,168,401,467,321,465
235,9,208,135,152,53,2,18,339,120,6,443
235,10,248,302,265,419,362,339,497,5,24,424
235,11,487,339,335,245,234,348,363,3,337,448
235,12,218,289,410,234,409,406,143,340,168,415
235,13,72,383,303,39,114,348,49,345,328,265
235,14,33,425,228,22,471,250,381,463,503,504
235,15,326,492,482,197,421,201,465,319,23,499
235,16,444,372,357,77,104,24,253,200,122,449
235,17,289,241,416,466,170,297,18,495,294,76
235,18,398,249,178,464,393,468,103,388,282,497
235,19,117,419,110,323,249,101,210,216,493,115
235,20,199,184,13,451,497,95,235,464,215,164
235,21,178,454,156,3,151,163,337,104,456,466
235,22,426,461,32,507,276,112,150,281,74,471
235,23,326,386,220,180,255,141,293,319,453,170
235,24,353,467,122,126,453,321,83,362,239,226
235,25,339,253,53,219,120,281,208,428,18,152
235,26,302,339,472,168,362,151,497,25,90,248
235,27,46,489,339,487,245,276,460,480,182,301
235,28,234,409,289,406,143,218,47,410,463,340
235,29,114,427,348,49,383,72,345,303,486,3
235,30,503,228,471,22,279,33,463,170,4,81
235,31,482,492,326,421,465,201,443,229,87,45
235,32,372,24,444,253,357,104,488,449,77,410
235,33,241,416,289,18,76,13,170,444,179,20
235,34,393,464,398,61,468,178,137,249,434,21
235,35,117,419,168,216,337,118,76,323,115,327
235,36,184,199,451,497,257,164,41,192,450,129
235,37,3,104,156,151,454,94,178,208,335,138
235,38,461,426,32,276,112,507,150,471,309,177
235,39,326,386,220,180,255,141,170,432,293,410
235,40,274,285,422,217,425,504,182,385,455,19
235,41,95,501,330,134,160,386,283,459,326,316
235,42,327,56,163,426,225,379,75,299,55,186
235,43,104,233,303,391,386,106,354,275,156,408
235,44,176,133,79,258,465,65,479,348,346,117
235,45,154,390,447,250,457,426,307,11,68,114
235,46,166,276,441,3,222,464,332,122,196,459
235,47,88,8,102,226,166,269,93,188,131,9
236,0,369,441,119,338,403,501,293,347,359,327
236,1,16,99,243,465,473,212,330,273,39,224
236,2,133,407,124,410,178,168,292,341,31,155
236,3,478,102,501,248,440,406,308,122,358,146
236,4,36,217,98,204,354,416,208,53,44,413
236,5,367,470,77,360,249,332,52,489,296,17
236,6,278,82,300,348,12,421,393,469,258,245
236,7,198,269,146,24,393,313,214,413,284,367
236,8,467,226,122,83,168,321,480,472,157,504
236,9,281,339,18,428,226,219,253,247,148,6
236,10,302,168,151,472,339,236,118,419,351,411
236,11,245,489,460,487,27,46,52,276,348,480
236,12,282,44,124,255,388,209,118,120,214,242
236,13,49,472,383,114,434,419,150,3,167,377
236,14,228,503,170,22,463,471,4,279,81,178
236,15,482,492,326,465,421,443,229,319,45,201
236,16,372,104,357,444,24,303,253,200,150,494
236,17,241,416,289,76,179,13,18,333,170,20
236,18,393,61,412,327,27,461,437,191,230,344
236,19,117,216,419,168,493,115,76,323,316,410
236,20,184,235,243,199,164,257,166,266,450,27
236,21,458,156,151,330,335,223,449,495,153,94
236,22,188,306,379,222,269,142,404,295,202,396
236,23,326,386,220,180,141,255,293,170,319,264
236,24,83,467,321,472,122,432,168,453,480,226
236,25,339,253,428,281,18,315,120,219,148,110
236,26,302,236,151,168,339,472,497,364,253,25
236,27,245,460,487,489,276,46,480,27,52,464
236,28,282,255,44,214,209,388,118,124,321,120
236,29,419,167,114,328,49,472,383,175,465,486
236,30,228,471,22,279,463,170,142,503,178,347
236,31,482,492,326,421,229,465,499,87,196,197
236,32,372,444,357,253,29,494,303,24,104,151
236,33,241,416,289,170,76,13,444,421,179,316
236,34,327,61,437,95,393,412,461,27,129,54
236,35,117,168,419,216,493,115,323,76,110,62
236,36,235,184,199,243,450,257,164,166,136,322
236,37,156,335,138,151,330,449,458,59,351,466
236,38,222,188,142,306,379,369,396,404,468,295
236,39,326,220,141,293,180,255,432,386,170,319
236,40,385,217,422,274,285,504,182,490,31,334
236,41,134,386,160,41,95,71,330,109,326,156
236,42,327,68,44,75,369,92,237,299,183,186
236,43,303,157,275,354,336,216,104,221,233,335
236,44,258,133,65,182,256,25,465,6,84,260
236,45,154,250,323,11,390,316,68,176,278,492
236,46,166,41,245,441,122,425,3,222,15,332
236,47,458,102,136,232,360,9,93,185,302,155
237,0,361,76,101,301,21,293,467,3,245,177
237,1,250,16,61,226,230,493,198,473,76,141
237,2,133,354,196,407,124,341,178,292,166,168
237,3,102,495,478,248,311,308,227,440,480,299
237,4,265,449,175,354,98,416,217,204,445,321
237,5,367,296,206,37,470,249,77,332,345,407
237,6,236,87,175,278,421,82,243,300,382,348
237,7,470,198,146,269,284,305,393,24,214,449
237,8,467,432,353,321,168,122,386,472,226,337
237,9,335,428,18,339,226,181,281,135,53,219
237,10,302,497,253,472,168,400,413,446,339,151
237,11,245,489,487,339,148,276,460,502,46,52
237,12,400,243,484,282,380,255,368,379,278,124
237,13,486,383,472,114,49,155,328,434,88,427
237,14,228,503,170,4,489,471,463,455,22,178
237,15,482,492,421,326,229,319,443,45,214,23
237,16,24,444,372,357,150,303,104,423,488,151
237,17,241,416,13,18,179,20,76,444,289,5
237,18,61,183,27,21,393,230,95,255,191,192
237,19,216,117,168,419,160,485,46,493,115,195
237,20,199,184,136,450,322,288,164,343,257,95
237,21,156,138,425,151,335,111,470,292,419,208
237,22,221,440,434,441,444,328,374,416,222,146
237,23,326,220,293,432,386,141,319,180,488,125
237,24,122,386,453,362,299,83,321,467,472,480
237,25,253,281,428,305,120,219,339,174,110,181
237,26,302,472,268,266,339,151,25,281,186,190
237,27,276,489,487,339,182,245,480,46,267,186
237,28,484,400,243,47,44,282,56,234,255,388
237,29,486,434,114,49,383,88,313,427,328,204
237,30,503,228,471,4,170,289,463,279,81,22
237,31,482,421,492,229,326,443,465,214,407,45
237,32,24,372,494,150,444,357,104,303,488,253
237,33,241,13,416,179,18,76,444,20,167,294
237,34,61,230,27,137,393,191,183,95,21,255
237,35,168,117,216,419,106,441,160,364,115,323
237,36,199,184,450,322,257,164,129,288,136,343
237,37,156,138,425,335,208,111,151,449,336,330
237,38,221,440,434,441,374,444,222,48,416,328
237,39,326,432,220,293,141,386,180,255,319,479
237,40,385,422,217,274,285,19,182,83,504,490
237,41,386,134,71,160,95,330,156,246,109,131
237,42,327,216,75,379,92,44,299,387,369,183
237,43,303,157,216,275,354,376,221,408,233,104
237,44,258,133,182,65,127,465,333,25,466,84
237,45,154,323,250,11,390,176,68,278,492,307
237,46,166,122,441,3,222,425,464,276,318,332
237,47,8,102,175,166,9,93,185,302,24,269
238,0,19,508,289,403,272,75,474,68,119,394
238,1,4,415,99,499,237,403,504,445,160,39
238,2,36,124,348,407,133,478,432,42,31,343
238,3,102,478,308,440,122,501,248,358,156,166
238,4,36,98,217,416,413,354,112,204,234,160
238,5,77,360,367,489,200,479,249,332,260,166
238,6,469,278,82,315,300,370,89,178,463,389
238,7,146,353,24,393,71,198,313,420,206,1
238,8,480,467,122,321,472,83,110,168,297,226
238,9,339,281,253,219,455,428,305,226,120,6
238,10,339,302,87,151,472,90,268,120,25,168
238,11,489,276,487,53,46,245,469,52,150,117
238,12,282,44,404,327,56,399,155,388,214,124
238,13,49,383,114,88,482,29,434,3,419,204
238,14,503,170,5,228,4,279,471,22,81,463
238,15,482,452,465,421,407,229,201,492,326,214
238,16,24,77,122,444,151,423,150,357,372,104
238,17,241,18,416,333,34,179,13,76,20,242
238,18,27,393,500,229,34,165,342,461,230,13
238,19,117,168,216,419,82,195,272,337,323,410
238,20,199,184,117,96,288,164,322,343,298,166
238,21,156,409,138,151,253,335,425,301,495,449
238,22,193,316,396,390,202,384,111,70,374,403
238,23,326,220,293,386,125,432,180,288,488,10
238,24,480,122,83,472,321,467,331,299,362,110
238,25,253,281,455,339,305,428,219,110,315,306
238,26,339,87,472,302,151,236,120,25,364,281
238,27,489,276,46,487,245,469,53,267,182,52
238,28,282,44,327,56,399,155,404,388,214,321
238,29,29,49,114,419,383,486,434,88,167,367
238,30,503,471,228,170,4,5,279,22,347,280
238,31,482,421,229,407,492,214,465,443,326,452
238,32,24,372,444,77,150,357,494,151,423,303
238,33,241,416,179,13,333,76,20,18,444,167
238,34,27,500,230,34,61,393,229,13,461,165
238,35,117,216,168,419,410,323,82,337,115,364
238,36,199,184,164,450,288,96,257,117,322,352
238,37,138,156,335,409,336,425,151,253,449,301
238,38,316,396,193,384,202,390,111,374,403,306
238,39,432,326,220,293,141,180,386,488,255,125
238,40,385,391,422,217,490,83,19,285,334,274
238,41,71,134,160,386,95,246,131,252,330,109
238,42,327,59,237,92,75,44,299,406,183,186
238,43,157,303,216,275,376,408,221,257,354,243
238,44,258,65,133,182,47,303,466,25,465,117
238,45,154,250,435,176,11,323,307,68,429,263
238,46,166,122,441,425,222,3,276,15,332,318
238,47,8,102,185,93,226,37,9,155,454,302
239,0,308,352,119,434,403,327,68,91,426,370
239,1,99,2,342,210,135,143,296,441,4,504
239,2,478,407,366,175,348,124,395,355,410,155
239,3,501,478,308,440,102,122,260,110,77,358
239,4,217,416,112,413,36,234,354,479,98,170
239,5,489,77,360,367,338,479,166,203,200,86
239,6,389,463,450,24,314,315,82,121,508,278
239,7,393,24,55,146,30,1,198,313,233,88
239,8,122,83,480,321,467,299,129,259,176,217
239,9,281,253,356,428,305,181,219,201,226,339
239,10,472,302,25,268,266,236,339,133,487,168
239,11,489,487,276,245,267,303,182,52,349,386
239,12,425,56,44,282,69,382,281,121,124,368
239,13,434,49,167,64,383,226,204,161,453,175
239,14,503,4,170,311,471,228,81,280,289,463
239,15,482,214,229,407,492,443,421,326,319,355
239,16,150,24,423,444,445,357,303,410,372,488
239,17,20,416,13,18,241,76,179,444,333,242
239,18,27,278,230,403,393,13,252,77,191,402
239,19,216,168,117,55,419,195,410,124,363,485
239,20,199,369,288,184,450,213,166,164,322,257
239,21,156,115,138,479,335,253,336,99,58,48
239,22,389,202,396,123,302,70,305,399,131,230
239,23,326,432,293,488,220,298,14,141,125,169
239,24,122,299,217,176,321,480,341,83,362,467
239,25,253,281,356,305,428,174,25,110,271,509
239,26,266,236,472,302,339,487,268,25,344,346
239,27,489,487,276,245,386,182,229,480,267,349
239,28,425,69,44,281,121,56,382,282,431,456
239,29,434,49,175,64,167,383,465,114,419,99
239,30,4,503,228,170,471,142,463,289,311,279
239,31,482,214,229,407,355,421,87,414,157,124
239,32,303,423,445,24,444,150,372,357,410,104
239,33,416,20,13,179,241,444,18,76,333,289
239,34,27,403,230,25,278,34,252,61,13,393
239,35,117,168,216,419,115,316,378,323,55,449
239,36,199,369,450,184,257,235,164,352,129,134
239,37,138,156,335,115,212,449,398,330,336,479
239,38,202,389,396,302,305,70,355,123,222,38
239,39,293,220,326,432,488,141,386,255,125,319
239,40,182,385,217,430,490,31,504,334,62,422
239,41,134,196,71,160,218,109,330,41,278,95
239,42,327,59,490,44,391,183,406,75,316,439
239,43,157,303,275,423,380,336,221,376,216,477
239,44,303,65,466,258,25,133,176,117,407,499
239,45,11,250,429,154,176,307,323,68,457,127
239,46,161,166,222,276,459,318,122,425,55,332
239,47,37,392,232,306,342,102,211,155,315,8
240,0,352,12,403,63,277,481,350,471,327,398
240,1,99,2,210,342,441,183,296,179,344,11
240,2,124,478,175,407,256,366,410,421,348,155
240,3,478,308,176,102,358,122,110,248,440,33
240,4,217,416,455,234,36,479,354,98,112,413
240,5,77,489,21,360,166,36,367,141,249,260
240,6,450,463,24,300,296,170,370,82,393,389
240,7,393,55,30,146,24,198,116,203,1,502
240,8,122,467,321,83,480,299,168,418,472,453
240,9,253,281,219,428,339,18,305,226,181,237
240,10,302,472,266,268,339,78,25,168,487,236
240,11,489,276,487,245,52,182,348,349,267,386
240,12,425,44,56,121,282,408,69,388,382,222
240,13,49,383,204,434,175,167,125,64,183,377
240,14,228,503,4,170,463,279,142,471,289,22
240,15,482,229,214,492,326,407,421,87,465,155
240,16,24,423,444,357,488,445,303,410,150,449
240,17,416,241,76,18,179,13,20,266,242,333
240,18,27,487,230,393,25,506,192,508,156,416
240,19,168,117,216,419,316,115,76,378,493,194
240,20,199,235,164,213,184,450,343,129,257,252
240,21,156,398,335,442,400,199,138,330,206,425
240,22,500,389,136,269,10,468,369,396,495,202
240,23,326,386,141,293,180,255,170,220,125,488
240,24,122,321,83,467,480,299,472,418,277,453
240,25,253,339,428,281,219,18,356,110,305,181
240,26,302,472,266,151,236,268,339,487,448,78
240,27,276,489,245,487,3,182,52,303,480,46
240,28,425,44,121,282,56,69,408,179,456,255
240,29,175,420,419,114,49,465,383,167,434,422
240,30,142,228,503,463,471,170,279,22,178,4
240,31,482,492,229,326,201,87,157,197,465,499
240,32,444,357,488,24,372,303,29,423,104,77
240,33,416,241,289,76,266,270,18,371,170,231
240,34,53,487,416,76,156,27,394,25,61,54
240,35,117,168,378,115,419,127,16,76,493,216
240,36,235,184,164,315,464,257,129,199,213,192
240,37,398,156,330,335,466,449,199,311,236,400
240,38,500,389,468,369,136,396,10,202,269,495
240,39,386,74,141,170,250,220,255,326,180,117
240,40,504,285,422,182,274,217,6,31,189,275
240,41,41,134,95,326,429,380,157,160,484,330
240,42,205,67,187,22,45,97,479,138,177,267
240,43,233,336,104,119,386,303,294,181,335,123
240,44,499,270,313,95,289,176,489,65,191,84
240,45,15,201,5,250,140,426,390,503,154,457
240,46,166,71,392,492,57,276,446,332,499,459
240,47,65,297,29,492,336,102,349,12,281,181
241,0,98,316,401,459,167,175,384,474,62,207
241,1,302,5,238,293,62,262,189,196,34,3
241,2,472,470,439,294,292,106,263,105,454,341
241,3,102,478,168,337,174,248,254,404,501,440
241,4,339,67,267,416,96,402,217,98,287,321
241,5,485,131,119,367,143,470,505,274,249,414
241,6,383,129,495,278,3,12,447,318,471,469
241,7,146,86,429,198,258,214,393,24,420,14
241,8,127,467,168,472,32,322,226,177,321,122
241,9,339,348,18,253,227,228,120,219,257,237
241,10,302,339,497,151,168,362,265,137,472,3
241,11,245,489,46,487,52,325,99,276,380,287
241,12,496,502,120,258,282,255,284,303,326,223
241,13,114,303,383,239,472,205,146,348,270,232
241,14,228,70,22,279,235,419,261,343,170,241
241,15,482,326,492,499,465,229,201,197,170,421
241,16,357,253,444,372,29,24,200,449,488,363
241,17,241,416,289,106,76,140,170,429,242,18
241,18,61,249,98,84,319,393,246,412,95,481
241,19,482,76,493,117,168,115,67,254,419,323
241,20,27,122,41,235,199,257,164,266,184,343
241,21,151,312,449,335,268,330,502,351,495,199
241,22,499,52,306,160,320,23,16,33,349,253
241,23,386,255,507,180,326,141,481,117,319,74
241,24,127,472,467,32,226,360,347,177,122,126
241,25,228,339,227,269,120,471,6,253,237,257
241,26,302,151,291,137,237,168,472,362,364,339
241,27,99,245,52,448,46,489,325,276,344,487
241,28,496,255,120,326,498,282,426,209,502,206
241,29,114,383,118,76,367,303,165,157,34,377
241,30,228,235,178,241,279,22,503,463,343,52
241,31,482,492,326,499,465,284,196,87,170,201
241,32,488,357,42,253,444,29,24,372,449,363
241,33,241,76,141,263,416,140,289,106,231,163
241,34,84,61,56,459,481,93,249,70,129,85
241,35,117,168,76,493,115,419,67,323,249,216
241,36,27,235,164,184,257,122,41,91,266,199
241,37,312,151,268,156,335,351,449,330,94,495
241,38,499,52,306,320,160,253,16,349,33,28
241,39,386,255,170,141,326,220,74,180,488,117
241,40,285,504,274,182,422,383,31,330,6,270
241,41,41,417,326,380,175,475,196,95,134,330
241,42,491,362,78,71,325,327,267,120,216,46
241,43,104,94,386,233,335,336,354,303,181,483
241,44,379,256,220,176,35,133,499,348,69,65
241,45,140,188,11,426,447,405,250,390,33,68
241,46,110,332,218,166,252,359,276,200,43,85
241,47,501,39,178,372,234,175,48,89,226,431
242,0,79,427,54,201,464,138,149,147,24,219
242,1,302,238,62,34,435,445,287,293,29,307
242,2,292,341,439,139,406,470,294,472,198,74
242,3,102,248,478,337,166,495,453,459,37,501
242,4,485,217,339,67,53,44,354,416,267,321
242,5,367,119,136,131,82,415,249,143,485,60
242,6,454,495,444,183,12,129,42,318,300,471
242,7,308,128,146,14,426,24,429,440,86,223
242,8,472,127,122,467,168,321,402,226,299,347
242,9,269,253,228,339,428,237,120,219,474,247
242,10,302,472,237,151,168,81,137,291,339,225
242,11,99,489,52,232,344,245,276,303,46,448
242,12,326,255,209,496,370,4,120,282,498,247
242,13,359,114,383,25,486,182,88,34,382,76
242,14,228,503,343,178,22,436,279,241,20,107
242,15,482,492,326,499,176,465,421,201,87,88
242,16,444,24,357,488,42,372,253,423,449,494
242,17,241,76,140,106,416,301,141,18,289,263
242,18,417,61,84,62,56,70,107,192,79,129
242,19,117,67,115,493,168,216,503,110,419,76
242,20,27,325,91,184,164,199,235,42,494,322
242,21,470,156,335,151,330,449,199,236,201,268
242,22,404,375,52,160,434,306,33,435,28,321
242,23,326,141,386,255,453,180,220,63,170,507
242,24,347,402,467,241,168,127,19,418,321,472
242,25,471,228,339,247,253,428,269,281,34,305
242,26,472,410,302,168,339,151,180,441,137,2
242,27,99,232,489,339,301,303,276,46,344,245
242,28,206,378,370,47,247,255,4,326,252,498
242,29,34,359,486,114,25,157,213,339,383,88
242,30,503,20,228,22,178,343,471,65,167,241
242,31,482,492,326,421,465,176,443,499,229,45
242,32,357,444,24,372,488,253,410,104,42,494
242,33,163,140,241,416,76,18,289,301,321,246
242,34,417,61,56,85,164,393,79,214,485,62
242,35,117,503,216,419,493,115,67,168,110,485
242,36,184,199,164,257,322,27,450,41,129,91
242,37,156,94,470,151,335,138,449,414,268,292
242,38,375,404,52,434,306,160,435,33,307,17
242,39,326,220,141,255,386,170,180,319,293,432
242,40,285,274,422,355,182,217,504,31,455,475
242,41,95,330,134,386,326,41,160,368,459,315
242,42,327,369,71,44,325,299,75,491,261,267
242,43,104,303,233,386,335,354,336,94,221,509
242,44,176,133,65,225,468,258,127,69,348,182
242,45,405,390,154,447,11,250,426,188,457,307
242,46,41,166,332,441,425,276,15,3,222,122
242,47,458,136,52,360,102,93,131,269,185,140
243,0,267,190,362,430,218,186,3,177,306,78
243,1,402,203,477,211,189,85,435,29,196,55
243,2,472,198,307,292,105,341,25,249,271,411
243,3,478,102,495,248,337,383,459,166,122,308
243,4,310,130,405,265,428,74,354,217,203,416
243,5,37,415,455,367,54,493,424,206,379,249
243,6,338,444,263,454,301,313,471,125,140,31
243,7,308,128,164,146,14,429,24,259,449,258
243,8,402,472,122,467,347,168,241,321,226,453
243,9,269,253,204,339,228,39,120,18,281,6
243,10,410,302,472,339,151,168,84,386,180,25
243,11,489,428,303,276,487,52,182,232,99,348
243,12,400,484,47,502,206,395,379,445,247,234
243,13,359,499,34,486,25,383,114,88,434,398
243,14,503,22,228,4,279,289,343,170,376,463
243,15,482,421,492,443,326,465,319,176,407,214
243,16,444,24,150,357,488,122,372,104,314,423
243,17,18,241,76,416,13,20,34,444,140,9
243,18,417,393,61,137,122,21,27,192,214,85
243,19,216,117,503,67,419,332,168,110,195,115
243,20,199,184,322,325,164,129,136,166,288,124
243,21,156,138,208,151,470,335,449,414,141,292
243,22,48,434,146,428,440,374,435,16,328,199
243,23,326,141,220,386,180,293,125,255,432,319
243,24,467,83,122,362,321,347,299,418,402,453
243,25,253,281,339,428,305,509,247,474,219,18
243,26,472,410,302,168,339,133,180,151,2,268
243,27,489,303,276,339,340,487,182,46,186,52
243,28,484,445,206,400,47,44,378,395,282,234
243,29,34,486,359,415,339,114,160,383,434,213
243,30,503,471,228,65,463,4,22,170,167,279
243,31,482,492,421,326,443,176,465,45,229,319
243,32,24,357,372,444,488,150,253,410,104,494
243,33,241,416,18,76,13,444,289,20,179,246
243,34,393,61,137,230,27,191,214,417,502,164
243,35,117,216,168,419,503,327,493,115,485,441
243,36,199,184,322,164,257,129,450,192,294,288
243,37,156,138,208,335,151,111,449,94,336,414
243,38,428,440,48,434,374,307,221,444,16,416
243,39,326,220,141,432,255,180,386,293,170,125
243,40,274,422,285,385,217,355,182,31,19,475
243,41,386,134,330,95,160,459,71,156,326,468
243,42,327,216,369,75,299,379,163,50,387,268
243,43,303,104,354,233,386,408,157,221,275,216
243,44,133,258,65,176,127,465,468,466,348,225
243,45,390,154,250,447,11,307,457,426,33,68
243,46,166,441,464,276,3,425,222,15,332,122
243,47,175,166,102,8,446,93,269,9,185,234
244,0,330,130,32,71,278,409,279,170,437,221
244,1,427,471,112,59,134,71,150,248,416,191
244,2,250,380,307,494,483,101,472,198,81,453
244,3,272,478,357,354,495,267,102,135,130,216
244,4,440,196,245,340,354,499,359,511,323,109
244,5,456,258,273,367,96,249,301,206,225,407
244,6,166,6,258,50,189,338,452,469,243,36
244,7,269,170,268,323,24,146,258,393,280,308
244,8,402,467,347,3,432,168,418,472,19,362
244,9,335,339,53,120,18,253,417,6,491,257
244,10,410,302,472,151,180,339,386,398,168,251
244,11,460,489,245,52,487,276,339,303,182,340
244,12,463,409,248,484,47,406,445,17,415,247
244,13,499,359,34,383,486,114,398,25,434,88
244,14,503,22,228,463,178,20,289,170,343,279
244,15,482,421,492,326,201,465,214,229,88,499
244,16,24,444,372,357,488,104,150,253,494,77
244,17,241,18,416,76,289,20,179,140,301,13
244,18,464,393,434,61,21,417,330,499,192,27
244,19,118,117,503,67,216,419,115,110,493,168
244,20,199,184,164,497,322,451,325,166,129,232
244,21,3,104,151,156,208,138,335,388,94,201
244,22,426,276,112,461,150,507,471,177,146,435
244,23,326,386,141,453,220,255,180,293,319,170
244,24,467,3,122,432,402,83,362,168,321,418
244,25,339,253,18,53,428,281,120,219,6,226
244,26,410,302,472,339,180,168,151,2,251,25
244,27,460,340,489,245,339,46,276,487,52,448
244,28,463,409,445,47,248,484,282,406,206,324
244,29,34,55,486,114,415,499,482,383,339,359
244,30,503,228,22,20,170,463,178,279,4,81
244,31,482,492,326,421,465,499,229,201,197,87
244,32,372,357,253,444,24,29,77,488,494,104
244,33,241,416,289,18,76,170,34,140,339,179
244,34,464,393,61,434,412,137,21,129,432,502
244,35,117,118,419,327,503,115,493,76,337,323
244,36,184,497,199,192,451,164,257,41,322,129
244,37,3,104,151,156,208,94,335,336,449,388
244,38,426,276,112,461,150,507,471,115,177,368
244,39,326,220,386,255,141,180,170,319,293,432
244,40,285,274,355,422,182,425,217,504,455,475
244,41,95,501,368,330,326,160,386,220,283,459
244,42,327,56,163,426,379,225,299,55,75,186
244,43,104,303,386,233,391,106,156,221,137,354
244,44,176,133,79,479,465,65,348,346,69,33
244,45,390,447,154,426,457,250,11,307,114,401
244,46,166,464,276,3,332,441,222,459,15,196
244,47,8,166,88,102,269,226,131,93,188,9
245,0,19,73,129,369,272,68,466,65,207,398
245,1,16,499,465,39,160,237,243,151,99,403
245,2,133,407,124,36,410,292,31,382,341,348
245,3,102,478,440,308,248,122,501,110,254,406
245,4,217,36,98,53,354,479,44,204,159,416
245,5,77,367,360,161,249,470,489,52,479,200
245,6,278,469,82,348,258,300,214,370,315,506
245,7,146,198,24,353,393,71,1,203,269,313
245,8,467,122,480,472,453,504,128,83,321,226
245,9,339,428,18,226,219,281,110,117,253,138
245,10,168,151,302,339,87,472,90,411,236,223
245,11,487,489,46,52,117,27,460,276,469,348
245,12,282,44,388,321,124,242,214,399,255,118
245,13,114,499,49,383,359,482,419,248,88,415
245,14,228,503,4,170,463,22,279,5,81,471
245,15,482,326,492,421,465,201,229,214,499,23
245,16,357,444,24,372,104,253,122,77,200,151
245,17,241,416,76,18,20,34,333,179,289,444
245,18,461,393,229,500,61,34,27,412,191,437
245,19,216,117,118,493,168,419,337,323,432,76
245,20,199,184,164,322,117,235,96,243,257,487
245,21,458,156,409,151,335,104,253,138,449,301
245,22,316,111,384,193,507,396,306,202,422,342
245,23,326,180,141,255,293,220,386,488,72,41
245,24,467,122,480,321,83,472,299,418,292,168
245,25,339,253,428,219,281,247,315,18,117,120
245,26,168,151,339,87,472,236,302,411,223,2
245,27,460,489,46,117,487,52,245,186,276,27
245,28,282,44,255,214,404,209,60,399,321,242
245,29,49,114,419,383,55,486,248,367,88,499
245,30,228,503,279,5,4,463,170,471,22,178
245,31,482,492,326,421,229,465,201,499,87,176
245,32,357,372,444,24,253,122,104,410,151,488
245,33,241,416,76,18,333,444,20,289,13,179
245,34,461,229,393,61,500,34,437,27,129,412
245,35,117,216,118,168,419,493,323,115,337,485
245,36,199,184,164,257,129,322,450,192,235,96
245,37,458,409,156,104,335,151,138,336,449,253
245,38,111,316,384,507,193,396,306,202,115,368
245,39,326,220,255,141,386,180,293,488,432,170
245,40,355,422,285,274,385,217,182,425,475,504
245,41,134,95,330,160,71,386,196,459,246,430
245,42,237,56,327,299,163,186,426,59,55,92
245,43,303,104,233,386,354,391,408,275,157,221
245,44,176,465,65,47,258,133,348,466,303,182
245,45,154,250,457,390,307,447,435,114,11,426
245,46,12,166,276,332,441,222,459,425,3,15
245,47,8,102,226,93,9,509,431,131,185,469
246,0,274,4,126,180,294,162,356,275,156,200
246,1,108,451,394,368,391,475,151,216,376,148
246,2,112,236,346,36,386,81,391,189,48,488
246,3,402,108,478,102,282,328,270,449,462,220
246,4,130,212,223,5,34,114,354,404,238,189
246,5,374,93,312,247,475,153,15,367,80,27
246,6,176,278,140,469,24,288,258,348,360,180
246,7,353,146,258,167,269,155,198,393,123,94
246,8,442,177,432,383,111,453,223,467,47,472
246,9,53,120,339,188,253,18,135,201,106,311
246,10,288,302,87,410,339,151,184,364,398,472
246,11,487,460,489,276,46,245,428,52,339,182
246,12,506,432,78,135,363,282,47,206,289,415
246,13,114,482,499,486,157,339,383,55,415,78
246,14,503,228,22,4,170,289,81,463,376,448
246,15,482,421,492,465,229,326,214,201,319,407
246,16,24,444,372,357,122,488,151,77,494,150
246,17,241,18,416,289,76,20,179,444,13,34
246,18,393,336,435,164,103,27,178,61,192,412
246,19,118,117,216,168,419,337,195,407,503,441
246,20,199,184,164,322,166,343,321,232,235,498
246,21,48,156,151,21,208,138,458,104,79,388
246,22,343,40,387,472,126,465,56,509,74,507
246,23,326,386,220,293,141,319,488,180,255,125
246,24,122,442,467,453,177,299,362,480,83,321
246,25,253,339,53,487,281,305,174,428,18,120
246,26,339,302,288,87,472,151,268,168,386,90
246,27,489,276,46,487,460,339,245,52,340,267
246,28,506,282,432,47,363,44,78,289,56,368
246,29,482,114,486,383,339,49,415,303,434,157
246,30,503,4,228,170,471,22,279,463,178,376
246,31,482,421,229,465,492,201,326,214,407,452
246,32,24,372,444,151,357,494,77,104,122,150
246,33,416,241,18,20,76,289,13,179,444,333
246,34,393,336,61,435,164,137,178,27,103,230
246,35,117,168,419,216,337,323,327,115,76,407
246,36,199,184,192,164,322,257,166,129,450,343
246,37,48,151,156,21,138,208,335,336,79,495
246,38,343,40,472,387,56,126,465,509,292,74
246,39,326,220,386,293,141,255,180,488,432,479
246,40,422,355,274,285,385,182,217,19,504,31
246,41,134,95,160,71,386,459,330,246,93,368
246,42,327,163,91,379,92,75,268,85,299,56
246,43,303,104,275,233,386,354,221,408,243,400
246,44,258,65,133,176,182,465,479,348,117,346
246,45,154,250,390,447,492,11,307,457,68,278
246,46,166,222,3,441,276,122,464,332,459,425
246,47,8,102,166,487,93,9,185,269,226,131
247,0,440,119,352,327,434,403,68,497,394,118
247,1,99,499,456,243,68,2,16,47,135,39
247,2,175,407,478,348,124,327,366,155,217,133
247,3,440,102,501,122,478,358,308,169,189,260
247,4,217,36,112,416,234,133,53,98,204,354
247,5,77,360,489,367,203,479,200,249,166,384
247,6,278,348,121,469,314,389,82,370,463,450
247,7,393,146,24,55,443,198,30,233,190,313
247,8,480,122,83,467,321,299,472,341,418,157
247,9,281,339,253,428,305,18,181,487,110,219
247,10,302,236,266,25,339,268,472,151,411,386
247,11,489,276,487,52,46,267,182,373,245,117
247,12,425,44,282,124,382,281,56,321,69,388
247,13,49,434,383,167,175,88,204,482,465,377
247,14,4,503,228,376,170,5,463,22,187,289
247,15,482,407,214,421,229,465,201,355,414,319
247,16,24,150,444,357,445,488,423,449,122,151
247,17,20,241,416,18,76,179,444,333,13,289
247,18,27,393,230,25,402,487,77,149,192,342
247,19,216,117,419,168,195,124,410,316,272,115
247,20,199,369,164,235,184,322,166,115,129,365
247,21,48,156,138,335,151,458,336,115,79,188
247,22,389,302,188,202,355,511,396,306,70,44
247,23,326,293,432,386,488,72,141,479,180,125
247,24,122,480,299,83,321,467,341,418,362,453
247,25,253,281,356,305,428,339,174,219,18,487
247,26,236,302,266,472,339,151,87,326,268,25
247,27,489,487,276,52,46,182,267,245,212,303
247,28,425,282,44,281,69,214,56,121,124,431
247,29,419,167,49,175,383,114,465,482,434,204
247,30,5,4,503,142,228,22,376,471,289,170
247,31,482,214,229,421,201,407,87,492,355,414
247,32,24,423,444,445,488,357,410,151,104,372
247,33,20,241,416,18,333,76,444,13,289,179
247,34,27,34,230,393,25,61,403,487,252,171
247,35,117,124,216,168,419,337,316,115,323,485
247,36,199,164,129,257,184,192,235,322,166,369
247,37,48,335,156,153,336,79,458,409,138,151
247,38,389,302,202,396,355,511,188,305,342,306
247,39,386,326,141,74,293,488,170,220,255,72
247,40,182,504,274,217,285,31,422,385,475,28
247,41,196,95,134,160,459,218,330,131,71,386
247,42,327,391,237,59,92,299,490,351,75,65
247,43,303,104,233,336,242,275,145,221,354,380
247,44,303,65,283,466,133,176,117,258,25,260
247,45,250,307,154,390,68,457,429,11,229,263
247,46,166,276,161,164,459,318,332,222,441,122
247,47,232,61,210,501,178,102,9,392,185,226
248,0,80,440,317,129,468,368,179,341,466,103
248,1,151,499,180,473,160,487,253,6,27,367
248,2,175,478,124,407,133,348,155,327,31,343
248,3,102,478,122,33,440,308,47,110,77,189
248,4,217,36,416,16,436,204,413,159,354,234
248,5,77,367,360,489,200,479,249,384,269,332
248,6,278,348,469,463,212,314,315,370,24,82
248,7,146,393,71,24,353,198,190,443,203,313
248,8,122,467,321,480,418,299,341,362,83,472
248,9,281,339,253,181,53,8,120,387,475,143
248,10,302,326,288,87,472,386,187,339,388,25
248,11,487,489,276,52,373,46,182,460,314,3
248,12,282,44,425,124,429,388,368,126,56,214
248,13,499,383,49,88,114,452,78,398,415,434
248,14,5,489,503,228,4,170,108,376,463,347
248,15,482,492,421,326,465,334,176,201,214,443
248,16,24,357,488,444,410,150,445,104,122,449
248,17,241,76,20,333,416,18,252,179,444,231
248,18,393,27,500,229,486,34,440,192,461,230
248,19,216,118,117,485,419,168,202,195,493,441
248,20,199,164,322,184,298,129,166,378,96,232
248,21,409,458,156,253,138,335,104,151,327,301
248,22,384,316,111,202,507,396,70,193,115,342
248,23,326,141,255,180,293,386,72,125,488,319
248,24,122,362,418,321,467,83,299,432,480,404
248,25,281,253,53,475,428,509,470,305,339,335
248,26,472,302,133,168,251,2,187,487,339,87
248,27,460,489,303,276,52,182,340,487,46,428
248,28,282,44,69,445,255,425,56,121,202,368
248,29,486,55,499,383,114,248,213,49,434,415
248,30,503,5,228,4,471,145,463,489,343,178
248,31,492,482,421,176,326,443,465,214,45,229
248,32,24,357,410,444,488,150,372,253,314,151
248,33,416,76,241,18,20,9,231,444,333,339
248,34,500,61,34,27,191,229,461,230,393,214
248,35,216,117,118,168,485,419,115,202,323,337
248,36,164,199,129,322,184,257,450,192,298,235
248,37,409,458,335,156,104,336,253,327,138,151
248,38,396,384,111,316,193,507,202,389,368,348
248,39,326,141,255,220,293,386,180,488,432,479
248,40,422,217,355,274,285,385,475,182,317,189
248,41,330,95,134,386,246,196,459,160,430,71
248,42,299,327,56,237,59,186,426,55,163,75
248,43,303,104,408,354,242,391,275,233,336,386
248,44,258,465,133,65,466,176,47,303,117,348
248,45,154,457,250,307,390,11,435,263,211,68
248,46,276,166,12,441,332,425,222,459,318,122
248,47,8,37,102,93,226,509,9,185,469,454
249,0,508,119,19,403,253,272,426,75,350,394
249,1,99,499,135,16,243,441,210,296,39,342
249,2,124,155,348,178,407,133,478,42,175,410
249,3,478,122,102,440,501,308,166,358,156,248
249,4,98,36,217,416,159,170,53,413,234,354
249,5,360,367,77,497,203,479,489,141,166,332
249,6,469,24,278,348,82,443,135,147,49,406
249,7,146,198,269,24,353,413,190,318,393,253
249,8,480,467,217,83,472,321,299,168,122,381
249,9,339,253,455,219,18,281,181,428,148,250
249,10,339,487,151,302,78,411,268,472,90,376
249,11,489,487,46,276,428,245,52,460,267,469
249,12,282,44,214,321,399,388,209,136,242,439
249,13,419,64,49,383,114,499,88,359,446,420
249,14,503,228,170,449,279,22,142,5,4,343
249,15,482,465,201,326,421,407,492,23,87,94
249,16,77,444,151,122,24,357,494,423,150,104
249,17,416,241,252,76,289,242,20,18,23,179
249,18,393,229,461,230,27,61,342,486,412,149
249,19,117,168,216,195,316,76,468,118,337,115
249,20,184,164,235,199,117,322,498,96,343,166
249,21,458,156,151,336,335,153,223,138,94,206
249,22,111,396,188,390,369,269,342,193,306,44
249,23,326,386,288,125,141,220,293,488,180,255
249,24,480,217,467,83,321,122,472,299,381,453
249,25,339,253,281,455,428,305,219,306,18,25
249,26,339,151,302,472,236,487,78,364,326,268
249,27,489,46,460,487,276,428,245,3,267,52
249,28,282,44,214,136,321,399,179,69,209,388
249,29,419,114,465,420,383,49,55,175,499,88
249,30,503,142,5,170,228,279,22,178,471,449
249,31,482,492,465,452,407,421,416,229,201,176
249,32,444,24,151,122,357,77,488,423,314,494
249,33,416,252,289,9,76,231,18,241,20,59
249,34,327,461,394,61,506,82,437,230,393,229
249,35,117,202,216,168,485,115,32,373,67,249
249,36,235,164,184,322,129,199,172,450,91,57
249,37,458,223,156,327,236,206,153,330,151,311
249,38,396,188,390,111,369,222,511,355,306,454
249,39,326,141,250,255,220,63,74,386,180,170
249,40,422,355,285,391,19,275,504,475,6,166
249,41,205,276,196,95,330,252,160,386,134,41
249,42,391,237,68,299,59,327,138,187,22,479
249,43,336,303,354,94,104,181,335,233,242,408
249,44,47,303,258,466,133,25,65,499,197,176
249,45,385,429,11,154,250,5,87,68,457,222
249,46,15,166,276,332,441,222,425,337,85,318
249,47,232,29,297,342,102,439,155,185,93,9
250,0,49,508,16,461,19,308,207,440,350,253
250,1,135,243,99,39,224,212,16,210,342,344
250,2,133,382,36,168,124,407,31,504,292,196
250,3,102,478,122,81,308,257,248,406,275,166
250,4,36,98,354,44,217,16,211,78,159,229
250,5,367,360,497,332,402,384,77,470,296,249
250,6,278,212,469,24,214,82,443,348,455,17
250,7,269,146,413,198,24,318,1,90,313,214
250,8,480,467,472,168,314,504,321,347,372,192
250,9,339,219,455,253,281,428,18,6,188,148
250,10,339,302,151,90,419,472,168,386,411,118
250,11,487,489,3,46,117,276,52,27,157,428
250,12,453,282,179,44,415,388,214,321,341,273
250,13,420,195,49,383,377,481,422,359,128,419
250,14,503,471,167,178,343,228,279,170,400,504
250,15,492,465,482,416,319,326,452,421,23,197
250,16,444,122,77,357,24,151,150,314,406,279
250,17,289,416,425,297,241,371,309,18,106,9
250,18,327,416,394,393,486,61,82,129,156,461
250,19,117,16,216,432,468,115,76,168,493,445
250,20,235,184,164,315,436,498,464,322,199,129
250,21,458,223,156,442,206,151,59,330,299,335
250,22,369,295,269,379,142,10,348,468,342,404
250,23,326,141,250,386,180,255,288,63,125,220
250,24,467,347,321,480,168,418,93,334,450,19
250,25,339,471,208,247,228,281,428,253,358,455
250,26,472,302,339,2,410,151,133,168,243,26
250,27,3,460,489,301,46,303,245,232,487,342
250,28,282,44,202,247,255,353,489,276,143,415
250,29,55,398,499,114,213,383,146,88,359,122
250,30,39,503,126,145,343,489,178,471,333,167
250,31,492,482,176,421,416,443,465,326,407,45
250,32,444,24,314,357,122,77,151,488,410,42
250,33,9,231,416,289,204,76,140,252,59,18
250,34,327,394,61,214,90,493,255,129,461,198
250,35,202,485,216,117,110,168,115,67,507,32
250,36,322,184,164,235,129,172,199,450,315,464
250,37,236,327,223,156,199,311,206,330,345,351
250,38,369,142,468,273,295,379,269,396,10,348
250,39,326,141,63,255,250,180,220,74,432,125
250,40,422,19,285,275,274,475,385,6,504,189
250,41,330,246,380,12,41,386,215,95,71,43
250,42,68,187,138,299,267,22,67,97,325,17
250,43,336,354,303,94,335,104,181,408,509,233
250,44,258,499,133,313,466,294,270,4,197,65
250,45,5,250,154,390,140,15,125,211,132,307
250,46,245,425,441,15,446,166,276,492,122,493
250,47,12,372,297,29,181,125,102,136,185,9
251,0,36,132,264,12,321,209,312,474,63,277
251,1,164,3,435,230,5,262,61,423,189,29
251,2,164,303,359,249,490,44,341,201,97,437
251,3,279,478,102,495,122,248,247,308,440,166
251,4,267,161,354,53,358,36,217,175,310,416
251,5,107,146,54,24,367,233,255,77,272,136
251,6,243,175,224,161,3,87,469,377,278,147
251,7,14,439,24,343,283,449,146,73,31,214
251,8,169,467,242,418,168,32,321,347,226,404
251,9,474,339,434,509,281,335,455,247,428,253
251,10,302,146,472,339,446,133,168,362,386,90
251,11,125,489,283,303,182,487,348,245,301,52
251,12,231,370,278,267,400,419,379,416,243,380
251,13,303,188,122,39,486,383,324,359,499,88
251,14,145,343,503,39,228,489,126,279,4,22
251,15,482,492,465,326,176,421,407,443,45,201
251,16,24,444,357,488,314,73,122,410,423,77
251,17,231,76,416,9,241,20,204,289,140,121
251,18,198,417,43,214,183,255,249,61,90,265
251,19,202,507,216,104,485,160,195,424,62,117
251,20,322,129,164,184,430,42,166,251,199,117
251,21,236,327,111,148,183,156,216,449,335,424
251,22,348,28,328,440,375,428,434,307,334,92
251,23,326,141,125,255,288,409,180,488,10,304
251,24,169,467,362,347,418,321,32,480,334,242
251,25,335,281,253,474,509,428,247,339,305,455
251,26,472,146,133,446,339,302,359,410,362,168
251,27,489,303,125,31,313,301,283,339,232,186
251,28,370,231,278,400,484,267,47,353,379,247
251,29,486,313,233,25,303,213,88,10,161,87
251,30,503,145,343,489,471,167,4,178,400,279
251,31,482,492,176,421,443,407,465,319,326,45
251,32,24,444,151,314,357,150,410,488,279,77
251,33,9,231,416,20,444,140,76,18,121,204
251,34,417,198,214,255,43,183,61,330,90,137
251,35,202,485,216,507,117,364,168,62,424,115
251,36,322,184,129,164,450,430,199,136,288,166
251,37,327,236,111,148,183,156,216,419,449,488
251,38,428,440,375,28,334,307,434,328,348,416
251,39,326,141,432,220,255,180,125,293,409,67
251,40,422,19,83,385,285,317,475,189,166,274
251,41,332,330,430,215,468,325,386,131,246,113
251,42,299,216,40,387,406,327,369,199,316,396
251,43,354,408,157,303,216,127,340,257,242,371
251,44,258,468,466,133,197,145,465,65,289,304
251,45,211,154,33,125,307,250,311,390,323,360
251,46,425,441,475,407,15,17,276,3,281,218
251,47,446,185,458,8,102,93,39,360,9,24
252,0,32,330,130,278,71,160,279,409,217,257
252,1,59,112,427,471,435,438,248,216,250,239
252,2,250,353,81,244,284,453,298,248,489,58
252,3,272,357,478,279,122,135,166,255,354,72
252,4,53,196,245,440,217,359,323,436,62,277
252,5,479,456,24,489,77,96,258,249,165,422
252,6,166,258,377,135,50,6,306,243,469,381
252,7,24,343,268,73,14,439,170,231,462,283
252,8,362,347,418,467,321,455,94,375,334,60
252,9,281,509,247,474,95,347,339,428,6,305
252,10,472,133,302,359,510,251,386,90,435,146
252,11,303,489,313,31,125,232,487,182,324,403
252,12,409,248,484,463,370,406,353,380,231,489
252,13,88,161,213,10,87,434,486,383,342,39
252,14,503,167,343,471,400,178,241,278,228,4
252,15,492,319,421,482,443,176,465,45,416,452
252,16,444,150,314,24,122,357,279,410,77,462
252,17,444,9,231,447,363,479,289,182,339,416
252,18,464,434,214,417,330,137,21,90,198,60
252,19,202,485,97,216,268,424,118,72,444,117
252,20,322,184,497,451,129,430,164,199,166,46
252,21,236,3,327,156,104,476,419,424,489,335
252,22,112,426,276,471,348,461,150,177,243,70
252,23,326,141,409,432,125,288,180,255,304,479
252,24,362,467,321,347,386,480,418,94,3,299
252,25,281,509,247,455,428,386,305,95,181,253
252,26,472,339,359,133,90,251,302,124,510,304
252,27,489,303,313,324,31,186,232,301,448,125
252,28,248,409,484,463,353,370,44,489,406,157
252,29,10,87,161,486,434,213,88,383,475,444
252,30,503,167,400,343,145,178,471,420,4,170
252,31,482,421,492,443,176,319,465,45,407,23
252,32,444,151,150,24,314,357,410,488,122,439
252,33,9,416,444,231,76,98,18,300,20,316
252,34,464,434,214,330,137,3,417,348,281,61
252,35,216,485,202,1,118,117,364,168,424,410
252,36,322,184,451,497,129,164,450,199,430,166
252,37,3,327,104,236,156,208,336,488,335,459
252,38,112,426,471,276,461,348,150,177,422,403
252,39,326,432,141,220,255,180,125,409,67,298
252,40,422,19,83,385,317,425,475,166,285,189
252,41,330,332,430,501,131,386,325,215,283,468
252,42,299,426,56,40,55,406,379,59,327,396
252,43,354,408,216,157,303,391,340,156,257,67
252,44,258,466,133,145,465,79,65,289,197,468
252,45,211,154,311,125,307,250,390,11,214,323
252,46,425,441,407,15,475,196,17,276,3,122
252,47,8,185,102,88,93,469,188,9,89,37
253,0,403,479,338,369,352,327,66,95,293,349
253,1,99,243,273,454,47,296,183,195,465,106
253,2,478,124,348,175,407,432,355,410,206,148
253,3,122,478,440,308,102,260,501,358,291,59
253,4,217,53,133,112,98,416,239,354,36,160
253,5,479,77,489,203,367,360,423,141,43,24
253,6,469,26,406,393,389,178,135,121,271,367
253,7,31,24,343,55,198,73,21,124,364,233
253,8,321,362,418,467,480,347,455,83,60,113
253,9,281,509,428,247,305,63,253,181,474,25
253,10,472,133,251,302,266,339,90,236,448,359
253,11,303,489,313,487,186,182,324,31,386,125
253,12,121,44,425,69,91,281,353,222,282,368
253,13,161,434,175,10,88,49,383,87,301,324
253,14,503,142,471,343,400,420,178,167,228,4
253,15,482,492,421,176,319,465,443,407,45,229
253,16,444,24,314,151,357,150,488,279,406,410
253,17,416,9,76,444,252,231,316,339,241,289
253,18,25,3,214,487,39,416,252,76,192,64
253,19,216,485,202,285,117,316,97,168,195,118
253,20,322,184,129,164,369,166,408,235,450,320
253,21,458,156,206,236,327,370,442,311,335,223
253,22,348,389,305,290,230,396,369,70,188,202
253,23,326,432,141,409,125,288,14,41,304,10
253,24,362,321,467,480,347,418,83,299,94,334
253,25,281,509,428,247,63,181,455,305,253,306
253,26,251,236,472,359,266,133,302,339,90,448
253,27,303,489,313,31,324,186,386,245,182,487
253,28,69,44,121,425,91,281,352,489,370,353
253,29,10,161,175,383,88,167,434,213,49,151
253,30,503,142,471,311,178,167,343,400,170,4
253,31,482,176,492,421,319,443,45,465,407,229
253,32,444,151,357,314,24,410,406,150,279,488
253,33,252,416,9,444,231,76,316,18,289,339
253,34,25,3,214,90,235,487,252,505,129,39
253,35,485,216,117,202,285,168,366,115,97,124
253,36,322,184,129,450,164,369,166,294,430,235
253,37,327,458,236,311,206,156,345,223,461,225
253,38,389,305,348,290,230,396,369,70,51,188
253,39,326,141,432,63,125,255,220,180,409,288
253,40,422,317,19,28,83,285,475,385,268,6
253,41,218,330,196,125,131,215,386,332,41,99
253,42,299,245,22,490,479,59,138,406,97,68
253,43,354,408,336,303,94,477,104,157,257,216
253,44,303,466,133,65,289,472,258,25,270,191
253,45,316,429,211,311,149,307,210,11,125,154
253,46,161,441,425,407,417,503,15,276,166,318
253,47,37,392,29,297,232,76,338,185,102,93
254,0,10,501,175,441,481,403,350,7,187,254
254,1,210,119,99,296,441,243,381,498,435,342
254,2,430,168,173,292,410,252,341,316,164,31
254,3,122,440,478,221,501,358,156,308,260,193
254,4,53,217,455,133,36,485,112,239,364,170
254,5,77,479,489,21,119,203,470,36,24,497
254,6,245,170,469,406,12,481,300,178,82,296
254,7,343,24,31,73,195,116,235,14,88,354
254,8,277,362,321,418,467,347,480,334,124,83
254,9,247,281,428,253,474,509,470,242,117,95
254,10,472,78,302,133,236,90,168,251,339,146
254,11,186,303,489,297,125,487,313,301,182,324
254,12,370,408,44,353,136,121,69,255,222,453
254,13,420,175,21,161,10,324,355,49,301,87
254,14,503,471,142,167,343,400,228,463,178,279
254,15,492,482,176,319,326,45,421,23,465,443
254,16,357,444,24,314,279,406,151,77,150,122
254,17,416,289,241,339,9,444,371,76,270,297
254,18,416,506,25,214,106,394,3,76,505,234
254,19,34,285,216,117,485,366,16,97,318,493
254,20,184,235,322,315,166,464,320,436,252,129
254,21,206,311,461,442,458,156,345,223,236,74
254,22,159,348,136,468,10,415,369,500,290,269
254,23,326,180,141,432,455,255,409,288,41,14
254,24,277,321,233,467,334,362,480,93,347,450
254,25,247,339,281,428,208,155,509,447,353,253
254,26,302,339,472,168,236,484,78,26,133,370
254,27,3,363,301,487,489,324,245,415,294,297
254,28,453,408,353,44,121,415,69,255,489,136
254,29,481,420,220,195,412,128,49,329,383,52
254,30,90,92,471,188,167,503,278,504,323,142
254,31,492,416,482,197,170,319,340,229,421,334
254,32,444,77,151,357,406,54,93,51,462,122
254,33,289,343,416,297,17,324,481,425,70,73
254,34,234,416,505,497,76,85,503,388,510,129
254,35,101,117,63,376,127,249,419,115,66,383
254,36,464,184,247,239,43,235,215,450,294,166
254,37,337,242,474,18,464,156,466,287,171,456
254,38,159,415,468,348,136,500,391,369,72,70
254,39,170,146,141,390,304,326,180,10,488,176
254,40,285,383,244,422,390,203,471,385,227,215
254,41,94,484,71,434,326,246,180,316,95,435
254,42,428,245,472,473,303,119,22,476,123,287
254,43,335,509,104,336,303,377,395,233,94,87
254,44,158,51,43,4,440,258,176,189,270,289
254,45,406,140,282,365,250,426,332,48,197,154
254,46,41,77,469,222,147,239,348,281,302,351
254,47,463,360,142,148,11,424,155,199,244,293
255,0,412,251,319,168,294,235,148,205,431,371
255,1,440,125,303,57,100,88,446,50,181,475
255,2,342,37,511,496,107,436,334,207,89,280
255,3,237,196,478,293,408,139,269,197,249,177
255,4,506,73,346,294,357,465,389,198,325,332
255,5,74,68,56,112,244,259,482,110,263,10
255,6,435,259,292,111,237,185,68,496,397,442
255,7,177,316,33,139,302,489,469,92,163,153
255,8,321,233,356,168,113,467,205,192,243,372
255,9,339,155,208,135,281,18,6,146,21,247
255,10,248,302,419,129,348,339,96,273,484,48
255,11,363,3,415,294,487,456,324,306,335,46
255,12,218,246,143,37,287,228,220,113,415,301
255,13,195,481,128,220,412,291,265,329,39,342
255,14,90,188,92,438,388,504,47,368,278,74
255,15,340,197,416,347,122,170,160,492,319,209
255,16,51,444,91,438,77,79,480,151,164,74
255,17,343,324,372,294,289,430,297,17,267,466
255,18,497,282,503,127,483,510,385,388,85,250
255,19,101,63,376,66,408,212,16,117,210,249
255,20,464,247,215,184,335,366,41,78,235,228
255,21,337,287,464,456,242,474,18,91,107,171
255,22,181,77,78,401,43,283,86,281,122,264
255,23,146,390,163,170,95,476,236,53,69,74
255,24,233,356,35,138,503,304,41,205,160,450
255,25,208,135,155,45,339,18,161,167,38,353
255,26,248,129,5,339,348,302,273,125,484,456
255,27,294,363,456,3,245,415,487,413,288,38
255,28,246,143,218,37,220,217,287,228,415,410
255,29,291,128,220,195,160,329,412,157,481,342
255,30,438,425,471,288,90,22,448,65,278,33
255,31,197,340,416,122,170,229,492,160,424,319
255,32,444,151,77,229,406,51,79,54,93,357
255,33,289,297,343,416,324,170,444,372,72,466
255,34,497,127,385,503,282,386,510,85,483,388
255,35,63,101,249,117,449,115,383,72,217,376
255,36,184,464,239,43,247,215,41,450,366,132
255,37,337,456,464,287,18,242,466,107,405,171
255,38,401,283,77,86,43,181,281,78,122,264
255,39,146,141,170,304,101,176,476,390,163,326
255,40,422,383,285,244,390,203,227,215,475,257
255,41,94,180,484,326,71,246,429,434,215,67
255,42,428,472,476,303,123,119,322,287,473,85
255,43,335,509,104,395,336,94,354,377,303,217
255,44,158,43,4,51,440,258,121,289,176,189
255,45,140,406,282,48,332,250,365,426,359,307
255,46,77,469,239,222,141,147,351,504,15,332
255,47,142,11,280,222,424,456,1,185,329,407
