-39,0,188,112,92,238,66,106,144,43
-38,0,136,14,241,56,78,228,15,95
-37,0,134,36,81,175,191,254,136,177
-36,0,62,211,231,134,174,124,36,151
-35,0,247,11,226,96,93,187,80,171
-34,0,136,78,241,56,68,18,33,89
-33,0,191,75,120,148,254,36,37,78
-32,0,159,8,167,94,220,26,164,52
-31,0,62,211,48,174,70,231,75,217
-30,0,11,117,171,226,187,185,128,96
-29,0,75,191,120,254,148,37,232,78
-28,0,27,94,48,213,23,79,44,35
-27,0,252,25,205,42,180,161,12,39
-26,0,197,209,51,213,91,154,145,179
-25,0,124,62,211,58,36,174,23,236
-24,0,142,166,97,113,123,205,150,210
-23,0,106,66,6,22,212,46,218,121
-22,0,144,92,188,172,186,234,147,111
-21,0,181,107,82,251,39,68,246,83
-20,0,124,62,24,109,211,231,151,199
-19,0,199,124,161,62,13,174,204,147
-18,0,117,226,146,185,11,68,187,171
-17,0,122,50,151,250,124,62,223,199
-16,0,123,249,196,229,105,216,7,104
-15,0,106,40,66,172,185,32,4,147
-14,0,198,250,10,194,233,165,102,85
-13,0,97,210,166,10,205,113,142,123
-12,0,66,144,188,62,92,106,6,234
-11,0,82,181,107,251,39,68,255,246
-10,0,212,136,24,41,65,109,86,29
-9,0,151,134,50,250,136,199,207,124
-8,0,226,117,185,68,80,96,171,128
-7,0,191,254,75,122,222,120,208,211
-6,0,51,49,153,22,128,11,85,247
-5,0,144,62,188,234,186,242,111,92
-4,0,181,107,82,251,39,246,80,255
-3,0,109,24,136,212,1,218,65,3
-2,0,62,134,211,231,124,138,207,36
-1,0,123,249,196,229,216,105,7,101
-39,1,214,112,19,86,167,224,198,128
-38,1,234,40,96,209,134,94,16,171
-37,1,254,193,101,149,51,9,48,33
-36,1,235,193,254,120,195,33,141,123
-35,1,195,193,120,2,254,107,169,57
-34,1,166,131,252,35,193,165,190,253
-33,1,254,163,21,1,193,51,167,243
-32,1,56,243,163,21,215,255,49,71
-31,1,80,123,141,254,193,235,51,4
-30,1,66,223,13,169,193,123,43,133
-29,1,60,193,1,48,51,240,167,108
-28,1,60,139,193,240,146,130,30,51
-27,1,60,28,217,240,190,160,95,154
-26,1,139,41,60,116,6,193,160,64
-25,1,80,30,193,60,4,116,141,123
-24,1,34,11,26,132,59,75,155,193
-23,1,112,223,250,191,205,193,189,86
-22,1,189,195,182,193,128,255,198,134
-21,1,234,16,40,183,96,92,222,209
-20,1,236,22,226,245,193,32,33,234
-19,1,174,23,162,49,236,245,14,107
-18,1,81,169,133,236,66,13,16,43
-17,1,153,154,28,190,98,33,253,32
-16,1,11,225,231,155,27,244,93,150
-15,1,112,33,124,205,224,193,19,86
-14,1,154,134,88,205,112,190,135,119
-13,1,158,34,199,85,59,11,26,62
-12,1,198,189,193,128,112,170,33,211
-11,1,40,209,96,234,222,92,134,171
-10,1,234,40,96,22,166,63,183,33
-9,1,230,157,88,22,101,193,85,44
-8,1,13,81,43,169,202,158,133,232
-7,1,153,71,100,51,167,193,3,251
-6,1,223,169,235,87,13,33,123,5
-5,1,189,195,83,98,198,193,95,33
-4,1,40,222,209,183,96,234,206,9
-3,1,236,226,22,85,234,190,33,42
-2,1,101,193,195,22,120,41,85,202
-1,1,11,225,231,244,27,155,93,150
-39,2,11,60,92,217,58,49,255,187
-38,2,39,106,36,158,80,20,197,226
-37,2,39,158,223,182,106,184,153,95
-36,2,80,158,111,184,3,39,66,238
-35,2,158,253,149,208,191,95,254,20
-34,2,253,158,211,20,149,191,125,196
-33,2,223,187,216,182,175,158,221,170
-32,2,175,37,204,216,42,170,88,158
-31,2,204,111,51,161,168,243,202,240
-30,2,164,158,90,22,169,62,107,40
-29,2,201,158,115,223,56,187,228,170
-28,2,108,113,24,2,45,131,50,158
-27,2,108,113,24,2,30,203,47,182
-26,2,113,108,24,182,45,111,96,180
-25,2,113,111,180,108,71,207,24,183
-24,2,158,249,210,103,164,38,59,90
-23,2,22,87,158,198,121,76,217,10
-22,2,64,239,92,158,76,150,72,16
-21,2,253,158,120,179,39,106,108,28
-20,2,158,253,120,221,3,193,5,84
-19,2,90,252,71,130,253,158,149,20
-18,2,71,158,149,208,249,252,2,247
-17,2,158,47,107,93,185,249,252,247
-16,2,158,109,210,179,100,145,4,103
-15,2,158,219,60,58,10,179,255,217
-14,2,94,158,101,217,167,80,60,179
-13,2,94,64,117,158,239,72,218,179
-12,2,64,92,158,86,150,239,230,117
-11,2,39,158,106,238,36,20,54,229
-10,2,39,158,139,120,125,178,20,106
-9,2,39,95,3,246,117,247,105,158
-8,2,247,117,39,246,105,192,118,196
-7,2,223,47,187,216,158,42,185,184
-6,2,16,158,164,111,40,130,243,184
-5,2,16,76,92,158,150,86,118,230
-4,2,2,120,158,118,246,244,247,209
-3,2,2,120,158,221,96,247,77,246
-2,2,3,96,48,158,71,247,120,246
-1,2,158,210,103,109,249,4,163,162
-39,3,25,225,162,191,214,199,197,159
-38,3,25,173,225,199,159,75,166,4
-37,3,199,36,225,163,25,167,113,166
-36,3,199,109,25,163,225,166,87,159
-35,3,221,188,170,199,228,25,54,225
-34,3,17,188,199,228,25,50,173,255
-33,3,154,108,199,196,224,159,69,163
-32,3,147,163,45,224,154,196,86,159
-31,3,147,123,163,232,86,45,51,199
-30,3,199,221,92,166,225,25,113,251
-29,3,154,15,196,108,199,113,0,22
-28,3,106,199,65,139,189,242,69,2
-27,3,112,154,2,151,163,165,22,0
-26,3,59,189,199,154,211,0,27,113
-25,3,15,189,242,22,76,53,147,139
-24,3,199,31,37,211,146,84,25,46
-23,3,25,199,118,202,146,214,76,31
-22,3,25,159,199,214,225,6,11,118
-21,3,199,25,216,188,228,150,173,85
-20,3,199,251,197,188,243,25,39,11
-19,3,43,199,25,218,6,255,15,30
-18,3,221,188,170,148,228,199,195,122
-17,3,25,199,188,159,228,154,218,2
-16,3,133,199,37,187,25,31,152,235
-15,3,25,199,159,214,225,30,95,177
-14,3,25,199,214,118,95,225,42,194
-13,3,199,25,42,211,194,216,31,225
-12,3,25,199,159,225,177,113,194,155
-11,3,25,166,134,173,150,199,17,228
-10,3,25,166,199,159,225,6,118,30
-9,3,25,213,247,95,199,166,189,188
-8,3,170,221,25,188,228,95,189,166
-7,3,196,163,69,25,56,224,243,154
-6,3,98,97,27,160,238,146,31,135
-5,3,25,159,199,6,155,95,225,118
-4,3,9,216,50,72,173,217,134,194
-3,3,216,95,194,9,199,96,218,181
-2,3,72,167,251,199,216,132,11,218
-1,3,133,199,25,187,37,152,31,231
-39,4,88,98,195,154,233,94,172,87
-38,4,98,192,253,195,89,88,154,156
-37,4,195,154,253,175,192,233,134,28
-36,4,195,154,253,44,148,28,159,134
-35,4,253,119,154,152,192,216,195,159
-34,4,253,133,154,152,134,123,121,192
-33,4,134,253,233,175,121,186,28,90
-32,4,233,175,206,134,253,28,121,75
-31,4,175,134,253,221,28,206,121,44
-30,4,8,228,152,65,139,253,134,154
-29,4,134,160,152,121,132,28,233,129
-28,4,134,184,24,129,242,240,97,233
-27,4,132,189,206,149,89,233,175,160
-26,4,241,131,240,10,170,129,230,191
-25,4,44,10,152,134,221,148,175,38
-24,4,161,167,65,154,13,14,170,15
-23,4,118,65,154,98,242,122,67,14
-22,4,98,94,154,192,152,54,121,17
-21,4,195,154,172,20,98,152,254,156
-20,4,243,154,152,121,134,195,38,175
-19,4,154,243,44,221,148,152,121,159
-18,4,105,8,139,55,123,154,60,228
-17,4,164,180,154,192,123,247,239,231
-16,4,154,142,13,222,102,108,236,15
-15,4,118,139,192,98,54,154,8,88
-14,4,118,105,67,154,54,138,242,98
-13,4,17,161,154,20,105,195,184,236
-12,4,98,192,94,154,112,17,152,43
-11,4,98,156,195,192,159,154,152,89
-10,4,216,192,149,152,98,43,123,180
-9,4,180,44,116,192,159,43,104,231
-8,4,8,55,139,123,192,182,152,228
-7,4,233,178,175,121,160,195,206,28
-6,4,167,65,14,170,154,67,240,109
-5,4,94,98,192,154,152,112,43,104
-4,4,123,156,20,216,98,242,154,60
-3,4,123,243,133,104,154,192,43,138
-2,4,44,152,243,121,154,175,216,195
-1,4,13,142,222,154,102,167,108,15
-39,5,110,64,60,15,166,159,56,165
-38,5,159,165,174,110,166,158,153,251
-37,5,153,159,251,110,60,151,120,77
-36,5,153,251,159,115,19,60,151,250
-35,5,153,61,251,151,19,202,165,218
-34,5,153,174,61,251,210,151,252,250
-33,5,153,0,251,210,58,60,208,163
-32,5,64,77,251,60,58,0,103,39
-31,5,77,56,251,164,64,230,58,60
-30,5,153,251,61,210,0,58,170,151
-29,5,251,153,58,60,213,0,210,80
-28,5,95,251,58,9,145,143,0,128
-27,5,95,77,58,251,153,136,50,213
-26,5,213,251,153,103,59,218,182,123
-25,5,81,251,95,153,0,164,58,210
-24,5,186,104,153,251,161,151,235,218
-23,5,67,254,14,100,161,153,251,10
-22,5,153,158,251,165,194,62,218,115
-21,5,174,250,151,153,251,158,183,159
-20,5,153,250,151,251,115,120,170,183
-19,5,2,250,115,236,153,151,27,170
-18,5,61,250,223,236,151,153,2,27
-17,5,250,67,115,223,2,151,236,254
-16,5,104,193,151,158,236,186,251,153
-15,5,147,158,14,251,11,151,224,161
-14,5,14,254,67,100,178,147,158,31
-13,5,251,14,158,10,161,151,254,153
-12,5,153,165,158,218,202,251,194,62
-11,5,174,159,153,19,202,251,250,165
-10,5,31,213,19,165,23,202,153,178
-9,5,31,19,236,165,178,202,218,250
-8,5,153,223,236,202,165,178,159,183
-7,5,153,77,251,223,60,218,64,62
-6,5,153,67,223,94,3,218,120,161
-5,5,23,153,158,2,115,165,62,136
-4,5,174,250,19,23,151,153,32,251
-3,5,23,213,31,250,19,151,178,170
-2,5,153,170,62,251,178,250,151,50
-1,5,104,193,218,186,151,153,204,158
-39,6,110,138,40,46,91,24,254,173
-38,6,138,196,79,77,232,133,22,65
-37,6,196,138,79,15,210,168,52,43
-36,6,40,196,12,79,76,161,98,82
-35,6,196,79,16,90,138,12,76,126
-34,6,196,102,129,79,16,15,209,26
-33,6,102,26,159,255,212,196,151,209
-32,6,195,12,102,168,212,173,36,99
-31,6,12,195,102,233,30,125,26,212
-30,6,12,16,196,102,3,79,90,26
-29,6,186,102,12,255,74,212,173,33
-28,6,12,102,212,233,196,254,255,21
-27,6,12,102,237,186,51,33,125,74
-26,6,186,196,102,33,255,12,156,18
-25,6,57,102,39,33,186,125,12,74
-24,6,196,79,167,186,102,138,245,12
-23,6,79,196,167,2,43,178,126,138
-22,6,79,19,2,196,52,92,59,145
-21,6,79,49,196,157,149,15,209,56
-20,6,49,79,82,161,196,149,157,168
-19,6,49,157,79,57,196,161,200,149
-18,6,3,49,157,196,79,57,114,149
-17,6,79,114,196,157,52,245,59,2
-16,6,79,196,153,157,167,2,61,138
-15,6,183,196,2,79,52,138,43,153
-14,6,196,2,79,183,178,138,143,43
-13,6,196,230,79,145,12,102,2,212
-12,6,2,79,196,52,92,43,126,213
-11,6,149,79,43,196,92,2,126,77
-10,6,79,43,2,196,213,56,149,92
-9,6,79,42,43,149,2,126,142,196
-8,6,3,114,79,43,2,92,196,126
-7,6,171,102,26,237,209,195,243,210
-6,6,196,79,167,43,126,2,102,209
-5,6,19,79,92,196,43,84,59,209
-4,6,84,49,79,149,196,157,43,209
-3,6,149,84,79,39,157,129,49,43
-2,6,39,161,102,79,84,149,209,56
-1,6,79,196,153,167,84,61,43,126
-39,7,221,191,112,200,142,39,241,165
-38,7,147,36,35,221,229,116,184,191
-37,7,147,185,175,78,36,229,35,221
-36,7,49,185,36,147,245,78,175,229
-35,7,147,185,78,36,81,184,229,116
-34,7,147,78,185,81,179,132,175,248
-33,7,24,132,96,81,151,78,185,26
-32,7,166,252,175,245,187,75,132,185
-31,7,175,245,142,166,246,185,38,227
-30,7,185,147,44,78,131,36,142,175
-29,7,187,185,240,78,225,61,174,24
-28,7,187,225,132,185,175,174,245,11
-27,7,187,185,132,78,240,203,24,252
-26,7,187,185,240,36,78,147,61,132
-25,7,187,223,240,185,225,132,174,78
-24,7,185,147,36,78,91,29,187,240
-23,7,44,147,91,185,76,36,37,78
-22,7,147,76,36,185,171,35,181,78
-21,7,185,147,199,195,36,78,76,35
-20,7,185,158,199,171,147,78,76,35
-19,7,158,169,223,167,185,147,7,171
-18,7,131,147,76,158,171,167,169,185
-17,7,76,171,108,36,147,35,185,7
-16,7,185,147,36,76,29,171,184,199
-15,7,147,76,36,101,35,171,37,185
-14,7,76,147,101,35,36,37,171,44
-13,7,185,147,140,175,116,36,91,225
-12,7,76,147,181,171,36,35,185,37
-11,7,185,76,147,35,36,116,171,195
-10,7,253,35,36,76,158,185,61,108
-9,7,253,169,185,76,35,36,108,243
-8,7,253,76,185,36,243,108,66,147
-7,7,184,3,185,38,175,81,120,245
-6,7,44,36,185,147,76,184,253,192
-5,7,181,76,7,185,171,36,147,35
-4,7,7,253,185,195,192,234,36,204
-3,7,61,7,108,253,192,101,158,185
-2,7,185,253,184,223,78,7,158,3
-1,7,147,36,185,29,7,184,253,76
-39,8,123,175,217,127,17,139,223,157
-38,8,123,157,191,107,180,110,220,52
-37,8,123,23,72,180,107,52,16,191
-36,8,23,123,133,72,107,180,52,148
-35,8,180,23,123,112,191,72,224,151
-34,8,72,157,123,148,23,191,151,53
-33,8,123,72,224,41,1,161,53,151
-32,8,72,133,53,172,123,148,121,23
-31,8,133,72,50,148,172,16,53,23
-30,8,72,23,53,133,148,180,164,52
-29,8,133,53,148,145,72,16,224,252
-28,8,53,148,133,121,72,85,166,145
-27,8,53,148,133,145,50,85,72,143
-26,8,133,53,148,107,72,145,191,10
-25,8,148,53,50,133,72,145,85,241
-24,8,23,133,72,180,164,148,52,53
-23,8,33,212,23,180,191,4,52,107
-22,8,159,52,180,23,107,164,224,212
-21,8,107,133,148,53,23,72,159,191
-20,8,133,53,148,107,220,72,171,224
-19,8,220,164,107,224,207,133,53,171
-18,8,107,164,112,180,212,52,220,4
-17,8,220,159,242,107,224,191,52,164
-16,8,234,133,164,107,224,180,52,191
-15,8,234,191,52,4,224,212,23,164
-14,8,212,52,180,4,191,164,107,61
-13,8,133,72,53,23,148,85,107,123
-12,8,224,212,220,52,133,107,191,23
-11,8,23,107,72,133,53,191,148,80
-10,8,157,220,4,107,65,180,61,247
-9,8,86,224,220,61,152,191,107,65
-8,8,107,224,61,212,220,148,133,194
-7,8,148,133,23,53,72,16,220,233
-6,8,33,212,23,133,107,89,52,207
-5,8,247,220,107,159,164,207,212,148
-4,8,247,107,148,53,220,133,159,207
-3,8,247,157,107,42,207,203,220,86
-2,8,220,148,133,53,107,233,247,23
-1,8,247,107,220,234,52,164,180,116
-39,9,72,95,122,246,210,12,194,45
-38,9,95,156,45,120,198,47,73,161
-37,9,95,1,161,44,45,207,229,99
-36,9,95,1,161,99,207,221,9,58
-35,9,95,161,206,120,207,99,1,229
-34,9,95,99,1,120,143,161,166,207
-33,9,166,95,99,143,15,134,1,103
-32,9,99,32,1,95,166,44,243,134
-31,9,99,32,1,95,221,44,243,58
-30,9,95,239,99,178,1,9,44,207
-29,9,245,207,99,95,1,243,61,166
-28,9,99,1,95,241,28,166,186,225
-27,9,99,207,243,58,1,204,245,166
-26,9,95,69,99,207,44,61,204,245
-25,9,99,207,1,95,58,243,204,221
-24,9,95,99,39,29,94,207,161,44
-23,9,95,240,207,132,217,156,161,98
-22,9,95,197,120,47,255,9,161,198
-21,9,207,95,99,120,9,161,44,61
-20,9,99,207,95,61,9,41,85,229
-19,9,95,61,207,227,98,197,85,99
-18,9,206,19,95,207,120,5,198,73
-17,9,95,47,197,161,9,207,198,73
-16,9,95,29,94,197,207,9,164,47
-15,9,95,156,178,197,240,9,198,161
-14,9,95,240,156,197,217,9,198,47
-13,9,99,1,95,39,207,166,186,243
-12,9,95,207,9,120,198,47,73,156
-11,9,207,95,120,9,99,73,229,85
-10,9,207,240,95,73,22,47,197,120
-9,9,95,47,240,161,207,14,198,197
-8,9,207,19,206,95,161,73,198,41
-7,9,207,68,99,95,229,251,161,44
-6,9,207,95,132,94,161,9,229,99
-5,9,95,22,207,197,120,9,198,61
-4,9,207,95,61,229,22,120,108,68
-3,9,22,95,160,207,67,197,148,115
-2,9,207,95,68,61,161,229,108,99
-1,9,95,29,94,22,164,207,9,197
-39,10,175,120,14,249,100,179,183,203
-38,10,247,187,234,68,12,243,124,111
-37,10,247,59,12,132,146,124,20,116
-36,10,133,234,12,59,247,132,40,165
-35,10,59,12,234,247,132,207,124,163
-34,10,12,68,247,124,116,40,217,132
-33,10,12,77,109,116,86,202,205,148
-32,10,77,250,146,233,217,176,116,82
-31,10,217,146,195,116,179,137,148,176
-30,10,12,163,124,116,137,132,247,234
-29,10,108,32,77,124,253,53,132,247
-28,10,250,116,108,233,146,77,217,176
-27,10,108,32,250,244,233,217,162,10
-26,10,124,116,247,178,250,108,132,1
-25,10,250,19,242,132,98,216,199,50
-24,10,130,247,12,124,216,40,198,65
-23,10,234,207,161,124,247,40,62,171
-22,10,234,247,91,161,9,167,40,253
-21,10,234,68,63,132,40,178,247,116
-20,10,8,165,234,99,132,232,9,247
-19,10,9,19,234,8,222,63,165,247
-18,10,163,234,63,19,222,247,8,40
-17,10,234,17,247,165,40,117,171,91
-16,10,169,234,198,247,130,63,40,165
-15,10,161,142,124,247,91,163,72,234
-14,10,161,142,247,234,124,62,40,31
-13,10,217,116,176,108,132,26,156,146
-12,10,207,234,247,111,124,40,165,252
-11,10,234,68,132,111,124,207,40,165
-10,10,234,124,207,187,132,111,17,40
-9,10,234,111,187,46,81,114,207,165
-8,10,163,234,59,207,124,187,132,40
-7,10,59,146,132,20,217,156,116,124
-6,10,59,130,234,248,124,40,247,132
-5,10,234,9,161,40,207,91,253,124
-4,10,68,59,132,63,124,116,234,165
-3,10,234,46,59,124,40,191,220,247
-2,10,234,242,116,19,132,165,178,207
-1,10,198,130,169,234,247,40,124,63
-39,11,180,41,246,96,149,152,143,46
-38,11,27,64,107,213,3,153,130,88
-37,11,37,107,60,204,12,141,150,71
-36,11,173,85,220,60,107,222,101,3
-35,11,18,107,60,130,3,173,142,85
-34,11,64,107,130,204,60,32,187,201
-33,11,134,97,60,204,32,201,118,83
-32,11,237,97,230,215,213,141,37,32
-31,11,215,230,61,237,32,220,141,97
-30,11,142,130,107,174,20,18,101,60
-29,11,11,170,97,50,14,150,101,0
-28,11,42,97,230,44,141,71,32,134
-27,11,72,170,97,48,141,230,50,169
-26,11,170,97,72,174,107,169,134,56
-25,11,173,170,97,220,85,72,222,169
-24,11,20,107,170,128,97,174,60,12
-23,11,20,49,107,109,195,36,17,98
-22,11,3,238,153,98,145,95,101,111
-21,11,64,111,3,145,42,27,12,98
-20,11,111,59,85,93,231,101,202,204
-19,11,85,111,220,59,202,101,3,93
-18,11,18,3,111,142,116,85,101,145
-17,11,3,151,209,116,111,238,101,98
-16,11,189,3,111,145,238,128,98,42
-15,11,27,195,107,69,109,49,98,189
-14,11,133,49,109,195,95,98,3,203
-13,11,42,230,12,204,32,97,143,60
-12,11,153,130,133,3,98,95,164,27
-11,11,64,130,3,98,153,111,15,27
-10,11,93,186,202,49,98,54,156,3
-9,11,85,93,3,186,49,255,98,202
-8,11,18,116,130,186,3,93,133,142
-7,11,37,60,141,71,201,150,44,204
-6,11,20,174,36,133,60,186,3,98
-5,11,238,3,153,145,111,54,186,137
-4,11,42,170,64,60,93,111,202,56
-3,11,93,158,54,111,238,202,201,3
-2,11,85,93,158,60,164,111,3,59
-1,11,189,145,3,111,238,128,186,42
-39,12,4,124,68,77,24,216,52,167
-38,12,221,60,169,39,16,1,199,68
-37,12,221,1,145,167,15,68,39,166
-36,12,1,15,157,68,116,221,128,39
-35,12,1,106,39,221,15,60,128,116
-34,12,221,1,15,106,88,39,116,146
-33,12,221,9,47,60,1,42,208,163
-32,12,137,50,251,23,91,51,38,196
-31,12,137,251,50,91,124,10,38,208
-30,12,1,67,39,157,137,15,116,128
-29,12,137,3,116,1,166,244,2,176
-28,12,137,10,50,196,38,116,21,250
-27,12,137,10,176,149,244,166,116,13
-26,12,137,116,1,166,10,32,15,176
-25,12,116,137,2,251,176,55,178,244
-24,12,15,1,63,116,26,39,128,3
-23,12,39,1,15,128,116,63,221,12
-22,12,39,15,128,1,191,194,223,134
-21,12,39,1,116,15,3,191,128,138
-20,12,210,208,137,116,39,128,3,15
-19,12,210,39,208,128,59,116,15,35
-18,12,39,67,128,1,15,106,210,134
-17,12,39,128,134,15,55,1,239,208
-16,12,39,74,128,26,15,63,1,65
-15,12,39,1,74,128,191,15,12,63
-14,12,39,191,12,128,15,44,134,1
-13,12,137,10,116,39,50,251,163,91
-12,12,39,191,1,15,212,128,219,134
-11,12,116,39,15,1,191,106,250,206
-10,12,39,128,138,15,191,116,206,166
-9,12,138,39,206,1,191,11,157,134
-8,12,39,67,219,1,15,238,116,11
-7,12,176,163,208,116,39,161,50,145
-6,12,39,160,63,15,26,128,242,157
-5,12,39,208,115,128,225,185,15,194
-4,12,176,116,39,163,56,143,208,203
-3,12,39,242,138,238,208,203,185,106
-2,12,39,208,176,116,238,203,210,242
-1,12,39,74,63,26,15,128,65,238
-39,13,231,119,132,221,167,177,161,216
-38,13,42,47,202,154,219,180,243,141
-37,13,47,42,212,202,219,93,78,180
-36,13,47,219,212,78,45,93,42,99
-35,13,47,219,212,200,93,99,202,45
-34,13,47,42,212,180,45,208,145,219
-33,13,47,42,212,155,202,208,7,165
-32,13,0,212,180,194,47,208,83,185
-31,13,180,26,47,212,194,0,145,248
-30,13,47,212,219,200,93,180,145,45
-29,13,100,47,208,180,145,212,165,174
-28,13,180,83,34,170,201,248,0,212
-27,13,180,208,165,34,0,83,145,212
-26,13,47,208,100,130,145,180,83,212
-25,13,199,208,212,165,145,238,174,47
-24,13,47,219,43,212,130,208,154,93
-23,13,219,47,142,33,93,15,130,212
-22,13,47,15,154,142,66,6,93,219
-21,13,164,47,219,93,154,145,208,212
-20,13,219,145,47,230,154,28,137,113
-19,13,219,47,137,230,154,113,28,212
-18,13,200,47,154,219,137,230,113,199
-17,13,47,154,219,113,15,130,74,66
-16,13,47,154,43,219,15,147,32,93
-15,13,154,47,66,142,15,147,6,93
-14,13,15,47,6,154,142,33,219,61
-13,13,212,47,83,208,145,130,170,180
-12,13,219,93,6,47,15,142,66,154
-11,13,164,230,219,93,47,15,212,6
-10,13,219,164,47,113,15,142,81,230
-9,13,219,47,113,93,66,15,192,74
-8,13,93,219,47,200,21,212,15,66
-7,13,47,93,21,145,219,126,0,45
-6,13,93,47,219,43,15,33,21,66
-5,13,15,47,93,154,113,66,142,219
-4,13,145,164,219,93,47,98,72,76
-3,13,37,47,192,137,219,113,164,77
-2,13,219,47,93,145,37,137,192,78
-1,13,47,43,93,15,147,154,219,61
-39,14,217,57,244,211,136,123,191,181
-38,14,166,88,137,189,51,244,71,57
-37,14,166,54,167,52,160,51,64,189
-36,14,166,51,64,54,224,204,52,214
-35,14,51,224,137,64,54,52,189,214
-34,14,54,204,189,64,51,224,160,214
-33,14,66,58,189,166,54,214,67,64
-32,14,17,132,73,44,248,189,54,166
-31,14,17,132,54,204,73,248,44,189
-30,14,137,51,54,160,38,224,64,204
-29,14,132,54,248,44,189,73,64,204
-28,14,132,73,248,44,204,17,115,253
-27,14,132,73,44,248,204,143,54,17
-26,14,132,44,54,248,204,73,51,224
-25,14,132,73,54,204,248,230,44,101
-24,14,137,51,224,54,64,160,52,44
-23,14,137,51,224,54,52,160,64,147
-22,14,51,224,167,137,52,106,159,189
-21,14,52,132,54,44,167,224,51,137
-20,14,52,167,132,54,248,214,44,51
-19,14,52,167,18,51,224,214,54,231
-18,14,51,38,52,224,106,137,167,231
-17,14,52,167,51,106,224,231,137,159
-16,14,51,137,52,224,167,124,64,231
-15,14,51,137,224,189,52,159,147,160
-14,14,51,224,137,147,52,106,160,50
-13,14,132,54,204,44,73,248,225,101
-12,14,51,224,189,137,167,52,54,160
-11,14,54,231,167,220,52,67,204,224
-10,14,146,83,167,224,67,54,51,52
-9,14,83,167,146,52,231,64,51,190
-8,14,38,231,54,146,167,52,64,224
-7,14,96,44,204,132,171,64,214,17
-6,14,224,52,51,137,167,64,147,160
-5,14,52,146,224,60,167,106,231,67
-4,14,132,146,96,44,204,18,52,194
-3,14,146,83,52,96,44,167,138,67
-2,14,146,167,52,96,64,204,231,83
-1,14,137,224,52,51,50,124,146,64
-39,15,225,247,218,191,117,82,48,83
-38,15,228,150,229,248,165,61,148,225
-37,15,147,18,150,225,12,204,148,242
-36,15,147,18,242,204,139,124,217,154
-35,15,147,242,241,248,204,217,154,18
-34,15,147,139,242,18,154,98,217,206
-33,15,18,147,206,188,242,27,139,228
-32,15,6,139,12,18,238,190,206,147
-31,15,139,6,12,147,18,235,98,206
-30,15,139,147,240,204,148,238,103,242
-29,15,139,3,206,240,52,242,190,147
-28,15,139,74,90,145,235,190,227,206
-27,15,139,3,238,206,190,74,145,221
-26,15,139,206,3,147,190,242,169,223
-25,15,139,206,3,33,177,124,74,170
-24,15,139,147,3,206,242,204,238,229
-23,15,147,242,148,204,139,206,181,85
-22,15,242,148,204,248,147,250,233,162
-21,15,139,206,147,3,238,242,233,169
-20,15,139,233,206,3,238,147,195,169
-19,15,233,33,3,206,71,195,169,88
-18,15,103,241,148,233,195,33,217,250
-17,15,108,148,162,242,71,54,181,204
-16,15,148,162,165,242,147,238,87,81
-15,15,148,250,242,204,58,121,147,200
-14,15,148,162,58,204,242,217,250,181
-13,15,139,147,235,190,74,227,238,14
-12,15,248,147,37,148,204,242,181,206
-11,15,204,147,206,248,139,110,242,233
-10,15,37,116,206,147,54,248,3,100
-9,15,147,54,233,204,142,242,206,37
-8,15,37,103,54,147,206,3,204,71
-7,15,12,95,147,18,3,169,242,37
-6,15,37,54,71,147,242,181,81,204
-5,15,248,71,54,41,233,121,148,206
-4,15,3,169,206,195,177,238,12,80
-3,15,177,116,71,3,80,54,233,41
-2,15,177,147,3,71,206,54,242,169
-1,15,71,81,242,162,147,200,181,165
-39,16,89,245,88,166,203,16,107,141
-38,16,130,252,75,247,28,60,229,93
-37,16,130,252,53,59,247,51,28,166
-36,16,130,190,252,28,152,170,230,72
-35,16,130,149,252,28,152,170,229,190
-34,16,130,172,252,229,152,149,54,51
-33,16,130,10,172,247,183,56,72,160
-32,16,130,234,59,172,60,112,247,191
-31,16,130,172,234,88,59,247,60,183
-30,16,130,252,28,147,170,51,72,152
-29,16,130,154,147,28,152,191,189,183
-28,16,191,74,172,234,130,112,24,183
-27,16,191,228,234,112,154,166,16,169
-26,16,130,152,170,191,28,16,172,154
-25,16,190,183,191,130,172,193,228,230
-24,16,130,170,252,28,210,51,5,152
-23,16,130,170,252,152,28,51,233,156
-22,16,130,252,51,170,152,80,205,28
-21,16,170,130,191,32,252,72,51,112
-20,16,170,130,152,190,0,205,188,252
-19,16,170,0,205,152,188,190,130,136
-18,16,232,130,170,252,152,149,80,46
-17,16,170,80,152,130,252,51,205,46
-16,16,130,170,152,5,252,80,51,205
-15,16,130,252,28,233,46,152,170,51
-14,16,130,252,156,170,51,152,168,205
-13,16,74,172,130,234,60,252,160,104
-12,16,252,130,51,170,152,28,80,46
-11,16,130,170,252,51,152,233,185,46
-10,16,170,152,130,180,185,252,26,250
-9,16,130,170,190,185,252,180,152,233
-8,16,232,130,170,120,252,152,51,189
-7,16,53,59,72,130,189,120,82,219
-6,16,130,252,120,170,5,152,80,51
-5,16,170,152,71,51,252,46,230,130
-4,16,72,71,122,130,67,47,55,26
-3,16,71,26,185,170,219,167,45,73
-2,16,170,190,71,185,26,80,102,130
-1,16,5,130,170,252,152,51,80,46
-39,17,96,106,26,171,150,25,125,86
-38,17,248,35,185,64,125,20,241,226
-37,17,185,35,89,64,248,152,241,20
-36,17,35,89,64,20,185,69,115,1
-35,17,35,89,64,241,20,248,115,155
-34,17,69,185,35,64,248,89,1,152
-33,17,185,54,69,35,64,126,89,152
-32,17,69,54,185,144,152,64,4,9
-31,17,69,125,21,185,144,9,152,64
-30,17,69,64,35,89,155,20,115,226
-29,17,69,64,8,35,54,115,238,20
-28,17,69,44,210,152,192,1,196,217
-27,17,69,8,238,208,18,46,144,54
-26,17,69,115,8,35,64,20,89,238
-25,17,69,164,8,238,115,1,79,21
-24,17,69,35,89,64,115,20,8,87
-23,17,35,20,110,64,89,115,87,48
-22,17,35,20,64,17,115,15,89,87
-21,17,69,89,26,8,115,1,20,64
-20,17,69,115,15,89,8,20,35,78
-19,17,115,89,164,15,35,20,142,8
-18,17,155,35,20,64,201,17,15,115
-17,17,35,20,64,115,15,78,242,142
-16,17,35,250,87,64,115,20,15,0
-15,17,35,64,20,142,87,115,226,17
-14,17,35,20,64,110,87,17,57,15
-13,17,69,233,1,44,152,79,8,89
-12,17,35,20,89,64,115,15,230,197
-11,17,26,89,20,35,115,15,64,201
-10,17,157,115,89,35,8,104,141,20
-9,17,104,157,20,89,35,115,216,64
-8,17,155,89,115,102,8,69,35,64
-7,17,89,62,35,1,170,115,220,214
-6,17,35,20,115,89,64,172,110,61
-5,17,115,20,35,142,89,197,17,236
-4,17,89,1,8,115,26,238,229,209
-3,17,89,115,104,35,137,8,124,148
-2,17,89,115,21,104,164,35,20,8
-1,17,35,64,115,250,20,89,87,61
-39,18,100,201,174,94,141,44,75,172
-38,18,126,13,199,217,161,134,69,155
-37,18,126,43,34,199,13,176,219,99
-36,18,126,99,43,13,77,176,199,204
-35,18,126,69,6,161,34,43,13,204
-34,18,176,77,126,108,161,199,138,99
-33,18,117,176,77,13,118,199,138,143
-32,18,32,116,176,195,66,77,146,209
-31,18,209,116,176,77,195,99,138,44
-30,18,126,77,176,6,43,192,91,13
-29,18,77,32,171,91,237,176,233,13
-28,18,77,209,64,138,91,176,225,32
-27,18,77,66,32,91,19,123,176,94
-26,18,77,91,66,126,161,13,171,118
-25,18,77,176,250,171,91,72,108,123
-24,18,77,126,57,43,13,148,161,91
-23,18,126,13,112,192,43,77,30,177
-22,18,126,13,192,43,177,161,112,226
-21,18,77,91,192,138,204,43,126,55
-20,18,192,77,250,91,130,126,226,16
-19,18,192,250,16,13,126,205,77,91
-18,18,13,6,43,177,203,192,126,161
-17,18,13,192,161,126,43,130,226,177
-16,18,13,43,192,126,57,134,161,197
-15,18,13,126,177,192,158,43,159,161
-14,18,126,13,192,177,226,161,43,112
-13,18,176,77,138,91,182,175,123,225
-12,18,69,192,13,126,177,251,135,71
-11,18,55,192,69,30,13,177,77,139
-10,18,69,71,13,192,22,91,126,161
-9,18,126,13,192,177,72,135,71,30
-8,18,91,77,13,30,71,6,126,139
-7,18,144,116,91,229,13,139,66,43
-6,18,57,112,192,126,13,43,139,226
-5,18,192,69,13,177,126,112,16,135
-4,18,144,91,232,77,16,192,190,205
-3,18,16,91,192,97,139,244,13,126
-2,18,192,91,250,16,204,139,244,144
-1,18,192,57,13,43,126,179,197,134
-39,19,41,204,221,44,142,207,238,173
-38,19,173,221,26,35,207,36,41,154
-37,19,75,36,41,173,35,26,212,47
-36,19,114,75,35,41,30,36,26,226
-35,19,35,75,26,36,30,122,41,137
-34,19,35,26,75,122,212,173,137,30
-33,19,35,15,219,137,83,122,36,114
-32,19,48,35,219,239,99,212,75,67
-31,19,35,239,99,212,114,122,48,75
-30,19,36,122,35,59,75,212,30,137
-29,19,15,54,59,35,125,75,99,108
-28,19,212,115,95,59,125,219,88,190
-27,19,59,212,248,54,125,114,239,115
-26,19,59,75,26,35,137,212,30,124
-25,19,59,114,85,125,212,75,122,35
-24,19,36,26,35,75,130,59,20,122
-23,19,30,36,35,226,75,26,59,162
-22,19,36,26,30,75,228,226,35,173
-21,19,212,59,115,237,88,4,75,125
-20,19,75,59,30,26,226,247,137,39
-19,19,75,30,26,226,70,39,59,36
-18,19,36,35,226,26,30,75,224,162
-17,19,26,36,30,75,228,226,173,35
-16,19,36,26,20,75,35,30,109,130
-15,19,30,36,26,75,162,226,228,35
-14,19,36,26,30,225,120,12,226,75
-13,19,122,115,95,212,59,88,219,25
-12,19,30,226,36,75,26,35,42,177
-11,19,30,237,226,35,36,75,162,59
-10,19,30,75,225,226,28,237,59,35
-9,19,30,225,226,28,35,137,124,59
-8,19,30,59,132,35,226,36,75,212
-7,19,47,35,48,75,59,143,122,247
-6,19,26,36,30,75,226,10,72,35
-5,19,28,51,226,39,228,36,30,75
-4,19,59,115,211,108,28,237,4,88
-3,19,132,226,28,225,237,59,249,30
-2,19,28,85,59,226,26,39,30,75
-1,19,36,20,26,39,130,30,109,75
-39,20,17,127,175,217,18,223,11,8
-38,20,116,197,173,191,127,23,217,224
-37,20,72,133,23,191,148,172,224,71
-36,20,133,72,172,23,224,191,148,171
-35,20,72,23,133,112,191,148,224,151
-34,20,72,133,148,23,195,157,151,41
-33,20,72,41,151,53,148,133,224,161
-32,20,53,172,72,133,148,50,151,224
-31,20,172,133,72,53,195,148,23,50
-30,20,133,53,72,148,23,191,195,33
-29,20,53,133,148,72,191,172,50,152
-28,20,53,148,133,72,195,23,240,161
-27,20,53,148,133,172,50,23,72,195
-26,20,148,133,53,23,107,72,191,195
-25,20,53,148,133,195,72,23,85,161
-24,20,133,23,72,33,191,148,52,195
-23,20,133,33,191,224,72,23,220,52
-22,20,191,159,52,224,220,107,23,133
-21,20,148,133,53,107,23,195,161,72
-20,20,220,133,107,171,53,148,207,52
-19,20,220,107,207,52,133,148,191,23
-18,20,224,220,23,72,191,133,112,52
-17,20,220,191,52,159,242,23,56,107
-16,20,220,191,234,23,52,107,56,83
-15,20,224,191,220,23,234,52,72,4
-14,20,191,220,224,52,33,80,23,185
-13,20,195,148,53,72,133,85,217,246
-12,20,224,133,23,220,191,216,72,65
-11,20,133,224,23,148,65,53,72,107
-10,20,157,65,220,148,133,52,224,171
-9,20,220,224,133,103,72,65,42,171
-8,20,133,148,224,53,171,107,23,220
-7,20,133,148,53,220,233,72,56,59
-6,20,33,191,52,247,89,220,224,107
-5,20,247,159,107,220,207,191,224,4
-4,20,148,53,233,133,220,107,242,200
-3,20,157,133,207,148,247,220,224,107
-2,20,220,133,107,121,207,148,247,53
-1,20,247,234,220,56,107,191,83,23
-39,21,72,246,184,232,210,127,113,122
-38,21,95,184,232,72,18,156,209,45
-37,21,95,1,251,207,255,45,221,194
-36,21,95,207,99,221,251,255,44,1
-35,21,95,206,207,99,255,1,251,79
-34,21,95,99,1,45,206,207,143,166
-33,21,95,166,99,251,1,243,207,143
-32,21,95,32,99,58,1,221,214,251
-31,21,95,99,32,1,63,214,58,207
-30,21,239,95,99,207,178,44,214,1
-29,21,207,99,95,245,204,58,214,44
-28,21,99,95,1,214,207,84,204,254
-27,21,99,207,95,32,58,214,204,1
-26,21,95,207,99,44,69,161,67,1
-25,21,95,99,207,119,221,44,1,134
-24,21,95,39,207,29,44,99,94,161
-23,21,95,207,240,132,99,44,255,94
-22,21,95,207,47,44,197,255,156,73
-21,21,99,1,207,95,251,67,161,229
-20,21,207,95,5,99,44,61,67,151
-19,21,95,207,227,44,5,197,131,9
-18,21,95,206,255,207,19,47,197,73
-17,21,95,44,47,207,197,198,255,161
-16,21,95,44,29,164,197,207,47,161
-15,21,95,178,240,44,156,47,197,19
-14,21,95,240,126,44,47,156,197,73
-13,21,99,95,1,254,207,243,39,204
-12,21,95,207,255,156,67,197,209,73
-11,21,207,95,209,99,137,67,73,229
-10,21,207,95,240,22,229,73,14,107
-9,21,95,207,44,14,240,73,99,229
-8,21,251,207,95,206,229,19,99,61
-7,21,207,95,251,229,68,32,222,61
-6,21,95,207,132,94,22,44,29,131
-5,21,22,207,95,47,197,44,131,156
-4,21,207,229,68,95,179,222,61,233
-3,21,207,95,22,251,160,148,131,240
-2,21,207,95,22,131,44,229,251,197
-1,21,95,44,29,164,22,197,94,207
-39,22,120,175,100,50,192,82,231,90
-38,22,243,182,176,65,133,124,50,187
-37,22,12,59,124,189,40,11,182,95
-36,22,124,12,133,40,116,234,242,9
-35,22,124,163,136,116,133,229,199,156
-34,22,12,68,124,116,40,199,148,217
-33,22,77,109,123,12,116,20,40,148
-32,22,77,108,116,40,124,233,109,217
-31,22,137,12,40,116,124,102,242,156
-30,22,124,163,116,217,253,78,205,40
-29,22,124,253,40,229,77,108,53,247
-28,22,116,160,205,108,148,132,77,147
-27,22,229,244,108,124,98,167,40,78
-26,22,116,124,122,40,253,205,178,167
-25,22,19,124,216,40,242,122,132,53
-24,22,124,116,198,130,65,12,167,234
-23,22,124,161,234,253,167,207,65,165
-22,22,124,234,167,9,91,0,161,253
-21,22,116,68,122,160,205,132,156,234
-20,22,122,234,40,8,165,116,63,9
-19,22,19,122,63,234,40,9,242,124
-18,22,163,124,234,187,91,40,167,210
-17,22,17,234,124,40,122,117,216,253
-16,22,198,124,169,234,65,130,167,91
-15,22,161,142,124,91,163,185,187,234
-14,22,161,124,142,234,91,248,185,210
-13,22,160,217,147,149,148,126,82,132
-12,22,124,161,234,0,9,165,207,187
-11,22,124,68,234,165,187,116,161,182
-10,22,124,59,17,234,187,40,207,116
-9,22,124,234,242,220,114,187,207,46
-8,22,59,163,124,116,225,26,170,234
-7,22,59,20,124,40,116,156,146,225
-6,22,124,59,234,130,113,207,198,40
-5,22,9,124,0,234,63,122,59,40
-4,22,68,116,122,59,132,160,53,26
-3,22,59,116,234,122,225,124,220,68
-2,22,234,242,122,124,19,40,116,165
-1,22,198,124,169,130,234,122,65,185
-39,23,180,41,87,152,96,213,132,92
-38,23,204,88,112,213,221,150,138,89
-37,23,204,148,213,60,71,107,141,5
-36,23,173,60,85,204,220,222,107,213
-35,23,204,18,60,130,142,107,153,173
-34,23,204,64,213,60,61,51,226,173
-33,23,135,204,213,141,134,118,60,32
-32,23,204,213,61,141,37,32,134,230
-31,23,220,222,204,201,32,218,60,61
-30,23,142,130,20,204,107,61,18,60
-29,23,11,170,50,61,230,82,19,118
-28,23,80,32,141,230,146,249,213,98
-27,23,72,169,170,213,50,61,199,141
-26,23,170,107,141,56,80,252,14,201
-25,23,220,85,218,170,59,222,201,231
-24,23,20,128,107,206,204,108,60,56
-23,23,20,36,49,3,109,204,128,225
-22,23,3,153,238,145,66,111,204,106
-21,23,80,64,111,60,141,56,78,107
-20,23,111,85,231,93,59,3,194,15
-19,23,85,111,220,59,3,194,231,202
-18,23,3,142,18,143,238,107,98,111
-17,23,209,3,111,151,116,107,156,238
-16,23,189,128,206,111,107,3,108,204
-15,23,27,69,109,3,95,195,49,225
-14,23,49,95,27,3,109,203,36,133
-13,23,80,230,32,61,63,204,88,44
-12,23,15,153,3,225,130,133,238,95
-11,23,64,238,93,204,15,3,153,145
-10,23,93,156,186,202,209,49,15,225
-9,23,93,85,116,156,186,225,49,158
-8,23,141,18,60,133,130,142,225,56
-7,23,71,37,141,60,133,201,186,174
-6,23,20,186,133,95,36,238,225,174
-5,23,3,153,238,145,111,95,54,202
-4,23,80,170,141,60,64,236,186,111
-3,23,93,158,54,64,141,202,136,111
-2,23,93,218,85,201,220,158,59,164
-1,23,189,62,128,206,136,186,95,145
-39,24,53,216,124,167,4,24,58,62
-38,24,221,60,199,16,126,1,216,167
-37,24,221,1,167,157,68,166,145,39
-36,24,1,157,39,221,68,116,55,167
-35,24,221,1,39,106,125,116,67,146
-34,24,221,1,163,125,113,146,104,88
-33,24,1,221,101,163,9,251,47,55
-32,24,137,251,50,1,221,166,158,91
-31,24,1,137,50,251,158,221,157,163
-30,24,137,1,39,67,251,221,116,113
-29,24,137,1,78,157,244,201,55,113
-28,24,137,10,91,50,196,244,254,239
-27,24,137,157,166,244,50,33,216,127
-26,24,1,39,15,157,55,178,32,116
-25,24,157,1,11,55,178,116,3,32
-24,24,1,74,63,15,221,39,26,160
-23,24,1,39,43,221,63,116,44,15
-22,24,39,1,79,221,15,127,115,65
-21,24,116,1,39,24,176,137,68,237
-20,24,1,210,39,166,65,237,11,55
-19,24,1,39,210,128,65,11,221,15
-18,24,1,39,67,194,79,15,81,219
-17,24,1,39,15,128,81,221,115,79
-16,24,1,74,63,26,39,15,221,79
-15,24,1,39,191,12,138,186,221,155
-14,24,39,1,191,44,43,221,15,194
-13,24,137,201,88,21,116,51,167,53
-12,24,39,212,1,191,127,219,221,101
-11,24,39,1,212,116,127,138,221,101
-10,24,39,1,106,116,178,203,166,238
-9,24,39,1,11,206,116,81,138,203
-8,24,39,203,212,125,1,238,143,176
-7,24,50,176,39,1,203,238,163,11
-6,24,63,39,160,26,1,242,74,15
-5,24,39,1,127,225,106,79,185,115
-4,24,176,116,1,178,56,5,7,210
-3,24,242,39,238,1,185,58,166,106
-2,24,39,11,1,238,185,81,210,58
-1,24,74,242,1,63,160,39,26,44
-39,25,167,52,236,132,221,231,242,119
-38,25,180,44,251,233,167,132,66,182
-37,25,42,212,78,47,93,202,66,130
-36,25,47,93,42,130,78,219,155,208
-35,25,47,78,93,212,130,200,208,145
-34,25,42,78,47,145,212,132,208,180
-33,25,42,47,208,174,20,155,64,7
-32,25,47,0,42,194,203,165,180,26
-31,25,47,101,26,42,0,212,145,130
-30,25,47,145,130,100,165,208,180,5
-29,25,47,208,180,26,100,112,130,165
-28,25,34,47,5,145,208,183,121,212
-27,25,47,0,194,208,34,212,180,174
-26,25,47,130,100,0,145,222,2,101
-25,25,47,37,101,130,100,208,165,84
-24,25,47,43,134,147,130,182,93,219
-23,25,93,47,33,219,142,66,130,182
-22,25,47,130,93,66,154,175,155,113
-21,25,164,47,145,137,130,93,219,208
-20,25,47,230,137,219,155,130,145,154
-19,25,47,137,230,101,154,219,130,113
-18,25,47,93,127,66,130,175,45,113
-17,25,47,130,154,66,224,93,97,113
-16,25,47,147,43,182,134,130,93,154
-15,25,47,168,6,142,22,219,175,20
-14,25,47,61,33,142,130,6,168,219
-13,25,145,47,212,45,26,34,254,130
-12,25,93,47,219,168,155,142,66,15
-11,25,164,219,168,47,93,15,130,142
-10,25,47,164,219,21,168,93,200,130
-9,25,47,219,168,21,93,113,130,192
-8,25,47,93,21,219,145,130,200,168
-7,25,47,93,21,0,145,87,219,130
-6,25,47,43,21,15,130,33,219,147
-5,25,47,239,130,175,93,15,154,80
-4,25,145,164,47,98,93,219,76,137
-3,25,47,164,192,37,137,219,93,230
-2,25,47,78,137,93,230,192,219,130
-1,25,47,61,147,130,43,134,182,78
-39,26,217,57,81,136,181,244,211,150
-38,26,166,88,12,137,71,189,159,244
-37,26,166,54,137,12,160,204,214,193
-36,26,166,54,137,160,64,214,231,204
-35,26,54,166,204,137,214,160,67,38
-34,26,166,54,204,78,214,71,248,228
-33,26,144,78,166,58,54,66,189,214
-32,26,17,166,132,54,71,125,189,248
-31,26,54,204,166,132,17,137,248,160
-30,26,132,204,54,160,38,248,166,137
-29,26,132,143,248,189,160,71,31,0
-28,26,132,78,44,204,17,189,248,71
-27,26,132,143,17,189,248,0,54,209
-26,26,160,137,96,54,161,64,52,200
-25,26,160,132,6,224,137,96,54,204
-24,26,137,160,20,51,54,124,214,166
-23,26,54,137,160,147,231,167,51,214
-22,26,137,160,52,167,54,106,231,83
-21,26,52,167,204,132,54,214,231,160
-20,26,137,52,167,160,54,224,12,67
-19,26,137,160,52,224,167,231,203,83
-18,26,160,106,137,38,231,159,52,61
-17,26,137,160,52,106,167,231,224,171
-16,26,137,148,20,160,171,51,124,52
-15,26,160,137,83,106,38,22,51,231
-14,26,160,147,137,54,106,167,37,189
-13,26,204,132,73,54,248,253,189,17
-12,26,190,160,106,54,67,231,214,137
-11,26,54,67,160,231,106,146,167,22
-10,26,67,83,146,54,160,96,64,44
-9,26,64,67,160,54,190,146,218,167
-8,26,160,64,38,67,146,54,194,218
-7,26,171,160,64,214,203,218,137,146
-6,26,20,160,64,92,124,137,147,50
-5,26,160,83,137,52,64,167,179,146
-4,26,96,179,132,146,18,194,67,83
-3,26,83,146,67,160,235,96,137,52
-2,26,160,137,52,146,203,224,229,64
-1,26,137,20,160,148,50,171,92,124
-39,27,247,191,225,218,83,82,108,117
-38,27,85,150,228,225,204,255,61,185
-37,27,85,12,150,147,204,225,242,139
-36,27,85,147,206,139,242,204,218,182
-35,27,85,139,147,206,182,100,98,241
-34,27,139,85,98,182,228,147,82,206
-33,27,18,85,139,206,12,182,188,98
-32,27,139,12,18,85,206,6,147,182
-31,27,139,147,28,85,98,12,206,6
-30,27,139,240,85,147,206,134,235,169
-29,27,139,240,206,124,228,190,51,92
-28,27,139,190,206,147,98,45,92,235
-27,27,139,206,51,79,240,228,190,12
-26,27,139,206,23,240,85,3,79,154
-25,27,139,206,177,3,28,33,85,240
-24,27,65,147,85,139,242,58,240,81
-23,27,204,147,85,242,54,250,139,206
-22,27,233,85,248,54,242,250,206,204
-21,27,139,233,206,3,147,110,177,85
-20,27,233,139,206,242,85,121,18,3
-19,27,33,233,85,71,54,177,242,3
-18,27,103,250,85,54,204,133,147,242
-17,27,85,250,242,54,204,254,71,108
-16,27,165,200,181,85,58,242,81,147
-15,27,103,250,171,204,54,71,120,242
-14,27,250,37,54,181,204,85,147,242
-13,27,139,147,74,98,170,235,177,190
-12,27,54,248,250,85,37,147,24,204
-11,27,37,206,139,85,147,54,204,233
-10,27,116,37,54,206,241,249,169,139
-9,27,37,54,71,242,249,85,233,204
-8,27,166,103,139,37,206,71,85,241
-7,27,12,95,97,3,37,147,79,169
-6,27,24,54,37,97,71,81,218,242
-5,27,248,71,233,54,3,177,206,80
-4,27,3,233,169,206,80,116,110,197
-3,27,177,116,233,80,3,71,241,85
-2,27,177,3,71,54,28,233,94,242
-1,27,242,200,181,58,85,81,165,218
-39,28,158,107,88,166,93,218,18,89
-38,28,152,252,229,130,247,166,60,63
-37,28,130,247,152,166,53,252,72,112
-36,28,130,152,190,72,252,247,170,28
-35,28,130,152,149,54,252,72,183,230
-34,28,130,152,247,72,149,16,172,165
-33,28,10,130,59,247,105,72,56,152
-32,28,130,234,59,247,63,56,152,191
-31,28,130,59,152,72,234,183,247,172
-30,28,130,152,72,173,183,178,158,191
-29,28,130,191,152,158,173,15,16,10
-28,28,191,74,130,228,72,197,47,172
-27,28,130,191,152,16,158,138,162,112
-26,28,130,152,138,201,210,28,72,179
-25,28,130,193,152,190,219,178,113,165
-24,28,130,152,5,170,96,72,28,80
-23,28,130,152,156,170,250,168,252,80
-22,28,130,152,170,230,51,54,252,46
-21,28,130,170,72,152,20,0,149,80
-20,28,130,170,56,190,152,51,0,82
-19,28,130,190,170,51,152,82,193,0
-18,28,130,152,232,170,252,149,47,80
-17,28,130,152,170,193,252,80,51,46
-16,28,130,152,133,5,43,170,252,80
-15,28,130,78,152,170,168,119,24,46
-14,28,130,152,168,170,156,250,252,24
-13,28,74,130,172,191,117,112,210,158
-12,28,130,152,170,252,250,168,230,24
-11,28,130,152,250,170,252,185,24,72
-10,28,130,201,250,72,185,152,170,149
-9,28,130,170,152,250,72,46,24,190
-8,28,130,232,152,72,250,73,149,228
-7,28,130,193,219,152,72,120,250,53
-6,28,130,156,168,170,120,152,250,252
-5,28,130,230,170,54,26,78,152,51
-4,28,130,20,26,72,188,71,74,45
-3,28,130,201,26,170,72,185,250,138
-2,28,130,193,170,116,250,26,152,71
-1,28,130,133,43,152,5,252,168,229
-39,29,106,96,171,25,86,125,112,42
-38,29,248,64,20,201,185,100,79,241
-37,29,185,64,89,152,1,248,35,62
-36,29,64,89,185,20,1,115,248,21
-35,29,248,236,64,89,69,1,65,20
-34,29,185,69,248,1,25,89,64,79
-33,29,126,54,185,170,69,4,165,152
-32,29,69,54,185,9,4,125,170,60
-31,29,69,125,1,185,19,21,9,88
-30,29,69,1,155,64,20,91,236,125
-29,29,69,54,18,184,126,30,99,208
-28,29,69,150,9,1,204,165,36,149
-27,29,69,30,162,99,54,79,1,14
-26,29,69,162,64,78,185,115,89,91
-25,29,164,88,69,64,21,1,115,8
-24,29,64,20,172,89,1,35,87,115
-23,29,110,20,64,213,230,89,17,1
-22,29,20,64,236,142,89,200,230,115
-21,29,26,1,89,69,20,115,8,101
-20,29,19,20,142,89,115,96,64,69
-19,29,164,115,88,21,20,64,142,166
-18,29,155,201,230,20,64,142,236,200
-17,29,20,78,88,64,49,142,21,230
-16,29,250,76,87,64,20,172,0,248
-15,29,188,230,155,17,213,142,20,200
-14,29,110,213,142,17,20,230,200,5
-13,29,69,150,1,44,36,233,152,9
-12,29,89,20,142,230,201,236,1,218
-11,29,26,89,20,101,1,142,230,141
-10,29,157,89,104,141,1,230,115,8
-9,29,157,89,141,104,49,230,64,102
-8,29,89,155,102,115,1,64,137,20
-7,29,88,89,62,115,9,170,20,54
-6,29,110,172,20,230,141,89,17,142
-5,29,236,89,20,142,141,115,230,200
-4,29,26,89,115,141,150,1,8,122
-3,29,89,162,104,115,26,99,216,202
-2,29,88,164,21,115,89,20,142,64
-1,29,64,76,250,87,248,20,172,0
-39,30,31,174,75,94,32,160,141,217
-38,30,13,134,126,72,161,176,199,177
-37,30,176,13,44,72,199,66,192,91
-36,30,176,44,250,13,192,99,72,91
-35,30,176,6,44,13,77,199,69,122
-34,30,176,72,44,77,13,199,108,138
-33,30,18,117,176,209,143,13,72,183
-32,30,116,176,66,143,77,32,209,183
-31,30,44,116,77,91,151,99,192,176
-30,30,77,44,6,91,204,176,225,175
-29,30,77,123,208,32,66,44,108,62
-28,30,77,122,138,127,181,123,176,97
-27,30,77,123,19,66,44,91,99,97
-26,30,77,66,19,151,91,97,156,73
-25,30,77,162,250,99,91,50,19,151
-24,30,148,44,43,192,91,187,13,77
-23,30,192,112,177,71,203,135,128,91
-22,30,192,69,13,91,77,112,177,251
-21,30,192,55,77,91,221,13,139,69
-20,30,192,250,151,219,63,77,91,130
-19,30,250,192,63,151,162,50,232,13
-18,30,6,203,177,135,13,251,192,91
-17,30,192,162,50,237,13,151,232,135
-16,30,43,179,187,192,135,203,177,197
-15,30,158,159,177,135,203,71,251,6
-14,30,177,135,192,159,71,251,203,112
-13,30,176,175,77,44,123,122,47,138
-12,30,69,177,192,91,13,203,251,139
-11,30,55,69,192,91,77,139,176,13
-10,30,69,91,77,176,139,45,237,13
-9,30,91,139,177,63,13,162,251,50
-8,30,6,122,91,13,77,139,192,97
-7,30,144,192,162,50,116,232,139,91
-6,30,112,192,135,177,71,128,91,187
-5,30,69,192,112,91,97,139,177,13
-4,30,55,144,91,192,221,139,190,73
-3,30,97,192,91,139,55,130,151,13
-2,30,162,192,63,250,50,91,232,151
-1,30,43,179,192,187,134,203,163,177
-39,31,35,75,30,20,96,162,60,36
-38,31,75,162,221,35,41,20,36,207
-37,31,75,207,35,212,247,41,162,221
-36,31,35,162,75,114,30,59,122,137
-35,31,35,122,75,162,207,233,137,243
-34,31,35,75,122,207,143,137,212,67
-33,31,15,219,83,67,35,143,55,47
-32,31,83,99,219,157,37,47,35,125
-31,31,35,59,85,88,99,157,122,114
-30,31,59,122,233,88,35,162,54,212
-29,31,15,54,35,1,99,83,133,125
-28,31,212,67,125,95,248,195,59,180
-27,31,83,35,114,59,1,49,3,212
-26,31,35,83,137,59,162,157,27,3
-25,31,35,34,162,85,59,88,157,135
-24,31,35,130,162,75,59,88,122,30
-23,31,30,35,12,228,162,75,199,226
-22,31,35,51,30,162,75,226,59,137
-21,31,237,35,30,137,59,195,75,88
-20,31,35,157,30,226,247,137,59,108
-19,31,35,30,151,162,146,228,70,183
-18,31,35,162,30,96,226,233,42,28
-17,31,35,30,162,183,228,150,75,70
-16,31,20,109,205,162,30,75,4,35
-15,31,30,226,228,162,201,42,96,35
-14,31,30,225,228,162,226,35,12,42
-13,31,212,122,95,115,59,245,88,231
-12,31,30,35,226,162,122,59,42,233
-11,31,237,30,132,59,35,226,162,122
-10,31,225,30,237,59,137,226,35,132
-9,31,132,30,225,35,28,59,162,33
-8,31,132,50,35,233,195,30,162,33
-7,31,183,47,247,219,35,99,162,34
-6,31,30,12,228,226,162,199,35,135
-5,31,51,135,226,35,30,162,233,108
-4,31,237,135,59,35,226,108,33,137
-3,31,135,226,35,132,225,137,14,237
-2,31,135,35,228,162,34,30,226,108
-1,31,20,162,205,109,75,35,4,130
-39,32,195,68,112,27,146,178,185,252
-38,32,224,252,68,27,197,112,178,50
-37,32,144,47,27,14,68,151,128,19
-36,32,146,47,76,123,12,185,255,27
-35,32,89,47,194,255,17,68,199,27
-34,32,224,255,47,197,68,71,89,151
-33,32,202,58,235,151,121,248,47,59
-32,32,235,120,14,78,202,151,143,26
-31,32,179,47,109,255,140,144,104,123
-30,32,17,255,194,47,46,34,178,236
-29,32,121,202,235,138,58,174,219,133
-28,32,33,255,47,241,219,104,236,117
-27,32,14,43,128,47,31,197,143,235
-26,32,14,197,34,206,235,156,47,27
-25,32,123,140,76,179,47,125,85,12
-24,32,113,99,47,254,238,185,178,255
-23,32,238,116,185,178,47,192,113,158
-22,32,178,146,195,86,47,194,199,185
-21,32,224,178,206,47,197,199,42,117
-20,32,12,85,146,76,123,179,14,86
-19,32,76,179,18,146,86,123,125,47
-18,32,175,37,17,178,199,194,50,47
-17,32,179,125,75,76,159,185,86,183
-16,32,98,192,99,178,90,134,185,181
-15,32,17,116,42,185,159,157,75,192
-14,32,192,116,185,148,159,178,47,157
-13,32,33,255,241,236,43,117,80,219
-12,32,195,146,178,47,245,185,247,86
-11,32,224,178,47,199,197,245,206,255
-10,32,75,116,47,197,206,86,199,245
-9,32,86,47,116,18,245,75,76,201
-8,32,175,17,37,151,47,247,245,199
-7,32,26,92,120,179,245,125,47,151
-6,32,113,238,245,159,178,185,47,192
-5,32,146,195,86,47,178,199,194,50
-4,32,224,206,197,47,178,199,42,156
-3,32,116,47,197,206,75,50,86,179
-2,32,123,179,86,146,125,76,140,12
-1,32,98,112,134,178,99,181,192,90
-39,33,127,189,37,97,217,181,72,36
-38,33,127,63,72,217,156,71,18,16
-37,33,127,47,84,72,82,67,71,81
-36,33,127,75,56,139,11,95,81,143
-35,33,127,214,81,94,23,72,217,71
-34,33,127,63,156,81,18,71,72,217
-33,33,147,127,198,176,81,47,203,63
-32,33,203,47,127,198,81,67,250,167
-31,33,127,139,102,250,189,203,81,104
-30,33,214,23,217,94,127,81,72,82
-29,33,147,72,30,127,47,78,165,81
-28,33,192,203,110,72,81,33,146,67
-27,33,72,247,240,81,127,103,167,47
-26,33,81,127,103,72,126,59,203,247
-25,33,127,234,95,56,132,104,75,11
-24,33,127,190,41,143,232,104,72,166
-23,33,127,232,72,182,41,107,244,58
-22,33,75,127,97,49,37,6,81,94
-21,33,179,201,156,127,81,40,16,217
-20,33,56,139,127,81,11,181,104,162
-19,33,11,234,56,127,189,75,104,95
-18,33,214,117,23,127,16,94,72,81
-17,33,5,127,132,161,104,49,16,166
-16,33,127,183,86,126,238,129,72,43
-15,33,23,28,214,127,117,11,58,94
-14,33,127,182,18,132,86,72,107,253
-13,33,192,110,67,220,50,127,75,190
-12,33,189,217,97,37,127,16,94,81
-11,33,179,201,217,156,127,81,16,72
-10,33,18,81,182,206,59,127,103,217
-9,33,95,36,127,11,81,59,139,6
-8,33,214,23,94,81,117,72,127,82
-7,33,47,132,104,127,250,162,84,146
-6,33,73,41,127,107,232,244,49,58
-5,33,189,75,37,97,49,94,81,127
-4,33,179,201,156,81,40,127,206,146
-3,33,206,18,81,59,104,127,179,40
-2,33,75,234,127,104,56,95,36,49
-1,33,127,86,183,43,126,92,129,72
-39,34,63,51,255,212,204,186,90,109
-38,34,152,51,63,105,204,54,234,251
-37,34,152,18,103,11,181,128,204,51
-36,34,72,195,51,240,44,10,67,181
-35,34,247,187,182,54,51,19,211,10
-34,34,152,247,54,10,246,181,213,51
-33,34,164,226,247,152,185,181,37,158
-32,34,164,185,128,18,121,152,247,11
-31,34,44,195,109,238,240,67,128,121
-30,34,54,58,187,188,10,246,19,12
-29,34,179,226,182,138,134,158,118,185
-28,34,16,246,244,37,10,123,247,211
-27,34,183,241,143,11,18,235,246,152
-26,34,183,11,143,18,227,10,188,213
-25,34,72,44,240,238,51,195,73,183
-24,34,88,51,161,97,67,252,62,10
-23,34,51,9,252,161,205,97,56,21
-22,34,212,255,51,187,21,19,43,141
-21,34,217,49,213,141,51,21,188,251
-20,34,195,94,44,72,238,18,141,189
-19,34,72,44,240,238,51,195,94,101
-18,34,58,182,187,51,12,54,206,33
-17,34,44,238,51,227,143,20,162,6
-16,34,84,51,96,26,207,1,252,21
-15,34,12,45,252,58,56,187,51,21
-14,34,9,45,51,252,205,56,21,202
-13,34,16,123,246,88,218,10,108,254
-12,34,212,255,51,90,187,251,54,181
-11,34,49,217,51,247,251,90,181,33
-10,34,11,217,90,227,49,213,141,246
-9,34,90,238,240,44,181,51,205,28
-8,34,58,187,181,54,182,114,51,12
-7,34,44,103,238,181,143,128,166,51
-6,34,97,161,252,34,56,51,21,62
-5,34,212,255,187,51,141,90,19,181
-4,34,49,217,141,213,181,196,188,87
-3,34,11,44,241,181,141,238,152,205
-2,34,44,238,240,5,51,72,195,94
-1,34,84,51,96,26,207,62,252,1
-39,35,43,44,97,22,129,203,49,135
-38,35,112,129,135,203,84,22,225,28
-37,35,14,129,36,84,97,210,112,104
-36,35,185,202,36,129,191,167,235,97
-35,35,202,194,167,36,11,34,84,14
-34,35,202,167,36,14,194,253,156,11
-33,35,202,101,34,254,253,194,11,14
-32,35,101,103,202,254,89,167,194,11
-31,35,36,74,167,148,14,187,202,190
-30,35,196,167,14,36,202,194,103,116
-29,35,194,202,101,252,11,14,170,116
-28,35,14,202,36,194,167,58,171,79
-27,35,167,202,116,194,196,14,36,101
-26,35,167,202,196,116,36,244,170,194
-25,35,148,74,190,202,191,187,196,97
-24,35,235,74,167,36,218,129,202,0
-23,35,218,22,132,167,235,36,202,135
-22,35,49,167,202,22,10,36,136,214
-21,35,224,202,167,214,244,36,10,14
-20,35,185,167,148,190,136,214,191,202
-19,35,148,190,185,191,167,74,187,2
-18,35,7,84,10,167,36,212,14,3
-17,35,148,190,74,191,8,7,136,10
-16,35,57,84,42,160,218,145,135,22
-15,35,218,22,132,10,235,145,167,66
-14,35,218,132,22,167,235,145,153,61
-13,35,14,194,53,93,235,36,202,236
-12,35,36,167,49,202,44,22,10,84
-11,35,36,202,224,167,84,214,11,14
-10,35,167,202,36,214,224,244,89,11
-9,35,191,36,71,148,167,49,104,190
-8,35,7,36,202,142,14,167,253,71
-7,35,36,190,148,74,167,171,9,7
-6,35,218,22,167,36,71,61,122,146
-5,35,49,167,36,214,202,89,77,244
-4,35,36,224,214,167,244,202,89,171
-3,35,36,148,167,190,214,89,202,244
-2,35,148,190,167,74,36,203,49,61
-1,35,57,84,42,203,22,102,218,36
-39,36,73,234,45,212,0,159,186,37
-38,36,73,212,239,24,214,251,186,255
-37,36,73,188,153,44,10,74,48,50
-36,36,26,188,73,125,153,142,158,10
-35,36,188,73,158,253,153,235,10,0
-34,36,153,188,158,73,10,239,28,82
-33,36,158,188,10,118,82,153,241,73
-32,36,78,103,10,188,153,158,118,194
-31,36,153,26,142,188,115,227,78,79
-30,36,188,78,0,153,253,10,8,82
-29,36,188,72,1,96,228,78,165,73
-28,36,188,78,154,153,110,10,245,119
-27,36,188,78,251,153,10,48,1,165
-26,36,188,78,48,251,2,153,82,10
-25,36,188,142,115,227,39,26,78,153
-24,36,207,188,248,49,153,246,152,120
-23,36,181,188,246,152,74,211,120,248
-22,36,234,188,0,8,74,129,153,171
-21,36,188,255,24,129,239,153,10,74
-20,36,125,26,227,129,115,44,142,188
-19,36,227,142,115,39,248,125,188,26
-18,36,245,0,203,188,74,187,8,214
-17,36,227,115,39,19,245,171,248,142
-16,36,70,120,248,181,14,20,188,74
-15,36,253,211,0,8,74,248,214,203
-14,36,248,120,211,152,246,188,181,74
-13,36,110,78,188,207,153,176,245,154
-12,36,0,234,188,74,10,153,214,158
-11,36,255,188,24,153,10,239,74,157
-10,36,188,153,251,24,255,74,129,10
-9,36,227,188,10,39,153,74,147,251
-8,36,245,188,10,0,153,50,74,253
-7,36,39,227,115,188,74,153,10,50
-6,36,181,246,152,74,188,211,248,10
-5,36,234,74,188,92,119,129,8,0
-4,36,255,24,188,129,74,119,153,239
-3,36,251,188,74,227,39,153,115,129
-2,36,227,115,142,39,188,74,147,26
-1,36,120,70,181,20,14,248,165,102
-39,37,72,219,209,145,165,220,48,28
-38,37,219,50,209,48,28,90,14,72
-37,37,124,219,162,22,89,134,163,55
-36,37,219,124,55,22,64,109,20,27
-35,37,219,164,64,22,103,35,55,124
-34,37,219,50,64,103,22,124,35,21
-33,37,156,64,103,219,89,109,199,35
-32,37,103,219,181,89,199,64,124,22
-31,37,103,27,78,219,22,124,238,199
-30,37,103,219,22,164,199,95,238,124
-29,37,156,170,198,29,219,103,181,199
-28,37,199,219,103,238,89,124,1,121
-27,37,103,219,100,22,248,199,163,55
-26,37,103,219,162,22,163,199,55,124
-25,37,103,78,27,169,219,22,16,199
-24,37,67,124,135,219,22,27,143,190
-23,37,143,67,124,48,161,219,135,55
-22,37,145,220,103,124,105,22,55,147
-21,37,50,147,124,14,219,103,57,22
-20,37,126,147,162,27,14,57,78,21
-19,37,27,78,126,145,55,16,233,175
-18,37,164,84,124,95,220,105,21,48
-17,37,27,78,145,233,169,48,175,16
-16,37,182,58,190,143,31,72,65,145
-15,37,143,48,67,220,164,161,124,84
-14,37,143,67,48,161,190,174,135,56
-13,37,163,103,48,143,161,124,67,135
-12,37,124,220,219,22,90,64,21,209
-11,37,50,124,219,22,35,103,147,14
-10,37,124,50,14,103,22,147,162,219
-9,37,124,27,78,22,89,186,15,24
-8,37,164,124,89,219,220,84,95,22
-7,37,124,27,78,89,55,101,22,233
-6,37,124,161,67,143,48,135,174,55
-5,37,124,145,103,147,57,220,22,21
-4,37,124,147,50,14,57,103,22,55
-3,37,124,14,27,78,103,22,21,57
-2,37,27,78,124,48,113,145,103,16
-1,37,182,190,65,145,143,58,31,72
-39,38,120,209,87,125,22,132,97,0
-38,38,209,146,86,79,97,84,44,33
-37,38,209,175,212,118,127,120,242,79
-36,38,209,118,80,212,127,173,175,215
-35,38,209,22,189,127,118,128,136,212
-34,38,209,127,146,118,212,189,63,79
-33,38,204,55,50,209,197,52,102,175
-32,38,209,242,127,205,118,212,52,204
-31,38,209,127,118,80,215,119,212,175
-30,38,209,127,22,118,136,212,12,175
-29,38,209,204,50,55,243,43,89,46
-28,38,103,209,144,175,37,206,191,159
-27,38,209,127,7,118,12,204,159,79
-26,38,209,127,118,12,79,124,212,230
-25,38,209,215,80,251,118,169,127,88
-24,38,209,71,80,30,127,118,9,234
-23,38,209,101,30,9,234,127,118,201
-22,38,209,212,127,118,86,84,22,215
-21,38,209,146,79,86,127,212,118,94
-20,38,209,87,79,215,84,119,127,118
-19,38,209,215,80,119,251,169,88,84
-18,38,209,136,86,212,22,79,97,84
-17,38,209,169,215,145,119,251,17,143
-16,38,209,148,92,71,159,30,212,151
-15,38,209,136,30,101,9,234,212,222
-14,38,209,101,30,9,234,195,97,159
-13,38,209,30,9,101,234,71,97,127
-12,38,209,86,79,212,22,127,118,97
-11,38,146,79,209,212,127,86,118,175
-10,38,127,79,124,212,118,209,86,94
-9,38,209,215,212,118,127,251,80,213
-8,38,136,209,212,22,118,127,223,213
-7,38,209,198,215,212,118,251,173,127
-6,38,30,9,209,234,101,212,213,127
-5,38,212,209,79,127,94,22,118,84
-4,38,146,79,127,212,118,86,209,94
-3,38,209,124,215,79,127,212,118,94
-2,38,209,215,251,169,84,119,80,127
-1,38,209,148,92,71,173,212,249,213
-39,39,224,108,23,78,241,16,185,52
-38,39,78,85,13,62,177,52,181,34
-37,39,219,34,77,70,30,116,108,177
-36,39,239,158,244,44,70,99,108,165
-35,39,16,34,145,70,23,108,30,146
-34,39,34,85,70,177,30,108,13,116
-33,39,112,226,136,108,101,83,157,58
-32,39,219,70,141,77,108,99,30,159
-31,39,158,239,70,244,44,231,99,183
-30,39,16,34,30,70,145,116,23,36
-29,39,164,201,157,21,35,112,108,32
-28,39,42,55,164,148,159,227,119,10
-27,39,40,70,74,77,163,35,34,147
-26,39,30,70,116,34,77,130,13,62
-25,39,158,239,231,244,70,117,183,44
-24,39,69,250,183,92,244,72,70,248
-23,39,250,246,1,248,92,9,70,203
-22,39,241,23,16,70,145,68,78,34
-21,39,34,13,85,177,30,62,116,70
-20,39,44,231,77,239,62,242,78,251
-19,39,158,244,231,183,9,239,72,122
-18,39,16,23,78,145,34,62,36,182
-17,39,158,231,239,179,117,253,90,109
-16,39,2,248,189,38,69,154,78,213
-15,39,23,241,92,250,16,9,78,68
-14,39,75,248,92,250,246,1,9,188
-13,39,250,1,9,248,246,92,241,70
-12,39,34,23,16,145,78,30,70,62
-11,39,34,30,85,13,116,177,70,78
-10,39,34,30,116,70,13,177,62,130
-9,39,158,239,72,70,244,183,182,36
-8,39,16,145,34,23,70,63,213,30
-7,39,158,239,231,219,197,70,244,251
-6,39,250,246,1,92,248,9,70,182
-5,39,62,241,145,34,70,23,242,16
-4,39,62,34,13,70,242,85,30,116
-3,39,30,116,62,70,231,239,34,77
-2,39,158,231,239,72,197,244,70,44
-1,39,2,248,189,38,69,154,213,78
0,0,177,47,235,192,187,115,132,158
0,1,250,112,11,224,172,244,155,129
0,2,100,10,158,93,145,29,109,123
0,3,25,6,225,199,37,117,214,118
0,4,222,142,15,102,108,154,128,236
0,5,158,218,193,65,153,151,127,251
0,6,79,138,196,153,60,54,167,177
0,7,36,147,184,117,185,76,29,78
0,8,164,52,220,133,224,180,191,23
0,9,95,255,164,161,2,197,239,198
0,10,198,169,247,65,185,125,234,124
0,11,189,128,206,107,108,160,86,3
0,12,39,74,93,63,1,26,128,15
0,13,47,93,147,43,154,134,66,202
0,14,137,51,224,159,52,50,189,124
0,15,242,148,165,147,81,200,71,162
0,16,130,28,252,5,233,51,152,80
0,17,35,64,250,115,87,20,89,242
0,18,13,43,57,179,126,177,192,134
0,19,20,36,75,30,116,226,109,35
0,20,234,220,224,4,23,239,191,56
0,21,95,164,2,197,29,44,191,207
0,22,198,169,124,65,125,91,234,130
0,23,206,189,128,108,107,111,162,62
0,24,93,74,1,221,242,63,39,26
0,25,182,47,134,78,147,93,43,202
0,26,137,148,103,51,32,124,160,20
0,27,165,58,87,242,162,181,183,229
0,28,130,229,43,80,205,133,252,46
0,29,248,87,0,20,64,250,76,124
0,30,43,134,163,197,179,226,192,13
0,31,116,20,4,109,36,205,75,39
0,32,112,119,90,134,181,192,178,2
0,33,127,43,93,92,86,183,83,16
0,34,26,1,85,96,82,51,207,113
0,35,42,84,57,72,174,203,160,135
0,36,20,70,120,83,221,14,192,181
0,37,39,182,190,104,124,31,72,58
0,38,209,151,148,249,27,71,92,212
0,39,154,110,38,243,69,248,78,12
1,0,75,37,138,77,173,232,238,184
1,1,112,214,250,172,224,147,129,97
1,2,49,219,217,11,29,158,153,60
1,3,6,196,69,224,25,87,159,225
1,4,90,163,200,233,195,129,121,140
1,5,65,71,188,158,251,127,153,110
1,6,143,169,138,203,22,133,60,254
1,7,184,125,229,35,185,78,117,208
1,8,224,133,72,191,99,98,23,141
1,9,255,2,243,95,36,170,198,161
1,10,65,157,243,185,247,125,134,198
1,11,150,204,89,128,160,206,143,108
1,12,145,60,221,192,39,209,13,1
1,13,89,202,93,182,66,212,243,134
1,14,103,189,28,137,125,51,88,214
1,15,229,165,185,242,244,58,46,147
1,16,163,60,35,28,252,130,38,238
1,17,248,208,5,89,167,87,64,35
1,18,43,213,134,203,2,197,177,124
1,19,36,195,121,201,167,20,173,56
1,20,224,99,23,173,191,175,220,239
1,21,18,255,2,95,170,200,243,221
1,22,65,243,185,125,35,176,150,247
1,23,150,239,160,16,128,206,89,143
1,24,145,60,221,199,0,127,93,235
1,25,243,89,182,202,134,185,93,20
1,26,88,103,137,12,28,229,214,189
1,27,229,165,242,185,46,58,183,87
1,28,163,229,238,28,75,205,35,92
1,29,22,248,241,87,15,46,208,167
1,30,43,134,15,201,126,197,124,163
1,31,36,121,20,201,26,167,204,154
1,32,112,250,150,53,160,2,95,90
1,33,127,52,92,164,9,43,83,184
1,34,186,63,26,85,1,92,105,132
1,35,43,42,72,84,57,174,86,160
1,36,45,14,20,201,120,75,83,221
1,37,72,39,23,182,138,206,190,65
1,38,209,103,249,120,151,104,248,18
1,39,238,222,162,21,190,228,159,10
2,0,81,115,140,206,95,192,235,86
2,1,112,94,224,172,250,19,147,33
2,2,153,106,41,129,217,29,11,49
2,3,230,26,117,25,199,233,6,196
2,4,195,58,154,108,90,165,235,89
2,5,65,158,127,43,153,188,135,205
2,6,138,79,143,60,196,65,22,153
2,7,36,117,184,70,185,35,123,147
2,8,104,239,107,224,99,116,180,220
2,9,2,36,203,116,95,191,255,161
2,10,65,247,198,185,125,243,234,157
2,11,108,206,128,160,62,204,189,86
2,12,74,221,93,39,220,44,60,65
2,13,134,47,138,182,93,202,147,154
2,14,137,52,148,64,32,51,160,50
2,15,162,165,148,58,242,87,229,147
2,16,229,43,130,252,28,170,205,51
2,17,64,115,248,87,0,89,20,35
2,18,43,197,192,134,126,203,226,204
2,19,20,36,116,109,75,30,167,26
2,20,175,239,23,99,116,224,220,191
2,21,2,203,95,191,44,116,207,255
2,22,65,198,36,243,125,234,231,150
2,23,108,206,128,160,162,51,239,34
2,24,102,68,221,93,254,145,199,220
2,25,78,234,182,93,134,212,189,202
2,26,137,103,88,229,12,32,214,41
2,27,183,165,242,153,229,87,58,147
2,28,229,35,205,28,130,163,80,152
2,29,248,241,87,22,64,69,124,89
2,30,134,197,43,163,126,203,111,226
2,31,75,36,116,20,121,26,167,109
2,32,112,119,252,90,2,192,53,184
2,33,127,92,93,43,83,52,9,164
2,34,105,26,85,1,132,231,86,63
2,35,42,72,84,57,203,135,18,86
2,36,75,20,221,83,70,45,222,192
2,37,39,72,138,23,182,104,124,40
2,38,249,209,151,27,148,104,176,212
2,39,38,110,222,205,69,217,154,173
3,0,106,66,218,212,238,43,157,236
3,1,112,19,224,124,86,33,147,250
3,2,11,217,49,133,188,106,60,153
3,3,214,19,6,199,25,159,225,30
3,4,195,154,88,74,54,98,192,152
3,5,158,110,218,147,153,251,127,178
3,6,143,138,65,79,196,68,22,183
3,7,36,229,14,184,185,78,147,35
3,8,99,77,180,4,173,23,191,224
3,9,255,2,161,59,197,243,170,200
3,10,65,247,185,196,243,157,125,198
3,11,160,206,128,107,27,108,239,204
3,12,145,60,193,221,199,220,223,1
3,13,89,182,154,134,202,93,66,47
3,14,137,103,189,32,64,51,148,88
3,15,165,58,185,242,229,148,87,162
3,16,163,28,252,60,229,134,130,205
3,17,64,248,35,87,89,0,22,5
3,18,155,43,203,197,126,134,13,177
3,19,225,20,121,30,109,207,167,116
3,20,224,237,99,116,239,56,220,23
3,21,156,2,255,197,95,239,148,243
3,22,243,247,65,176,185,125,196,35
3,23,27,206,128,160,9,107,239,150
3,24,60,145,221,192,254,164,23,167
3,25,89,78,182,134,202,138,243,234
3,26,88,103,137,189,12,71,28,32
3,27,165,229,242,58,204,185,87,153
3,28,163,229,205,152,252,75,9,28
3,29,22,241,248,15,20,87,16,0
3,30,126,155,43,134,161,163,195,203
3,31,207,20,36,75,121,201,225,39
3,32,192,112,150,252,185,53,160,106
3,33,127,43,72,164,9,92,16,39
3,34,9,63,105,85,86,133,92,26
3,35,22,84,43,72,135,112,42,174
3,36,45,221,14,75,73,83,201,23
3,37,72,88,56,219,23,165,138,205
3,38,120,195,193,209,190,104,43,249
3,39,162,107,45,211,222,98,173,127
4,0,210,93,228,14,84,57,88,102
4,1,195,33,251,29,182,3,193,100
4,2,217,49,11,133,60,153,64,106
4,3,214,19,70,246,225,20,116,177
4,4,195,74,79,154,88,54,58,98
4,5,158,147,110,88,11,44,15,178
4,6,65,143,138,97,226,137,196,183
4,7,78,35,229,203,184,155,14,147
4,8,173,180,4,61,99,23,116,224
4,9,255,156,59,161,171,197,200,2
4,10,196,65,185,247,243,133,177,157
4,11,27,160,239,107,89,78,108,192
4,12,193,60,199,16,99,145,221,134
4,13,44,89,182,171,243,146,3,84
4,14,71,103,230,191,177,29,41,140
4,15,153,183,229,191,196,117,53,83
4,16,163,88,126,144,166,75,205,175
4,17,248,167,15,86,208,35,64,241
4,18,155,217,126,201,43,134,124,213
4,19,201,173,221,207,121,195,225,186
4,20,237,223,235,17,11,173,127,224
4,21,156,194,18,127,246,55,210,45
4,22,203,243,48,95,249,185,65,192
4,23,89,150,160,239,226,193,88,16
4,24,0,60,167,76,16,99,145,102
4,25,89,243,44,78,146,57,205,171
4,26,71,230,12,189,229,88,140,236
4,27,183,137,225,82,53,153,204,29
4,28,205,166,126,163,245,152,75,93
4,29,241,248,15,33,167,22,106,247
4,30,155,174,126,43,94,201,31,134
4,31,201,207,41,36,194,75,195,19
4,32,150,68,38,112,160,180,192,221
4,33,9,72,71,127,43,0,241,27
4,34,63,105,9,15,204,199,92,113
4,35,43,22,119,72,135,174,124,203
4,36,221,75,110,45,201,73,14,186
4,37,72,23,245,55,165,219,8,62
4,38,120,209,173,103,91,193,249,88
4,39,162,222,106,107,10,166,22,45
5,0,136,180,14,78,241,238,56,68
5,1,234,94,127,107,172,147,16,33
5,2,217,153,1,172,41,233,179,237
5,3,216,255,246,12,196,244,48,45
5,4,195,253,90,79,154,58,28,160
5,5,153,22,174,50,251,198,163,58
5,6,26,212,102,12,249,30,210,159
5,7,184,3,225,174,175,154,140,104
5,8,53,148,133,72,143,121,85,23
5,9,99,68,207,186,1,44,229,28
5,10,146,116,156,148,233,77,134,250
5,11,32,97,33,44,60,141,230,37
5,12,50,137,163,250,176,10,196,116
5,13,145,47,13,0,19,93,208,14
5,14,132,204,194,44,96,73,54,225
5,15,147,235,206,12,139,98,3,195
5,16,59,72,130,172,234,229,233,73
5,17,69,89,1,170,8,185,209,220
5,18,77,144,138,91,116,209,13,176
5,19,137,35,122,59,115,48,143,11
5,20,133,53,148,72,195,233,145,73
5,21,99,68,207,95,251,136,72,61
5,22,160,116,156,148,119,77,205,194
5,23,80,204,60,157,32,107,14,56
5,24,163,50,39,238,176,125,1,137
5,25,13,145,219,78,93,202,130,47
5,26,214,132,96,71,54,204,167,161
5,27,139,98,206,147,195,26,100,85
5,28,74,72,130,247,250,59,228,162
5,29,89,150,69,60,185,1,248,36
5,30,77,144,52,192,91,176,13,240
5,31,137,67,14,207,59,239,229,122
5,32,33,47,104,255,151,178,117,209
5,33,192,81,203,75,198,63,177,189
5,34,16,246,141,152,169,164,247,37
5,35,167,79,202,36,103,254,58,171
5,36,188,10,110,153,78,134,74,154
5,37,103,124,199,89,8,219,32,55
5,38,120,103,209,176,233,159,173,117
5,39,120,37,67,253,148,159,133,109
6,0,134,36,124,151,175,231,188,62
6,1,113,245,254,33,101,118,7,85
6,2,64,237,150,182,153,117,94,106
6,3,25,159,199,87,202,246,219,214
6,4,154,24,253,89,192,79,127,250
6,5,158,251,155,178,81,110,218,2
6,6,143,138,65,98,226,82,79,112
6,7,35,155,229,184,191,208,221,159
6,8,224,98,61,173,20,220,92,133
6,9,255,243,59,198,200,197,183,161
6,10,133,185,196,243,80,65,247,95
6,11,78,160,213,239,89,75,150,143
6,12,99,193,76,16,232,145,189,104
6,13,89,44,149,243,141,171,182,132
6,14,189,71,103,166,12,0,140,125
6,15,229,225,69,42,150,244,149,70
6,16,245,163,205,247,14,144,126,75
6,17,248,15,86,208,96,241,125,167
6,18,126,201,94,155,43,199,124,174
6,19,207,173,201,41,221,44,204,194
6,20,50,17,18,224,217,220,92,127
6,21,155,232,58,209,127,45,136,255
6,22,133,185,95,203,247,182,43,249
6,23,78,226,89,73,213,150,143,239
6,24,167,76,99,127,208,254,193,145
6,25,89,44,78,171,243,114,149,255
6,26,71,12,166,97,88,189,137,229
6,27,225,137,183,229,132,242,70,150
6,28,205,152,247,14,163,166,252,57
6,29,241,15,248,247,167,125,20,64
6,30,94,155,126,43,174,161,201,134
6,31,75,207,201,173,36,41,154,195
6,32,150,38,112,128,95,15,162,160
6,33,72,9,164,127,52,184,231,16
6,34,63,105,231,186,219,204,85,133
6,35,43,102,135,84,174,119,72,112
6,36,45,221,75,212,125,201,73,110
6,37,55,219,72,23,71,206,24,202
6,38,120,173,209,0,184,91,248,193
6,39,10,106,235,114,211,162,98,185
7,0,199,13,204,175,151,231,124,174
7,1,16,253,49,234,254,162,10,209
7,2,108,123,173,252,120,106,19,153
7,3,236,188,25,166,199,79,159,2
7,4,195,213,154,253,89,165,229,92
7,5,158,81,110,251,88,2,86,178
7,6,65,138,143,79,226,112,196,84
7,7,35,184,229,78,147,191,36,254
7,8,224,173,133,98,61,50,20,207
7,9,255,243,200,59,221,104,189,183
7,10,196,133,185,247,162,199,211,65
7,11,78,239,160,192,107,89,150,143
7,12,193,99,16,76,145,60,189,23
7,13,89,44,149,182,171,212,3,194
7,14,12,0,189,166,97,103,140,71
7,15,244,229,150,42,70,225,6,153
7,16,205,60,14,163,88,57,28,134
7,17,248,86,15,208,167,125,144,96
7,18,126,155,199,124,43,201,94,203
7,19,201,207,173,19,121,194,30,75
7,20,50,235,224,217,173,17,172,23
7,21,127,58,232,55,209,243,221,255
7,22,185,247,133,182,65,95,176,199
7,23,160,239,78,150,92,148,173,16
7,24,167,254,145,76,68,153,23,100
7,25,78,89,149,44,255,138,243,242
7,26,12,71,97,137,193,166,103,88
7,27,229,242,70,165,150,58,153,217
7,28,205,152,57,252,163,229,203,88
7,29,125,15,20,241,248,247,144,96
7,30,94,126,155,134,43,161,44,13
7,31,75,207,201,41,26,20,194,36
7,32,15,150,52,112,192,68,237,38
7,33,72,127,9,95,164,184,56,99
7,34,63,231,105,85,204,26,9,1
7,35,43,84,135,42,191,72,210,57
7,36,73,221,201,45,186,75,83,110
7,37,72,219,55,184,205,144,109,88
7,38,120,0,209,151,193,249,173,108
7,39,106,107,129,206,222,179,185,127
8,0,101,35,197,242,108,11,79,135
8,1,146,27,155,97,16,231,11,62
8,2,117,20,90,75,109,43,253,106
8,3,236,225,37,119,117,199,25,53
8,4,154,195,142,102,108,222,89,251
8,5,158,205,110,43,236,127,188,44
8,6,65,79,143,196,138,133,36,157
8,7,35,36,76,147,185,229,158,14
8,8,116,107,239,4,224,77,99,173
8,9,197,203,207,161,255,44,29,85
8,10,234,247,196,185,198,65,169,243
8,11,42,239,160,111,107,3,128,204
8,12,39,208,220,3,145,193,221,128
8,13,219,93,138,66,47,154,182,134
8,14,167,52,137,51,64,231,54,106
8,15,162,165,147,148,242,181,54,87
8,16,170,252,250,51,130,80,243,152
8,17,89,115,20,225,64,230,87,15
8,18,204,43,197,192,226,177,139,203
8,19,30,226,75,26,229,109,20,36
8,20,133,191,116,107,180,224,72,220
8,21,207,203,2,44,95,197,73,161
8,22,234,160,196,116,122,165,187,65
8,23,80,107,111,3,60,108,128,145
8,24,39,220,193,24,1,68,145,81
8,25,219,211,93,13,66,221,130,138
8,26,137,106,167,52,159,88,71,67
8,27,177,165,147,162,242,150,206,217
8,28,130,74,80,170,252,250,229,205
8,29,248,150,89,64,20,35,124,87
8,30,155,134,197,44,43,126,226,13
8,31,75,207,20,173,26,36,154,109
8,32,112,150,98,90,53,52,15,127
8,33,127,231,126,164,9,184,72,92
8,34,85,26,116,1,105,231,63,204
8,35,84,42,112,72,174,57,135,86
8,36,221,73,45,83,20,75,201,22
8,37,72,138,182,65,39,219,205,206
8,38,209,103,120,151,249,190,255,91
8,39,238,162,38,159,148,229,236,190
9,0,132,81,158,115,177,235,47,208
9,1,217,155,233,11,182,146,250,118
9,2,121,167,43,123,217,153,20,255
9,3,119,117,236,41,190,37,225,118
9,4,54,154,195,58,222,142,236,102
9,5,110,158,43,135,188,65,218,79
9,6,65,138,196,143,79,36,153,254
9,7,117,35,185,229,23,158,14,184
9,8,116,239,99,4,180,224,164,123
9,9,2,255,239,161,197,59,36,95
9,10,65,247,185,243,125,196,198,169
9,11,160,206,128,108,107,12,111,150
9,12,145,93,193,60,221,220,74,223
9,13,154,182,134,93,66,138,202,89
9,14,137,64,167,52,51,32,148,189
9,15,148,58,242,162,165,87,185,229
9,16,229,51,252,28,134,43,40,170
9,17,89,64,87,211,0,35,20,115
9,18,43,134,197,163,13,127,192,226
9,19,116,20,36,109,121,75,173,56
9,20,116,175,23,220,4,180,239,133
9,21,2,197,255,239,63,95,161,117
9,22,65,125,176,243,150,247,185,36
9,23,206,128,160,9,143,254,108,204
9,24,235,221,145,93,192,18,254,151
9,25,93,182,134,154,78,89,138,95
9,26,88,137,214,32,103,229,51,10
9,27,242,87,165,58,181,195,185,147
9,28,238,229,150,43,35,75,93,205
9,29,0,87,124,16,64,153,248,250
9,30,43,163,134,195,226,161,13,197
9,31,20,75,116,154,109,26,121,36
9,32,252,112,119,90,150,53,134,223
9,33,184,127,93,92,129,210,16,39
9,34,85,26,1,82,132,231,133,92
9,35,42,72,84,57,174,86,135,203
9,36,83,221,75,20,45,73,70,22
9,37,182,138,39,104,72,40,88,23
9,38,209,151,27,249,120,224,148,236
9,39,162,38,127,222,110,205,42,154
10,0,238,43,252,25,205,95,147,112
10,1,250,217,224,140,182,112,146,147
10,2,49,11,217,20,167,106,121,153
10,3,117,236,119,38,130,225,41,199
10,4,54,195,58,154,235,89,213,163
10,5,158,110,43,188,205,90,79,65
10,6,65,138,79,143,97,196,36,157
10,7,229,117,35,142,203,184,23,78
10,8,116,104,239,173,99,61,207,224
10,9,171,2,59,255,197,104,200,191
10,10,65,196,247,185,157,125,243,173
10,11,160,107,72,78,128,39,206,108
10,12,193,199,220,60,145,249,221,254
10,13,182,154,44,134,89,149,32,202
10,14,125,137,103,51,189,52,167,0
10,15,165,162,58,148,238,232,229,242
10,16,245,28,252,134,205,35,60,0
10,17,5,87,15,20,0,16,89,64
10,18,155,226,43,134,124,197,203,13
10,19,30,109,20,201,167,226,19,116
10,20,239,237,224,116,127,99,180,23
10,21,127,191,2,255,197,239,156,155
10,22,65,247,157,125,243,185,35,196
10,23,128,160,206,39,111,72,239,47
10,24,145,93,220,1,199,60,193,192
10,25,182,134,44,154,89,149,138,32
10,26,88,137,229,86,51,103,52,28
10,27,165,242,58,162,181,87,172,204
10,28,43,252,152,170,229,93,205,75
10,29,241,5,20,87,0,15,248,142
10,30,43,226,155,163,203,134,197,170
10,31,20,167,75,30,36,109,173,121
10,32,223,112,150,192,178,90,119,252
10,33,231,72,9,83,16,32,127,74
10,34,241,186,1,21,85,26,63,251
10,35,84,135,42,72,160,22,167,218
10,36,221,248,45,83,98,70,129,68
10,37,72,62,58,229,48,143,182,88
10,38,120,209,166,147,8,176,117,173
10,39,238,127,162,95,50,175,196,105
11,0,209,43,206,30,95,104,105,147
11,1,155,11,146,62,217,118,47,33
11,2,49,20,52,217,167,43,106,153
11,3,117,119,199,236,226,225,233,25
11,4,154,195,58,54,20,87,144,90
11,5,153,158,251,198,218,50,110,188
11,6,102,26,65,79,212,254,209,21
11,7,185,184,3,199,187,104,225,140
11,8,148,53,133,233,23,107,143,72
11,9,68,99,229,207,233,1,203,179
11,10,116,148,132,156,108,134,176,23
11,11,32,60,42,44,141,223,239,97
11,12,176,10,116,137,163,250,161,50
11,13,145,208,83,45,248,58,183,165
11,14,132,204,44,73,96,253,248,194
11,15,235,139,227,147,145,74,12,98
11,16,104,191,72,74,172,117,228,160
11,17,209,1,89,69,44,8,102,149
11,18,77,144,91,138,209,64,175,152
11,19,115,59,95,25,122,88,212,99
11,20,53,148,133,195,85,240,145,72
11,21,99,68,207,222,254,1,211,251
11,22,116,160,148,108,156,132,134,205
11,23,80,32,141,230,60,213,117,78
11,24,137,176,10,116,244,250,91,1
11,25,145,208,45,34,83,5,211,183
11,26,132,204,248,44,71,96,78,64
11,27,139,206,235,145,177,98,147,3
11,28,74,191,228,72,47,197,172,129
11,29,150,69,1,158,89,36,125,60
11,30,77,144,122,91,97,138,64,17
11,31,95,115,59,135,122,195,212,248
11,32,33,255,47,236,219,104,247,126
11,33,192,146,81,72,12,220,110,177
11,34,16,246,244,37,10,108,218,43
11,35,171,36,14,202,167,220,194,142
11,36,188,153,154,78,10,110,244,28
11,37,199,103,124,219,238,89,121,52
11,38,103,191,159,198,62,206,147,179
11,39,238,225,223,174,105,109,67,120
12,0,32,206,238,95,168,30,181,255
12,1,140,182,33,201,192,146,86,193
12,2,49,52,20,11,153,218,253,167
12,3,199,118,225,6,113,129,214,117
12,4,154,54,129,195,88,233,163,90
12,5,158,110,65,188,218,43,153,251
12,6,143,138,254,65,196,79,22,226
12,7,185,184,78,36,14,117,147,76
12,8,148,133,53,23,72,220,224,123
12,9,68,99,207,255,61,161,1,95
12,10,247,176,243,156,59,65,25,134
12,11,204,60,9,12,128,141,206,108
12,12,163,189,176,39,116,145,208,125
12,13,93,145,219,47,212,118,98,66
12,14,167,96,106,64,146,54,159,214
12,15,206,26,3,165,71,110,147,204
12,16,74,59,130,40,229,170,73,233
12,17,211,89,229,115,8,69,242,238
12,18,16,91,77,144,232,127,192,139
12,19,59,14,137,28,132,124,30,4
12,20,53,133,148,171,220,224,233,72
12,21,207,99,61,68,229,95,251,214
12,22,160,116,59,108,165,176,42,53
12,23,80,141,170,60,157,56,202,9
12,24,176,62,222,189,163,125,18,87
12,25,93,145,98,78,219,118,18,212
12,26,96,132,214,146,167,194,67,138
12,27,206,3,195,139,26,80,110,100
12,28,74,72,20,45,250,26,167,0
12,29,89,150,242,1,69,198,191,8
12,30,77,91,219,240,144,139,191,195
12,31,137,204,11,132,14,59,108,77
12,32,33,47,30,156,101,219,117,50
12,33,192,81,241,39,40,146,178,177
12,34,16,107,105,141,181,46,98,247
12,35,167,202,36,10,89,198,104,254
12,36,188,153,74,10,59,196,245,198
12,37,105,124,103,21,89,239,6,219
12,38,103,120,209,159,158,98,35,78
12,39,238,164,2,175,42,227,22,60
13,0,238,88,112,200,95,43,173,140
13,1,33,155,181,233,140,128,152,118
13,2,49,52,20,218,11,72,253,217
13,3,113,119,106,117,236,199,233,226
13,4,165,195,54,154,235,5,193,171
13,5,158,110,188,160,43,215,230,198
13,6,143,65,138,97,7,193,98,133
13,7,142,185,76,35,117,155,78,184
13,8,116,173,239,220,104,133,99,237
13,9,197,207,200,161,255,2,84,9
13,10,196,247,215,243,157,122,65,10
13,11,239,160,42,181,78,111,107,128
13,12,193,39,62,199,145,220,134,223
13,13,219,154,93,182,44,138,113,66
13,14,167,52,64,137,54,51,214,106
13,15,165,162,71,3,242,147,148,110
13,16,170,32,252,229,74,250,26,80
13,17,89,115,8,229,16,64,211,124
13,18,16,91,77,192,22,203,177,71
13,19,59,30,4,183,137,124,75,39
13,20,53,133,148,220,207,107,180,23
13,21,207,99,131,117,104,154,88,251
13,22,116,160,234,78,8,165,196,178
13,23,80,56,111,108,107,147,104,141
13,24,39,24,65,35,68,125,16,238
13,25,219,13,93,130,2,78,95,98
13,26,167,52,138,131,146,60,214,137
13,27,206,3,100,110,177,139,80,26
13,28,74,170,72,167,20,0,130,80
13,29,150,89,248,158,200,241,36,8
13,30,155,226,77,192,216,24,180,31
13,31,204,195,154,166,36,207,75,221
13,32,223,150,178,127,227,60,184,95
13,33,9,74,32,231,40,81,16,72
13,34,82,116,105,21,85,1,251,141
13,35,183,174,167,135,224,86,244,10
13,36,70,75,129,68,74,239,214,198
13,37,104,58,124,21,48,143,57,105
13,38,148,27,92,151,84,212,209,101
13,39,110,38,78,243,12,248,242,69
14,0,40,186,236,185,172,144,120,191
14,1,245,124,33,252,167,128,19,86
14,2,49,60,188,11,92,217,139,106
14,3,159,199,155,25,6,189,56,225
14,4,98,88,154,195,192,146,176,94
14,5,158,214,71,110,198,215,2,188
14,6,254,143,65,199,226,230,14,21
14,7,241,188,165,142,194,132,213,148
14,8,53,148,72,133,91,85,47,59
14,9,99,207,28,68,229,233,201,186
14,10,250,109,148,134,217,176,108,147
14,11,42,44,239,135,225,60,223,32
14,12,250,176,137,116,196,10,161,143
14,13,145,83,208,170,165,45,14,139
14,14,132,73,204,225,248,163,54,101
14,15,235,139,14,74,170,206,227,145
14,16,74,104,160,191,172,209,40,183
14,17,69,233,1,209,192,44,58,235
14,18,144,176,175,123,241,152,77,138
14,19,95,115,122,212,25,59,180,248
14,20,53,148,195,72,85,133,181,145
14,21,254,68,81,99,95,1,231,28
14,22,160,172,148,149,147,207,126,108
14,23,80,230,32,215,223,44,117,61
14,24,137,196,176,21,89,10,250,213
14,25,145,165,166,34,248,181,212,208
14,26,132,73,204,163,90,110,113,225
14,27,139,235,1,86,14,147,98,206
14,28,74,160,172,130,104,191,158,169
14,29,69,150,1,209,44,233,192,36
14,30,176,175,77,144,44,174,123,152
14,31,115,122,95,59,212,248,180,236
14,32,33,255,236,31,58,139,248,117
14,33,192,189,4,131,146,176,161,81
14,34,16,246,249,223,254,89,43,120
14,35,53,95,36,8,14,235,77,180
14,36,78,21,188,228,148,92,154,138
14,37,92,244,156,103,214,68,119,226
14,38,43,132,136,177,37,88,120,185
14,39,175,127,5,37,209,27,228,78
15,0,210,14,93,228,240,50,239,241
15,1,128,118,16,195,58,252,124,233
15,2,49,217,188,60,11,92,150,253
15,3,219,159,25,11,189,225,119,199
15,4,98,94,154,192,112,54,88,165
15,5,2,194,158,110,188,251,136,115
15,6,14,65,138,79,52,143,156,230
15,7,35,229,171,76,142,181,111,101
15,8,116,184,159,61,207,173,224,180
15,9,104,156,198,197,98,120,59,9
15,10,196,157,122,247,9,185,199,215
15,11,3,145,153,27,239,111,78,107
15,12,193,60,169,16,39,199,191,189
15,13,154,243,149,3,138,44,182,20
15,14,125,229,52,167,51,189,47,137
15,15,162,165,148,248,58,45,243,54
15,16,205,252,134,170,245,93,28,75
15,17,15,158,236,241,108,248,89,142
15,18,155,226,192,203,177,100,124,69
15,19,75,226,30,201,51,19,228,221
15,20,159,237,116,224,220,184,180,23
15,21,156,155,151,120,207,127,47,197
15,22,215,157,247,9,185,122,211,121
15,23,153,145,107,111,239,66,27,181
15,24,145,208,254,199,164,1,39,192
15,25,138,243,78,149,154,20,146,66
15,26,137,88,28,52,229,167,106,54
15,27,242,162,58,204,153,248,233,54
15,28,205,152,51,252,170,93,163,150
15,29,241,15,158,20,248,142,89,166
15,30,203,226,155,192,177,43,69,201
15,31,75,226,173,51,30,201,36,151
15,32,150,19,178,146,195,206,68,199
15,33,74,72,75,37,97,81,127,40
15,34,63,255,105,212,251,21,141,187
15,35,43,22,104,136,84,10,197,167
15,36,234,214,74,221,129,194,198,69
15,37,58,28,21,124,48,145,205,105
15,38,120,87,92,209,47,22,212,148
15,39,189,2,23,16,68,175,224,222
16,0,139,192,211,72,223,28,191,13
16,1,98,48,245,153,171,33,234,16
16,2,120,108,193,3,253,106,129,123
16,3,188,199,159,197,25,232,19,11
16,4,154,192,195,58,250,213,123,2
16,5,24,250,63,218,153,251,165,158
16,6,128,226,14,172,250,56,59,84
16,7,32,35,14,229,38,76,185,171
16,8,224,220,61,4,164,222,207,23
16,9,54,161,197,189,198,255,47,207
16,10,92,73,122,211,165,196,91,223
16,11,106,154,3,47,218,160,85,225
16,12,193,84,134,60,194,147,208,39
16,13,66,44,154,74,89,99,32,151
16,14,189,61,28,6,137,103,125,51
16,15,148,250,203,45,165,242,88,58
16,16,252,161,28,46,134,150,205,51
16,17,15,17,108,64,241,158,198,226
16,18,203,155,177,13,93,126,130,166
16,19,75,144,226,201,199,30,173,114
16,20,237,224,191,220,56,61,185,23
16,21,155,47,54,197,73,156,161,26
16,22,91,122,92,44,211,247,73,187
16,23,181,154,107,106,93,228,3,111
16,24,1,84,145,216,254,210,167,39
16,25,127,20,151,137,221,66,32,149
16,26,28,137,52,189,109,211,61,54
16,27,242,54,250,233,71,204,162,203
16,28,152,161,205,150,170,130,252,51
16,29,241,158,214,17,20,230,201,19
16,30,203,130,226,192,115,155,177,197
16,31,144,226,247,75,30,201,91,121
16,32,123,19,14,85,206,162,235,237
16,33,84,72,74,139,225,40,177,81
16,34,11,105,48,63,18,251,141,21
16,35,114,43,244,214,10,86,104,135
16,36,125,129,44,214,26,48,198,106
16,37,58,28,48,21,57,162,14,56
16,38,120,92,47,79,209,132,84,87
16,39,189,44,2,242,78,77,197,99
17,0,13,188,124,199,204,155,62,174
17,1,251,111,3,239,245,232,33,16
17,2,200,31,120,15,212,3,106,108
17,3,197,199,25,159,137,19,28,166
17,4,192,154,148,146,44,51,121,221
17,5,250,218,165,27,236,86,251,144
17,6,59,56,128,172,84,49,107,250
17,7,32,35,14,229,108,171,120,36
17,8,224,220,61,237,98,222,207,133
17,9,54,198,161,227,197,47,189,73
17,10,211,122,81,91,165,196,234,242
17,11,3,85,106,160,93,89,59,47
17,12,193,175,39,104,208,60,199,134
17,13,66,99,44,151,154,89,20,127
17,14,28,61,52,189,125,64,32,106
17,15,148,250,242,165,88,162,203,243
17,16,252,46,150,28,190,185,205,152
17,17,17,15,64,108,104,241,226,248
17,18,155,203,177,126,13,93,250,115
17,19,75,226,30,201,225,228,26,56
17,20,237,224,185,191,61,220,56,159
17,21,155,209,198,47,26,73,227,197
17,22,91,122,247,44,211,242,29,187
17,23,85,181,106,107,220,93,228,111
17,24,216,175,1,145,199,224,39,84
17,25,20,32,204,209,206,127,243,151
17,26,137,52,28,86,189,106,211,112
17,27,162,242,165,217,177,204,54,149
17,28,152,252,150,205,213,170,130,51
17,29,241,158,20,21,201,15,166,142
17,30,155,197,250,226,203,192,204,161
17,31,75,20,195,201,30,36,226,173
17,32,19,123,146,192,76,162,12,128
17,33,189,74,72,56,139,75,95,27
17,34,105,1,191,195,63,72,240,48
17,35,43,136,185,97,174,86,191,183
17,36,106,125,75,19,221,186,73,165
17,37,205,229,16,61,175,126,66,194
17,38,0,193,87,62,35,209,120,176
17,39,106,197,179,107,235,105,225,10
18,0,35,79,34,101,179,197,48,30
18,1,155,62,97,16,146,47,75,107
18,2,84,120,90,200,109,210,43,17
18,3,37,236,230,199,26,166,118,148
18,4,15,154,102,200,54,222,241,142
18,5,158,250,236,43,188,218,165,205
18,6,14,79,157,84,133,196,172,65
18,7,14,23,229,171,35,36,184,147
18,8,237,116,184,35,61,4,239,180
18,9,203,197,161,59,29,47,2,255
18,10,196,211,157,247,122,185,65,198
18,11,107,128,160,111,19,42,106,206
18,12,60,193,220,128,254,39,199,145
18,13,154,134,182,74,32,89,44,202
18,14,137,125,189,32,47,103,28,64
18,15,243,148,165,242,58,204,162,185
18,16,134,28,60,252,35,202,51,150
18,17,198,87,250,0,89,241,248,15
18,18,197,43,155,134,203,226,170,204
18,19,20,109,36,116,56,167,121,226
18,20,237,239,99,224,116,23,133,180
18,21,203,2,197,47,255,155,171,161
18,22,176,198,247,125,243,65,185,157
18,23,107,128,206,111,106,160,9,86
18,24,145,235,193,254,199,220,85,151
18,25,134,32,182,154,78,20,171,105
18,26,88,137,86,103,47,229,52,28
18,27,165,87,242,181,172,162,58,4
18,28,150,152,75,43,163,229,238,252
18,29,0,87,250,15,124,241,5,20
18,30,155,197,43,163,170,195,226,134
18,31,20,36,75,109,205,121,4,167
18,32,192,252,90,150,53,134,98,112
18,33,126,92,184,127,164,72,83,86
18,34,1,26,116,85,96,113,91,105
18,35,84,72,57,42,174,135,86,160
18,36,75,221,83,45,2,103,225,70
18,37,72,65,205,182,88,61,200,23
18,38,193,91,140,209,73,182,159,177
18,39,228,222,173,10,162,253,167,237
19,0,141,81,115,235,208,192,253,221
19,1,62,155,217,182,146,152,11,70
19,2,95,106,109,217,153,10,167,128
19,3,117,119,219,37,199,236,158,237
19,4,54,102,165,222,142,58,95,154
19,5,43,135,158,188,90,65,205,218
19,6,138,14,133,65,79,196,143,157
19,7,229,23,117,78,14,184,35,123
19,8,116,99,239,237,224,104,173,4
19,9,255,116,191,2,161,59,171,197
19,10,65,125,247,185,196,157,243,88
19,11,160,128,206,108,107,150,57,111
19,12,254,145,93,199,220,60,193,134
19,13,182,154,66,89,74,44,134,93
19,14,189,137,125,47,103,32,88,64
19,15,243,148,242,165,58,185,87,204
19,16,134,60,51,28,202,252,35,238
19,17,198,0,87,89,211,250,16,37
19,18,43,134,163,155,127,197,33,13
19,19,116,20,121,36,109,56,167,195
19,20,237,99,116,239,173,224,133,4
19,21,255,161,191,116,2,170,117,169
19,22,176,125,65,243,247,185,150,36
19,23,206,193,9,128,160,86,254,16
19,24,145,235,85,93,193,151,134,254
19,25,182,154,89,134,32,93,78,185
19,26,88,17,47,137,103,214,149,86
19,27,181,165,242,87,4,58,31,244
19,28,150,75,93,43,238,152,74,182
19,29,0,87,16,250,76,124,5,144
19,30,195,43,163,161,134,13,226,182
19,31,20,116,36,154,75,121,109,167
19,32,112,252,119,33,90,53,150,218
19,33,184,210,92,16,93,129,43,127
19,34,85,26,82,1,231,133,92,132
19,35,42,84,135,57,72,204,174,160
19,36,83,221,222,75,192,22,20,70
19,37,182,138,39,88,72,104,229,244
19,38,151,120,64,209,27,193,168,125
19,39,186,154,162,190,205,108,222,19
20,0,38,238,167,54,193,112,30,94
20,1,140,62,217,182,122,152,33,117
20,2,217,106,121,11,167,153,127,158
20,3,91,128,26,199,34,35,230,129
20,4,205,54,90,163,129,58,6,154
20,5,65,152,218,205,182,71,188,154
20,6,31,65,138,14,22,122,196,69
20,7,49,229,117,14,32,185,184,123
20,8,99,180,133,224,4,239,116,164
20,9,255,239,161,116,191,2,170,59
20,10,65,125,157,247,196,243,185,88
20,11,206,160,39,19,128,150,108,86
20,12,134,145,151,221,93,208,220,193
20,13,74,182,66,154,103,78,32,93
20,14,189,137,28,103,64,47,125,32
20,15,242,148,165,87,58,243,238,185
20,16,134,60,252,61,28,51,43,35
20,17,198,0,87,5,89,64,37,241
20,18,43,134,163,197,170,155,203,13
20,19,116,20,166,121,36,109,56,167
20,20,237,99,239,224,116,133,173,41
20,21,239,116,191,2,255,161,197,170
20,22,125,157,65,247,243,176,198,120
20,23,128,19,86,206,107,39,111,239
20,24,145,93,151,85,220,193,254,54
20,25,103,182,134,138,105,32,78,154
20,26,86,88,137,149,52,103,57,226
20,27,165,172,162,58,242,87,181,31
20,28,43,152,150,252,205,61,229,170
20,29,5,87,0,250,20,241,171,248
20,30,155,197,163,170,43,226,203,201
20,31,116,20,167,109,166,30,205,75
20,32,119,223,90,178,252,53,192,134
20,33,32,83,93,129,92,72,220,86
20,34,186,1,26,85,82,113,132,105
20,35,84,42,57,72,235,218,167,197
20,36,70,83,74,75,196,248,120,245
20,37,58,229,124,219,143,175,24,48
20,38,92,148,151,254,252,212,159,202
20,39,189,2,248,217,38,22,127,106
21,0,238,112,140,43,200,95,173,30
21,1,62,217,140,146,155,70,182,33
21,2,217,11,121,106,72,167,49,43
21,3,117,236,26,230,199,233,226,194
21,4,54,58,24,165,245,45,61,205
21,5,43,90,188,135,65,205,158,182
21,6,65,14,157,138,182,122,143,15
21,7,70,229,117,23,49,78,22,15
21,8,173,239,35,99,116,237,179,180
21,9,171,191,113,255,197,180,2,116
21,10,125,157,88,211,196,39,247,65
21,11,19,39,181,111,42,239,224,47
21,12,193,220,151,16,104,93,254,154
21,13,149,44,103,138,112,134,182,3
21,14,52,86,125,47,137,51,71,189
21,15,162,172,165,46,36,148,213,166
21,16,181,252,231,170,134,243,152,205
21,17,5,20,241,226,64,198,87,242
21,18,197,170,126,203,155,192,226,177
21,19,75,109,226,229,51,30,167,204
21,20,239,237,191,35,224,52,179,80
21,21,116,191,203,198,210,207,169,180
21,22,247,236,157,88,65,91,125,187
21,23,181,39,107,106,111,42,239,188
21,24,220,154,193,145,93,39,43,254
21,25,138,32,134,112,206,219,6,66
21,26,86,118,137,54,52,88,51,106
21,27,162,172,165,217,206,120,139,181
21,28,43,152,170,150,252,51,24,80
21,29,5,20,89,87,248,17,250,230
21,30,170,197,155,226,203,71,177,192
21,31,167,226,30,109,229,137,132,33
21,32,223,178,119,90,47,158,247,159
21,33,83,81,32,190,16,232,74,72
21,34,116,1,252,186,56,21,33,141
21,35,167,218,10,36,235,202,89,197
21,36,70,74,181,129,153,188,120,119
21,37,58,124,67,143,48,229,64,21
21,38,92,148,212,71,118,127,101,94
21,39,2,248,189,38,69,92,70,78
22,0,200,88,67,238,140,95,112,43
22,1,140,192,33,181,47,70,146,152
22,2,153,49,11,8,72,43,20,188
22,3,106,236,117,226,233,199,150,41
22,4,193,54,165,235,58,146,199,24
22,5,135,43,110,188,47,230,90,158
22,6,65,14,122,143,193,137,237,173
22,7,176,47,229,117,78,180,143,123
22,8,237,116,239,179,104,52,93,185
22,9,69,122,180,171,169,113,84,45
22,10,76,157,247,88,196,177,125,211
22,11,239,181,39,111,143,160,19,99
22,12,169,220,62,16,0,134,193,104
22,13,44,103,3,251,112,149,171,130
22,14,52,118,64,159,167,106,160,31
22,15,72,165,162,87,206,213,148,4
22,16,170,243,252,250,80,26,51,229
22,17,115,64,20,242,225,142,35,5
22,18,192,169,226,177,115,13,131,2
22,19,229,30,150,228,226,75,26,72
22,20,191,80,185,220,224,186,61,72
22,21,47,207,69,73,198,161,203,44
22,22,91,234,187,165,124,160,81,157
22,23,80,3,57,111,17,106,107,225
22,24,39,220,238,12,209,186,161,194
22,25,13,211,130,219,16,206,192,95
22,26,106,159,59,52,118,54,211,64
22,27,217,203,250,62,157,183,167,121
22,28,252,248,130,236,80,61,39,20
22,29,158,5,89,248,26,101,242,198
22,30,226,170,192,77,91,139,155,44
22,31,166,132,226,167,173,137,59,30
22,32,223,60,178,206,47,158,119,50
22,33,74,81,83,40,229,16,32,33
22,34,82,116,1,34,213,141,181,49
22,35,224,244,214,167,36,10,202,89
22,36,129,70,74,239,10,188,153,24
22,37,104,124,58,147,57,21,105,14
22,38,92,27,148,212,79,94,118,127
22,39,110,243,38,78,12,242,70,69
23,0,124,199,236,31,70,175,191,151
23,1,124,33,245,211,118,224,233,86
23,2,3,49,188,193,60,11,153,84
23,3,25,159,199,177,30,36,56,197
23,4,154,200,192,70,88,121,195,250
23,5,81,236,251,27,158,165,115,136
23,6,14,157,148,65,209,172,137,79
23,7,32,120,35,229,36,76,171,47
23,8,224,220,61,133,98,72,207,173
23,9,198,161,197,243,189,54,212,255
23,10,165,157,9,91,122,242,234,196
23,11,85,111,59,239,3,225,106,47
23,12,16,39,193,104,145,3,208,43
23,13,199,219,149,20,66,154,44,127
23,14,52,53,189,28,54,106,167,109
23,15,162,233,204,250,203,148,206,45
23,16,190,252,46,170,28,152,205,0
23,17,20,241,158,15,108,142,17,248
23,18,250,203,201,155,126,197,226,177
23,19,75,226,30,167,26,201,199,243
23,20,224,235,35,239,185,191,237,220
23,21,156,198,151,243,73,212,207,169
23,22,157,247,91,9,242,165,187,173
23,23,85,111,107,106,99,181,47,188
23,24,220,145,3,39,16,192,15,191
23,25,32,20,127,202,219,66,206,204
23,26,86,52,53,54,137,106,118,189
23,27,172,162,217,242,204,177,121,165
23,28,152,111,252,150,170,163,190,80
23,29,20,241,142,17,18,248,242,89
23,30,197,250,155,226,201,203,192,71
23,31,167,63,30,226,228,151,229,75
23,32,123,19,240,85,76,159,235,247
23,33,139,95,74,72,56,16,181,205
23,34,191,1,72,195,252,63,240,48
23,35,43,191,185,59,218,10,235,97
23,36,22,26,125,248,142,74,211,106
23,37,229,126,58,48,175,143,124,67
23,38,0,92,87,93,101,242,132,148
23,39,189,197,129,248,122,44,99,219
24,0,79,168,30,255,206,246,181,149
24,1,162,107,16,133,174,193,222,33
24,2,200,20,218,36,1,253,75,167
24,3,190,25,162,199,75,28,225,224
24,4,154,195,192,200,160,250,89,90
24,5,251,153,155,158,236,218,165,81
24,6,14,79,209,157,77,196,177,148
24,7,76,36,171,229,35,116,185,245
24,8,220,133,224,72,61,185,239,148
24,9,198,161,180,255,207,197,47,99
24,10,173,157,234,122,165,246,187,111
24,11,85,111,225,204,167,150,15,239
24,12,131,16,39,55,249,134,220,193
24,13,199,149,211,20,37,112,219,44
24,14,52,106,54,107,189,128,231,28
24,15,204,162,177,62,250,178,42,45
24,16,26,252,170,190,126,213,58,152
24,17,20,158,15,142,18,5,243,153
24,18,226,201,93,97,155,203,130,181
24,19,63,75,30,166,226,99,17,243
24,20,185,235,237,47,191,239,110,61
24,21,198,243,171,26,232,169,180,184
24,22,173,157,247,212,211,48,43,187
24,23,181,72,111,99,85,24,228,167
24,24,220,145,192,73,224,39,100,24
24,25,211,20,176,37,204,206,80,112
24,26,10,86,52,197,9,8,45,128
24,27,217,68,243,191,178,119,172,34
24,28,106,111,252,163,152,210,134,92
24,29,18,153,158,20,124,186,5,116
24,30,226,201,155,84,134,33,197,85
24,31,63,167,36,241,201,74,89,75
24,32,240,223,19,252,95,235,123,244
24,33,231,32,152,74,16,9,72,98
24,34,191,63,219,112,105,15,162,22
24,35,43,59,174,191,97,9,8,225
24,36,22,221,165,75,73,205,186,106
24,37,239,229,205,248,160,71,233,88
24,38,0,20,147,8,220,191,166,35
24,39,42,227,55,80,240,166,235,105
25,0,25,252,42,205,147,5,131,45
25,1,162,16,107,133,174,30,224,193
25,2,218,200,20,253,167,36,52,97
25,3,190,25,199,159,148,225,53,179
25,4,154,192,250,200,160,195,89,92
25,5,236,251,188,165,81,155,218,43
25,6,14,157,2,79,196,148,209,172
25,7,76,229,171,35,32,36,204,47
25,8,239,220,61,224,110,185,52,116
25,9,198,197,161,73,169,255,98,47
25,10,173,157,234,139,122,196,187,165
25,11,111,72,85,120,17,99,158,109
25,12,131,39,249,193,220,191,192,134
25,13,211,219,112,37,20,44,199,66
25,14,52,86,106,167,54,125,10,28
25,15,162,213,119,204,172,165,41,166
25,16,170,252,243,26,152,250,181,231
25,17,5,225,20,158,153,142,242,101
25,18,226,197,97,192,126,155,93,203
25,19,75,30,229,63,167,226,109,243
25,20,239,185,191,35,52,80,237,23
25,21,203,169,198,243,73,207,240,156
25,22,173,157,247,88,187,207,165,91
25,23,72,111,181,106,17,39,49,107
25,24,220,43,39,15,145,249,131,253
25,25,211,37,206,112,219,138,13,130
25,26,86,118,10,52,54,106,137,45
25,27,172,162,217,119,54,165,68,204
25,28,152,43,24,111,170,47,106,252
25,29,5,17,20,230,242,89,142,213
25,30,197,71,135,139,155,226,177,192
25,31,167,229,30,226,228,139,132,184
25,32,223,47,159,178,235,6,50,90
25,33,231,74,83,229,220,72,32,16
25,34,1,241,252,191,56,185,169,51
25,35,218,235,167,97,10,128,43,137
25,36,248,70,124,211,74,196,83,99
25,37,229,58,143,124,175,16,48,67
25,38,92,0,101,148,7,35,212,147
25,39,189,197,248,190,169,74,182,163
26,0,197,35,34,101,179,30,79,209
26,1,107,155,47,97,62,70,216,16
26,2,218,253,97,20,43,52,152,90
26,3,236,211,26,230,233,129,226,118
26,4,54,15,241,200,102,105,129,61
26,5,188,90,220,43,236,158,218,215
26,6,14,157,182,79,133,2,65,196
26,7,36,76,229,23,204,176,171,35
26,8,239,35,61,194,179,110,116,57
26,9,203,197,198,180,169,47,161,73
26,10,157,88,173,196,247,182,39,126
26,11,42,107,72,111,39,239,106,255
26,12,220,193,39,134,16,249,5,43
26,13,211,112,138,149,219,44,29,3
26,14,52,86,54,118,71,161,125,167
26,15,172,162,213,165,36,148,147,4
26,16,243,252,170,181,174,92,134,152
26,17,5,225,20,242,64,115,89,243
26,18,170,197,192,126,226,177,131,60
26,19,229,30,75,167,226,51,199,233
26,20,239,191,237,133,23,224,80,72
26,21,203,207,180,198,156,69,169,73
26,22,247,157,236,240,207,234,215,88
26,23,39,181,107,188,172,106,204,249
26,24,43,39,154,220,145,22,253,192
26,25,13,219,211,206,210,93,66,130
26,26,86,118,54,64,167,159,106,137
26,27,172,213,206,72,217,68,139,54
26,28,152,24,243,54,92,72,170,252
26,29,5,89,17,230,242,248,1,102
26,30,170,71,139,91,177,197,176,135
26,31,229,30,199,167,226,59,132,33
26,32,98,47,223,158,178,50,247,185
26,33,126,190,244,107,81,232,136,72
26,34,116,252,56,1,51,181,169,21
26,35,167,218,36,235,10,202,22,71
26,36,70,74,188,152,153,181,248,246
26,37,124,58,67,143,22,64,48,163
26,38,148,92,101,212,127,30,118,71
26,39,2,248,189,38,92,69,70,182
27,0,144,188,92,186,147,62,236,172
27,1,198,124,33,193,128,211,170,118
27,2,92,188,86,150,11,253,84,230
27,3,25,159,11,225,199,177,155,251
27,4,94,98,192,154,112,152,195,88
27,5,153,251,165,158,202,62,218,194
27,6,126,79,92,14,52,59,43,36
27,7,181,185,76,36,37,171,35,32
27,8,220,107,133,224,72,148,207,194
27,9,207,161,198,120,229,73,44,156
27,10,207,234,165,132,187,81,91,40
27,11,153,3,130,255,98,147,225,107
27,12,39,219,116,189,65,208,145,16
27,13,219,93,13,66,210,47,140,45
27,14,52,167,106,159,67,231,64,54
27,15,248,147,213,54,71,162,242,250
27,16,252,243,170,46,80,51,152,230
27,17,20,89,115,230,236,225,64,242
27,18,69,192,177,135,126,204,203,139
27,19,229,226,75,30,233,173,35,221
27,20,133,224,65,191,23,107,233,72
27,21,207,73,156,255,120,44,229,215
27,22,0,234,9,187,207,165,247,124
27,23,153,130,15,3,99,107,225,145
27,24,39,106,94,192,189,136,219,145
27,25,13,219,211,210,93,66,200,130
27,26,67,64,118,106,159,54,167,197
27,27,248,213,206,20,54,241,80,177
27,28,243,54,230,152,72,250,24,185
27,29,89,236,230,102,1,65,242,20
27,30,69,91,139,176,45,77,177,13
27,31,229,233,132,59,30,51,122,226
27,32,195,146,47,6,194,178,50,151
27,33,189,97,217,37,94,81,136,36
27,34,212,255,187,54,19,181,90,188
27,35,167,36,49,202,71,44,212,89
27,36,8,234,0,153,10,188,74,7
27,37,124,89,220,22,103,250,209,185
27,38,22,212,127,118,93,94,35,31
27,39,16,23,68,70,145,241,224,182
28,0,136,241,14,78,15,56,228,131
28,1,234,40,96,209,57,134,6,228
28,2,39,36,197,209,106,226,1,33
28,3,166,173,162,75,255,150,50,246
28,4,253,195,89,98,156,159,192,229
28,5,153,174,159,251,202,32,158,68
28,6,102,26,209,177,36,79,126,230
28,7,185,3,184,245,36,225,49,175
28,8,148,53,157,133,72,107,233,143
28,9,99,207,68,1,229,211,86,251
28,10,116,68,12,234,132,156,205,148
28,11,64,204,60,130,111,32,56,12
28,12,116,176,157,39,163,250,137,161
28,13,219,145,42,45,93,13,47,83
28,14,204,132,54,225,52,44,146,64
28,15,147,235,98,139,206,195,3,165
28,16,172,72,117,104,73,250,45,170
28,17,69,1,89,185,44,8,243,20
28,18,138,77,144,91,204,176,111,175
28,19,122,212,115,59,143,88,75,35
28,20,133,195,148,53,72,23,161,157
28,21,1,207,99,251,68,229,95,222
28,22,116,156,234,68,12,148,132,59
28,23,60,64,80,204,141,32,107,56
28,24,163,39,116,176,238,254,104,125
28,25,93,145,42,219,13,45,130,212
28,26,204,214,166,96,146,44,67,54
28,27,139,147,98,206,85,3,169,116
28,28,243,72,247,147,130,149,152,250
28,29,185,89,1,26,69,36,101,35
28,30,72,176,77,44,91,131,13,240
28,31,229,132,207,122,212,137,67,59
28,32,224,47,197,255,6,151,178,156
28,33,63,156,81,136,217,18,206,40
28,34,152,54,213,181,169,188,141,247
28,35,167,36,202,14,212,11,39,71
28,36,239,188,10,153,24,251,158,74
28,37,50,124,103,22,90,165,89,219
28,38,146,212,127,118,94,86,79,175
28,39,85,177,13,34,70,134,182,36
29,0,134,81,36,254,208,191,139,222
29,1,254,51,149,9,193,101,89,48
29,2,223,182,39,184,216,158,157,115
29,3,154,196,56,36,243,167,149,109
29,4,195,175,90,233,253,189,160,134
29,5,153,251,50,77,58,122,0,60
29,6,12,102,168,26,210,171,79,177
29,7,175,185,184,38,89,24,225,104
29,8,148,133,53,23,72,16,59,195
29,9,207,99,1,229,44,161,251,186
29,10,59,132,146,156,20,225,116,119
29,11,37,141,60,71,201,70,32,204
29,12,116,163,176,161,208,166,143,238
29,13,13,211,93,212,145,47,219,45
29,14,44,204,146,96,132,54,64,67
29,15,12,79,147,95,3,206,169,18
29,16,53,219,72,59,250,45,189,82
29,17,89,225,62,1,214,152,115,69
29,18,91,77,66,229,138,116,139,13
29,19,47,212,48,59,35,30,122,137
29,20,133,148,23,53,72,224,195,220
29,21,1,251,207,229,44,99,95,32
29,22,59,116,156,20,234,124,146,12
29,23,141,37,71,60,70,204,14,107
29,24,50,166,157,238,39,55,163,116
29,25,0,13,93,211,42,219,212,98
29,26,196,166,214,204,64,167,67,194
29,27,12,79,35,130,95,139,206,147
29,28,243,53,72,56,102,130,59,250
29,29,89,185,62,225,1,54,152,19
29,30,66,72,139,116,13,143,91,151
29,31,247,229,212,47,72,59,35,219
29,32,144,14,47,151,6,173,28,19
29,33,47,136,84,81,203,103,185,250
29,34,128,103,152,166,18,11,181,169
29,35,36,14,167,202,79,58,89,11
29,36,153,188,44,74,10,12,136,7
29,37,124,162,89,22,3,103,134,21
29,38,212,127,118,79,175,94,242,254
29,39,219,77,34,70,22,116,177,30
30,0,62,231,211,174,124,134,36,175
30,1,235,193,254,120,141,195,202,33
30,2,80,111,3,184,207,158,253,66
30,3,109,196,251,166,11,159,227,243
30,4,44,253,148,152,195,134,121,221
30,5,153,251,19,50,170,58,159,22
30,6,12,79,161,102,126,26,100,82
30,7,185,184,3,175,245,49,36,225
30,8,133,148,53,23,72,107,233,220
30,9,207,99,1,161,229,68,61,44
30,10,234,59,132,242,12,116,207,178
30,11,220,222,60,85,3,204,111,59
30,12,157,39,116,208,238,176,163,160
30,13,219,13,93,211,47,145,45,212
30,14,167,54,204,52,64,146,96,44
30,15,147,213,206,233,71,98,4,139
30,16,190,243,170,252,102,51,152,73
30,17,89,115,20,21,225,35,1,185
30,18,204,250,192,77,108,91,130,139
30,19,229,85,122,30,75,212,88,35
30,20,133,72,148,107,195,23,220,159
30,21,207,44,251,229,131,1,161,198
30,22,234,242,116,12,165,124,199,207
30,23,220,85,222,60,204,59,107,173
30,24,39,157,50,238,20,11,15,193
30,25,13,219,210,42,211,93,101,130
30,26,64,166,167,54,137,67,96,204
30,27,28,130,147,206,20,248,3,139
30,28,243,190,152,102,72,230,147,250
30,29,89,21,185,1,242,115,225,20
30,30,250,151,63,91,139,232,77,192
30,31,229,59,137,33,30,88,14,85
30,32,146,123,76,47,6,179,86,247
30,33,75,56,136,139,11,95,81,104
30,34,72,240,67,195,44,169,181,238
30,35,167,79,36,58,202,11,185,74
30,36,26,188,142,153,10,12,165,61
30,37,36,89,54,114,16,103,80,232
30,38,35,252,98,205,159,191,21,96
30,39,165,100,253,139,58,67,129,109
31,0,96,226,247,93,11,171,80,107
31,1,195,2,120,169,254,193,107,171
31,2,253,149,208,191,254,20,63,169
31,3,221,188,170,17,216,228,122,255
31,4,119,152,253,8,105,104,214,216
31,5,153,61,19,170,202,251,151,159
31,6,16,79,126,90,196,12,102,76
31,7,185,181,36,108,131,76,75,21
31,8,112,107,148,207,72,194,53,212
31,9,207,206,161,229,99,19,44,85
31,10,163,12,229,234,59,207,132,199
31,11,18,107,130,142,3,173,255,111
31,12,106,39,157,160,238,134,67,65
31,13,200,211,219,210,13,47,239,130
31,14,146,52,38,54,118,161,160,9
31,15,241,213,233,206,100,248,131,99
31,16,243,149,54,185,174,170,210,152
31,17,242,115,89,35,236,243,226,64
31,18,6,131,77,69,13,192,176,105
31,19,229,137,233,35,75,14,124,51
31,20,112,133,53,237,148,72,171,159
31,21,206,207,61,251,136,99,72,44
31,22,229,163,116,124,215,199,41,71
31,23,18,204,130,142,141,107,60,25
31,24,106,251,125,39,254,238,163,34
31,25,13,210,200,219,78,63,130,145
31,26,64,166,78,54,38,200,118,194
31,27,139,206,241,100,80,182,195,34
31,28,243,149,54,72,165,173,185,152
31,29,236,89,65,69,1,242,117,199
31,30,6,176,77,13,91,44,131,69
31,31,67,229,233,137,59,122,33,14
31,32,89,17,47,194,151,6,199,255
31,33,214,94,81,23,136,217,91,135
31,34,54,187,182,19,247,246,181,169
31,35,167,202,36,79,103,11,14,194
31,36,188,8,10,153,253,0,78,158
31,37,219,103,89,164,124,199,200,22
31,38,22,212,127,205,136,118,159,93
31,39,16,23,68,70,173,58,241,145
32,0,136,241,78,56,68,89,33,18
32,1,166,131,252,35,6,175,253,89
32,2,253,211,191,196,125,20,158,246
32,3,17,173,50,191,188,9,255,228
32,4,253,133,152,121,123,66,38,7
32,5,174,153,170,22,58,251,122,210
32,6,102,26,212,129,209,71,159,16
32,7,185,132,175,225,187,104,227,245
32,8,53,157,148,133,72,85,241,59
32,9,99,1,207,186,28,229,81,254
32,10,116,148,12,156,68,217,176,132
32,11,64,32,60,97,44,230,204,197
32,12,137,50,250,176,163,10,116,196
32,13,42,145,212,83,248,165,170,208
32,14,132,204,73,248,44,253,54,113
32,15,139,235,227,147,190,74,12,145
32,16,112,172,234,74,247,191,104,117
32,17,69,185,44,233,152,1,125,60
32,18,77,176,138,91,241,44,225,182
32,19,212,122,95,115,59,88,207,125
32,20,148,53,195,133,72,240,23,85
32,21,1,99,193,207,251,214,127,252
32,22,148,160,116,156,147,176,217,12
32,23,80,32,141,60,230,64,56,213
32,24,137,163,176,62,195,251,116,13
32,25,42,145,45,212,192,26,254,119
32,26,204,146,214,132,166,44,182,78
32,27,139,98,206,147,100,235,169,56
32,28,74,72,247,73,112,191,129,117
32,29,150,185,89,69,1,125,60,152
32,30,77,72,44,91,176,60,138,240
32,31,207,212,229,67,59,122,196,137
32,32,224,47,255,197,151,104,127,89
32,33,63,156,81,136,18,91,188,72
32,34,152,169,54,246,247,37,164,181
32,35,14,167,202,194,79,36,103,11
32,36,188,10,153,78,239,82,60,165
32,37,219,103,89,50,218,199,176,66
32,38,146,63,127,175,205,212,211,159
32,39,85,120,70,177,45,13,34,169
33,0,75,148,191,254,120,37,36,78
33,1,254,163,1,21,51,167,193,243
33,2,223,182,187,216,175,170,221,228
33,3,154,249,196,108,161,112,69,251
33,4,152,134,253,121,38,28,70,225
33,5,0,70,122,84,163,56,58,60
33,6,102,212,159,255,26,12,168,70
33,7,187,174,225,137,132,96,175,62
33,8,53,148,16,171,225,72,63,133
33,9,99,1,207,28,15,81,134,229
33,10,77,109,233,116,250,146,148,20
33,11,97,141,70,230,71,37,32,146
33,12,50,137,47,251,196,166,38,119
33,13,13,0,19,47,165,203,145,166
33,14,44,132,54,252,96,138,194,144
33,15,147,206,12,139,35,100,155,238
33,16,102,59,53,56,72,189,154,165
33,17,54,69,60,185,8,4,89,115
33,18,66,77,143,13,116,171,176,138
33,19,48,67,137,59,219,83,35,47
33,20,53,133,47,148,72,171,145,161
33,21,99,207,32,44,95,68,252,251
33,22,77,116,109,146,233,12,20,205
33,23,70,204,37,141,213,56,146,60
33,24,50,251,163,166,137,55,20,238
33,25,13,0,42,210,203,208,130,20
33,26,196,78,132,64,144,54,166,214
33,27,12,35,139,206,178,100,112,154
33,28,59,243,53,234,56,105,130,72
33,29,54,185,4,126,170,69,37,60
33,30,66,143,116,209,77,176,18,151
33,31,219,15,83,157,67,47,55,229
33,32,235,202,58,173,14,151,78,92
33,33,203,47,147,198,176,136,81,67
33,34,164,166,226,185,18,152,121,169
33,35,101,202,103,203,194,14,36,9
33,36,228,188,103,134,10,78,153,36
33,37,156,219,103,109,170,244,181,89
33,38,204,50,55,197,141,102,52,115
33,39,141,112,226,136,83,101,58,174
34,0,159,8,167,220,94,26,19,52
34,1,56,163,243,215,21,49,255,71
34,2,175,37,204,216,42,170,88,157
34,3,147,163,45,154,196,224,167,86
34,4,175,233,206,134,253,28,121,75
34,5,77,64,251,60,0,22,58,70
34,6,195,12,102,212,249,26,168,11
34,7,166,175,245,39,145,187,252,132
34,8,133,148,72,53,121,63,23,16
34,9,1,32,99,44,243,68,28,207
34,10,77,250,146,233,217,116,176,148
34,11,97,230,237,141,33,37,32,215
34,12,137,50,251,38,196,10,51,23
34,13,0,212,194,180,185,13,83,248
34,14,17,132,44,73,248,113,54,164
34,15,139,12,6,238,206,190,145,147
34,16,234,112,191,59,56,82,183,172
34,17,69,54,152,9,4,144,60,19
34,18,32,116,176,77,66,195,209,171
34,19,48,212,219,239,99,67,37,115
34,20,53,133,148,72,172,145,23,240
34,21,32,99,1,95,58,233,251,68
34,22,77,116,108,233,148,146,82,20
34,23,141,230,32,213,61,37,146,204
34,24,137,50,251,163,158,166,196,51
34,25,0,13,203,42,165,194,145,5
34,26,17,132,196,166,248,54,113,214
34,27,139,12,35,206,6,18,98,182
34,28,234,59,247,56,63,243,72,191
34,29,69,54,9,125,185,4,170,60
34,30,116,66,176,77,143,44,151,32
34,31,99,83,157,229,47,219,37,49
34,32,235,120,173,14,78,202,143,255
34,33,203,47,81,198,67,250,167,136
34,34,164,128,185,18,247,166,121,11
34,35,101,58,202,103,167,254,14,11
34,36,78,10,188,103,153,118,158,82
34,37,103,219,89,199,181,156,22,162
34,38,127,242,205,118,212,204,175,93
34,39,219,77,70,141,30,99,116,44
35,0,27,35,48,101,166,79,108,135
35,1,11,26,139,123,132,216,75,174
35,2,111,175,164,40,25,155,204,210
35,3,211,106,37,226,146,29,46,232
35,4,240,14,65,129,253,15,242,160
35,5,103,161,120,235,231,56,142,122
35,6,255,102,12,246,173,209,98,129
35,7,199,2,185,75,168,187,216,32
35,8,53,148,179,59,72,115,133,180
35,9,241,180,99,6,119,169,44,69
35,10,77,137,70,116,88,12,201,25
35,11,174,39,20,107,97,7,14,188
35,12,251,50,160,134,15,3,163,119
35,13,178,29,112,47,13,130,107,78
35,14,88,196,105,54,200,252,44,226
35,15,36,155,12,206,147,139,213,162
35,16,96,61,164,243,7,154,152,228
35,17,94,54,60,198,185,89,220,69
35,18,170,148,32,220,94,77,122,52
35,19,67,37,75,219,130,48,229,99
35,20,53,171,237,133,72,18,148,224
35,21,241,180,99,43,122,248,252,127
35,22,77,137,208,88,71,194,123,116
35,23,39,19,174,20,51,204,200,188
35,24,251,67,244,102,87,254,2,137
35,25,178,78,138,91,112,204,167,193
35,26,78,217,149,242,216,166,66,229
35,27,139,155,206,191,190,188,215,59
35,28,164,144,96,61,165,87,173,63
35,29,94,220,69,165,60,35,117,79
35,30,170,176,85,77,122,212,127,47
35,31,67,61,236,177,143,125,166,153
35,32,60,158,151,101,235,99,184,47
35,33,33,203,81,220,190,41,91,72
35,34,82,247,211,97,169,161,120,181
35,35,58,24,167,202,103,11,254,194
35,36,10,188,78,158,207,118,153,82
35,37,219,103,104,89,32,199,200,21
35,38,205,27,128,127,223,212,118,83
35,39,45,110,243,63,12,167,46,146
36,0,233,191,65,29,86,218,16,163
36,1,21,167,163,243,63,215,28,191
36,2,188,139,223,111,83,170,187,204
36,3,154,147,56,251,2,51,114,201
36,4,152,134,36,132,121,38,155,233
36,5,122,0,71,70,56,153,251,67
36,6,102,212,12,195,159,113,70,255
36,7,187,225,132,61,11,174,183,166
36,8,53,148,242,59,171,38,213,74
36,9,99,30,28,134,233,81,15,207
36,10,233,250,109,202,251,226,245,116
36,11,151,97,216,217,214,7,170,17
36,12,137,50,196,91,32,185,10,119
36,13,20,185,165,0,201,238,166,208
36,14,132,73,72,101,21,248,44,136
36,15,74,0,145,139,90,104,206,141
36,16,169,4,191,37,234,183,201,56
36,17,101,244,60,69,235,4,210,151
36,18,237,233,176,66,153,77,206,171
36,19,67,190,248,48,186,206,255,27
36,20,53,38,148,242,72,59,7,145
36,21,99,32,233,81,214,231,15,95
36,22,109,233,108,245,194,197,82,250
36,23,99,217,151,61,216,92,230,253
36,24,137,251,196,50,195,91,119,13
36,25,203,0,165,216,20,178,208,194
36,26,132,196,248,216,73,194,136,17
36,27,139,79,206,18,12,229,190,35
36,28,234,191,59,10,56,164,63,144
36,29,126,69,4,170,117,79,245,71
36,30,176,237,143,209,141,77,66,171
36,31,67,83,157,236,248,55,92,186
36,32,19,101,75,92,173,157,162,27
36,33,198,203,161,182,59,81,185,67
36,34,164,205,211,227,247,40,166,185
36,35,58,103,254,167,24,202,106,68
36,36,55,78,148,10,251,252,92,188
36,37,103,219,55,126,69,89,196,226
36,38,242,92,173,52,217,127,124,205
36,39,27,166,189,167,45,10,224,185
37,0,2,29,41,136,65,212,250,191
37,1,157,88,241,44,230,206,15,227
37,2,83,131,192,45,168,204,139,147
37,3,53,45,14,2,189,239,213,211
37,4,155,206,152,134,221,239,175,121
37,5,67,122,0,77,64,14,251,254
37,6,102,18,195,212,175,159,2,129
37,7,145,187,174,166,132,161,225,26
37,8,53,148,242,38,7,72,171,22
37,9,99,28,233,81,231,32,207,225
37,10,250,31,233,159,226,117,251,245
37,11,151,17,79,216,194,109,215,217
37,12,137,50,91,196,10,23,185,143
37,13,0,185,195,159,148,165,208,201
37,14,132,73,101,17,248,235,21,134
37,15,139,74,44,90,170,146,141,145
37,16,169,234,4,191,183,235,82,56
37,17,235,69,101,49,244,210,213,173
37,18,237,153,225,77,233,176,141,123
37,19,248,190,67,48,240,38,91,43
37,20,53,148,242,133,172,72,91,85
37,21,99,81,32,233,214,71,204,221
37,22,108,245,102,109,82,250,233,159
37,23,28,151,109,209,230,194,92,217
37,24,137,196,91,50,158,10,185,124
37,25,216,165,0,194,203,208,149,183
37,26,132,73,17,248,252,101,90,113
37,27,139,44,82,127,141,170,79,190
37,28,191,234,169,38,63,153,183,37
37,29,69,213,144,244,204,51,235,99
37,30,123,176,66,116,77,99,143,237
37,31,67,248,236,83,114,92,157,49
37,32,19,101,157,75,64,115,220,7
37,33,203,5,182,161,59,28,72,202
37,34,205,211,227,108,110,160,223,29
37,35,58,37,102,254,13,11,106,103
37,36,92,78,148,199,251,55,230,252
37,37,103,55,144,219,12,244,127,200
37,38,173,92,205,242,143,67,112,164
37,39,189,166,167,10,27,45,120,2
38,0,50,188,191,155,144,111,234,172
38,1,157,44,88,251,198,241,230,14
38,2,94,205,192,83,218,183,127,131
38,3,53,194,76,45,111,189,14,89
38,4,152,155,239,221,149,188,134,215
38,5,77,122,9,0,70,56,95,82
38,6,102,212,249,2,18,159,129,51
38,7,145,161,187,174,183,227,132,225
38,8,53,148,59,72,242,121,16,206
38,9,99,32,28,81,231,1,134,199
38,10,250,233,82,26,217,146,108,70
38,11,28,97,151,17,215,216,141,230
38,12,137,50,91,196,32,185,10,51
38,13,185,20,0,13,166,165,201,178
38,14,132,73,17,35,101,44,252,136
38,15,141,206,139,145,53,0,238,44
38,16,169,228,234,63,4,183,82,154
38,17,49,69,60,21,94,235,101,9
38,18,66,176,233,116,146,151,199,77
38,19,67,48,248,190,186,59,245,25
38,20,53,148,72,29,171,145,133,74
38,21,99,32,81,58,95,204,231,233
38,22,108,82,233,137,116,77,146,102
38,23,28,92,61,134,146,90,37,216
38,24,50,137,251,196,166,119,239,255
38,25,0,165,101,203,216,178,181,20
38,26,132,17,73,252,216,31,194,196
38,27,206,139,12,28,82,145,6,134
38,28,234,59,228,56,63,191,138,57
38,29,94,4,69,60,9,117,35,170
38,30,116,66,176,143,77,51,212,83
38,31,157,67,83,229,49,137,47,236
38,32,19,146,14,235,101,151,143,47
38,33,203,81,235,103,47,90,202,67
38,34,120,18,105,11,227,185,121,108
38,35,24,58,103,167,89,254,9,11
38,36,78,165,48,10,226,153,188,9
38,37,103,100,12,219,226,180,80,242
38,38,242,205,159,247,61,70,176,31
38,39,219,40,224,253,167,235,169,41
39,0,51,91,145,179,249,79,101,242
39,1,139,64,87,59,216,123,75,11
39,2,175,235,227,83,88,38,205,218
39,3,59,211,146,142,12,124,37,80
39,4,240,241,131,129,230,170,151,15
39,5,186,56,153,103,46,163,120,242
39,6,102,255,51,26,212,246,129,249
39,7,185,132,187,199,68,225,26,174
39,8,53,148,72,133,59,89,121,23
39,9,99,69,1,44,207,68,186,28
39,10,116,146,77,137,233,148,156,26
39,11,174,97,204,60,225,32,33,134
39,12,137,50,116,38,160,251,250,10
39,13,13,83,0,47,19,145,208,212
39,14,132,44,54,204,73,96,248,161
39,15,147,139,235,12,238,206,169,3
39,16,59,234,172,72,191,102,112,130
39,17,69,8,1,89,152,9,95,170
39,18,77,138,32,91,116,176,66,83
39,19,59,212,115,48,122,137,95,219
39,20,133,148,53,72,195,145,23,85
39,21,99,1,207,251,32,69,7,43
39,22,116,160,77,205,156,132,176,148
39,23,80,141,213,56,204,107,60,61
39,24,116,50,254,229,87,137,163,176
39,25,130,145,13,0,208,5,98,219
39,26,96,54,44,138,132,214,204,167
39,27,139,206,23,3,100,12,169,147
39,28,243,72,59,102,130,210,53,138
39,29,185,69,89,4,54,35,36,60
39,30,66,77,151,116,176,44,32,143
39,31,229,83,85,157,249,137,47,59
39,32,235,46,173,47,14,140,151,101
39,33,203,81,126,47,136,67,198,88
39,34,164,185,18,152,67,128,105,11
39,35,101,167,202,74,187,11,203,129
39,36,153,188,103,78,10,48,47,9
39,37,103,219,226,162,156,12,89,80
39,38,242,127,205,118,212,254,204,173
39,39,219,77,70,99,141,34,253,226
40,0,62,211,231,174,70,75,58,217
40,1,80,123,254,193,14,109,141,239
40,2,111,204,131,45,83,112,207,161
40,3,111,147,53,14,45,89,56,194
40,4,175,44,134,253,221,152,148,121
40,5,77,164,56,251,58,122,22,60
40,6,12,102,26,30,195,201,212,125
40,7,245,175,246,185,38,227,142,174
40,8,133,148,72,53,16,121,145,85
40,9,99,1,32,44,186,207,81,28
40,10,146,217,116,108,137,242,148,233
40,11,230,222,141,32,97,44,60,215
40,12,137,50,91,250,10,208,38,251
40,13,13,180,212,145,19,0,185,83
40,14,73,132,204,44,17,54,248,223
40,15,139,147,235,206,18,238,145,12
40,16,234,59,172,88,102,56,112,183
40,17,69,21,1,19,125,185,9,60
40,18,116,77,209,176,138,91,111,99
40,19,99,212,48,59,247,35,85,137
40,20,53,133,148,72,195,171,85,145
40,21,32,99,1,63,81,95,72,68
40,22,137,146,116,148,242,156,12,205
40,23,222,32,218,220,60,70,201,157
40,24,50,137,11,157,119,163,20,158
40,25,101,0,13,145,42,165,203,26
40,26,132,196,204,54,73,194,17,252
40,27,28,139,206,12,35,86,98,16
40,28,243,59,72,102,130,193,234,183
40,29,21,185,88,89,1,69,62,125
40,30,116,77,91,63,151,162,99,131
40,31,229,59,99,85,88,137,28,34
40,32,109,179,47,144,6,140,46,123
40,33,250,139,189,102,181,104,136,11
40,34,240,44,67,109,238,166,195,10
40,35,167,148,74,202,190,187,235,77
40,36,188,142,227,153,115,26,78,165
40,37,103,78,95,22,27,169,16,199
40,38,119,127,118,46,215,169,251,80
40,39,158,244,122,165,70,117,44,58
41,0,171,117,226,11,185,128,187,96
41,1,13,66,223,169,43,81,123,133
41,2,164,22,62,107,90,169,158,208
41,3,221,166,92,170,200,75,255,97
41,4,8,65,228,152,139,55,2,253
41,5,153,61,170,0,251,210,151,159
41,6,16,3,102,12,209,90,26,114
41,7,44,185,131,108,187,36,132,199
41,8,148,53,212,107,72,59,112,152
41,9,239,207,178,99,44,85,229,19
41,10,163,137,12,234,116,132,124,40
41,11,142,130,18,174,20,107,173,116
41,12,67,39,116,157,134,238,15,180
41,13,219,200,13,210,47,35,29,145
41,14,38,54,204,118,180,200,52,161
41,15,240,213,3,103,206,147,139,131
41,16,243,147,170,252,152,174,72,189
41,17,115,155,89,20,69,8,242,243
41,18,131,6,171,77,192,91,181,69
41,19,229,59,137,72,30,233,108,75
41,20,112,65,133,33,191,148,53,107
41,21,239,207,178,44,245,132,177,206
41,22,163,253,124,240,168,41,178,116
41,23,142,130,18,170,20,172,91,106
41,24,39,22,67,189,2,251,239,20
41,25,13,210,100,98,130,206,226,219
41,26,64,54,179,118,96,149,95,132
41,27,240,206,139,154,3,80,213,103
41,28,243,173,152,147,13,178,113,47
41,29,236,69,155,120,1,117,102,89
41,30,77,6,91,97,156,73,212,171
41,31,59,229,233,137,28,122,27,243
41,32,17,194,46,47,156,89,6,247
41,33,23,214,81,217,94,136,135,72
41,34,54,58,188,187,19,12,206,108
41,35,196,167,202,36,228,14,11,254
41,36,188,153,253,0,78,165,8,10
41,37,103,219,164,199,115,95,175,240
41,38,46,93,136,105,22,159,127,58
41,39,16,23,68,108,178,230,159,45
42,0,75,254,191,148,120,37,78,232
42,1,60,51,193,1,240,48,167,108
42,2,115,201,223,56,187,228,158,170
42,3,154,0,15,112,196,242,22,113
42,4,121,134,132,152,233,129,160,28
42,5,153,60,251,0,213,58,71,70
42,6,102,186,255,74,12,33,212,70
42,7,187,225,185,240,61,132,135,174
42,8,53,148,133,59,108,224,85,98
42,9,207,245,99,61,1,243,204,229
42,10,32,77,108,132,70,250,53,109
42,11,170,97,11,50,14,19,150,188
42,12,176,137,116,2,166,244,3,208
42,13,13,208,100,145,47,210,98,212
42,14,132,44,204,96,54,72,143,252
42,15,206,3,139,35,190,238,122,169
42,16,154,243,189,186,191,173,183,102
42,17,69,8,115,54,120,238,89,208
42,18,77,91,32,171,66,144,118,13
42,19,59,54,15,229,99,83,48,137
42,20,133,53,148,47,171,41,59,74
42,21,207,245,99,44,204,252,61,119
42,22,77,70,233,1,124,109,53,40
42,23,170,70,141,11,97,14,72,118
42,24,50,157,55,87,244,20,166,2
42,25,13,0,222,208,98,100,165,210
42,26,143,132,64,196,95,160,19,248
42,27,206,139,51,35,177,12,79,154
42,28,243,173,15,164,178,56,138,92
42,29,18,54,69,126,162,37,208,184
42,30,77,66,19,32,108,143,97,171
42,31,15,99,54,83,229,43,1,49
42,32,121,202,235,25,173,205,70,58
42,33,147,47,81,136,72,30,165,90
42,34,226,179,166,182,185,183,143,158
42,35,101,202,170,252,11,116,194,64
42,36,1,165,219,231,22,228,148,188
42,37,156,170,198,219,3,181,29,38
42,38,204,50,55,46,43,78,17,67
42,39,164,21,201,90,95,19,148,141
43,0,94,27,213,44,48,23,35,170
43,1,60,139,240,51,130,160,192,137
43,2,108,113,24,129,25,41,190,2
43,3,106,124,244,139,65,189,162,69
43,4,97,184,64,69,87,21,185,50
43,5,143,25,200,20,215,57,145,21
43,6,102,26,212,12,254,30,139,21
43,7,175,187,185,225,245,174,227,132
43,8,53,148,85,133,23,72,241,195
43,9,99,1,166,241,28,207,186,225
43,10,116,176,108,217,156,148,250,78
43,11,42,97,32,230,44,33,141,60
43,12,137,10,176,250,50,163,116,196
43,13,34,180,83,248,170,208,212,194
43,14,132,44,248,73,204,17,253,115
43,15,139,190,12,235,238,74,227,145
43,16,191,234,112,74,172,72,24,104
43,17,69,8,1,170,152,89,220,9
43,18,77,91,209,138,32,195,116,144
43,19,212,59,115,95,125,88,122,67
43,20,53,148,133,23,195,240,72,172
43,21,99,1,207,251,214,32,193,95
43,22,116,160,205,108,132,148,156,194
43,23,80,141,60,146,56,32,230,213
43,24,137,116,176,50,244,163,254,13
43,25,34,145,208,212,165,45,183,5
43,26,132,204,78,44,248,96,214,17
43,27,139,206,190,98,134,3,147,145
43,28,191,74,72,228,47,197,129,173
43,29,69,150,1,89,204,60,9,185
43,30,77,122,91,97,123,138,225,64
43,31,212,95,67,125,195,59,248,122
43,32,33,255,47,236,241,219,31,162
43,33,192,72,146,81,7,220,12,196
43,34,16,246,244,10,37,247,123,108
43,35,14,167,36,202,171,194,220,142
43,36,188,153,110,78,154,10,119,244
43,37,219,199,103,124,238,89,1,22
43,38,103,191,46,159,175,105,37,206
43,39,42,148,159,227,27,10,95,17
44,0,252,25,42,205,165,180,39,176
44,1,60,28,240,160,217,154,190,95
44,2,108,113,24,2,47,30,203,182
44,3,112,154,2,0,151,149,196,22
44,4,132,189,89,233,206,75,149,173
44,5,77,95,153,177,50,136,58,122
44,6,12,102,237,33,74,18,26,184
44,7,187,225,132,185,174,227,104,26
44,8,148,53,133,85,145,72,143,59
44,9,99,207,243,1,204,245,166,15
44,10,250,32,108,233,244,217,229,98
44,11,97,170,72,230,141,0,169,37
44,12,137,176,10,149,110,32,250,116
44,13,180,13,208,0,165,83,34,170
44,14,132,44,73,248,204,143,65,54
44,15,139,3,190,238,74,206,170,145
44,16,191,228,234,183,154,112,138,186
44,17,69,8,238,208,244,162,54,1
44,18,77,66,91,171,19,176,233,32
44,19,59,54,212,115,49,161,83,88
44,20,53,148,133,195,23,108,85,145
44,21,99,207,32,1,119,204,58,160
44,22,244,229,233,108,116,77,122,98
44,23,170,72,169,141,70,37,10,199
44,24,157,50,166,244,137,116,33,178
44,25,0,13,208,165,145,222,174,212
44,26,132,143,204,96,248,194,54,17
44,27,139,206,79,51,177,3,240,116
44,28,138,243,173,56,191,178,201,102
44,29,69,162,1,54,78,99,239,37
44,30,77,19,66,91,97,116,151,123
44,31,59,229,83,3,49,88,137,95
44,32,14,47,235,255,197,31,84,3
44,33,247,47,81,103,72,167,240,136
44,34,183,241,11,246,143,18,10,235
44,35,167,202,116,14,36,244,196,129
44,36,78,188,153,251,10,129,154,48
44,37,103,100,163,22,219,199,248,147
44,38,127,118,7,159,12,79,117,189
44,39,40,70,74,95,238,141,163,165
45,0,209,197,154,213,145,91,51,23
45,1,139,41,239,64,160,6,87,216
45,2,113,108,24,203,111,99,45,96
45,3,59,189,0,142,8,65,78,27
45,4,241,131,240,10,4,191,170,230
45,5,213,103,230,153,255,59,131,197
45,6,186,33,102,18,255,245,74,129
45,7,187,225,240,61,185,132,135,174
45,8,148,53,133,85,107,59,72,93
45,9,207,99,69,61,250,1,143,166
45,10,1,26,116,23,132,250,124,78
45,11,170,97,42,174,204,56,134,72
45,12,137,10,176,116,250,32,21,244
45,13,208,183,170,83,212,34,13,238
45,14,132,73,44,248,204,54,96,113
45,15,139,206,74,190,3,90,145,223
45,16,191,74,172,234,112,195,228,16
45,17,69,8,1,238,44,89,115,233
45,18,77,91,32,75,138,232,127,176
45,19,59,212,115,95,99,88,125,48
45,20,53,148,133,195,85,161,23,241
45,21,99,207,1,254,22,67,236,68
45,22,116,160,132,205,108,156,168,26
45,23,80,170,141,60,111,230,10,44
45,24,116,178,176,10,137,244,250,167
45,25,208,145,183,5,165,119,50,166
45,26,132,96,204,52,248,194,138,44
45,27,206,139,3,177,169,249,145,190
45,28,72,45,74,228,26,195,138,191
45,29,150,1,69,162,8,185,89,112
45,30,77,151,19,97,66,131,91,156
45,31,59,229,166,83,88,3,43,137
45,32,197,14,235,47,206,34,236,255
45,33,103,81,136,126,59,72,206,47
45,34,183,11,18,246,10,143,227,213
45,35,167,202,116,244,196,14,36,129
45,36,78,188,48,153,251,129,10,154
45,37,103,163,22,219,199,162,147,124
45,38,127,118,12,79,124,212,175,189
45,39,116,70,77,30,34,13,62,130
46,0,124,62,211,58,174,36,231,76
46,1,80,30,60,49,193,116,4,141
46,2,113,111,180,108,71,207,115,24
46,3,15,189,22,147,112,165,45,76
46,4,152,44,10,134,38,221,148,121
46,5,81,153,251,0,122,164,50,58
46,6,57,102,39,33,186,125,18,74
46,7,187,223,225,240,185,132,174,183
46,8,148,53,133,72,85,59,21,151
46,9,207,99,1,61,28,243,186,44
46,10,19,250,242,132,216,50,26,251
46,11,220,170,97,85,173,50,59,222
46,12,116,33,2,176,178,32,157,3
46,13,13,199,47,208,210,130,238,145
46,14,222,132,54,161,96,44,18,138
46,15,3,206,139,79,177,33,13,147
46,16,189,193,224,0,102,152,51,170
46,17,8,115,69,89,164,21,216,35
46,18,77,250,91,13,16,151,66,57
46,19,59,137,124,85,183,30,249,35
46,20,121,133,148,53,107,207,23,220
46,21,207,44,131,99,161,61,22,108
46,22,116,216,1,137,19,242,122,178
46,23,201,220,170,85,174,59,70,218
46,24,32,50,157,115,11,238,3,39
46,25,13,101,130,210,97,0,19,219
46,26,64,171,137,167,54,160,138,96
46,27,130,28,33,171,206,139,240,3
46,28,243,193,102,219,236,152,170,72
46,29,88,21,164,94,89,20,186,162
46,30,162,250,63,19,99,91,77,232
46,31,34,183,229,30,72,85,59,228
46,32,123,125,179,140,170,6,85,254
46,33,234,95,132,56,75,133,162,136
46,34,44,238,240,72,20,183,62,195
46,35,190,148,74,196,191,187,107,235
46,36,115,227,142,39,26,19,93,165
46,37,78,101,16,169,27,137,226,163
46,38,169,88,159,215,119,251,252,18
46,39,117,231,158,122,235,163,179,100
47,0,123,196,249,229,105,216,7,64
47,1,231,225,27,150,155,11,246,93
47,2,103,158,210,162,249,17,164,4
47,3,187,133,37,235,31,152,231,84
47,4,13,214,102,142,236,108,167,15
47,5,186,104,193,153,151,6,204,251
47,6,167,79,196,153,126,209,93,12
47,7,185,36,29,199,108,116,76,23
47,8,89,234,107,72,148,133,52,57
47,9,29,207,94,161,99,44,85,131
47,10,130,234,198,169,124,137,216,1
47,11,189,107,174,111,17,170,161,255
47,12,39,63,26,116,74,160,15,65
47,13,219,43,13,47,211,130,93,147
47,14,52,64,137,124,167,224,51,146
47,15,147,162,81,3,213,242,165,206
47,16,170,5,252,243,32,152,51,196
47,17,115,89,64,20,250,61,35,225
47,18,57,197,192,77,13,50,43,179
47,19,130,30,183,109,226,75,229,124
47,20,234,107,191,207,133,56,220,180
47,21,29,207,164,94,44,131,197,161
47,22,198,169,234,130,116,199,113,207
47,23,189,161,174,172,17,107,108,225
47,24,39,63,74,26,160,15,193,205
47,25,13,210,43,211,130,147,206,152
47,26,20,118,137,86,64,167,124,160
47,27,72,200,81,250,217,23,54,162
47,28,133,243,168,43,170,152,5,252
47,29,172,250,17,76,20,230,29,168
47,30,135,179,187,192,177,105,131,0
47,31,30,109,130,229,12,205,226,183
47,32,98,99,159,178,131,6,3,181
47,33,126,86,215,28,88,17,241,113
47,34,84,62,252,96,21,108,68,207
47,35,203,194,231,140,128,245,195,235
47,36,102,3,165,171,140,143,224,85
47,37,65,61,137,96,51,80,74,123
47,38,18,117,159,166,176,237,254,70
47,39,228,235,168,173,88,22,167,148
48,0,141,235,115,190,253,47,221,192
48,1,155,93,244,182,11,46,197,152
48,2,145,10,103,100,57,34,93,123
48,3,187,37,235,118,119,230,190,252
48,4,236,142,214,222,102,95,15,108
48,5,193,90,43,186,47,188,158,88
48,6,153,79,196,167,138,60,215,246
48,7,36,29,185,23,76,117,64,147
48,8,57,116,234,52,99,239,107,180
48,9,116,161,191,164,94,197,126,131
48,10,198,130,169,234,196,247,36,124
48,11,189,107,161,128,160,255,174,111
48,12,39,74,63,93,65,160,134,26
48,13,43,93,66,147,210,219,134,211
48,14,137,64,51,52,124,159,167,160
48,15,162,148,242,165,81,4,147,213
48,16,252,5,243,170,80,134,51,152
48,17,20,115,64,225,250,35,87,89
48,18,57,179,226,43,13,197,192,126
48,19,75,229,116,109,30,20,195,36
48,20,237,234,191,239,235,99,56,179
48,21,126,29,164,116,94,191,161,197
48,22,198,169,130,247,167,199,234,113
48,23,189,161,107,17,128,72,206,162
48,24,63,74,26,15,93,39,160,193
48,25,147,134,43,211,206,210,130,152
48,26,86,20,137,51,148,118,124,88
48,27,200,72,162,81,217,181,31,232
48,28,43,151,133,5,243,152,168,134
48,29,87,57,76,250,0,172,20,168
48,30,163,179,187,43,44,226,155,133
48,31,116,109,12,205,20,4,191,89
48,32,223,119,181,178,90,131,6,161
48,33,93,83,231,129,239,39,210,32
48,34,82,132,199,96,113,130,74,1
48,35,27,72,174,160,203,245,96,33
48,36,222,22,192,165,83,128,75,12
48,37,24,229,234,54,111,232,160,163
48,38,64,184,140,193,241,159,99,72
48,39,186,162,190,235,127,22,91,237
49,0,38,167,54,193,238,112,94,44
49,1,46,47,122,188,137,105,58,140
49,2,128,158,179,121,145,10,217,100
49,3,26,230,233,117,119,118,91,210
49,4,67,81,144,145,245,163,0,95
49,5,188,43,90,158,109,135,47,193
49,6,60,215,153,173,143,138,131,98
49,7,117,176,54,229,70,22,23,52
49,8,116,239,104,237,52,175,234,179
49,9,126,191,171,116,113,200,248,30
49,10,167,157,151,36,183,199,198,238
49,11,133,233,224,36,181,39,47,74
49,12,93,44,74,85,54,242,247,134
49,13,33,134,44,233,3,204,149,147
49,14,147,86,51,52,125,57,128,47
49,15,162,191,213,45,243,148,2,92
49,16,243,151,156,174,134,252,182,152
49,17,5,20,110,226,57,243,242,168
49,18,131,128,179,226,93,155,126,105
49,19,12,75,229,120,72,109,30,97
49,20,239,185,191,237,80,234,116,179
49,21,126,116,191,248,47,155,198,169
49,22,247,161,167,136,157,91,211,248
49,23,181,36,140,34,111,189,228,87
49,24,93,113,44,39,253,145,220,142
49,25,6,206,33,204,104,152,138,251
49,26,86,118,10,147,52,106,57,197
49,27,217,72,162,46,250,200,191,62
49,28,43,151,168,156,152,255,106,120
49,29,5,57,153,20,158,17,168,142
49,30,226,192,135,2,137,104,163,155
49,31,63,12,226,167,30,173,191,79
49,32,223,119,178,181,240,245,159,235
49,33,83,32,74,93,231,16,129,239
49,34,186,112,116,1,21,113,251,42
49,35,214,174,59,175,76,96,108,133
49,36,70,102,232,83,99,22,61,165
49,37,229,24,62,58,61,70,6,123
49,38,159,166,233,117,140,6,207,252
49,39,238,235,237,80,201,22,97,164
50,0,238,140,112,43,173,200,95,58
50,1,46,47,188,137,249,181,213,155
50,2,20,140,217,121,186,72,172,165
50,3,117,233,103,119,26,230,183,118
50,4,245,193,144,145,174,120,58,163
50,5,145,220,158,106,43,188,239,90
50,6,230,254,176,124,211,26,21,12
50,7,225,142,148,230,175,185,88,132
50,8,148,53,133,72,23,85,241,59
50,9,1,99,207,203,186,166,28,63
50,10,176,116,108,156,23,205,148,78
50,11,239,42,97,32,230,44,60,217
50,12,137,10,176,116,250,161,196,50
50,13,83,34,208,170,58,45,212,238
50,14,132,44,248,204,73,115,253,54
50,15,139,227,145,74,190,235,90,238
50,16,191,74,112,172,24,234,104,117
50,17,69,152,1,44,192,210,8,125
50,18,77,91,138,64,152,225,224,102
50,19,212,95,115,59,204,125,88,127
50,20,148,53,240,133,195,23,72,71
50,21,1,99,193,254,236,154,214,176
50,22,148,160,108,116,156,132,147,205
50,23,80,141,230,60,32,44,117,63
50,24,137,10,176,116,48,196,163,143
50,25,145,45,212,34,211,52,5,83
50,26,132,204,44,253,216,78,248,66
50,27,139,235,98,190,147,166,134,145
50,28,191,72,74,112,228,197,73,129
50,29,69,1,150,89,152,125,98,220
50,30,77,122,91,175,138,225,240,183
50,31,212,248,67,95,59,115,143,122
50,32,255,33,47,151,241,236,31,54
50,33,192,5,110,72,89,198,161,81
50,34,16,246,244,37,10,218,128,110
50,35,14,36,171,167,53,8,79,194
50,36,188,110,153,10,78,87,60,154
50,37,219,238,199,124,89,129,103,8
50,38,103,175,191,159,166,233,206,117
50,39,238,235,208,10,80,81,225,185
51,0,88,67,200,140,238,95,206,173
51,1,47,181,46,192,152,140,33,249
51,2,197,21,20,82,165,62,160,153
51,3,106,233,117,150,103,119,76,174
51,4,193,120,62,58,235,9,171,20
51,5,230,145,85,220,239,160,43,135
51,6,118,199,98,193,124,110,81,96
51,7,195,145,241,155,72,136,186,143
51,8,148,53,92,239,133,72,217,106
51,9,210,99,53,63,135,122,207,1
51,10,23,176,78,127,134,136,43,44
51,11,42,239,204,135,60,254,56,181
51,12,137,116,176,250,10,161,88,70
51,13,145,83,208,238,212,45,165,170
51,14,132,204,73,248,44,54,165,194
51,15,139,74,190,3,206,147,169,14
51,16,74,172,195,191,112,45,235,160
51,17,69,233,1,8,58,79,235,222
51,18,77,176,91,58,123,225,171,119
51,19,122,115,59,212,231,88,133,95
51,20,195,148,133,85,53,72,240,145
51,21,99,1,207,243,214,68,154,193
51,22,160,132,147,149,176,195,78,217
51,23,61,80,230,32,63,56,215,111
51,24,137,62,116,201,167,83,51,21
51,25,145,254,45,183,130,211,212,221
51,26,204,132,31,248,165,214,200,54
51,27,139,170,147,177,74,98,14,206
51,28,74,172,117,160,100,191,73,72
51,29,69,150,44,1,233,36,227,219
51,30,176,175,77,122,123,60,47,44
51,31,122,212,115,180,95,231,138,143
51,32,33,255,60,80,117,54,204,10
51,33,192,110,67,50,220,189,64,75
51,34,16,218,123,254,108,130,246,2
51,35,53,194,14,93,236,235,164,64
51,36,110,78,188,154,80,245,139,176
51,37,163,104,199,52,219,103,165,77
51,38,27,159,252,103,117,233,148,254
51,39,110,243,78,38,235,46,185,22
52,0,124,236,199,191,31,70,217,75
52,1,124,245,33,14,204,193,167,211
52,2,3,60,193,49,223,77,115,143
52,3,25,159,11,118,30,177,225,150
52,4,192,244,250,154,200,121,83,11
52,5,251,81,27,236,155,165,166,136
52,6,14,157,209,183,77,208,192,213
52,7,32,76,47,171,229,57,35,120
52,8,216,224,220,133,61,185,98,108
52,9,198,212,243,73,197,227,161,189
52,10,173,165,242,234,157,246,187,199
52,11,85,133,225,111,3,228,164,204
52,12,39,131,192,212,247,225,145,134
52,13,199,219,93,66,37,127,153,212
52,14,106,189,52,159,67,54,231,28
52,15,177,250,45,62,54,154,49,71
52,16,26,252,170,46,253,190,101,80
52,17,20,17,15,142,242,108,198,153
52,18,226,97,203,2,93,192,181,126
52,19,63,75,30,226,173,105,158,228
52,20,235,185,216,237,224,110,80,191
52,21,198,155,243,73,117,26,209,156
52,22,173,182,157,91,247,165,242,136
52,23,181,85,228,133,34,111,24,40
52,24,212,192,142,39,73,224,247,255
52,25,176,20,206,153,204,80,121,95
52,26,10,86,215,9,197,209,52,81
52,27,217,153,97,2,243,68,56,247
52,28,101,106,255,210,213,120,218,252
52,29,18,153,158,20,111,124,165,15
52,30,226,201,33,44,160,84,155,60
52,31,63,241,167,10,74,36,201,158
52,32,123,19,240,85,109,92,187,223
52,33,231,74,252,16,72,166,225,173
52,34,112,191,166,63,219,162,185,108
52,35,43,59,191,174,38,203,189,231
52,36,22,165,125,221,112,106,12,105
52,37,160,71,61,175,152,205,130,137
52,38,120,252,0,87,242,132,88,17
52,39,21,162,80,115,65,235,173,106
53,0,168,79,255,206,30,246,181,34
53,1,107,16,162,133,174,222,137,94
53,2,1,200,233,171,144,52,20,73
53,3,222,237,161,68,162,86,1,124
53,4,97,184,87,69,176,64,236,195
53,5,143,21,25,234,215,20,244,200
53,6,26,102,212,139,254,21,211,159
53,7,175,225,245,174,5,185,227,132
53,8,133,72,23,148,53,224,206,29
53,9,99,1,186,243,15,207,255,166
53,10,176,156,134,217,116,78,243,79
53,11,204,60,225,9,135,141,56,61
53,12,137,143,116,250,196,10,161,163
53,13,145,208,83,165,212,151,174,93
53,14,73,132,248,204,54,225,90,194
53,15,139,14,147,238,170,190,206,235
53,16,74,172,234,88,60,160,191,59
53,17,69,1,79,233,211,170,38,238
53,18,176,123,182,127,77,138,91,175
53,19,122,219,30,11,212,59,115,35
53,20,133,72,195,53,148,145,181,50
53,21,99,1,252,251,243,214,207,117
53,22,160,176,116,217,82,108,42,156
53,23,80,204,61,56,141,32,230,92
53,24,137,163,91,125,87,70,251,53
53,25,146,158,212,145,254,5,157,180
53,26,54,17,214,182,146,159,248,29
53,27,139,98,206,204,100,147,238,182
53,28,74,87,73,247,234,252,60,72
53,29,69,150,89,144,211,156,220,9
53,30,176,123,77,122,138,182,52,60
53,31,11,239,122,143,132,195,14,30
53,32,33,47,151,104,255,13,101,30
53,33,192,67,81,166,220,130,29,16
53,34,16,251,37,181,40,114,57,36
53,35,194,14,36,104,167,89,165,202
53,36,110,188,10,214,74,153,50,127
53,37,219,124,89,103,192,105,32,11
53,38,103,159,140,145,117,223,176,236
53,39,42,159,148,120,227,104,164,146
54,0,25,252,42,45,147,67,59,5
54,1,16,46,162,107,224,174,133,30
54,2,200,218,167,20,253,36,97,96
54,3,190,233,26,25,230,236,179,103
54,4,67,250,200,89,92,192,154,81
54,5,43,188,251,90,236,158,155,165
54,6,79,157,14,196,143,133,36,2
54,7,176,36,76,229,171,116,70,35
54,8,239,185,116,107,220,110,52,224
54,9,126,198,160,197,169,161,255,243
54,10,173,157,139,234,229,167,41,49
54,11,133,120,111,47,228,39,106,36
54,12,249,131,39,44,54,134,192,212
54,13,138,21,15,33,6,211,44,210
54,14,147,86,52,106,118,10,128,155
54,15,213,162,37,166,41,119,204,62
54,16,243,252,151,156,170,168,120,152
54,17,5,57,20,110,242,226,168,17
54,18,131,169,128,192,226,197,126,112
54,19,229,12,120,75,167,30,199,72
54,20,239,185,191,80,23,238,33,52
54,21,126,47,73,203,169,198,207,248
54,22,161,157,91,240,173,236,247,111
54,23,3,140,181,133,36,95,106,111
54,24,43,39,220,44,22,27,154,145
54,25,6,13,206,33,210,211,15,127
54,26,86,118,106,64,147,167,54,159
54,27,72,250,172,217,54,162,37,71
54,28,43,170,168,47,156,243,24,252
54,29,5,17,230,142,20,57,242,200
54,30,135,71,197,192,177,203,251,131
54,31,229,167,30,228,12,226,199,42
54,32,223,159,178,6,158,245,47,98
54,33,107,244,86,136,73,72,88,16
54,34,241,1,252,21,116,56,197,51
54,35,218,22,61,167,160,128,173,231
54,36,70,248,152,246,211,181,232,171
54,37,143,58,67,48,175,161,62,98
54,38,92,101,0,30,148,237,31,143
54,39,189,248,238,92,197,235,38,223
55,0,197,34,101,35,179,30,154,79
55,1,47,107,155,62,97,20,216,46
55,2,97,218,20,152,253,96,43,82
55,3,233,236,26,230,211,226,129,25
55,4,144,245,120,61,7,248,199,213
55,5,220,188,43,159,90,215,158,109
55,6,230,133,98,179,199,110,160,36
55,7,176,112,36,47,204,116,3,15
55,8,239,107,35,194,80,72,148,19
55,9,203,207,126,88,154,198,34,141
55,10,167,211,175,182,124,121,219,189
55,11,133,42,249,28,73,168,173,41
55,12,39,224,134,238,62,212,94,83
55,13,21,93,219,210,211,239,13,138
55,14,146,44,96,167,67,52,54,161
55,15,37,3,71,80,147,206,54,41
55,16,120,71,243,252,255,170,152,26
55,17,89,242,115,20,64,200,137,124
55,18,192,131,97,177,71,112,16,139
55,19,229,12,226,75,28,132,30,120
55,20,247,107,225,168,220,233,10,80
55,21,88,22,207,131,78,148,177,174
55,22,59,234,116,33,124,219,168,182
55,23,80,186,140,4,111,3,24,112
55,24,39,238,225,43,91,193,125,144
55,25,13,130,219,37,15,21,153,204
55,26,118,59,155,106,167,54,159,244
55,27,250,217,62,184,37,54,150,2
55,28,252,170,92,243,168,165,166,24
55,29,242,5,230,142,200,168,124,20
55,30,192,135,60,77,155,71,44,2
55,31,229,30,226,124,199,191,228,243
55,32,178,98,247,50,159,223,47,158
55,33,190,244,136,107,126,16,39,81
55,34,116,56,252,21,51,130,33,169
55,35,167,218,36,212,10,22,128,0
55,36,152,246,70,181,74,248,211,143
55,37,67,143,58,48,161,124,135,105
55,38,92,101,148,30,9,254,234,84
55,39,2,189,248,92,38,69,1,213
56,0,144,92,188,172,106,186,147,66
56,1,195,182,124,143,255,128,198,97
56,2,92,255,150,188,230,253,86,60
56,3,25,159,11,30,155,225,90,252
56,4,94,98,192,112,195,121,154,152
56,5,153,165,251,158,62,194,155,136
56,6,79,59,92,209,171,196,19,52
56,7,171,76,36,181,185,37,7,35
56,8,159,220,107,224,164,52,207,133
56,9,47,198,207,120,44,161,197,73
56,10,91,234,81,165,9,207,40,111
56,11,153,3,98,145,111,137,255,147
56,12,39,208,194,189,65,192,145,201
56,13,13,219,15,66,210,93,47,154
56,14,106,52,167,159,231,61,189,75
56,15,248,213,250,130,233,54,162,87
56,16,243,252,170,80,46,51,168,152
56,17,20,115,17,230,242,15,236,197
56,18,192,226,69,177,2,131,108,135
56,19,229,228,226,51,30,75,173,243
56,20,159,107,80,220,191,185,224,133
56,21,47,207,73,44,156,255,120,215
56,22,0,234,9,91,165,187,122,124
56,23,153,3,145,238,111,98,15,66
56,24,39,106,205,127,136,94,186,50
56,25,13,210,93,206,130,175,66,211
56,26,106,64,167,83,52,118,171,231
56,27,248,233,213,54,217,250,177,20
56,28,243,230,170,54,185,152,252,47
56,29,236,142,20,242,230,89,200,115
56,30,69,192,131,135,97,91,68,16
56,31,229,51,226,30,233,137,191,124
56,32,146,195,199,178,6,86,194,247
56,33,75,97,94,37,136,189,81,49
56,34,212,187,255,19,54,141,21,90
56,35,49,167,244,212,36,0,202,214
56,36,8,234,0,129,7,92,188,140
56,37,124,220,145,176,250,147,175,57
56,38,22,79,212,84,252,177,86,222
56,39,16,23,145,68,62,242,34,78
57,0,181,107,82,251,39,68,83,246
57,1,234,16,183,40,222,92,96,209
57,2,253,120,39,191,28,55,9,108
57,3,173,150,232,188,105,195,228,9
57,4,195,23,172,20,7,211,156,21
57,5,174,250,68,159,151,32,183,153
57,6,110,49,124,145,230,53,149,236
57,7,195,185,199,140,204,47,7,187
57,8,148,107,53,133,19,92,220,59
57,9,207,99,61,229,85,120,233,230
57,10,234,68,63,132,178,116,40,222
57,11,111,64,42,3,202,204,145,93
57,12,116,39,176,137,35,3,208,237
57,13,164,219,145,47,208,230,137,113
57,14,52,167,132,44,18,54,214,204
57,15,206,3,139,169,233,238,147,110
57,16,170,191,47,72,32,188,45,24
57,17,69,8,115,89,1,26,158,229
57,18,77,192,91,204,22,226,205,16
57,19,4,59,212,183,30,237,88,117
57,20,133,148,53,107,207,220,171,23
57,21,207,99,131,251,85,1,61,151
57,22,116,68,122,234,160,63,165,8
57,23,80,111,64,56,141,60,93,107
57,24,39,65,116,35,68,81,238,7
57,25,164,219,137,93,130,13,145,208
57,26,52,167,138,146,64,214,67,131
57,27,206,233,100,3,110,169,177,116
57,28,170,243,20,72,0,130,149,185
57,29,26,89,101,1,242,142,115,8
57,30,55,192,77,131,91,24,155,105
57,31,237,229,137,191,173,124,226,195
57,32,224,197,178,206,47,199,6,183
57,33,201,179,156,136,81,40,206,62
57,34,217,49,213,141,196,169,189,181
57,35,224,167,36,244,202,214,14,130
57,36,255,24,188,239,129,74,153,7
57,37,124,50,147,57,21,185,66,14
57,38,146,212,79,84,86,175,94,127
57,39,85,13,34,62,177,10,242,182
58,0,124,62,109,24,231,151,211,199
58,1,236,22,245,226,32,193,33,49
58,2,120,253,221,3,193,5,77,158
58,3,251,197,243,11,167,188,112,199
58,4,152,243,121,134,154,36,38,70
58,5,153,250,251,151,120,170,115,62
58,6,49,82,161,209,168,157,79,102
58,7,185,158,199,171,167,76,187,184
58,8,133,148,53,220,107,72,19,224
58,9,207,61,99,68,229,44,85,161
58,10,8,234,165,132,232,178,99,242
58,11,111,59,85,231,202,93,3,170
58,12,208,210,116,176,137,39,239,59
58,13,13,219,145,137,93,47,230,199
58,14,52,167,96,132,204,214,44,138
58,15,3,233,169,206,139,195,71,147
58,16,170,0,190,47,188,72,152,230
58,17,89,115,8,69,1,158,15,20
58,18,192,77,91,250,16,130,226,22
58,19,59,247,30,226,137,88,4,122
58,20,133,220,207,107,148,171,53,121
58,21,207,44,5,131,108,99,229,61
58,22,122,8,234,165,116,242,63,109
58,23,231,111,85,93,59,194,202,70
58,24,210,39,166,20,50,55,99,65
58,25,13,219,230,137,210,47,145,0
58,26,52,167,196,64,12,137,67,106
58,27,35,233,121,112,28,177,206,225
58,28,243,56,190,130,170,82,51,0
58,29,19,142,242,89,96,115,20,28
58,30,151,192,63,219,141,250,131,77
58,31,229,247,157,35,70,173,226,85
58,32,173,85,12,123,14,146,76,140
58,33,56,136,181,11,68,162,81,139
58,34,166,18,195,94,72,11,141,238
58,35,185,8,167,191,136,190,97,187
58,36,125,26,44,37,227,18,92,149
58,37,126,162,3,196,36,55,61,86
58,38,87,173,252,254,143,36,49,77
58,39,44,77,99,120,100,175,22,67
59,0,199,161,13,62,124,204,174,73
59,1,174,23,49,162,245,236,90,14
59,2,90,252,71,130,253,20,149,208
59,3,43,25,255,218,15,6,94,118
59,4,148,152,154,44,243,221,121,159
59,5,2,153,115,250,236,170,27,151
59,6,157,49,57,161,79,200,39,209
59,7,158,223,167,169,185,7,171,187
59,8,220,107,133,53,148,224,207,171
59,9,207,227,61,44,85,5,198,99
59,10,19,234,9,222,63,8,165,232
59,11,111,59,85,220,202,3,103,158
59,12,208,39,210,189,59,65,239,225
59,13,13,137,219,230,47,113,93,98
59,14,52,167,231,75,155,106,214,131
59,15,233,33,71,213,54,3,206,195
59,16,170,0,243,190,51,80,152,188
59,17,164,115,20,142,89,21,15,158
59,18,192,250,16,226,205,130,13,77
59,19,226,70,229,30,85,124,39,75
59,20,107,207,220,121,171,133,42,159
59,21,44,227,207,131,197,5,108,61
59,22,19,122,63,234,242,216,8,165
59,23,85,220,111,59,3,158,222,194
59,24,39,210,11,50,20,205,65,128
59,25,13,101,210,230,137,219,19,47
59,26,52,196,167,137,203,83,64,231
59,27,33,233,130,177,28,35,54,71
59,28,190,243,193,170,82,102,51,152
59,29,164,88,21,20,142,115,230,89
59,30,63,250,162,192,151,131,232,135
59,31,229,30,34,228,151,226,42,183
59,32,76,86,179,6,123,18,140,146
59,33,234,56,136,95,11,189,75,104
59,34,72,240,238,44,195,94,90,28
59,35,148,190,167,191,185,212,74,187
59,36,227,142,125,115,39,147,26,74
59,37,78,15,126,27,209,193,16,80
59,38,119,215,251,169,80,139,49,143
59,39,158,122,165,117,72,100,182,244
60,0,226,117,185,146,68,11,171,187
60,1,81,169,13,133,66,236,43,202
60,2,208,149,71,249,2,252,247,84
60,3,221,188,170,148,228,195,122,240
60,4,8,105,55,123,139,60,119,247
60,5,61,250,223,236,151,153,183,120
60,6,3,157,49,114,79,149,57,39
60,7,131,108,19,76,192,169,185,171
60,8,107,112,80,65,194,142,24,159
60,9,206,19,47,73,44,5,207,198
60,10,234,163,63,40,222,19,81,91
60,11,3,18,111,116,142,145,85,202
60,12,39,67,65,160,59,210,11,128
60,13,210,13,200,47,219,154,15,137
60,14,52,106,38,118,160,167,159,155
60,15,213,130,233,33,241,103,131,250
60,16,243,170,252,232,51,168,149,80
60,17,155,20,115,242,35,230,39,225
60,18,192,6,2,226,13,137,113,162
60,19,229,173,79,158,177,226,10,42
60,20,112,80,68,185,191,107,238,225
60,21,206,19,44,47,198,73,113,23
60,22,163,234,187,210,59,124,168,122
60,23,18,142,3,162,34,233,91,17
60,24,39,67,68,153,98,177,253,49
60,25,210,13,211,200,2,206,117,152
60,26,38,83,106,229,197,107,236,159
60,27,103,241,250,217,254,243,89,34
60,28,232,243,185,149,252,152,170,246
60,29,155,230,201,242,200,251,186,20
60,30,6,203,135,155,177,131,2,192
60,31,229,30,173,191,132,42,72,226
60,32,175,37,17,50,199,47,208,6
60,33,23,117,214,136,72,94,16,241
60,34,182,58,187,54,12,28,194,110
60,35,7,167,212,106,71,128,36,41
60,36,245,0,8,253,199,149,61,172
60,37,84,164,209,240,105,220,98,124
60,38,136,37,177,78,36,254,22,72
60,39,23,16,37,235,100,146,18,222
61,0,122,50,151,250,124,62,199,223
61,1,153,154,28,190,245,98,253,32
61,2,47,107,185,93,158,249,252,247
61,3,25,188,218,228,154,11,255,177
61,4,180,164,192,231,154,123,43,239
61,5,250,115,67,2,223,165,151,236
61,6,79,114,157,52,245,59,209,171
61,7,171,76,108,19,36,185,192,116
61,8,220,242,159,107,224,171,191,80
61,9,47,44,207,73,161,198,197,255
61,10,234,17,117,165,40,81,91,220
61,11,3,151,209,111,50,98,116,145
61,12,39,208,189,239,59,55,134,65
61,13,13,210,47,219,66,113,127,154
61,14,106,167,231,52,159,60,131,160
61,15,250,54,71,213,233,121,62,87
61,16,170,243,252,80,138,51,0,46
61,17,115,20,78,242,35,142,230,15
61,18,192,237,2,130,13,177,226,137
61,19,228,229,226,173,30,70,75,79
61,20,242,80,220,107,159,142,42,56
61,21,44,47,113,197,73,198,207,131
61,22,17,234,122,187,117,216,210,124
61,23,3,209,151,116,111,149,201,59
61,24,39,188,209,20,94,128,177,205
61,25,13,210,130,66,97,224,206,243
61,26,106,52,64,167,171,197,159,231
61,27,250,171,54,217,71,254,130,108
61,28,193,243,170,252,152,80,23,168
61,29,88,21,78,49,20,94,230,242
61,30,162,192,135,232,237,151,177,155
61,31,34,183,30,229,191,132,228,151
61,32,76,179,125,170,86,75,140,159
61,33,5,132,161,104,56,181,166,49
61,34,238,44,227,20,33,14,72,162
61,35,148,190,74,191,8,71,38,97
61,36,227,115,39,19,142,245,147,93
61,37,78,27,169,16,113,186,80,101
61,38,169,215,119,251,96,159,18,254
61,39,158,231,117,122,179,182,165,37
62,0,123,249,196,229,105,216,7,104
62,1,231,225,150,27,62,155,20,11
62,2,109,210,179,227,17,4,158,0
62,3,133,187,235,231,31,37,152,84
62,4,13,142,102,15,108,236,214,222
62,5,104,186,151,236,158,193,204,250
62,6,79,157,167,196,153,209,107,52
62,7,36,171,76,185,192,29,116,7
62,8,234,107,89,52,80,56,191,164
62,9,29,94,47,207,44,161,197,164
62,10,234,169,130,198,91,165,40,63
62,11,189,3,111,145,98,50,147,251
62,12,39,74,26,63,65,81,160,128
62,13,43,219,47,210,154,13,93,15
62,14,52,167,137,106,51,224,231,124
62,15,162,181,87,165,81,200,148,71
62,16,252,170,5,80,152,51,243,196
62,17,250,20,115,242,64,89,76,17
62,18,192,57,0,197,226,179,43,2
62,19,130,20,30,109,75,26,191,226
62,20,234,107,56,191,185,80,207,220
62,21,29,164,44,131,47,126,197,94
62,22,198,234,169,23,130,91,167,168
62,23,189,161,3,111,95,172,204,136
62,24,74,63,26,39,160,242,15,44
62,25,61,147,43,130,13,221,95,210
62,26,20,171,148,50,137,124,106,10
62,27,200,217,34,254,81,2,56,62
62,28,133,210,43,168,243,23,50,252
62,29,76,250,243,57,95,246,183,87
62,30,155,179,60,24,105,0,32,37
62,31,153,109,205,74,255,1,89,32
62,32,98,131,54,244,184,181,49,10
62,33,67,126,236,27,39,99,227,62
62,34,84,96,40,140,108,46,157,106
62,35,203,194,225,140,102,71,96,81
62,36,106,165,76,191,3,102,12,199
62,37,65,8,165,24,137,61,53,152
62,38,117,253,166,159,176,191,241,18
62,39,228,10,182,173,98,148,24,155
63,0,141,235,190,115,221,253,47,81
63,1,93,155,244,182,46,197,11,47
63,2,10,109,145,57,123,179,103,34
63,3,187,235,133,118,119,174,158,231
63,4,236,95,214,142,102,128,222,15
63,5,193,158,224,90,41,43,151,188
63,6,79,153,196,167,138,60,54,157
63,7,36,23,76,29,147,64,35,116
63,8,116,57,234,52,239,107,99,224
63,9,116,164,191,126,197,94,161,198
63,10,198,130,169,167,247,124,234,196
63,11,189,161,107,140,136,3,143,160
63,12,39,74,63,65,93,26,134,194
63,13,43,210,147,15,66,32,47,154
63,14,106,50,159,52,51,137,124,160
63,15,162,250,189,148,242,81,200,147
63,16,252,5,170,243,174,80,152,51
63,17,20,64,119,250,115,76,35,242
63,18,13,0,57,192,179,226,134,126
63,19,75,229,30,26,56,191,173,12
63,20,191,237,80,185,56,234,235,238
63,21,126,164,47,29,197,161,44,222
63,22,198,169,130,167,91,210,234,182
63,23,161,189,162,172,136,243,87,95
63,24,242,74,63,44,26,39,160,93
63,25,61,104,147,43,210,13,64,130
63,26,50,148,20,92,124,137,10,110
63,27,189,200,72,81,217,2,97,34
63,28,43,151,255,210,50,168,133,243
63,29,57,87,76,250,0,95,172,171
63,30,163,179,155,24,134,60,37,160
63,31,116,109,12,205,89,20,94,204
63,32,223,119,181,131,15,244,160,53
63,33,93,231,236,129,39,53,83,239
63,34,82,130,96,140,112,165,113,142
63,35,203,27,174,52,160,33,140,231
63,36,222,12,75,165,22,221,122,29
63,37,24,54,130,160,71,234,229,34
63,38,64,140,184,193,241,117,207,159
63,39,186,162,190,22,235,88,148,173
64,0,38,54,167,193,238,112,94,44
64,1,46,47,58,122,105,137,188,249
64,2,128,179,186,140,104,241,158,172
64,3,26,230,233,117,103,143,78,119
64,4,81,144,67,245,0,91,45,213
64,5,188,43,90,224,158,193,78,88
64,6,60,143,215,206,153,138,131,173
64,7,176,117,54,229,22,70,221,42
64,8,116,239,104,237,238,245,73,99
64,9,126,191,171,116,113,198,200,155
64,10,167,151,36,157,211,238,248,191
64,11,140,133,233,224,36,74,112,228
64,12,44,93,74,144,134,242,85,104
64,13,33,6,61,104,3,134,138,44
64,14,147,50,86,118,9,57,47,125
64,15,189,243,213,162,45,2,148,70
64,16,151,156,243,174,252,134,247,133
64,17,5,110,57,20,226,168,76,243
64,18,128,131,179,93,155,226,105,137
64,19,12,72,229,75,109,120,30,26
64,20,239,237,191,185,223,116,105,10
64,21,126,116,191,155,248,171,36,164
64,22,76,161,182,211,247,136,183,36
64,23,172,133,162,36,87,181,140,34
64,24,44,93,79,144,242,253,232,73
64,25,104,6,206,33,204,209,152,13
64,26,118,50,110,10,86,107,147,197
64,27,72,97,217,243,2,162,189,173
64,28,43,151,120,255,168,50,156,213
64,29,57,5,153,20,95,165,242,127
64,30,226,201,134,24,60,104,155,193
64,31,63,89,12,191,167,158,173,255
64,32,223,119,181,178,52,54,235,10
64,33,32,231,83,239,9,137,93,16
64,34,112,186,108,130,211,113,199,215
64,35,174,15,96,81,203,213,28,231
64,36,221,22,102,165,122,75,219,186
64,37,229,62,160,176,24,98,141,71
64,38,99,117,138,252,166,159,193,182
64,39,238,162,235,237,22,80,190,97
65,0,140,238,112,43,200,173,95,58
65,1,46,47,188,137,249,20,213,127
65,2,186,140,172,138,165,20,104,179
65,3,103,117,233,119,26,183,38,118
65,4,245,144,81,193,145,58,120,249
65,5,145,158,106,255,85,121,224,32
65,6,230,254,225,124,211,127,206,163
65,7,148,142,225,185,89,47,204,184
65,8,148,53,133,23,72,59,143,151
65,9,99,207,1,229,68,166,203,233
65,10,116,108,176,26,132,156,134,126
65,11,42,111,239,204,135,12,254,97
65,12,137,10,176,116,250,201,207,31
65,13,208,145,78,83,165,234,212,34
65,14,132,44,204,73,248,96,252,115
65,15,139,206,3,238,145,190,90,134
65,16,191,74,45,195,72,202,26,228
65,17,8,69,1,102,89,114,209,199
65,18,77,91,144,94,64,123,209,175
65,19,59,115,95,212,137,125,83,161
65,20,148,53,133,240,171,161,233,241
65,21,99,207,68,254,211,1,154,204
65,22,160,116,108,148,205,132,156,26
65,23,80,141,10,60,44,162,32,170
65,24,176,137,116,250,244,178,10,48
65,25,145,208,192,211,76,165,183,5
65,26,132,204,96,194,146,73,78,216
65,27,206,139,3,145,1,134,70,169
65,28,74,191,228,72,45,47,129,122
65,29,150,1,69,204,125,8,151,98
65,30,77,91,97,64,122,144,111,175
65,31,95,59,248,115,135,67,88,137
65,32,33,47,236,156,255,247,117,175
65,33,192,81,203,146,5,189,177,102
65,34,16,246,128,10,185,108,143,120
65,35,202,171,167,14,36,103,235,254
65,36,188,110,10,153,78,154,60,244
65,37,103,199,238,8,124,105,123,55
65,38,103,191,252,206,233,111,6,235
65,39,120,238,223,225,118,245,204,191
66,0,67,88,200,140,238,206,95,43
66,1,47,181,46,192,152,249,20,140
66,2,197,21,62,186,82,160,165,206
66,3,103,233,117,106,76,150,174,114
66,4,193,62,120,199,235,92,21,23
66,5,230,145,85,239,189,215,160,143
66,6,118,199,81,225,89,96,193,98
66,7,186,143,241,141,165,200,155,47
66,8,17,11,81,217,127,235,92,18
66,9,210,135,248,72,136,53,63,213
66,10,127,176,78,144,23,79,44,243
66,11,42,135,239,58,12,204,45,181
66,12,176,116,10,137,250,143,201,31
66,13,208,145,40,165,252,162,238,118
66,14,132,44,73,248,204,194,101,165
66,15,139,74,90,134,206,223,3,190
66,16,195,191,74,72,112,202,45,172
66,17,69,8,222,1,89,210,235,58
66,18,91,77,225,144,175,58,176,73
66,19,115,212,59,88,122,219,95,107
66,20,148,53,133,23,85,240,233,195
66,21,1,207,99,229,211,254,28,233
66,22,160,132,116,149,207,140,147,156
66,23,80,10,2,141,223,44,230,170
66,24,176,116,10,137,196,168,181,51
66,25,145,34,208,114,165,45,163,183
66,26,132,204,73,96,248,227,101,21
66,27,74,139,170,3,169,145,190,206
66,28,191,74,112,72,4,33,122,145
66,29,150,69,1,222,204,169,36,141
66,30,77,175,91,176,225,123,11,64
66,31,59,212,95,88,115,240,25,135
66,32,33,236,255,47,246,156,115,117
66,33,192,75,189,181,146,198,161,5
66,34,16,246,252,10,2,155,235,108
66,35,235,14,167,236,202,36,220,194
66,36,78,110,188,154,242,153,10,245
66,37,163,103,199,6,238,104,237,45
66,38,103,159,233,252,144,191,6,182
66,39,175,91,185,120,162,141,118,93
67,0,124,199,236,151,191,31,217,147
67,1,245,124,14,204,33,167,25,211
67,2,3,60,193,49,1,223,174,106
67,3,25,159,11,150,219,118,68,178
67,4,192,244,250,48,32,50,83,193
67,5,251,166,155,89,62,27,73,131
67,6,179,181,77,96,137,208,97,193
67,7,32,47,25,165,207,213,186,57
67,8,216,185,245,224,235,106,238,61
67,9,135,53,198,248,63,71,62,246
67,10,60,136,44,78,127,236,255,173
67,11,126,228,204,135,42,140,160,12
67,12,113,78,79,124,247,68,91,39
67,13,234,114,64,93,118,66,251,167
67,14,159,106,110,26,254,167,166,67
67,15,72,53,250,147,228,54,41,71
67,16,74,170,252,80,46,250,26,88
67,17,89,20,230,211,242,150,115,64
67,18,192,177,203,139,144,43,91,135
67,19,30,226,231,77,42,177,212,132
67,20,133,148,11,233,23,53,224,220
67,21,207,229,73,137,255,68,179,222
67,22,59,234,160,187,156,132,116,165
67,23,80,60,3,141,225,215,24,147
67,24,39,62,144,176,163,5,87,145
67,25,93,239,219,66,189,145,130,98
67,26,214,106,159,231,167,67,110,54
67,27,147,242,153,206,177,247,54,217
67,28,74,89,72,250,252,170,80,182
67,29,150,89,124,201,15,248,1,242
67,30,180,201,144,3,60,44,24,155
67,31,154,173,63,204,10,221,241,158
67,32,123,19,249,92,187,85,240,109
67,33,231,16,252,95,74,32,203,225
67,34,112,166,191,63,162,219,108,194
67,35,43,203,59,191,105,38,119,174
67,36,22,165,106,221,112,186,105,59
67,37,160,130,71,8,144,36,25,61
67,38,120,252,87,88,132,140,0,241
67,39,21,173,22,235,65,255,106,88
68,0,168,79,255,206,246,30,34,181
68,1,107,16,162,133,174,222,137,136
68,2,1,231,73,144,171,28,138,151
68,3,222,161,68,237,86,1,253,124
68,4,97,64,176,69,99,168,141,21
68,5,234,143,25,200,20,121,21,57
68,6,139,163,127,211,254,231,24,78
68,7,148,200,175,185,247,194,186,89
68,8,148,133,23,53,72,81,224,143
68,9,1,207,229,99,68,251,61,136
68,10,176,247,134,156,116,243,79,132
68,11,60,204,135,42,141,12,9,56
68,12,176,116,163,143,161,250,137,10
68,13,145,212,93,45,219,83,118,208
68,14,204,44,132,96,253,214,248,146
68,15,147,139,235,12,169,190,3,98
68,16,72,112,74,117,191,45,172,250
68,17,89,1,152,69,220,211,170,229
68,18,77,91,138,139,119,176,115,225
68,19,212,122,59,143,88,11,137,30
68,20,133,53,148,23,240,195,72,54
68,21,1,251,99,207,193,229,61,43
68,22,160,156,132,116,225,148,149,164
68,23,141,80,60,56,250,17,63,239
68,24,203,163,7,176,137,56,116,143
68,25,192,145,98,212,219,93,92,222
68,26,204,59,146,214,44,182,96,167
68,27,169,139,37,80,157,98,110,57
68,28,74,72,73,45,250,117,224,228
68,29,150,89,1,152,220,202,115,237
68,30,122,139,91,138,240,77,61,175
68,31,212,143,7,59,122,88,33,190
68,32,33,47,151,255,104,237,117,235
68,33,192,82,5,189,81,75,177,95
68,34,16,37,246,181,182,10,114,244
68,35,14,36,171,167,77,100,103,180
68,36,110,188,153,10,78,87,74,60
68,37,89,124,8,199,238,219,165,103
68,38,103,175,166,191,206,35,159,233
68,39,42,200,208,120,140,159,148,235
69,0,25,252,42,45,147,5,170,165
69,1,16,46,162,107,224,133,174,30
69,2,200,218,167,20,36,253,97,106
69,3,233,26,25,230,190,236,179,159
69,4,67,250,81,9,72,89,92,144
69,5,43,188,251,158,90,165,155,236
69,6,79,157,143,36,14,230,196,133
69,7,176,36,76,171,70,229,184,237
69,8,239,185,116,110,107,191,179,224
69,9,198,160,126,197,255,169,35,47
69,10,173,139,157,182,234,244,91,49
69,11,133,120,47,111,39,228,106,188
69,12,249,131,39,44,54,134,192,212
69,13,6,138,33,15,61,21,142,44
69,14,147,86,50,118,10,106,52,145
69,15,189,213,162,37,243,166,119,204
69,16,243,156,252,151,170,168,255,152
69,17,5,57,20,110,242,226,17,168
69,18,131,128,226,192,169,126,197,93
69,19,229,12,167,120,72,199,30,75
69,20,239,191,185,237,80,194,23,238
69,21,126,203,155,198,73,169,47,207
69,22,161,173,157,240,236,21,207,91
69,23,133,140,181,186,95,111,36,42
69,24,43,220,39,44,192,127,21,79
69,25,6,206,210,13,33,104,15,130
69,26,86,118,147,54,64,10,107,128
69,27,72,37,97,172,162,217,54,250
69,28,243,120,24,168,156,43,170,250
69,29,5,57,17,230,20,89,142,141
69,30,71,135,139,131,177,192,197,24
69,31,167,229,30,226,12,228,139,173
69,32,223,6,47,245,159,185,50,178
69,33,136,107,86,244,28,88,73,72
69,34,241,1,252,116,56,226,51,120
69,35,218,167,235,36,160,137,129,128
69,36,70,248,152,246,211,74,181,232
69,37,58,62,143,67,175,63,232,54
69,38,101,92,0,148,159,237,233,112
69,39,189,248,235,238,197,223,190,22
70,0,197,101,34,35,179,30,154,48
70,1,47,107,155,62,97,20,46,41
70,2,97,218,152,82,253,20,98,215
70,3,233,26,236,230,25,103,118,211
70,4,144,245,199,120,7,92,248,61
70,5,220,188,159,158,215,43,85,230
70,6,230,133,137,199,36,110,179,160
70,7,176,47,112,36,204,234,116,192
70,8,239,107,80,194,19,237,152,247
70,9,203,126,198,60,88,154,34,141
70,10,215,129,182,175,189,121,219,76
70,11,133,42,41,73,249,155,228,28
70,12,39,62,214,134,254,232,189,144
70,13,210,15,6,93,138,13,21,219
70,14,146,52,167,106,231,57,110,159
70,15,37,213,41,71,147,85,181,3
70,16,243,120,252,71,170,152,80,168
70,17,242,115,89,20,64,17,148,5
70,18,192,139,226,177,71,97,60,131
70,19,229,30,226,132,75,72,12,124
70,20,247,191,107,237,233,239,10,168
70,21,207,131,203,22,44,23,177,197
70,22,59,234,207,124,161,236,199,116
70,23,133,186,172,145,3,95,140,126
70,24,39,43,238,220,180,127,27,79
70,25,13,219,21,130,15,239,210,93
70,26,64,54,160,155,86,236,167,57
70,27,37,97,147,213,254,2,164,80
70,28,243,120,24,250,168,72,210,47
70,29,5,89,141,230,24,17,242,1
70,30,71,131,139,24,192,155,97,144
70,31,229,199,132,173,226,148,139,59
70,32,47,223,98,50,245,6,158,247
70,33,190,244,107,136,126,72,232,81
70,34,116,56,252,51,33,21,81,161
70,35,167,218,36,235,129,22,202,183
70,36,152,246,70,74,181,248,188,153
70,37,67,143,58,161,124,135,48,22
70,38,101,92,148,30,9,127,234,118
70,39,2,189,248,92,38,69,1,246
71,0,144,92,188,147,186,62,172,236
71,1,198,124,170,193,211,128,33,14
71,2,92,86,150,255,188,60,79,152
71,3,25,159,11,155,94,177,225,191
71,4,192,98,94,112,154,195,152,250
71,5,153,165,62,194,158,251,202,183
71,6,126,79,92,14,43,52,171,19
71,7,181,36,76,171,185,32,243,37
71,8,220,107,224,207,16,80,194,133
71,9,207,198,73,161,54,120,47,61
71,10,207,234,165,81,132,187,116,91
71,11,153,3,130,98,133,225,255,164
71,12,39,219,189,228,116,191,21,94
71,13,219,210,93,13,21,15,66,47
71,14,67,52,167,159,106,231,236,190
71,15,248,37,147,213,24,54,41,71
71,16,243,120,252,230,168,170,250,253
71,17,20,89,230,115,236,242,17,140
71,18,69,192,135,131,139,71,204,226
71,19,229,226,30,75,233,221,173,177
71,20,216,65,133,233,159,224,23,203
71,21,207,73,156,44,229,67,23,198
71,22,0,234,207,9,165,59,187,124
71,23,133,153,130,15,186,3,204,145
71,24,106,39,127,228,212,180,192,136
71,25,210,219,13,21,63,93,15,211
71,26,190,64,83,67,54,118,106,159
71,27,248,37,213,24,97,80,72,241
71,28,243,120,230,54,72,185,250,24
71,29,89,236,65,230,141,1,102,93
71,30,69,139,131,45,176,91,192,97
71,31,233,229,132,59,60,30,51,226
71,32,195,146,47,6,199,245,50,194
71,33,189,97,217,37,94,81,36,136
71,34,212,255,187,19,90,54,181,33
71,35,49,167,36,202,44,212,71,89
71,36,8,234,0,119,153,188,74,34
71,37,124,220,22,250,209,175,240,185
71,38,212,22,127,118,198,35,233,222
71,39,23,68,16,241,70,225,182,67
72,0,181,82,107,251,39,68,83,246
72,1,40,96,209,234,222,92,134,77
72,2,39,209,238,54,73,125,135,197
72,3,150,65,173,166,195,162,134,50
72,4,159,156,89,195,7,98,0,192
72,5,159,174,19,153,68,202,250,151
72,6,149,53,79,209,77,236,110,232
72,7,195,185,43,192,139,204,49,177
72,8,107,148,133,157,194,220,80,23
72,9,207,61,135,229,99,251,122,34
72,10,234,59,68,132,116,178,187,165
72,11,60,64,42,93,56,204,111,3
72,12,116,176,163,39,238,250,90,189
72,13,145,93,219,164,21,45,211,230
72,14,204,146,44,132,96,54,194,214
72,15,147,235,195,206,98,3,139,12
72,16,72,74,73,117,172,14,47,120
72,17,1,89,69,8,26,102,209,211
72,18,144,77,91,138,175,55,127,71
72,19,122,115,59,143,88,212,132,246
72,20,148,133,195,53,233,72,200,23
72,21,68,222,207,229,179,251,99,63
72,22,160,156,132,59,116,148,68,234
72,23,80,60,141,98,32,64,223,44
72,24,176,116,163,62,5,250,39,238
72,25,145,219,93,45,164,21,47,98
72,26,204,214,96,44,132,146,198,155
72,27,98,147,195,169,3,177,49,14
72,28,74,72,117,20,14,130,187,224
72,29,26,150,89,1,36,185,112,99
72,30,144,55,60,139,240,91,195,13
72,31,237,132,173,229,122,154,191,243
72,32,224,197,47,50,199,245,6,66
72,33,201,179,156,217,81,136,188,40
72,34,49,217,213,181,141,196,246,90
72,35,224,36,167,202,71,214,210,244
72,36,255,24,153,188,239,74,7,119
72,37,124,50,54,22,212,185,86,103
72,38,146,212,127,198,118,79,94,159
72,39,10,85,177,34,13,70,30,182
73,0,212,136,24,41,65,109,86,29
73,1,234,40,166,22,96,63,183,165
73,2,139,39,120,178,125,158,84,20
73,3,25,166,159,58,30,11,218,95
73,4,216,149,192,123,180,43,138,98
73,5,31,213,19,23,165,202,178,153
73,6,79,149,126,43,56,171,213,125
73,7,253,61,108,243,185,158,169,76
73,8,157,247,220,107,65,152,61,86
73,9,240,22,207,73,198,67,14,47
73,10,226,46,207,234,178,17,59,132
73,11,93,186,202,54,49,156,255,207
73,12,39,138,206,116,106,238,166,228
73,13,13,219,164,210,47,239,113,93
73,14,146,83,96,67,167,14,52,44
73,15,116,177,3,54,71,41,80,86
73,16,185,170,250,138,149,71,243,26
73,17,157,141,115,104,216,89,148,8
73,18,72,22,181,69,91,139,63,130
73,19,28,225,226,59,137,132,30,206
73,20,157,247,220,65,42,133,171,103
73,21,22,207,240,44,73,23,92,67
73,22,17,124,122,116,187,234,59,34
73,23,93,156,202,209,54,186,64,225
73,24,39,106,166,238,20,116,95,125
73,25,210,13,164,219,200,199,239,224
73,26,83,67,64,146,183,54,96,56
73,27,116,241,206,20,80,37,54,34
73,28,243,201,185,138,149,72,250,130
73,29,157,89,104,78,141,186,65,242
73,30,131,91,237,139,69,130,176,45
73,31,225,229,137,59,132,237,226,33
73,32,75,47,197,116,6,50,206,245
73,33,18,136,81,59,182,206,103,36
73,34,90,11,227,217,141,49,213,238
73,35,167,244,36,214,202,224,49,89
73,36,251,129,153,92,188,24,255,74
73,37,14,124,50,22,103,162,147,113
73,38,124,127,79,212,118,94,86,198
73,39,34,13,116,70,30,177,62,77
74,0,151,134,50,250,136,231,199,207
74,1,230,157,88,22,101,44,85,254
74,2,39,95,246,247,3,105,120,117
74,3,213,25,247,95,113,241,189,188
74,4,180,44,116,192,159,123,43,231
74,5,236,19,31,165,178,202,153,183
74,6,79,126,42,100,142,149,232,56
74,7,253,169,76,185,108,192,36,243
74,8,220,224,61,86,103,107,152,65
74,9,207,240,161,47,14,198,22,61
74,10,234,46,132,207,178,242,187,226
74,11,85,93,186,3,202,116,255,158
74,12,39,138,208,238,189,116,81,228
74,13,219,13,47,93,37,145,192,72
74,14,83,146,52,54,167,161,204,235
74,15,147,177,3,80,206,129,195,233
74,16,185,170,72,102,190,252,250,51
74,17,89,104,115,8,1,157,20,101
74,18,91,77,22,176,192,139,204,72
74,19,59,137,225,28,35,122,115,88
74,20,133,148,53,72,233,107,195,42
74,21,207,179,68,99,229,148,44,78
74,22,234,116,122,156,242,132,46,165
74,23,93,85,60,201,116,158,218,54
74,24,39,238,11,228,94,71,116,81
74,25,13,219,210,130,37,239,145,192
74,26,96,64,146,81,160,167,44,67
74,27,3,254,80,20,131,233,108,225
74,28,243,102,78,190,72,174,130,250
74,29,157,89,49,21,104,137,216,115
74,30,151,139,162,60,91,131,250,63
74,31,225,132,229,72,33,28,34,243
74,32,86,47,50,140,6,63,151,157
74,33,95,36,136,81,139,6,11,59
74,34,238,90,240,181,44,20,108,14
74,35,191,49,148,71,190,15,231,44
74,36,227,75,7,225,165,163,230,92
74,37,54,124,24,78,89,16,137,212
74,38,215,159,198,131,117,192,72,169
74,39,158,165,173,76,117,253,235,73
75,0,226,185,117,68,80,171,96,128
75,1,13,81,202,169,43,133,158,232
75,2,247,117,105,246,39,196,118,136
75,3,170,221,228,188,150,189,253,195
75,4,8,55,139,182,123,2,159,228
75,5,153,223,159,202,183,165,178,61
75,6,3,114,79,126,92,43,125,34
75,7,253,185,36,108,43,192,243,66
75,8,107,148,206,233,224,112,133,220
75,9,19,207,206,61,161,229,73,68
75,10,59,163,132,234,207,116,187,165
75,11,18,116,186,133,130,60,255,158
75,12,39,157,238,67,116,203,176,94
75,13,219,21,13,93,200,239,47,211
75,14,146,67,96,44,231,167,38,52
75,15,37,54,3,103,80,12,71,206
75,16,120,71,232,26,219,250,72,252
75,17,89,115,148,155,20,137,242,62
75,18,34,97,139,6,91,66,192,60
75,19,132,173,244,226,186,47,28,35
75,20,133,233,148,112,171,152,53,224
75,21,206,251,207,19,229,246,44,179
75,22,59,163,116,225,124,170,154,26
75,23,186,18,133,141,60,126,142,54
75,24,238,39,242,230,148,125,20,79
75,25,13,21,37,210,93,148,239,130
75,26,92,64,236,155,171,38,159,107
75,27,97,103,80,241,37,254,17,126
75,28,243,232,120,149,130,210,165,108
75,29,89,155,242,148,220,35,221,115
75,30,6,151,44,144,122,13,60,139
75,31,132,229,253,173,79,35,234,177
75,32,175,151,37,17,13,47,208,231
75,33,23,214,117,136,81,94,209,138
75,34,182,181,58,114,110,187,153,194
75,35,7,36,71,128,78,97,41,231
75,36,245,7,75,12,10,61,99,237
75,37,89,164,36,124,54,137,80,240
75,38,136,31,198,177,112,37,77,117
75,39,63,146,22,16,253,100,67,76
76,0,254,191,122,75,222,208,231,163
76,1,71,153,100,51,3,251,56,167
76,2,223,47,216,185,184,187,157,158
76,3,196,69,36,243,154,149,56,159
76,4,233,178,175,90,195,160,121,206
76,5,153,77,60,251,223,50,62,94
76,6,171,102,237,26,209,243,12,210
76,7,184,3,38,185,120,175,81,34
76,8,148,133,16,53,72,63,23,240
76,9,207,68,251,99,61,44,229,161
76,10,59,146,20,132,156,217,116,170
76,11,60,37,141,71,70,201,204,44
76,12,176,163,208,50,116,238,161,39
76,13,93,13,145,219,21,126,47,0
76,14,96,44,204,132,146,194,198,138
76,15,12,95,3,147,79,169,26,18
76,16,53,59,72,82,219,189,102,71
76,17,89,62,214,170,115,1,220,35
76,18,144,91,116,66,229,139,13,77
76,19,47,48,59,35,115,247,75,11
76,20,148,133,53,220,233,121,56,59
76,21,251,207,68,229,222,32,44,161
76,22,59,20,116,146,156,170,122,225
76,23,37,71,141,60,201,70,133,186
76,24,50,176,238,39,163,242,11,119
76,25,0,21,93,13,145,87,219,240
76,26,171,196,92,64,167,214,203,155
76,27,12,95,130,35,97,79,37,3
76,28,243,193,102,219,120,53,250,24
76,29,88,62,21,89,94,54,170,9
76,30,144,162,232,151,192,131,116,139
76,31,219,183,229,47,34,247,99,55
76,32,92,26,120,179,125,140,6,47
76,33,47,132,250,104,136,203,162,143
76,34,103,166,44,238,181,128,143,163
76,35,190,74,148,36,9,117,101,38
76,36,115,227,39,93,7,142,153,74
76,37,89,78,124,169,101,27,54,16
76,38,169,198,236,176,191,254,140,61
76,39,231,117,235,173,179,158,219,198
77,0,123,196,249,229,105,216,7,16
77,1,231,225,27,150,62,235,155,246
77,2,162,4,164,158,243,17,179,184
77,3,133,187,152,235,37,231,84,31
77,4,142,15,102,13,108,222,214,167
77,5,153,186,104,151,204,94,193,165
77,6,79,167,126,196,209,43,153,93
77,7,36,253,185,29,192,76,116,184
77,8,89,234,107,116,207,52,56,220
77,9,29,94,207,161,131,203,198,197
77,10,169,59,130,234,198,137,207,132
77,11,189,174,186,133,3,111,255,60
77,12,39,160,63,26,157,74,238,65
77,13,219,21,13,93,47,43,211,239
77,14,52,146,64,224,231,167,160,137
77,15,37,162,71,81,3,213,181,147
77,16,120,252,5,168,170,80,219,71
77,17,115,20,89,250,242,172,124,61
77,18,57,197,192,204,179,226,97,50
77,19,130,109,75,30,229,20,226,10
77,20,234,89,191,247,56,107,233,205
77,21,29,164,131,126,94,207,44,161
77,22,198,234,169,113,59,130,124,207
77,23,186,161,189,133,95,174,111,251
77,24,242,63,15,160,74,26,39,238
77,25,130,43,13,15,147,210,21,61
77,26,92,20,50,137,124,155,148,171
77,27,23,97,81,200,2,189,254,131
77,28,243,151,168,133,43,252,213,255
77,29,76,250,242,20,57,172,35,124
77,30,179,44,105,155,104,0,184,192
77,31,191,229,184,12,205,183,109,150
77,32,98,160,3,181,131,10,11,154
77,33,126,67,138,39,173,62,2,137
77,34,84,229,108,96,199,140,157,106
77,35,203,231,194,33,195,198,102,71
77,36,165,7,25,12,102,159,237,29
77,37,65,8,240,61,137,54,86,96
77,38,117,99,159,191,253,176,237,166
77,39,228,173,10,98,198,88,235,48
78,0,141,235,190,115,221,253,47,208
78,1,93,244,155,182,46,197,47,11
78,2,10,109,145,57,103,179,123,34
78,3,187,235,174,133,118,231,119,158
78,4,214,95,142,128,236,102,15,87
78,5,193,41,224,90,186,158,47,151
78,6,79,153,167,196,54,138,60,43
78,7,36,29,147,64,76,23,116,184
78,8,116,57,234,107,99,180,52,20
78,9,116,164,94,191,197,161,29,198
78,10,198,169,130,196,247,234,124,207
78,11,189,161,133,107,128,160,255,136
78,12,39,74,63,93,26,242,160,65
78,13,210,43,66,147,93,219,15,47
78,14,50,159,64,51,52,137,124,106
78,15,162,37,81,242,147,213,148,250
78,16,252,168,5,243,80,120,170,196
78,17,20,119,250,64,115,242,172,35
78,18,226,57,179,0,192,197,93,43
78,19,75,116,30,109,226,20,229,253
78,20,234,191,80,185,237,239,56,99
78,21,126,164,29,116,94,191,197,161
78,22,198,169,130,207,234,113,199,167
78,23,189,161,186,133,172,95,243,251
78,24,242,74,63,26,44,15,160,93
78,25,61,147,130,43,13,134,206,210
78,26,50,92,137,148,110,51,124,20
78,27,189,200,81,131,162,2,62,243
78,28,43,151,133,255,252,210,23,50
78,29,87,57,76,0,250,95,125,172
78,30,163,155,179,201,44,32,24,94
78,31,116,109,205,4,12,191,20,236
78,32,223,119,181,15,131,53,161,64
78,33,93,83,129,127,231,39,239,236
78,34,96,82,112,113,199,26,51,130
78,35,160,27,57,42,204,174,231,203
78,36,222,22,221,165,159,12,219,29
78,37,24,219,34,98,229,130,160,234
78,38,140,99,64,241,184,193,159,180
78,39,186,162,190,173,22,237,235,201
79,0,38,54,167,193,94,112,44,238
79,1,46,58,47,122,188,105,137,249
79,2,128,186,179,140,104,241,53,85
79,3,26,230,233,103,117,78,143,118
79,4,81,144,67,245,0,91,213,95
79,5,188,90,43,224,78,193,109,47
79,6,60,215,206,143,153,131,138,54
79,7,176,117,229,54,9,22,70,42
79,8,116,239,104,237,57,73,99,234
79,9,126,191,116,171,113,198,197,239
79,10,167,191,36,248,157,115,151,238
79,11,140,133,233,36,47,224,161,181
79,12,93,44,74,144,242,134,254,85
79,13,33,6,61,134,104,44,147,206
79,14,50,147,86,51,189,118,47,57
79,15,189,162,243,213,148,70,2,200
79,16,174,156,243,151,252,133,247,134
79,17,5,110,20,226,57,76,198,243
79,18,128,179,93,131,226,155,126,105
79,19,12,75,120,109,30,201,229,56
79,20,239,237,191,80,185,160,33,234
79,21,126,191,116,47,248,155,198,164
79,22,76,161,248,247,211,115,166,10
79,23,36,181,133,172,34,162,4,138
79,24,44,93,242,127,79,34,253,213
79,25,6,206,104,33,204,152,61,117
79,26,50,147,86,110,197,118,28,107
79,27,2,189,217,250,200,254,162,183
79,28,43,156,151,152,163,252,50,255
79,29,57,5,127,20,142,168,153,165
79,30,226,201,155,32,192,24,104,203
79,31,63,167,12,221,89,214,74,158
79,32,223,181,119,178,166,187,154,52
79,33,32,83,231,239,137,93,72,173
79,34,112,186,108,199,113,8,99,142
79,35,174,15,33,203,213,96,241,231
79,36,22,221,102,59,112,75,219,229
79,37,229,160,62,141,24,176,98,232
79,38,252,166,99,55,138,140,159,117
79,39,238,235,237,162,22,97,80,84
80,0,140,238,112,43,173,200,58,95
80,1,46,47,188,137,249,20,213,39
80,2,186,140,165,138,172,168,51,104
80,3,103,117,233,119,26,118,230,38
80,4,81,144,245,213,184,120,145,174
80,5,145,106,255,85,224,121,32,132
80,6,124,225,230,206,254,211,163,127
80,7,3,184,225,89,148,49,165,104
80,8,148,53,133,233,72,59,143,23
80,9,68,99,207,229,1,186,179,168
80,10,156,59,132,116,23,148,176,43
80,11,60,141,42,44,204,71,32,223
80,12,176,163,116,161,50,250,137,2
80,13,145,93,45,98,252,0,219,58
80,14,132,204,44,96,253,228,194,214
80,15,3,12,195,169,235,14,147,98
80,16,74,72,104,234,59,47,45,122
80,17,1,209,89,238,8,222,114,220
80,18,144,91,77,138,119,175,171,73
80,19,115,59,122,88,211,25,143,223
80,20,148,53,133,195,85,233,200,32
80,21,68,222,229,207,179,231,157,211
80,22,160,148,132,116,156,134,52,26
80,23,80,141,223,60,44,170,10,159
80,24,176,116,168,178,5,62,244,250
80,25,145,98,45,76,195,183,34,47
80,26,132,204,96,44,245,179,17,18
80,27,169,14,195,3,74,223,225,98
80,28,74,72,117,47,45,228,122,234
80,29,1,150,89,209,222,74,59,114
80,30,144,91,122,77,139,175,228,138
80,31,59,115,88,143,67,122,135,231
80,32,33,47,255,104,236,247,156,151
80,33,192,146,81,21,75,198,203,5
80,34,16,246,244,87,37,10,181,15
80,35,36,167,171,202,80,37,13,89
80,36,110,188,153,78,74,154,134,10
80,37,124,238,103,199,55,35,22,89
80,38,103,198,191,233,16,245,78,112
80,39,120,238,198,146,225,101,247,118
81,0,67,88,200,140,238,206,95,89
81,1,47,181,46,192,152,20,249,136
81,2,197,21,62,202,186,206,105,82
81,3,103,233,106,117,114,68,174,38
81,4,193,21,62,120,48,64,232,69
81,5,230,143,145,189,215,239,134,85
81,6,118,124,199,214,225,248,98,81
81,7,186,241,165,155,141,213,200,143
81,8,217,17,11,81,235,18,92,127
81,9,135,127,53,210,155,136,72,248
81,10,23,127,78,144,43,176,44,136
81,11,42,12,239,204,181,135,58,45
81,12,176,116,250,163,143,2,201,10
81,13,145,98,93,208,109,40,252,2
81,14,132,44,18,96,194,214,204,138
81,15,3,206,169,238,139,223,74,195
81,16,74,195,72,191,45,122,67,32
81,17,89,8,1,69,114,209,102,222
81,18,91,144,77,175,138,16,171,215
81,19,115,59,122,212,143,211,88,99
81,20,133,53,148,233,195,85,240,23
81,21,68,207,229,99,1,222,179,154
81,22,160,116,132,148,156,134,205,53
81,23,80,141,60,223,170,32,44,10
81,24,176,116,250,62,178,168,203,137
81,25,145,76,195,98,93,35,91,78
81,26,204,132,96,44,214,146,181,18
81,27,195,3,169,98,14,139,249,134
81,28,74,72,45,47,122,187,4,235
81,29,1,150,89,69,141,114,209,222
81,30,144,91,77,139,175,215,214,16
81,31,59,122,115,88,143,135,95,100
81,32,33,47,255,156,236,104,139,210
81,33,192,146,81,21,33,74,229,82
81,34,16,246,37,244,108,10,185,251
81,35,36,171,167,14,235,212,202,37
81,36,78,188,153,110,74,10,154,172
81,37,124,103,238,199,104,113,94,218
81,38,103,198,233,159,235,10,144,117
81,39,175,141,233,135,227,118,93,46
82,0,124,199,151,31,236,217,191,207
82,1,124,245,14,204,167,238,25,33
82,2,3,1,202,105,223,60,174,151
82,3,25,159,11,219,68,237,174,150
82,4,48,50,211,83,244,141,250,32
82,5,166,20,201,251,247,134,121,200
82,6,179,239,225,77,214,110,211,248
82,7,165,213,186,32,241,247,200,47
82,8,235,245,216,185,106,18,81,205
82,9,155,135,246,248,53,63,127,235
82,10,60,44,136,14,127,203,78,160
82,11,193,140,22,228,126,34,226,152
82,12,78,113,212,79,124,235,120,167
82,13,35,221,114,255,167,234,139,64
82,14,132,204,166,29,113,9,26,211
82,15,147,235,2,190,126,117,93,191
82,16,74,72,191,45,172,88,117,104
82,17,89,1,8,69,209,149,99,146
82,18,77,91,144,138,16,175,139,214
82,19,115,59,122,143,88,246,212,90
82,20,148,53,133,195,171,85,233,200
82,21,207,99,68,1,251,229,179,222
82,22,116,160,132,156,205,165,148,34
82,23,80,60,170,54,141,32,186,56
82,24,116,176,56,238,178,7,71,10
82,25,145,219,130,222,28,208,45,93
82,26,59,96,167,138,52,146,204,78
82,27,206,3,100,169,177,110,139,20
82,28,72,170,47,74,188,45,31,228
82,29,150,8,89,158,36,1,229,200
82,30,192,226,77,118,17,91,61,181
82,31,137,138,124,108,30,225,59,171
82,32,33,178,156,47,46,19,59,30
82,33,192,81,95,16,231,49,181,215
82,34,16,112,141,21,189,252,63,235
82,35,167,43,202,139,63,11,235,61
82,36,22,110,248,188,138,59,196,233
82,37,8,165,55,12,25,6,207,240
82,38,120,173,103,0,252,87,159,218
82,39,21,191,24,249,193,204,118,18
83,0,168,255,79,206,246,30,34,181
83,1,107,16,162,222,133,174,99,136
83,2,1,73,231,144,138,151,28,171
83,3,222,161,68,237,86,253,1,127
83,4,97,69,176,64,99,168,21,50
83,5,143,20,121,25,244,234,21,180
83,6,163,139,211,231,127,248,190,24
83,7,3,184,148,225,104,194,186,247
83,8,148,53,143,233,85,133,117,241
83,9,68,99,229,207,233,186,28,179
83,10,176,156,134,148,108,116,79,127
83,11,44,60,135,42,32,230,141,10
83,12,176,137,10,250,167,161,116,143
83,13,145,170,208,14,40,165,83,248
83,14,132,204,73,44,101,194,248,163
83,15,235,74,170,139,145,1,227,206
83,16,104,74,191,4,195,186,209,160
83,17,209,1,69,192,210,169,58,44
83,18,144,152,77,91,225,175,224,241
83,19,115,59,95,127,212,100,122,25
83,20,148,53,195,85,240,133,233,72
83,21,68,99,229,222,254,231,179,1
83,22,148,160,172,132,108,149,147,7
83,23,80,223,117,10,44,162,32,34
83,24,176,10,137,116,168,14,5,250
83,25,145,83,35,183,45,170,114,34
83,26,132,204,163,73,44,96,157,158
83,27,1,235,227,139,183,145,74,19
83,28,74,209,160,104,191,197,183,172
83,29,150,209,69,1,192,204,36,98
83,30,144,152,77,175,225,60,45,223
83,31,115,59,95,88,248,180,122,138
83,32,33,255,31,236,104,117,47,213
83,33,192,95,189,146,102,110,234,46
83,34,16,244,246,254,43,10,216,120
83,35,171,53,36,67,16,202,14,100
83,36,154,78,188,110,60,153,244,10
83,37,238,1,52,199,103,213,8,94
83,38,103,88,198,233,191,48,236,37
83,39,200,42,225,227,120,101,67,41
84,0,25,252,5,42,45,147,165,19
84,1,16,46,162,224,107,174,133,160
84,2,200,218,167,20,36,253,168,250
84,3,233,26,25,190,230,236,179,103
84,4,67,250,72,81,92,9,89,192
84,5,188,43,90,251,158,132,155,165
84,6,79,36,157,143,14,101,133,196
84,7,176,36,229,76,171,32,70,178
84,8,239,185,116,107,110,61,191,179
84,9,198,126,160,197,255,35,169,41
84,10,173,139,157,244,49,234,248,91
84,11,133,120,111,47,39,228,188,106
84,12,249,131,44,39,212,242,54,134
84,13,6,61,33,15,138,104,142,56
84,14,147,50,86,106,10,145,52,118
84,15,189,213,162,37,204,119,243,166
84,16,156,243,252,151,170,182,168,255
84,17,5,110,20,57,226,242,17,119
84,18,128,131,192,112,226,126,93,203
84,19,229,12,120,199,167,75,228,30
84,20,239,185,247,80,191,110,216,237
84,21,126,47,155,198,132,22,73,169
84,22,161,91,173,247,165,248,240,210
84,23,133,3,36,181,140,95,106,111
84,24,43,39,127,242,44,225,220,22
84,25,6,13,210,206,33,104,15,127
84,26,50,86,118,106,64,147,128,54
84,27,250,217,72,2,54,172,71,37
84,28,243,168,170,156,24,43,252,47
84,29,5,142,57,230,20,17,242,110
84,30,135,71,131,192,60,144,24,203
84,31,229,167,135,12,228,30,226,42
84,32,223,159,178,6,68,47,158,244
84,33,244,136,88,107,72,16,86,39
84,34,241,1,252,21,197,120,6,8
84,35,218,231,128,173,22,189,137,160
84,36,70,171,165,233,220,16,240,59
84,37,160,58,175,62,185,86,51,143
84,38,0,252,184,237,92,233,101,191
84,39,248,189,235,238,7,190,133,118
85,0,197,34,101,35,30,179,154,209
85,1,47,107,155,62,97,20,41,46
85,2,97,218,152,165,82,253,251,155
85,3,233,26,236,230,25,103,118,90
85,4,144,245,120,199,92,249,61,72
85,5,220,188,159,85,109,230,215,43
85,6,230,133,137,36,110,199,179,98
85,7,176,112,47,36,221,206,204,234
85,8,239,107,80,194,245,237,152,19
85,9,203,126,53,60,88,154,198,34
85,10,215,167,129,231,175,182,121,76
85,11,133,249,41,155,73,205,140,42
85,12,39,212,144,184,214,127,117,225
85,13,210,6,15,142,35,3,93,149
85,14,52,106,57,166,118,167,159,244
85,15,213,41,70,195,2,37,206,131
85,16,243,170,252,250,152,116,92,80
85,17,115,20,230,242,17,142,201,243
85,18,192,226,2,177,135,139,60,112
85,19,229,226,30,228,79,39,177,10
85,20,247,80,220,191,107,237,224,133
85,21,207,22,47,197,155,131,73,44
85,22,234,187,91,199,124,165,208,122
85,23,3,95,238,111,145,126,173,140
85,24,39,127,225,43,27,186,177,180
85,25,13,93,130,15,175,239,35,210
85,26,106,159,167,155,52,64,137,214
85,27,250,254,217,71,206,177,233,2
85,28,243,170,168,252,80,24,116,250
85,29,242,142,5,230,20,89,35,200
85,30,192,135,2,60,13,131,24,97
85,31,229,135,226,236,79,191,158,201
85,32,223,178,98,158,50,47,150,247
85,33,190,244,72,136,126,107,39,88
85,34,116,56,21,252,51,161,97,33
85,35,167,71,218,36,22,235,129,189
85,36,70,119,152,246,181,102,74,248
85,37,143,67,58,124,202,48,175,85
85,38,92,101,148,30,237,252,195,254
85,39,2,189,248,92,38,127,182,69
86,0,144,92,186,188,62,66,155,106
86,1,195,83,198,95,124,68,33,193
86,2,92,150,255,118,86,60,158,188
86,3,25,11,159,177,155,6,251,199
86,4,94,98,192,154,112,121,152,43
86,5,23,153,2,62,136,158,115,251
86,6,79,92,209,84,43,19,59,171
86,7,181,7,185,36,184,76,192,116
86,8,247,220,107,148,159,224,72,207
86,9,207,22,44,61,47,73,229,120
86,10,234,9,207,165,91,116,40,222
86,11,3,153,145,111,54,137,225,202
86,12,208,39,185,189,225,194,239,238
86,13,13,15,93,66,210,47,113,219
86,14,52,106,231,146,159,167,75,60
86,15,248,71,213,177,41,54,233,121
86,16,170,252,243,230,80,71,51,116
86,17,115,20,17,142,242,230,78,236
86,18,192,226,69,177,135,244,16,2
86,19,229,28,226,228,51,30,243,70
86,20,247,159,107,220,191,207,80,224
86,21,22,207,47,44,131,197,73,156
86,22,234,0,9,122,63,187,124,59
86,23,153,3,145,59,238,111,54,202
86,24,39,106,50,127,225,185,115,20
86,25,13,210,15,130,239,47,0,175
86,26,83,171,196,52,64,106,155,167
86,27,248,177,233,71,54,241,206,41
86,28,230,243,185,170,54,78,26,250
86,29,236,20,242,142,89,230,102,65
86,30,69,192,97,151,244,131,45,135
86,31,229,135,51,233,132,226,137,30
86,32,146,199,195,86,6,247,194,162
86,33,75,189,97,37,94,136,81,133
86,34,212,187,255,19,54,141,181,166
86,35,49,167,71,77,36,66,130,38
86,36,8,119,234,7,171,16,0,92
86,37,124,165,54,180,221,25,207,185
86,38,252,140,212,111,35,159,42,176
86,39,23,68,16,182,95,225,235,165
87,0,181,107,82,251,80,39,68,83
87,1,222,40,209,183,9,234,96,89
87,2,2,246,244,118,197,120,213,191
87,3,50,173,9,72,216,217,195,200
87,4,156,123,23,211,234,20,145,249
87,5,174,250,231,23,32,106,19,68
87,6,53,84,145,110,124,49,149,225
87,7,195,7,253,192,49,204,185,209
87,8,247,148,107,133,53,19,85,233
87,9,207,22,229,61,68,99,251,233
87,10,68,63,132,116,234,178,59,26
87,11,42,111,170,64,54,202,60,93
87,12,176,116,56,208,39,238,154,237
87,13,164,145,93,98,219,47,192,137
87,14,146,96,18,132,44,204,138,194
87,15,3,206,80,177,169,195,238,96
87,16,71,72,188,26,167,74,55,121
87,17,89,115,238,8,202,7,137,26
87,18,91,16,232,144,190,192,205,139
87,19,59,28,39,108,146,211,4,137
87,20,148,133,220,233,53,107,242,207
87,21,207,229,61,68,131,222,5,179
87,22,160,59,122,53,63,68,26,116
87,23,80,170,141,111,60,202,186,64
87,24,176,7,98,2,238,143,116,39
87,25,93,145,98,164,47,137,239,77
87,26,96,194,72,179,132,52,67,146
87,27,3,206,233,80,169,177,197,116
87,28,74,72,26,20,71,188,250,149
87,29,26,150,89,115,112,1,36,141
87,30,55,144,192,97,94,137,139,91
87,31,237,173,229,132,135,191,79,35
87,32,224,199,150,197,47,50,206,6
87,33,201,179,156,136,81,40,206,142
87,34,49,217,213,141,181,196,201,87
87,35,224,36,167,71,66,214,244,89
87,36,255,119,24,10,188,74,153,7
87,37,124,50,22,3,185,165,21,180
87,38,146,212,94,127,118,79,4,159
87,39,10,85,13,182,177,70,34,20
88,0,109,136,1,212,24,218,3,65
88,1,236,226,22,85,234,190,42,193
88,2,2,96,120,221,247,77,246,48
88,3,216,9,111,72,194,191,252,50
88,4,123,243,133,104,138,216,106,116
88,5,23,213,31,250,19,170,62,151
88,6,149,39,84,79,129,157,209,100
88,7,61,253,192,7,108,185,251,33
88,8,157,247,107,220,152,168,207,42
88,9,22,160,207,148,67,44,73,115
88,10,234,226,191,59,98,220,251,40
88,11,93,158,54,111,201,202,225,186
88,12,39,242,238,185,106,208,203,225
88,13,37,13,192,77,219,230,239,47
88,14,146,83,52,96,231,67,44,155
88,15,177,116,71,41,3,54,79,80
88,16,71,26,219,185,170,250,167,73
88,17,104,115,148,214,89,20,216,119
88,18,97,16,192,244,139,72,17,91
88,19,225,132,206,28,137,249,253,75
88,20,157,247,207,107,220,185,171,233
88,21,207,22,160,148,131,251,44,61
88,22,59,234,122,116,220,225,68,19
88,23,93,158,54,202,64,136,250,251
88,24,238,39,106,242,185,58,68,166
88,25,13,164,37,210,192,230,137,219
88,26,83,155,235,197,146,64,247,12
88,27,177,116,241,80,41,233,71,17
88,28,201,243,185,149,130,236,250,138
88,29,89,162,242,104,216,230,99,186
88,30,97,151,192,139,131,91,155,162
88,31,135,229,132,225,137,226,124,191
88,32,116,197,50,47,173,6,75,179
88,33,206,18,136,59,81,142,182,152
88,34,11,241,141,213,181,152,205,108
88,35,36,167,89,224,71,190,203,7
88,36,251,7,74,76,153,188,255,10
88,37,124,180,21,194,179,212,14,175
88,38,124,212,94,79,42,117,254,35
88,39,77,34,62,22,13,10,55,70
89,0,62,134,231,211,124,175,138,36
89,1,101,195,120,193,22,14,202,83
89,2,96,3,48,71,247,246,120,77
89,3,72,167,251,11,132,216,212,87
89,4,44,243,121,152,195,175,134,100
89,5,153,62,170,251,178,250,151,210
89,6,39,161,79,84,102,149,49,209
89,7,253,185,223,192,184,38,199,3
89,8,107,133,148,220,53,247,233,207
89,9,207,22,44,61,68,161,229,95
89,10,234,242,19,116,165,132,178,59
89,11,93,158,85,111,59,3,54,218
89,12,208,39,116,210,238,176,19,185
89,13,13,93,219,137,47,192,37,19
89,14,167,146,52,96,83,231,106,67
89,15,177,71,3,54,206,13,121,233
89,16,71,170,190,193,102,26,188,80
89,17,115,89,21,164,104,20,142,8
89,18,192,16,91,250,244,190,139,226
89,19,39,28,226,137,59,85,30,124
89,20,107,207,220,247,121,171,133,148
89,21,207,131,44,22,197,61,229,5
89,22,242,122,234,133,19,165,146,63
89,23,93,201,218,111,220,158,59,170
89,24,11,39,58,238,34,20,98,128
89,25,13,78,210,137,19,117,93,239
89,26,52,137,197,155,64,171,224,203
89,27,177,71,28,54,233,3,94,217
89,28,193,243,170,102,26,82,116,190
89,29,88,21,164,20,142,242,94,186
89,30,162,192,63,250,135,155,97,177
89,31,135,34,229,228,42,132,226,201
89,32,179,125,123,86,146,140,76,159
89,33,75,234,56,95,132,104,142,36
89,34,44,238,240,5,21,72,169,166
89,35,190,148,74,71,36,167,21,212
89,36,227,115,142,39,19,143,99,16
89,37,78,124,16,27,54,169,66,176
89,38,251,215,119,169,212,159,117,94
89,39,117,231,158,122,182,235,67,22
90,0,123,249,229,196,105,216,7,104
90,1,231,225,27,150,62,155,151,20
90,2,249,109,162,244,210,96,158,246
90,3,133,187,235,152,231,31,37,84
90,4,13,142,15,102,128,214,108,236
90,5,104,186,204,193,158,151,236,178
90,6,79,167,84,196,153,157,39,61
90,7,36,185,29,171,192,76,147,7
90,8,247,107,234,56,164,72,89,52
90,9,29,94,22,197,164,207,161,44
90,10,234,169,198,130,247,207,91,63
90,11,189,145,3,111,155,161,42,225
90,12,39,74,26,63,208,194,65,160
90,13,210,15,154,13,43,47,66,147
90,14,52,137,50,106,64,51,159,160
90,15,162,81,71,165,147,242,148,200
90,16,252,170,5,80,168,189,51,152
90,17,250,20,64,115,242,119,17,35
90,18,192,13,57,197,43,226,177,179
90,19,75,20,130,39,191,109,30,226
90,20,56,191,234,80,247,107,237,239
90,21,164,47,29,197,161,44,131,2
90,22,198,234,169,130,187,91,150,65
90,23,189,3,161,111,136,206,128,145
90,24,74,242,63,26,160,39,15,177
90,25,147,61,43,13,130,134,78,182
90,26,137,50,148,20,171,124,92,51
90,27,200,81,181,58,165,217,242,250
90,28,133,152,43,252,170,5,210,50
90,29,119,76,87,250,20,172,248,69
90,30,179,155,43,24,135,184,0,126
90,31,201,205,109,4,30,39,75,86
90,32,181,98,131,178,125,159,3,10
90,33,126,43,27,207,86,236,140,88
90,34,84,96,207,20,26,105,8,130
90,35,203,240,96,215,231,198,86,140
90,36,224,165,112,75,102,29,101,171
90,37,65,72,96,69,61,74,19,2
90,38,18,176,99,209,191,117,204,202
90,39,228,190,173,137,198,247,168,180
91,0,132,158,141,190,125,115,47,235
91,1,155,244,197,188,93,182,233,11
91,2,29,57,27,145,10,123,74,109
91,3,187,133,174,235,37,119,117,158
91,4,236,95,214,142,102,128,222,87
91,5,158,90,193,47,43,78,65,110
91,6,79,153,54,138,60,196,36,143
91,7,229,117,23,36,29,35,64,147
91,8,116,234,57,224,77,180,239,99
91,9,164,239,197,191,161,2,59,255
91,10,65,169,198,125,196,247,185,36
91,11,128,160,189,206,107,108,161,86
91,12,254,134,74,93,39,128,193,221
91,13,74,147,154,134,32,182,66,43
91,14,137,189,64,88,32,125,148,124
91,15,148,242,165,243,204,58,162,200
91,16,134,51,252,174,133,43,28,130
91,17,198,0,250,76,87,211,37,64
91,18,163,134,43,179,127,13,197,155
91,19,116,56,20,121,36,109,191,26
91,20,237,239,99,116,234,224,173,4
91,21,164,161,239,191,197,2,255,29
91,22,176,125,198,243,169,247,65,185
91,23,206,128,189,160,9,107,86,108
91,24,235,93,74,85,254,145,193,209
91,25,182,134,154,147,185,32,89,78
91,26,88,137,148,103,47,32,229,124
91,27,181,165,87,242,58,200,31,4
91,28,150,75,43,93,133,152,134,163
91,29,0,76,87,250,124,20,15,16
91,30,163,195,43,134,226,179,161,155
91,31,20,116,36,109,154,205,4,75
91,32,252,119,112,181,150,90,53,160
91,33,184,92,93,43,16,129,164,83
91,34,26,82,85,133,96,1,231,92
91,35,42,57,84,72,174,160,135,204
91,36,83,222,221,22,75,70,20,192
91,37,182,138,39,104,88,229,72,190
91,38,151,64,193,120,148,249,27,63
91,39,162,186,190,154,38,217,205,11
92,0,238,252,25,43,147,42,95,59
92,1,250,224,172,46,129,103,147,112
92,2,29,49,20,27,119,74,140,186
92,3,233,26,117,230,40,119,4,130
92,4,81,92,224,248,229,95,9,183
92,5,43,158,188,78,110,127,65,135
92,6,60,138,143,68,173,206,36,208
92,7,117,65,229,142,111,42,35,78
92,8,116,104,239,173,99,237,180,61
92,9,171,160,255,224,2,243,104,200
92,10,157,65,173,185,196,125,247,151
92,11,181,206,128,47,108,39,160,111
92,12,249,44,199,60,220,0,134,93
92,13,44,134,243,182,6,149,154,32
92,14,125,137,189,51,52,32,148,167
92,15,148,162,165,58,46,243,45,204
92,16,134,252,0,43,133,170,205,51
92,17,15,5,87,108,142,241,20,76
92,18,226,124,179,203,155,43,177,192
92,19,30,109,226,19,191,205,75,167
92,20,237,239,116,224,207,180,99,20
92,21,191,155,164,2,127,207,239,126
92,22,247,157,236,185,125,65,234,196
92,23,181,206,128,111,189,162,239,140
92,24,220,93,39,142,145,74,43,254
92,25,6,138,134,154,182,32,66,93
92,26,137,88,51,86,52,167,148,189
92,27,162,165,181,58,46,200,204,172
92,28,43,170,133,252,51,152,80,24
92,29,5,20,158,87,76,142,166,89
92,30,226,192,43,179,135,163,170,177
92,31,167,30,109,228,226,63,116,12
92,32,223,181,178,119,90,159,206,192
92,33,83,9,74,231,129,16,93,81
92,34,241,1,21,252,186,85,116,141
92,35,160,22,167,218,84,212,244,61
92,36,70,248,129,98,83,74,68,221
92,37,62,58,72,229,143,145,124,105
92,38,147,166,117,8,233,245,10,35
92,39,238,50,95,223,237,105,245,227
93,0,209,206,104,43,30,95,147,105
93,1,47,155,46,188,197,156,118,20
93,2,20,251,41,85,49,172,73,52
93,3,117,119,118,130,244,178,150,233
93,4,195,154,20,5,87,184,150,58
93,5,158,153,32,43,251,79,110,205
93,6,79,143,254,209,65,36,157,226
93,7,185,184,199,35,76,49,158,36
93,8,148,239,133,23,164,53,35,107
93,9,203,207,68,229,99,161,255,85
93,10,234,247,116,132,59,243,187,176
93,11,42,204,12,111,128,60,239,160
93,12,116,176,163,220,39,18,134,145
93,13,145,93,45,112,219,118,208,83
93,14,204,132,54,44,52,214,248,225
93,15,147,235,139,98,165,227,206,238
93,16,172,74,117,191,72,112,104,73
93,17,69,1,44,89,152,109,233,170
93,18,77,138,175,91,144,204,176,43
93,19,122,212,115,95,59,143,88,11
93,20,195,133,148,72,53,23,161,246
93,21,1,99,207,251,43,7,243,193
93,22,160,148,156,147,116,132,234,217
93,23,80,32,60,63,78,204,239,44
93,24,163,161,116,176,137,250,87,220
93,25,145,45,212,93,130,219,58,91
93,26,204,214,55,132,200,166,253,54
93,27,98,147,139,235,206,177,154,158
93,28,74,172,72,117,112,47,16,191
93,29,1,69,150,44,248,36,89,152
93,30,77,138,44,91,175,52,192,176
93,31,122,212,59,88,143,137,115,95
93,32,33,255,47,104,178,213,241,210
93,33,192,81,110,75,74,95,177,189
93,34,16,246,37,244,123,141,182,10
93,35,14,202,36,167,79,235,10,194
93,36,153,188,110,78,134,154,74,240
93,37,219,124,103,238,199,8,165,123
93,38,103,159,191,117,233,63,35,143
93,39,238,120,37,228,174,58,245,223
94,0,32,206,168,238,95,255,181,30
94,1,140,201,176,77,46,182,122,103
94,2,20,52,49,73,218,41,153,231
94,3,178,119,117,143,145,150,118,222
94,4,184,150,87,66,20,195,23,246
94,5,32,215,158,21,229,25,143,145
94,6,230,254,124,211,102,212,7,26
94,7,225,104,187,174,142,132,3,148
94,8,53,148,85,143,121,117,241,72
94,9,99,28,1,233,68,166,207,225
94,10,108,176,250,116,233,172,26,146
94,11,42,97,33,230,32,194,15,44
94,12,137,10,50,196,38,176,250,116
94,13,34,183,0,248,83,170,208,201
94,14,132,73,44,248,115,17,204,84
94,15,139,74,238,190,90,145,12,235
94,16,191,74,234,24,228,172,195,112
94,17,69,210,204,217,209,128,169,51
94,18,209,77,64,144,225,91,176,171
94,19,115,95,59,190,212,248,129,83
94,20,53,148,133,72,85,68,145,240
94,21,99,236,143,1,68,204,81,254
94,22,160,108,116,205,132,197,148,149
94,23,80,44,230,32,211,117,134,146
94,24,137,196,10,244,38,50,116,250
94,25,165,208,34,183,145,121,64,174
94,26,132,73,115,248,1,227,84,78
94,27,139,190,145,206,74,151,249,170
94,28,74,191,197,72,183,169,228,4
94,29,69,150,204,151,128,158,47,1
94,30,77,64,91,225,45,137,212,195
94,31,248,95,59,67,88,240,255,25
94,32,33,236,47,220,255,31,7,10
94,33,192,81,203,72,95,146,198,32
94,34,16,246,164,10,211,2,247,87
94,35,235,167,202,220,254,13,36,73
94,36,78,110,188,153,10,154,244,245
94,37,103,238,58,199,227,124,21,6
94,38,148,92,103,212,159,4,233,73
94,39,238,2,38,189,182,243,198,248
95,0,88,95,140,238,112,173,43,200
95,1,181,47,152,127,33,172,20,147
95,2,20,218,62,52,197,49,135,82
95,3,117,76,150,119,233,190,178,194
95,4,9,193,62,0,199,5,219,163
95,5,158,43,230,160,189,68,110,215
95,6,118,7,53,124,230,89,143,137
95,7,142,47,35,145,57,76,136,185
95,8,239,116,237,133,173,104,106,245
95,9,255,53,200,197,203,113,84,171
95,10,115,215,196,122,76,231,157,234
95,11,181,239,111,42,249,88,47,183
95,12,62,220,193,39,199,53,254,213
95,13,44,93,219,138,154,66,251,113
95,14,52,167,64,106,159,137,231,51
95,15,162,165,147,148,54,71,242,181
95,16,170,252,32,229,250,80,152,51
95,17,89,20,115,5,16,64,15,198
95,18,204,192,226,203,197,177,43,77
95,19,30,4,75,109,183,226,86,191
95,20,133,207,220,239,180,116,237,99
95,21,207,203,155,131,251,73,88,177
95,22,234,116,236,199,196,157,122,187
95,23,80,111,107,147,162,108,181,187
95,24,39,220,199,193,145,164,144,254
95,25,219,93,6,138,139,66,130,32
95,26,167,52,137,131,88,67,106,54
95,27,162,165,206,110,177,233,181,147
95,28,170,24,72,0,250,136,80,47
95,29,5,158,89,20,142,8,26,124
95,30,226,192,77,170,177,155,91,139
95,31,30,167,137,228,226,166,124,173
95,32,223,178,206,47,60,158,194,119
95,33,74,190,81,9,40,16,244,83
95,34,116,82,1,21,85,252,141,34
95,35,167,244,224,22,214,202,183,212
95,36,70,129,248,74,188,10,239,119
95,37,104,58,124,143,147,21,105,57
95,38,148,27,92,212,84,94,127,79
95,39,110,243,38,248,78,58,12,242
96,0,124,199,236,217,31,151,191,147
96,1,33,124,245,167,211,14,224,19
96,2,60,3,49,193,152,223,5,216
96,3,25,159,11,219,197,199,225,121
96,4,192,154,88,250,165,121,32,83
96,5,251,81,188,165,155,158,236,27
96,6,14,157,209,79,122,213,226,183
96,7,32,171,35,76,229,47,142,57
96,8,224,220,61,116,207,133,173,110
96,9,197,198,243,207,73,255,161,227
96,10,122,242,165,157,234,173,8,246
96,11,85,111,164,47,218,225,181,3
96,12,39,193,191,131,220,208,1,199
96,13,211,199,20,168,113,219,149,176
96,14,52,125,106,189,167,41,10,107
96,15,162,204,62,243,165,2,250,49
96,16,190,252,170,24,134,106,0,205
96,17,158,108,15,153,20,142,241,30
96,18,226,204,124,203,93,155,33,250
96,19,63,75,30,226,19,191,26,201
96,20,185,235,237,239,110,207,142,150
96,21,155,209,156,243,198,169,73,207
96,22,173,157,247,122,242,234,212,165
96,23,181,228,85,111,99,120,14,188
96,24,145,220,81,39,191,192,224,97
96,25,176,211,138,6,112,80,20,37
96,26,10,86,106,118,52,137,28,189
96,27,217,46,204,162,242,165,119,27
96,28,106,252,111,163,22,152,170,80
96,29,18,153,158,20,15,142,241,62
96,30,226,169,192,203,33,43,79,84
96,31,63,167,36,241,30,226,26,201
96,32,240,123,19,85,187,223,173,92
96,33,231,16,74,139,72,84,61,95
96,34,112,191,63,166,195,138,233,48
96,35,43,191,59,97,185,174,54,9
96,36,22,125,26,221,165,185,37,92
96,37,160,130,88,25,198,126,194,24
96,38,120,242,87,0,132,252,193,17
96,39,21,80,235,106,173,107,65,253
97,0,168,79,255,206,246,30,34,181
97,1,107,16,222,162,133,137,174,99
97,2,200,1,20,171,52,41,73,233
97,3,237,190,28,222,162,86,161,68
97,4,97,87,176,184,64,195,23,69
97,5,215,143,21,200,25,32,20,247
97,6,254,163,230,21,211,102,139,26
97,7,225,148,175,187,132,142,174,3
97,8,53,148,85,72,133,143,117,91
97,9,99,1,28,207,166,63,186,233
97,10,176,116,108,250,134,233,172,156
97,11,42,135,230,12,97,217,239,134
97,12,137,10,196,31,116,50,250,201
97,13,208,83,165,170,183,238,166,145
97,14,132,73,101,248,54,84,165,173
97,15,74,139,0,170,145,19,206,90
97,16,74,191,172,4,183,126,235,195
97,17,69,58,210,233,244,235,44,60
97,18,176,77,58,53,123,225,233,224
97,19,115,240,212,127,34,25,95,129
97,20,53,85,148,195,72,214,145,59
97,21,81,99,1,254,243,68,233,28
97,22,245,160,190,207,149,147,132,52
97,23,80,230,44,215,241,32,61,10
97,24,137,196,21,10,12,186,116,244
97,25,170,165,34,183,208,2,232,1
97,26,132,73,248,90,252,157,173,245
97,27,139,170,74,190,14,145,206,228
97,28,74,191,4,183,235,172,211,158
97,29,69,150,244,58,222,1,204,233
97,30,175,176,77,123,225,91,94,164
97,31,95,59,88,231,115,212,25,190
97,32,33,236,255,80,220,246,7,94
97,33,192,189,75,181,21,198,5,146
97,34,16,246,10,252,2,250,130,108
97,35,235,194,236,14,254,53,93,202
97,36,110,78,188,92,154,139,60,131
97,37,163,103,8,165,238,199,55,45
97,38,103,166,233,0,159,252,117,191
97,39,42,164,227,10,137,17,208,198
98,0,25,252,42,205,147,5,131,36
98,1,16,162,107,224,133,154,174,30
98,2,218,200,20,167,253,52,36,97
98,3,190,25,184,159,179,233,53,118
98,4,250,192,154,195,89,5,58,160
98,5,251,158,188,236,155,165,218,43
98,6,14,79,157,230,209,2,77,22
98,7,76,47,35,70,36,149,204,171
98,8,239,185,110,224,179,191,220,61
98,9,197,198,203,207,255,73,131,243
98,10,173,157,122,234,139,196,187,39
98,11,120,72,184,85,111,47,17,3
98,12,131,249,220,39,81,193,97,54
98,13,211,138,219,20,66,176,130,13
98,14,52,10,86,106,125,146,118,167
98,15,162,119,172,165,130,181,213,41
98,16,252,170,106,243,24,150,152,43
98,17,225,5,158,20,153,15,241,124
98,18,226,197,204,192,169,33,43,131
98,19,63,167,229,30,109,75,226,243
98,20,185,239,123,191,179,116,110,238
98,21,203,169,155,207,73,2,198,160
98,22,173,157,234,122,247,207,196,111
98,23,181,120,72,14,111,188,17,39
98,24,220,39,249,131,81,43,27,145
98,25,211,6,219,138,130,13,240,176
98,26,86,10,118,106,137,52,54,67
98,27,162,172,119,130,165,46,217,181
98,28,24,170,106,252,111,250,43,51
98,29,158,5,153,225,20,89,242,142
98,30,226,192,197,79,135,139,71,203
98,31,167,30,226,228,132,229,137,63
98,32,223,178,47,2,159,240,50,3
98,33,74,231,220,16,83,81,92,72
98,34,241,1,191,197,21,252,185,181
98,35,97,167,71,59,36,42,224,43
98,36,70,92,83,248,119,165,61,99
98,37,124,58,66,16,151,175,186,185
98,38,0,7,92,212,35,252,159,4
98,39,189,74,182,129,197,235,24,169
99,0,209,101,35,11,197,30,79,210
99,1,155,107,97,70,47,146,181,197
99,2,253,20,218,97,52,152,43,167
99,3,233,236,117,211,25,226,118,119
99,4,165,154,54,250,15,214,129,102
99,5,158,188,198,220,43,251,155,165
99,6,14,79,157,133,156,182,77,22
99,7,171,47,23,76,229,204,2,64
99,8,116,35,239,180,179,173,185,110
99,9,180,197,203,169,9,59,200,198
99,10,157,122,196,88,173,39,234,215
99,11,181,39,111,14,72,42,188,47
99,12,220,193,39,199,191,62,81,254
99,13,138,211,112,103,20,219,44,2
99,14,52,244,125,86,41,167,236,207
99,15,162,46,172,165,36,213,45,147
99,16,92,252,170,243,174,134,231,24
99,17,5,158,89,20,225,15,226,243
99,18,226,170,204,192,197,155,6,124
99,19,167,229,51,30,226,233,75,191
99,20,133,239,116,237,175,180,72,23
99,21,207,180,120,203,155,209,113,156
99,22,157,234,116,236,122,199,215,165
99,23,181,39,14,204,60,145,111,188
99,24,220,39,106,154,251,145,43,192
99,25,219,211,138,13,93,6,200,66
99,26,167,54,67,86,118,244,52,106
99,27,46,172,206,213,241,162,233,147
99,28,170,24,72,149,250,54,252,51
99,29,5,89,158,102,242,1,20,35
99,30,170,226,192,77,139,6,91,13
99,31,132,167,30,229,59,137,226,233
99,32,223,158,47,178,98,149,194,151
99,33,74,81,190,126,16,220,244,40
99,34,116,1,181,141,34,252,169,176
99,35,167,202,224,97,71,36,14,212
99,36,70,188,166,10,153,239,74,207
99,37,124,58,89,103,22,21,219,175
99,38,92,212,148,127,118,175,94,159
99,39,2,189,70,38,182,213,248,78
100,0,254,222,81,208,139,236,203,191
100,1,149,51,9,167,89,153,193,114
100,2,193,60,216,188,223,187,157,184
100,3,56,154,196,243,149,36,197,126
100,4,175,233,178,195,160,90,88,134
100,5,153,77,251,50,60,58,122,120
100,6,168,102,156,12,171,14,26,79
100,7,175,185,38,184,89,225,24,76
100,8,148,133,23,53,16,72,59,63
100,9,1,207,99,229,44,251,161,61
100,10,59,132,146,122,156,20,116,225
100,11,37,141,60,70,71,14,204,44
100,12,163,208,116,176,161,145,238,220
100,13,211,13,93,212,219,45,145,126
100,14,44,204,146,96,54,67,231,214
100,15,79,12,147,95,130,3,206,169
100,16,53,219,72,102,250,59,73,252
100,17,225,89,62,158,214,1,69,152
100,18,77,66,91,229,138,204,139,226
100,19,212,47,48,59,122,132,30,143
100,20,133,148,23,72,53,195,224,207
100,21,251,1,207,99,229,32,131,161
100,22,59,116,122,156,20,234,146,225
100,23,141,70,37,60,71,14,204,99
100,24,50,166,220,163,238,39,116,55
100,25,0,211,13,93,219,240,212,98
100,26,196,214,204,54,183,67,194,167
100,27,79,12,35,130,95,206,147,139
100,28,53,56,102,72,250,59,219,243
100,29,89,158,62,19,1,225,54,35
100,30,66,192,226,77,139,91,143,13
100,31,247,229,59,30,137,83,212,226
100,32,144,14,151,19,47,173,235,28
100,33,47,74,84,81,203,103,185,82
100,34,103,128,18,166,181,11,191,141
100,35,167,14,36,97,202,79,9,89
100,36,188,153,44,10,74,166,7,12
100,37,124,58,162,89,22,103,21,219
100,38,92,212,118,127,175,79,94,242
100,39,189,219,77,70,2,197,58,213
101,0,75,148,128,120,254,37,78,13
101,1,163,51,235,1,123,21,243,193
101,2,80,111,228,207,238,184,66,9
101,3,109,196,249,161,154,50,201,73
101,4,152,134,28,121,148,186,78,57
101,5,153,0,58,89,198,251,120,22
101,6,102,156,26,12,71,40,171,159
101,7,185,175,137,154,183,225,30,89
101,8,53,148,72,225,133,23,108,59
101,9,99,1,207,229,61,15,86,251
101,10,122,77,116,109,156,199,132,146
101,11,14,70,222,97,60,204,32,141
101,12,50,55,163,116,208,166,238,47
101,13,19,13,203,219,47,208,145,91
101,14,54,44,204,200,161,16,105,96
101,15,147,12,206,35,139,129,168,100
101,16,102,59,53,172,72,250,243,252
101,17,54,89,170,158,69,248,185,242
101,18,77,66,138,52,83,60,192,155
101,19,137,48,35,229,122,191,14,124
101,20,133,72,47,148,53,195,121,161
101,21,207,99,251,86,48,136,7,43
101,22,116,122,77,199,146,109,156,137
101,23,222,70,14,204,164,60,157,56
101,24,55,163,166,50,39,125,87,251
101,25,13,219,0,203,130,93,202,254
101,26,196,54,214,200,161,16,67,204
101,27,35,12,206,139,178,100,182,154
101,28,59,53,56,72,102,243,165,10
101,29,54,158,19,89,4,126,35,1
101,30,66,143,209,77,192,13,91,176
101,31,219,83,157,15,55,47,229,137
101,32,235,202,173,58,46,151,47,14
101,33,47,198,74,147,203,81,176,67
101,34,164,166,226,185,18,191,121,249
101,35,101,97,14,202,36,194,11,95
101,36,103,188,153,228,10,59,134,78
101,37,156,219,103,181,124,226,89,199
101,38,50,204,197,55,141,52,175,92
101,39,141,83,226,112,58,136,189,101
102,0,159,8,167,220,94,26,19,52
102,1,56,163,243,215,21,49,255,71
102,2,80,175,238,37,247,204,42,170
102,3,109,163,196,147,86,45,159,69
102,4,175,28,206,233,134,121,57,152
102,5,77,64,251,60,58,22,0,70
102,6,195,12,102,249,26,212,168,173
102,7,175,245,166,39,227,185,5,187
102,8,148,133,72,172,23,53,16,63
102,9,1,32,99,186,207,225,44,28
102,10,77,146,250,217,148,233,176,116
102,11,230,32,237,97,141,33,215,204
102,12,137,50,251,38,10,196,51,13
102,13,212,0,194,180,13,185,83,248
102,14,17,132,44,248,204,73,164,113
102,15,12,139,190,6,147,235,145,238
102,16,112,234,172,191,59,56,102,117
102,17,69,152,54,9,170,144,19,60
102,18,176,32,138,116,77,195,66,92
102,19,212,48,219,239,122,99,115,37
102,20,133,53,72,148,172,195,23,181
102,21,1,32,99,251,63,193,58,252
102,22,77,116,148,156,109,20,233,108
102,23,32,141,230,71,60,204,222,37
102,24,137,163,50,251,158,195,55,176
102,25,0,212,13,203,145,254,194,208
102,26,17,132,204,214,248,244,196,54
102,27,139,12,35,206,98,147,134,235
102,28,234,59,72,56,191,53,173,16
102,29,54,69,9,19,158,1,89,35
102,30,116,77,32,66,143,176,91,209
102,31,99,83,157,219,212,47,85,229
102,32,235,120,173,46,151,202,14,47
102,33,47,203,74,81,198,167,250,67
102,34,128,164,191,185,18,121,181,166
102,35,101,97,202,14,167,36,11,89
102,36,103,188,153,10,74,78,9,44
102,37,103,181,124,58,89,22,219,162
102,38,242,92,127,212,118,205,175,217
102,39,219,189,77,70,141,99,44,197
103,0,62,48,211,231,174,75,159,149
103,1,80,123,141,51,4,235,56,193
103,2,204,111,51,168,161,243,202,240
103,3,147,123,232,197,86,196,163,51
103,4,175,221,28,134,121,148,206,44
103,5,56,77,164,251,64,60,83,22
103,6,195,12,249,26,102,212,233,8
103,7,175,245,166,185,227,246,5,81
103,8,133,172,148,121,72,16,63,53
103,9,32,1,99,44,207,186,243,63
103,10,146,148,176,156,217,116,137,122
103,11,215,237,141,32,230,33,71,222
103,12,137,50,251,23,163,124,91,38
103,13,212,194,0,26,180,248,13,45
103,14,17,204,132,253,44,113,54,136
103,15,12,139,6,235,190,147,53,98
103,16,234,172,117,112,72,59,160,73
103,17,152,69,1,170,89,21,220,9
103,18,116,176,138,77,91,225,92,195
103,19,212,122,48,35,239,143,99,88
103,20,133,195,121,53,148,23,72,172
103,21,1,32,251,63,99,207,229,193
103,22,156,116,137,122,132,148,146,60
103,23,60,222,220,141,14,157,32,70
103,24,50,163,176,11,116,137,55,119
103,25,101,219,13,0,145,20,19,212
103,26,146,204,214,44,231,17,196,182
103,27,28,12,3,147,139,26,169,206
103,28,102,59,72,250,170,219,193,53
103,29,89,158,19,21,1,35,88,62
103,30,192,91,116,77,197,226,139,162
103,31,59,85,229,30,137,99,157,34
103,32,19,47,109,123,46,140,144,179
103,33,139,74,102,189,181,81,250,47
103,34,195,191,121,240,128,48,109,73
103,35,97,167,36,202,14,185,228,190
103,36,153,188,26,142,227,7,44,74
103,37,124,78,58,95,22,229,103,170
103,38,92,212,118,127,79,119,242,94
103,39,189,70,44,77,197,129,78,219
104,0,174,62,231,124,13,211,204,138
104,1,123,141,120,80,23,195,193,202
104,2,207,62,40,158,111,138,206,208
104,3,251,11,244,200,197,196,56,40
104,4,148,152,154,121,44,160,134,28
104,5,153,251,170,62,115,198,50,210
104,6,79,156,82,8,161,209,12,102
104,7,185,199,76,3,184,175,183,245
104,8,148,133,53,23,72,220,16,233
104,9,207,99,161,1,229,85,61,68
104,10,234,122,207,132,116,242,178,137
104,11,220,222,3,111,85,60,59,14
104,12,208,39,116,220,55,157,193,210
104,13,219,13,93,45,212,66,145,211
104,14,52,54,167,204,177,106,231,161
104,15,147,213,162,165,4,235,206,124
104,16,170,252,243,230,190,250,51,172
104,17,89,20,1,21,158,115,15,69
104,18,204,250,192,226,91,77,138,108
104,19,122,88,212,85,30,59,143,75
104,20,133,195,72,148,23,121,159,220
104,21,207,251,1,229,131,161,255,203
104,22,234,122,242,116,165,156,207,196
104,23,220,85,60,222,14,218,59,111
104,24,39,220,11,15,210,238,50,81
104,25,219,13,93,19,101,71,211,130
104,26,137,52,86,196,167,214,231,96
104,27,130,28,3,162,147,206,171,94
104,28,102,170,193,190,72,230,219,250
104,29,158,21,89,88,20,35,94,1
104,30,250,197,226,192,139,162,91,77
104,31,30,183,59,137,229,33,252,226
104,32,19,146,123,47,46,12,140,179
104,33,75,74,139,56,95,81,181,166
104,34,191,195,240,5,72,169,44,235
104,35,97,167,202,185,36,228,14,190
104,36,26,188,153,124,227,142,165,7
104,37,229,170,78,66,124,16,58,74
104,38,46,93,92,119,169,35,251,159
104,39,129,197,122,189,158,117,31,178
105,0,27,35,101,79,166,108,214,187
105,1,123,11,75,139,26,174,132,33
105,2,210,164,38,158,252,130,90,253
105,3,37,211,106,29,146,226,46,80
105,4,15,65,14,165,240,154,129,214
105,5,153,188,235,198,10,186,251,170
105,6,79,156,14,215,196,126,255,8
105,7,2,185,76,64,199,36,14,229
105,8,52,180,179,35,56,4,116,83
105,9,241,180,197,161,131,98,207,84
105,10,196,122,234,137,157,88,59,207
105,11,20,39,174,14,111,99,107,173
105,12,220,39,160,193,15,81,128,238
105,13,211,178,219,29,20,93,239,66
105,14,52,86,106,167,231,159,146,54
105,15,36,162,213,41,172,54,147,181
105,16,96,170,164,252,243,32,250,24
105,17,94,158,225,89,20,226,230,166
105,18,148,170,226,204,177,192,203,139
105,19,130,30,226,4,253,59,88,75
105,20,133,207,180,185,224,148,23,4
105,21,180,241,207,73,251,1,198,26
105,22,116,234,83,157,122,199,196,187
105,23,20,39,14,181,17,141,111,107
105,24,67,39,15,154,220,116,251,238
105,25,178,219,113,13,98,29,93,78
105,26,231,96,118,67,167,44,146,54
105,27,206,110,3,139,120,36,80,49
105,28,96,170,72,164,250,47,152,119
105,29,89,94,158,1,102,35,8,117
105,30,85,170,77,91,148,139,16,73
105,31,130,59,30,137,229,190,54,33
105,32,60,99,158,46,237,47,156,151
105,33,33,190,81,74,232,41,166,137
105,34,82,161,206,97,34,169,181,55
105,35,24,202,167,36,14,228,39,116
105,36,188,207,153,10,166,49,61,165
105,37,104,103,199,124,218,219,175,73
105,38,27,46,175,71,159,92,135,58
105,39,110,243,12,69,178,46,70,159
106,0,120,148,75,254,191,78,217,16
106,1,60,1,51,240,28,193,167,108
106,2,187,188,47,228,87,170,223,158
106,3,154,0,196,112,242,108,80,249
106,4,152,134,121,160,129,132,233,36
106,5,153,0,251,71,50,177,58,60
106,6,51,102,74,12,156,255,75,173
106,7,187,185,225,2,100,175,230,132
106,8,133,148,53,224,59,108,195,171
106,9,207,245,99,61,1,204,250,229
106,10,122,77,32,132,253,193,8,194
106,11,170,14,97,11,70,99,50,150
106,12,55,116,146,3,239,2,39,48
106,13,13,178,100,98,210,219,130,47
106,14,44,132,54,96,161,222,196,138
106,15,3,206,35,213,139,79,130,147
106,16,243,102,189,154,152,32,224,250
106,17,8,115,69,35,89,94,242,158
106,18,77,16,66,171,91,32,52,85
106,19,59,229,137,124,54,99,108,35
106,20,133,148,47,53,171,192,152,72
106,21,207,99,245,61,241,204,108,177
106,22,253,77,233,122,109,116,1,70
106,23,70,99,170,14,141,164,97,118
106,24,55,50,145,178,2,35,238,115
106,25,178,13,0,100,98,130,240,208
106,26,196,96,54,64,179,62,58,161
106,27,35,206,139,51,130,79,3,154
106,28,173,164,10,56,138,243,201,178
106,29,18,54,126,69,162,158,35,208
106,30,77,32,66,19,85,108,207,143
106,31,15,99,83,54,2,38,157,229
106,32,235,202,121,58,173,25,191,15
106,33,147,81,47,137,72,74,67,240
106,34,226,179,166,183,185,182,219,158
106,35,24,202,101,170,194,95,64,14
106,36,219,22,1,228,188,231,191,167
106,37,156,170,198,103,100,199,29,181
106,38,204,50,43,55,243,46,67,78
106,39,164,21,201,141,157,90,112,83
107,0,27,94,213,133,23,48,44,103
107,1,60,139,240,51,130,24,30,176
107,2,108,113,25,24,175,2,129,190
107,3,106,196,65,149,69,93,139,189
107,4,134,69,97,184,24,185,129,50
107,5,143,231,230,95,122,25,180,207
107,6,12,212,102,237,26,78,139,233
107,7,175,245,225,185,187,227,174,73
107,8,148,53,133,72,85,23,241,195
107,9,99,1,207,241,229,166,238,63
107,10,108,116,250,176,217,148,132,78
107,11,42,97,239,44,230,32,141,60
107,12,137,10,116,176,21,250,196,163
107,13,34,212,180,83,183,45,170,145
107,14,132,44,204,73,248,253,115,136
107,15,139,190,235,227,12,74,145,90
107,16,112,191,172,74,234,117,24,104
107,17,69,152,1,44,226,8,9,220
107,18,77,138,91,224,225,102,83,54
107,19,212,115,95,59,125,88,122,127
107,20,148,53,133,195,240,72,23,85
107,21,99,1,193,207,254,214,84,251
107,22,116,160,148,108,156,205,132,147
107,23,80,141,32,230,60,213,63,253
107,24,137,116,10,176,254,13,50,163
107,25,34,145,45,212,208,211,5,183
107,26,132,204,78,248,44,252,216,96
107,27,139,206,190,98,235,134,147,177
107,28,191,72,74,228,47,172,197,112
107,29,69,150,1,89,158,60,8,125
107,30,77,122,91,97,225,138,64,72
107,31,212,248,95,195,67,59,115,122
107,32,33,255,47,162,151,236,43,241
107,33,192,72,74,81,110,220,33,7
107,34,16,246,244,37,10,211,247,123
107,35,14,167,36,202,171,24,194,16
107,36,188,153,154,78,10,55,110,87
107,37,219,199,103,100,1,124,238,122
107,38,144,57,103,46,159,205,37,206
107,39,42,55,159,148,164,33,39,41
108,0,252,25,42,205,180,165,12,176
108,1,60,28,160,240,119,154,217,180
108,2,108,113,24,47,2,30,129,203
108,3,112,154,196,149,163,2,151,0
108,4,189,132,206,89,233,75,173,90
108,5,77,95,153,50,177,58,251,0
108,6,12,237,102,51,74,212,173,184
108,7,187,185,225,132,203,174,24,175
108,8,148,53,133,72,63,85,145,121
108,9,99,207,1,243,204,245,15,166
108,10,32,250,108,233,244,26,229,132
108,11,170,97,72,230,37,141,169,0
108,12,137,10,176,149,116,32,110,250
108,13,13,208,0,165,83,180,183,212
108,14,132,44,73,248,204,143,54,252
108,15,139,3,206,190,238,79,169,145
108,16,191,112,186,195,72,138,154,173
108,17,69,8,238,208,1,54,162,244
108,18,77,66,91,171,19,151,118,233
108,19,59,212,54,115,161,83,49,88
108,20,53,148,133,23,195,161,108,241
108,21,207,99,1,32,119,204,245,134
108,22,233,122,244,77,229,116,108,1
108,23,170,72,70,141,169,14,97,59
108,24,50,157,116,166,244,119,33,178
108,25,13,0,208,145,165,178,222,212
108,26,132,143,96,204,196,54,248,194
108,27,206,139,51,177,79,3,35,154
108,28,138,102,56,173,219,186,178,193
108,29,69,162,54,1,94,158,78,8
108,30,77,19,66,91,97,171,143,162
108,31,59,83,137,3,34,157,229,49
108,32,47,14,235,3,140,179,202,255
108,33,81,47,247,240,167,103,74,72
108,34,183,241,191,246,143,219,18,44
108,35,167,202,24,116,36,14,101,244
108,36,188,78,153,129,1,39,10,82
108,37,100,103,229,199,248,101,181,184
108,38,57,7,216,168,61,175,187,36
108,39,40,57,74,163,176,70,95,50
109,0,209,213,197,154,145,48,51,91
109,1,139,53,168,123,6,41,64,160
109,2,113,108,111,24,96,203,99,114
109,3,59,0,165,147,189,154,65,110
109,4,241,131,240,230,129,10,191,151
109,5,103,213,153,59,131,235,157,197
109,6,51,156,255,33,102,74,245,173
109,7,187,185,68,225,61,135,230,250
109,8,148,53,133,93,194,152,10,59
109,9,69,207,99,61,44,204,250,119
109,10,1,122,178,132,26,116,137,77
109,11,170,97,174,14,70,72,204,111
109,12,116,176,166,32,2,10,178,3
109,13,13,178,208,83,100,145,219,222
109,14,44,132,18,96,222,54,161,204
109,15,3,206,139,169,79,100,238,147
109,16,191,32,154,72,224,0,186,195
109,17,8,69,89,115,238,1,158,35
109,18,77,91,66,22,16,171,83,17
109,19,59,212,137,115,183,124,88,99
109,20,133,148,53,171,195,23,207,121
109,21,207,99,251,69,131,1,161,61
109,22,116,122,26,1,178,205,160,132
109,23,80,56,141,170,60,111,107,236
109,24,32,116,35,56,39,81,15,178
109,25,219,13,222,130,178,145,98,113
109,26,138,167,52,146,131,96,44,18
109,27,206,3,100,110,80,177,169,23
109,28,72,20,170,138,201,57,32,188
109,29,89,158,8,78,94,101,162,106
109,30,77,66,19,91,104,57,155,24
109,31,137,59,83,34,157,166,229,89
109,32,235,47,15,14,206,34,140,156
109,33,81,103,74,126,47,67,247,72
109,34,183,191,18,11,227,44,246,91
109,35,167,202,24,116,36,244,210,190
109,36,188,2,78,153,129,48,39,251
109,37,103,100,162,199,22,229,78,147
109,38,127,118,79,12,215,212,124,189
109,39,40,77,116,70,30,62,34,242
110,0,124,62,211,58,174,36,23,76
110,1,123,80,30,60,49,193,116,141
110,2,113,111,108,207,40,180,71,96
110,3,147,189,126,165,112,45,137,22
110,4,44,152,10,134,148,221,121,38
110,5,81,153,251,0,50,164,122,157
110,6,57,102,33,39,51,125,74,237
110,7,187,223,185,225,132,174,89,183
110,8,148,53,133,85,72,59,195,187
110,9,207,99,44,61,1,204,119,81
110,10,19,250,122,1,251,132,216,26
110,11,170,220,97,85,14,174,222,169
110,12,116,55,32,33,157,244,2,178
110,13,13,199,178,37,100,130,208,47
110,14,222,132,44,161,96,18,54,204
110,15,3,33,206,177,139,169,238,129
110,16,193,189,186,102,195,0,190,152
110,17,164,8,216,21,69,115,72,89
110,18,77,250,91,171,97,151,16,13
110,19,59,137,85,43,88,171,161,124
110,20,148,53,133,121,23,72,24,41
110,21,207,99,98,161,1,61,204,44
110,22,19,1,216,242,122,132,137,53
110,23,220,170,218,201,54,99,85,158
110,24,11,32,116,178,15,153,157,3
110,25,37,13,178,101,19,222,130,98
110,26,204,96,132,6,196,54,203,52
110,27,3,177,206,28,171,139,33,39
110,28,193,102,219,57,213,32,72,190
110,29,164,94,88,21,161,158,106,1
110,30,162,197,250,77,19,104,91,99
110,31,34,4,59,183,137,236,43,214
110,32,123,15,140,170,161,76,85,3
110,33,234,95,56,132,90,166,227,67
110,34,191,183,20,44,240,195,5,238
110,35,24,210,97,190,148,64,33,21
110,36,93,165,75,19,39,225,124,219
110,37,100,229,127,169,24,16,101,86
110,38,88,169,61,158,159,96,18,35
110,39,40,129,163,117,18,122,139,22
111,0,91,179,145,79,197,118,182,9
111,1,155,62,75,70,151,123,197,39
111,2,34,88,164,210,40,38,158,59
111,3,37,235,77,230,129,183,59,199
111,4,15,241,102,214,154,131,142,108
111,5,186,188,153,90,251,158,205,235
111,6,79,51,156,14,196,167,245,61
111,7,185,23,64,199,36,40,147,76
111,8,89,52,239,180,164,56,35,83
111,9,203,29,207,197,161,94,85,131
111,10,122,196,198,130,234,216,169,132
111,11,174,42,99,111,14,128,107,170
111,12,39,220,26,63,160,15,116,128
111,13,219,211,43,29,13,66,130,134
111,14,124,64,52,137,51,146,224,18
111,15,162,3,165,147,87,213,148,206
111,16,170,5,252,250,32,51,73,196
111,17,89,250,20,115,8,87,64,16
111,18,197,57,16,43,204,192,13,105
111,19,20,109,183,4,30,191,130,59
111,20,239,207,133,180,179,83,72,191
111,21,203,207,29,131,35,2,230,85
111,22,198,234,196,116,169,157,43,199
111,23,107,128,189,42,62,111,56,193
111,24,220,74,15,26,39,63,160,81
111,25,147,134,219,43,93,253,130,182
111,26,137,51,86,124,167,52,32,214
111,27,162,165,172,181,147,3,58,23
111,28,5,43,170,32,72,167,136,150
111,29,250,87,89,211,20,0,172,76
111,30,197,205,155,16,179,43,226,77
111,31,109,4,205,30,39,20,191,252
111,32,90,77,134,98,47,186,192,178
111,33,126,86,238,183,83,129,215,49
111,34,1,91,96,207,180,86,101,26
111,35,160,57,167,198,84,145,33,235
111,36,2,70,165,103,148,120,233,98
111,37,65,72,61,86,58,232,19,123
111,38,140,176,5,18,117,159,21,145
111,39,235,10,190,228,162,45,174,166
112,0,141,235,208,115,81,221,253,125
112,1,62,155,182,152,70,75,197,137
112,2,95,109,59,217,210,34,158,106
112,3,230,37,235,26,118,130,117,233
112,4,165,102,15,142,54,214,222,154
112,5,43,90,188,135,65,158,218,205
112,6,79,14,138,157,156,196,173,182
112,7,117,23,64,229,185,76,36,147
112,8,116,239,180,4,35,99,52,57
112,9,203,116,191,197,59,2,161,239
112,10,196,157,198,125,65,122,185,234
112,11,128,206,111,42,108,62,160,233
112,12,93,220,193,74,39,160,134,128
112,13,134,211,29,74,32,154,182,66
112,14,86,125,51,52,47,137,189,32
112,15,162,172,148,165,147,181,58,204
112,16,134,5,252,43,170,51,174,231
112,17,250,198,20,87,0,225,89,241
112,18,197,204,43,226,170,124,134,163
112,19,116,109,205,20,195,191,30,183
112,20,239,207,99,237,180,116,164,20
112,21,203,191,116,239,207,2,127,73
112,22,198,247,157,125,169,234,196,199
112,23,128,189,206,111,42,62,107,86
112,24,220,93,74,15,39,54,26,235
112,25,134,147,93,253,182,154,6,32
112,26,86,137,51,88,52,32,124,167
112,27,162,165,181,172,58,147,87,31
112,28,43,5,170,150,252,9,51,24
112,29,87,250,0,5,89,20,16,211
112,30,163,197,43,179,170,226,205,16
112,31,116,109,4,205,20,30,167,39
112,32,119,90,178,223,134,77,192,186
112,33,93,83,86,129,238,183,92,9
112,34,82,1,96,132,207,85,26,74
112,35,160,57,27,84,72,167,42,145
112,36,222,192,70,20,120,83,98,74
112,37,39,229,24,58,145,234,88,66
112,38,64,151,249,180,18,5,202,254
112,39,186,190,11,162,91,22,237,234
113,0,38,54,167,193,112,238,44,244
113,1,62,140,122,117,103,105,182,201
113,2,217,154,209,127,153,167,106,158
113,3,26,230,12,183,130,233,91,73
113,4,120,20,174,187,144,58,205,184
113,5,239,188,145,160,153,198,135,50
113,6,14,237,26,102,65,12,254,157
113,7,185,225,199,175,187,204,92,214
113,8,148,53,239,35,133,23,195,72
113,9,203,1,99,207,116,229,239,115
113,10,116,132,108,240,29,156,26,61
113,11,239,42,98,111,107,32,204,60
113,12,137,220,10,176,116,161,163,250
113,13,212,58,112,45,83,208,145,34
113,14,204,132,44,248,54,52,73,253
113,15,147,139,235,12,98,190,227,165
113,16,172,191,112,228,234,117,72,104
113,17,69,1,152,44,109,89,220,170
113,18,77,138,91,204,224,176,102,175
113,19,212,115,122,95,59,125,88,143
113,20,148,195,133,53,72,23,240,85
113,21,1,99,207,251,193,43,53,7
113,22,116,148,156,160,236,132,108,157
113,23,80,107,141,60,32,239,78,230
113,24,116,176,220,137,10,87,250,143
113,25,145,45,208,219,83,212,93,130
113,26,204,44,132,248,52,214,146,96
113,27,139,162,206,147,110,177,169,3
113,28,72,170,47,73,45,32,195,228
113,29,5,89,1,8,69,229,250,60
113,30,197,77,91,205,16,226,192,139
113,31,109,59,137,30,166,4,124,116
113,32,223,119,47,178,96,90,186,134
113,33,93,81,238,83,86,183,49,129
113,34,186,1,207,116,21,180,101,96
113,35,167,202,57,160,36,153,145,212
113,36,70,188,181,74,129,120,153,10
113,37,58,124,145,190,31,103,229,113
113,38,92,148,212,252,159,118,127,151
113,39,189,38,2,217,154,78,95,58
114,0,43,238,112,140,173,200,58,95
114,1,62,140,70,155,146,39,249,137
114,2,217,154,167,121,72,11,127,106
114,3,117,26,233,230,118,130,48,236
114,4,54,45,193,205,245,165,58,120
114,5,188,43,90,135,65,158,239,182
114,6,14,65,143,138,157,79,22,182
114,7,70,117,229,23,184,185,78,142
114,8,116,239,173,104,35,179,52,23
114,9,203,191,197,171,255,116,224,2
114,10,157,196,125,88,65,27,183,39
114,11,181,39,239,111,42,47,155,150
114,12,220,193,62,93,151,134,0,54
114,13,44,103,138,134,29,112,176,154
114,14,86,52,167,125,88,47,189,51
114,15,162,165,172,46,147,148,181,243
114,16,170,174,231,181,88,252,0,134
114,17,5,89,20,198,166,87,16,241
114,18,197,204,170,226,77,203,159,192
114,19,109,205,191,4,30,226,183,167
114,20,239,133,207,148,180,35,23,164
114,21,116,207,191,203,127,251,2,1
114,22,236,157,116,247,234,78,196,63
114,23,39,42,107,111,239,181,34,189
114,24,220,93,39,254,15,193,54,52
114,25,6,93,219,134,29,138,253,78
114,26,52,86,51,167,137,54,214,131
114,27,162,172,165,110,206,181,120,58
114,28,43,170,72,5,136,150,167,51
114,29,5,89,250,87,1,229,211,20
114,30,170,197,16,226,77,179,205,91
114,31,109,30,137,167,59,205,4,226
114,32,223,178,119,90,47,134,186,96
114,33,83,183,81,238,86,93,190,129
114,34,116,1,186,207,96,180,21,101
114,35,167,160,57,202,153,36,244,214
114,36,70,181,129,120,188,74,153,10
114,37,58,31,190,124,145,229,103,182
114,38,92,148,71,212,127,118,79,12
114,39,2,69,189,38,78,70,242,213
115,0,238,88,189,173,108,114,6,58
115,1,140,70,192,152,146,33,181,118
115,2,49,11,8,188,60,177,153,72
115,3,106,199,117,233,226,110,236,118
115,4,165,54,58,45,129,171,88,205
115,5,188,147,90,65,69,44,230,135
115,6,65,122,14,143,22,138,79,75
115,7,32,123,117,76,229,190,191,185
115,8,116,239,173,179,180,52,57,23
115,9,180,69,197,255,41,84,169,9
115,10,157,125,196,88,247,65,193,39
115,11,181,39,111,99,239,19,106,47
115,12,151,193,220,62,254,191,104,134
115,13,103,44,5,176,112,212,149,3
115,14,86,52,125,88,53,149,167,226
115,15,46,162,165,243,217,110,148,62
115,16,61,170,174,248,252,144,134,141
115,17,5,20,158,89,226,198,108,30
115,18,170,226,204,77,192,159,197,193
115,19,191,109,30,212,19,4,166,167
115,20,133,239,148,237,207,23,72,171
115,21,69,207,180,1,155,251,191,229
115,22,157,247,116,234,236,44,125,63
115,23,39,111,239,181,195,107,99,162
115,24,220,39,151,15,54,155,93,113
115,25,138,103,219,35,6,93,145,253
115,26,52,167,86,54,106,67,137,88
115,27,46,162,233,110,206,165,172,181
115,28,170,43,61,20,51,152,72,150
115,29,5,158,89,20,142,1,200,166
115,30,170,226,192,77,91,139,16,163
115,31,167,166,30,137,226,14,59,124
115,32,223,60,206,178,47,90,119,158
115,33,74,83,81,40,129,229,33,49
115,34,82,116,1,21,141,34,213,186
115,35,167,244,214,202,224,36,212,183
115,36,129,70,188,239,153,74,10,68
115,37,104,58,147,145,57,124,103,105
115,38,92,148,27,79,127,212,118,71
115,39,110,243,38,78,242,12,69,70
116,0,124,62,155,199,231,236,76,211
116,1,3,124,193,49,251,191,33,245
116,2,71,60,3,188,49,248,11,153
116,3,30,25,199,159,11,167,251,56
116,4,154,192,200,152,88,160,121,54
116,5,27,2,153,115,251,236,155,218
116,6,157,14,57,52,79,161,209,49
116,7,185,223,76,32,171,35,187,199
116,8,220,133,224,23,61,72,148,53
116,9,207,198,227,197,99,98,61,161
116,10,157,9,165,19,234,122,196,132
116,11,85,111,59,247,47,3,209,106
116,12,39,193,191,210,220,116,59,43
116,13,219,113,154,93,212,99,168,199
116,14,179,52,54,167,53,93,231,106
116,15,33,162,171,3,110,204,233,71
116,16,170,181,252,32,185,190,231,0
116,17,164,20,158,89,142,8,78,16
116,18,250,16,203,197,226,204,192,119
116,19,226,75,30,59,122,137,84,4
116,20,35,133,180,239,171,220,72,4
116,21,207,151,215,156,227,198,96,161
116,22,157,19,9,91,63,247,242,165
116,23,85,111,195,247,106,107,99,181
116,24,220,191,39,15,155,138,116,3
116,25,113,155,29,32,6,154,219,206
116,26,52,86,179,54,131,96,167,51
116,27,162,33,172,206,3,139,181,177
116,28,190,47,170,111,150,152,72,51
116,29,164,20,89,158,21,1,69,8
116,30,197,250,91,77,226,16,139,204
116,31,167,30,59,137,228,252,124,151
116,32,76,19,123,156,47,247,162,254
116,33,234,75,56,95,74,86,81,238
116,34,1,191,72,240,195,101,10,230
116,35,167,202,212,14,43,235,36,191
116,36,188,153,248,98,78,142,82,119
116,37,58,103,229,126,22,175,199,209
116,38,92,0,127,118,212,148,175,35
116,39,189,197,129,70,58,248,178,159
117,0,35,101,197,79,179,108,34,48
117,1,62,97,16,47,70,155,146,20
117,2,84,249,43,109,149,38,210,75
117,3,236,211,226,26,230,37,129,148
117,4,200,241,15,102,142,105,222,129
117,5,220,236,188,43,90,69,218,251
117,6,157,14,182,79,52,133,57,196
117,7,23,76,199,185,14,64,171,47
117,8,35,239,180,57,179,52,164,116
117,9,203,197,180,207,85,98,29,198
117,10,157,88,196,234,39,63,247,132
117,11,42,111,255,107,106,170,98,85
117,12,193,220,39,154,3,116,15,191
117,13,112,29,219,113,154,138,160,44
117,14,52,54,86,47,64,229,161,96
117,15,162,36,172,147,120,3,206,139
117,16,181,170,32,231,96,252,174,152
117,17,89,5,8,69,198,20,166,243
117,18,197,170,77,91,171,176,204,155
117,19,59,122,51,167,137,108,30,191
117,20,133,35,148,239,195,53,72,23
117,21,207,203,99,180,1,215,120,229
117,22,236,88,157,116,132,247,78,62
117,23,39,107,42,111,106,170,249,181
117,24,154,116,220,43,70,137,39,3
117,25,145,112,29,208,219,78,28,206
117,26,204,96,54,132,86,118,248,194
117,27,139,172,206,120,177,3,147,213
117,28,96,72,152,173,47,195,178,160
117,29,69,1,5,89,8,102,250,222
117,30,170,77,91,197,175,225,176,64
117,31,59,122,130,88,95,137,212,167
117,32,98,47,255,158,247,156,99,96
117,33,126,190,232,81,86,183,238,220
117,34,116,10,246,1,207,180,252,161
117,35,14,167,202,36,235,212,93,11
117,36,188,153,78,70,181,166,10,154
117,37,103,22,58,163,199,219,124,115
117,38,92,118,127,148,71,212,175,12
117,39,2,189,70,69,38,248,58,213
118,0,78,75,254,148,120,153,207,238
118,1,60,193,240,51,1,167,108,124
118,2,188,228,187,170,223,175,8,84
118,3,154,0,112,242,196,33,149,22
118,4,134,88,121,233,152,160,132,129
118,5,153,71,60,251,0,58,177,95
118,6,102,74,12,255,14,70,33,204
118,7,187,185,225,61,120,75,132,174
118,8,133,53,148,16,224,72,59,171
118,9,207,245,99,229,61,1,186,204
118,10,32,108,77,70,132,53,250,180
118,11,170,11,164,97,50,150,14,7
118,12,137,116,176,3,55,16,166,50
118,13,13,112,145,208,212,180,238,98
118,14,132,54,204,44,248,96,252,238
118,15,206,3,139,190,35,213,2,238
118,16,154,186,173,243,158,178,37,160
118,17,69,8,54,208,1,238,226,89
118,18,77,32,91,171,108,232,237,67
118,19,15,54,59,83,3,99,108,161
118,20,53,133,148,171,23,161,47,39
118,21,207,245,99,204,134,214,61,154
118,22,77,229,108,53,109,233,70,157
118,23,99,170,164,70,11,97,50,118
118,24,157,137,155,50,244,2,176,178
118,25,13,0,208,165,222,112,174,98
118,26,132,248,196,194,143,204,63,96
118,27,139,206,35,177,51,190,3,154
118,28,173,10,15,178,138,191,65,56
118,29,69,18,54,126,120,1,162,177
118,30,77,66,32,171,108,97,123,19
118,31,15,83,99,54,95,212,157,49
118,32,235,202,121,25,173,54,58,138
118,33,147,72,30,47,81,137,135,64
118,34,226,179,166,182,185,183,138,235
118,35,202,14,101,116,194,93,170,64
118,36,78,188,228,165,1,154,80,153
118,37,156,170,198,103,199,219,29,34
118,38,204,50,43,55,46,243,159,67
118,39,164,21,201,141,83,101,148,159
119,0,27,94,213,44,23,48,35,170
119,1,60,139,176,148,240,24,137,130
119,2,108,113,25,24,129,2,243,190
119,3,106,65,124,110,139,189,149,196
119,4,184,24,185,97,87,150,20,134
119,5,143,215,162,145,95,21,122,25
119,6,12,212,211,102,237,233,127,139
119,7,187,225,185,175,174,245,132,73
119,8,148,53,133,72,23,85,91,195
119,9,99,1,207,241,186,63,229,166
119,10,108,176,250,217,116,78,251,132
119,11,42,97,230,44,170,61,239,32
119,12,137,10,116,176,21,31,196,250
119,13,145,183,170,34,212,208,83,165
119,14,132,73,44,248,204,54,101,165
119,15,139,3,74,206,145,190,170,90
119,16,74,191,195,172,112,183,126,235
119,17,69,8,238,233,1,44,58,79
119,18,77,123,91,176,171,225,32,30
119,19,212,59,122,115,88,125,95,99
119,20,148,53,133,195,72,85,240,23
119,21,99,207,1,254,243,214,81,204
119,22,160,126,217,147,149,49,176,132
119,23,80,230,61,63,215,32,188,92
119,24,137,13,70,201,62,196,3,51
119,25,112,211,180,34,145,84,212,26
119,26,132,204,73,248,54,31,63,154
119,27,139,206,166,170,74,147,177,92
119,28,74,160,191,172,112,117,183,158
119,29,69,44,233,1,150,144,152,227
119,30,176,123,77,175,92,44,47,199
119,31,212,122,180,115,95,238,166,231
119,32,255,33,60,236,241,251,204,219
119,33,192,33,110,50,220,229,67,63
119,34,16,218,254,150,123,108,120,223
119,35,194,14,53,93,180,24,64,116
119,36,110,78,188,154,4,245,80,139
119,37,163,103,100,219,199,1,8,122
119,38,144,103,159,239,117,204,176,175
119,39,42,137,227,216,208,41,76,95
120,0,252,25,42,205,100,39,165,12
120,1,60,28,160,240,154,217,190,208
120,2,108,113,24,2,30,47,129,182
120,3,112,154,163,2,196,149,0,151
120,4,132,189,233,206,89,75,90,36
120,5,77,95,153,136,91,50,177,58
120,6,12,237,102,74,233,212,33,173
120,7,187,185,203,225,75,132,120,174
120,8,148,133,53,63,72,85,145,166
120,9,99,207,243,245,1,204,15,166
120,10,32,250,108,233,244,217,98,229
120,11,170,72,97,230,164,50,141,169
120,12,137,176,10,149,32,116,110,50
120,13,13,180,208,0,165,83,212,145
120,14,132,44,73,143,248,204,54,252
120,15,139,3,190,206,238,74,169,221
120,16,191,112,186,169,138,37,183,195
120,17,69,8,208,238,1,54,46,162
120,18,77,91,66,171,176,19,151,32
120,19,59,212,54,115,49,83,161,88
120,20,53,148,133,23,195,38,241,172
120,21,99,207,32,1,245,204,214,58
120,22,229,108,233,244,77,110,98,53
120,23,72,170,169,141,164,70,10,230
120,24,157,137,244,166,50,176,33,116
120,25,0,212,208,13,145,165,222,174
120,26,132,143,204,248,194,96,232,196
120,27,139,206,79,51,177,3,14,116
120,28,138,191,173,37,102,169,178,112
120,29,69,162,1,54,78,213,14,239
120,30,77,19,66,91,97,175,151,171
120,31,59,83,212,88,3,95,49,157
120,32,255,235,14,47,31,236,197,202
120,33,247,72,103,47,167,81,240,90
120,34,183,241,246,10,11,143,185,227
120,35,167,202,116,14,129,36,58,101
120,36,78,188,251,153,1,154,10,48
120,37,163,100,103,22,219,199,229,34
120,38,7,127,175,118,159,46,117,189
120,39,40,74,70,163,254,95,141,165
121,0,209,154,213,145,197,91,23,219
121,1,139,216,106,41,239,6,160,60
121,2,113,108,24,111,99,203,96,30
121,3,59,65,189,0,142,147,165,211
121,4,241,131,240,230,4,10,191,151
121,5,213,230,153,103,170,59,197,157
121,6,33,102,74,255,245,106,70,36
121,7,187,61,185,225,135,75,174,132
121,8,148,53,133,157,168,59,152,93
121,9,207,69,99,61,245,250,44,204
121,10,1,132,77,32,250,251,108,5
121,11,170,164,97,174,72,70,241,50
121,12,116,166,32,3,176,110,59,157
121,13,13,222,208,130,145,98,238,165
121,14,132,44,18,222,96,54,72,161
121,15,206,3,139,169,79,213,238,129
121,16,186,195,189,72,32,102,138,154
121,17,8,69,89,238,115,216,208,1
121,18,77,91,171,66,16,232,151,73
121,19,59,137,108,212,161,171,54,28
121,20,133,148,53,23,157,107,171,74
121,21,69,207,99,215,161,98,204,67
121,22,1,233,53,178,216,116,5,70
121,23,170,70,164,107,99,72,97,174
121,24,157,178,15,155,32,3,50,166
121,25,13,222,37,19,28,208,0,130
121,26,96,132,54,194,86,146,196,63
121,27,206,177,139,3,23,116,249,39
121,28,138,102,178,4,195,201,173,72
121,29,69,1,8,78,162,204,177,102
121,30,77,91,97,19,66,171,175,73
121,31,59,88,122,95,212,240,34,3
121,32,255,235,236,47,197,14,75,7
121,33,103,126,81,47,72,5,247,59
121,34,183,10,246,227,11,143,18,185
121,35,167,14,202,116,129,36,93,244
121,36,78,188,2,48,153,154,251,10
121,37,163,103,22,219,199,162,124,229
121,38,127,118,175,12,124,46,212,189
121,39,70,77,116,30,34,25,62,219
122,0,171,117,226,185,11,58,96,187
122,1,81,123,66,169,43,13,30,107
122,2,113,111,40,180,107,22,24,18
122,3,221,189,228,137,76,170,2,53
122,4,8,228,139,55,152,105,119,60
122,5,27,61,114,153,197,123,170,95
122,6,90,114,3,33,52,204,102,125
122,7,187,185,181,19,108,174,132,11
122,8,112,148,133,53,85,122,198,125
122,9,206,207,178,120,99,61,229,19
122,10,163,132,108,229,178,53,253,250
122,11,170,18,142,116,97,174,72,241
122,12,67,116,106,176,178,33,43,134
122,13,200,211,208,145,254,165,50,183
122,14,132,38,73,204,248,54,6,46
122,15,99,139,241,206,3,74,190,170
122,16,149,100,191,183,54,195,169,235
122,17,69,8,102,155,238,1,44,233
122,18,77,6,176,91,171,75,162,225
122,19,233,59,122,115,212,70,88,34
122,20,53,112,148,133,195,85,72,35
122,21,99,206,207,178,81,214,120,1
122,22,163,229,132,245,126,26,88,108
122,23,18,142,230,61,130,207,75,223
122,24,137,106,67,176,178,244,116,70
122,25,200,211,112,84,145,165,37,183
122,26,132,38,73,204,248,165,84,96
122,27,139,170,99,241,74,166,177,206
122,28,149,185,183,54,191,117,169,100
122,29,69,1,155,102,44,236,222,65
122,30,175,77,6,176,97,91,75,225
122,31,122,59,233,88,212,115,95,240
122,32,255,210,17,194,236,199,89,247
122,33,23,214,105,94,81,220,72,67
122,34,12,58,187,10,246,54,19,182
122,35,14,93,194,202,167,36,129,7
122,36,78,253,188,153,154,8,10,0
122,37,163,103,164,22,199,219,229,52
122,38,127,136,22,118,175,239,93,46
122,39,16,25,70,145,23,140,34,30
123,0,241,135,108,57,88,61,83,182
123,1,192,217,140,182,11,48,146,78
123,2,8,36,251,84,113,13,174,5
123,3,106,226,151,29,69,110,196,80
123,4,129,133,240,171,45,165,90,28
123,5,58,50,153,172,95,251,146,122
123,6,255,74,129,237,182,210,154,125
123,7,185,187,225,175,11,5,16,104
123,8,148,133,53,195,85,23,72,179
123,9,99,69,180,1,207,229,152,254
123,10,88,126,132,86,217,250,133,147
123,11,39,63,201,188,19,44,223,171
123,12,116,137,21,176,12,106,10,250
123,13,112,145,212,45,183,211,1,170
123,14,204,132,73,54,253,248,21,35
123,15,139,235,147,98,36,74,46,170
123,16,172,183,149,117,144,126,61,88
123,17,69,233,44,1,225,227,79,152
123,18,176,170,122,77,123,92,182,175
123,19,122,212,180,115,219,95,166,88
123,20,195,72,148,133,53,23,85,181
123,21,69,99,1,243,180,214,254,207
123,22,126,88,217,147,149,78,194,190
123,23,63,39,230,61,32,99,19,223
123,24,137,169,13,21,88,151,70,176
123,25,112,211,212,45,180,145,34,248
123,26,204,132,200,248,253,90,149,73
123,27,139,235,170,74,147,98,166,190
123,28,124,112,160,172,117,191,61,104
123,29,69,233,44,152,1,58,192,219
123,30,176,77,175,92,170,44,123,182
123,31,212,122,180,166,115,95,50,215
123,32,60,255,241,204,73,2,132,57
123,33,33,229,110,50,108,106,220,67
123,34,218,93,123,254,244,150,37,138
123,35,194,14,93,53,103,11,202,58
123,36,78,154,135,188,2,4,10,50
123,37,163,219,199,103,1,52,104,129
123,38,239,175,122,60,135,144,68,117
123,39,140,96,110,195,184,187,150,243
124,0,60,236,188,75,77,12,195,232
124,1,167,7,118,113,124,176,191,25
124,2,187,188,32,91,221,79,216,251
124,3,56,149,93,69,126,22,109,201
124,4,28,134,46,121,233,147,175,189
124,5,154,58,60,111,70,0,122,22
124,6,30,7,204,113,12,210,74,237
124,7,175,225,245,5,3,227,183,228
124,8,148,53,85,72,145,195,133,240
124,9,99,1,254,28,186,243,101,68
124,10,217,149,147,250,135,245,37,86
124,11,230,63,171,61,44,32,237,215
124,12,137,21,13,50,10,38,23,201
124,13,180,194,34,170,248,0,212,24
124,14,73,132,17,248,54,113,204,21
124,15,139,141,190,235,6,170,208,0
124,16,126,60,234,172,230,112,107,191
124,17,69,225,233,86,44,22,79,1
124,18,123,176,129,77,58,32,241,54
124,19,122,115,212,239,248,219,125,1
124,20,195,172,72,148,50,145,53,133
124,21,32,99,1,243,58,214,204,254
124,22,217,126,149,245,135,147,233,207
124,23,230,61,63,37,32,237,226,15
124,24,137,50,158,4,21,88,131,229
124,25,211,0,194,180,34,212,174,45
124,26,132,17,204,73,21,248,189,62
124,27,139,55,170,14,235,12,141,6
124,28,126,234,254,117,191,112,183,160
124,29,69,225,233,44,1,54,184,94
124,30,176,77,123,129,241,225,92,44
124,31,49,212,95,122,149,115,114,157
124,32,255,57,12,146,73,92,236,210
124,33,61,162,229,110,47,189,70,137
124,34,13,121,254,166,143,108,218,246
124,35,14,53,194,129,64,202,13,196
124,36,92,154,78,188,153,25,228,149
124,37,170,100,132,122,199,101,127,103
124,38,239,243,122,143,175,61,46,67
124,39,57,32,176,8,163,140,224,235
125,0,130,179,145,213,91,119,79,197
125,1,64,139,87,106,59,0,216,5
125,2,25,37,129,40,175,88,252,18
125,3,109,59,142,69,205,255,149,192
125,4,131,241,129,240,230,181,151,170
125,5,58,50,111,172,76,154,70,0
125,6,30,255,113,210,237,204,212,129
125,7,175,185,225,227,5,187,3,132
125,8,195,148,53,133,85,72,145,121
125,9,99,69,1,254,207,229,68,28
125,10,217,250,86,149,132,137,207,147
125,11,174,63,44,201,230,10,97,32
125,12,21,116,160,137,10,12,201,186
125,13,211,183,170,208,238,201,45,83
125,14,132,73,248,204,101,22,54,44
125,15,139,170,206,74,145,190,3,90
125,16,191,195,219,183,172,112,235,202
125,17,69,225,8,58,233,1,244,210
125,18,77,58,75,91,176,123,225,32
125,19,115,59,95,212,125,99,88,219
125,20,53,148,85,195,133,171,24,251
125,21,69,99,207,81,254,204,214,236
125,22,77,26,207,245,233,168,132,137
125,23,201,174,170,10,44,230,37,70
125,24,116,178,11,131,50,4,244,87
125,25,211,208,0,183,165,174,221,166
125,26,132,96,73,35,204,215,228,232
125,27,23,206,139,3,130,154,254,99
125,28,219,102,151,212,193,183,92,235
125,29,225,54,1,69,243,94,91,36
125,30,75,77,151,66,91,60,143,176
125,31,49,59,157,85,88,43,166,34
125,32,57,255,12,210,236,140,63,3
125,33,162,126,47,90,56,137,81,35
125,34,121,143,91,246,10,223,177,8
125,35,129,194,44,130,231,77,38,64
125,36,2,92,32,165,171,16,167,191
125,37,127,160,61,59,101,169,86,163
125,38,93,159,239,241,117,46,61,17
125,39,129,139,235,117,100,10,137,122
126,0,51,49,153,22,85,247,58,11
126,1,169,87,223,5,30,177,123,13
126,2,16,40,129,164,18,59,245,252
126,3,98,97,27,160,238,146,109,135
126,4,14,67,167,240,65,201,181,170
126,5,172,67,235,58,111,191,50,146
126,6,215,129,125,237,154,167,212,33
126,7,44,176,187,185,66,104,225,108
126,8,33,148,53,85,195,213,233,133
126,9,132,207,99,240,229,143,15,199
126,10,248,26,132,10,126,137,250,86
126,11,36,201,174,20,215,34,170,44
126,12,242,160,116,21,178,10,176,148
126,13,33,37,208,183,211,104,145,254
126,14,147,132,73,204,248,54,95,84
126,15,177,166,139,206,3,170,74,237
126,16,156,151,191,26,100,183,12,49
126,17,69,110,216,44,8,1,233,253
126,18,128,77,97,112,176,171,91,123
126,19,12,122,115,120,10,59,161,212
126,20,33,195,53,148,133,72,174,161
126,21,132,99,207,214,204,243,67,7
126,22,248,166,126,28,43,245,26,210
126,23,36,136,230,61,63,82,148,223
126,24,242,4,137,102,201,51,148,66
126,25,104,33,37,254,222,201,165,174
126,26,132,147,204,248,209,197,232,63
126,27,139,97,170,74,190,55,19,14
126,28,156,191,151,158,120,117,63,235
126,29,69,110,44,233,227,1,239,244
126,30,176,128,77,112,175,123,47,171
126,31,12,212,122,95,115,79,50,25
126,32,255,238,158,113,10,210,231,54
126,33,73,41,67,137,64,35,50,197
126,34,97,161,34,108,40,168,223,172
126,35,14,194,93,53,64,130,173,68
126,36,78,188,165,154,29,50,15,220
126,37,163,219,199,103,80,96,191,165
126,38,239,175,159,117,46,140,180,191
126,39,140,113,115,103,235,80,41,73
127,0,241,135,57,61,108,88,59,83
127,1,192,173,11,182,121,140,138,146
127,2,16,76,8,108,61,36,129,222
127,3,106,226,109,12,110,250,151,27
127,4,244,240,171,184,23,224,165,45
127,5,58,111,220,145,80,134,50,231
127,6,255,19,237,7,30,207,212,124
127,7,175,225,176,227,5,230,3,73
127,8,148,53,85,195,72,133,214,144
127,9,99,1,63,69,127,254,207,210
127,10,78,250,176,217,23,43,108,144
127,11,42,44,230,32,58,239,135,61
127,12,137,10,21,116,201,196,176,31
127,13,34,170,183,208,201,83,145,248
127,14,132,73,248,173,44,101,204,84
127,15,139,74,90,145,170,0,190,235
127,16,191,74,112,172,234,183,195,25
127,17,69,210,233,58,235,44,244,196
127,18,77,224,176,225,58,102,94,32
127,19,212,115,129,127,219,95,240,190
127,20,53,148,85,240,195,72,133,145
127,21,99,1,81,214,233,254,143,225
127,22,160,207,149,190,108,147,132,245
127,23,80,230,32,44,186,61,105,98
127,24,137,10,21,196,254,116,62,186
127,25,34,170,183,208,165,5,83,45
127,26,132,248,73,140,17,204,90,173
127,27,139,170,190,74,16,145,92,117
127,28,191,112,74,4,172,183,88,63
127,29,69,150,58,244,233,44,53,144
127,30,77,123,176,94,92,171,35,199
127,31,212,180,166,133,95,25,115,238
127,32,60,255,241,204,127,132,73,82
127,33,33,50,110,229,67,219,106,70
127,34,218,254,93,123,37,108,150,29
127,35,194,14,53,93,11,68,46,130
127,36,78,154,135,50,188,4,159,228
127,37,163,219,1,199,52,103,191,239
127,38,239,175,122,144,60,159,135,180
127,39,140,96,110,103,195,184,175,187
-37,0,188,112,92,238,66,106,144,43
-36,0,136,14,241,56,78,228,15,95
-35,0,36,134,2,41,151,115,29,72
-34,0,97,166,142,113,205,123,150,210
-33,0,2,41,139,6,223,222,151,81
-32,0,175,70,134,13,55,31,204,177
-31,0,117,226,11,96,233,128,187,93
-30,0,136,241,78,56,44,68,89,14
-29,0,139,134,36,175,151,81,55,222
-28,0,186,242,144,234,111,187,155,188
-27,0,136,78,56,241,89,68,18,33
-26,0,41,36,2,134,86,136,163,65
-25,0,151,222,134,55,65,203,81,211
-24,0,175,13,151,31,178,55,177,204
-23,0,96,117,187,186,11,185,121,242
-22,0,181,107,82,251,39,83,68,255
-21,0,109,24,151,47,177,81,139,222
-20,0,142,97,166,113,123,205,150,215
-19,0,6,66,106,185,117,171,226,147
-18,0,41,2,86,115,223,237,203,163
-17,0,177,222,74,2,151,55,31,203
-16,0,13,178,55,159,204,116,199,175
-15,0,123,229,249,196,216,105,7,104
-14,0,66,106,46,212,32,22,65,110
-13,0,144,186,242,111,234,92,155,188
-12,0,96,194,117,198,52,226,93,187
-11,0,233,40,110,127,147,157,46,250
-10,0,222,5,144,203,234,188,31,224
-9,0,13,175,204,222,177,31,203,213
-8,0,188,234,111,186,144,172,146,242
-7,0,96,117,171,226,185,187,128,80
-6,0,57,110,180,250,50,56,37,157
-5,0,233,2,65,86,223,157,29,110
-4,0,250,80,69,136,52,22,233,96
-3,0,65,41,2,218,212,222,223,1
-2,0,65,212,134,1,110,218,175,157
-1,0,123,249,229,216,196,7,105,101
-37,1,214,112,19,86,167,224,198,128
-36,1,234,40,96,209,134,94,16,171
-35,1,254,205,101,234,245,90,22,33
-34,1,101,34,10,26,87,59,11,132
-33,1,254,191,101,89,149,206,245,205
-32,1,254,44,206,245,21,33,69,111
-31,1,169,133,107,81,2,232,120,66
-30,1,166,95,165,190,205,119,6,186
-29,1,254,245,22,101,190,154,49,50
-28,1,66,43,97,133,239,198,205,251
-27,1,166,183,40,234,209,57,96,16
-26,1,164,254,245,76,101,83,22,61
-25,1,101,254,245,44,206,230,131,49
-24,1,49,235,245,254,206,17,23,59
-23,1,169,81,66,13,133,232,43,223
-22,1,166,119,89,9,183,205,88,138
-21,1,236,70,226,76,164,61,22,190
-20,1,34,11,26,59,132,187,118,75
-19,1,112,250,223,191,86,189,205,128
-18,1,98,153,151,39,72,245,221,37
-17,1,8,245,178,206,44,101,175,67
-16,1,44,49,10,80,23,245,69,174
-15,1,11,231,225,27,155,244,118,93
-14,1,112,124,205,86,118,19,211,250
-13,1,198,3,135,251,189,255,205,134
-12,1,195,96,209,183,40,2,81,16
-11,1,98,81,190,95,234,119,205,48
-10,1,153,245,79,59,49,56,37,42
-9,1,49,174,141,232,23,245,80,61
-8,1,232,43,198,66,255,162,133,123
-7,1,96,40,206,223,13,221,134,157
-6,1,98,190,166,154,135,31,221,119
-5,1,13,111,43,98,158,57,17,66
-4,1,183,88,223,206,209,158,188,13
-3,1,153,98,79,82,143,245,88,42
-2,1,17,44,10,235,230,60,206,158
-1,1,11,225,244,231,27,155,118,93
-37,2,11,60,92,217,58,49,255,187
-36,2,39,106,36,158,80,20,197,226
-35,2,39,158,139,182,95,106,194,120
-34,2,17,235,158,57,93,19,145,197
-33,2,235,76,158,17,77,93,182,198
-32,2,235,77,75,17,4,158,145,15
-31,2,36,39,158,208,118,200,169,22
-30,2,13,158,36,22,159,39,156,135
-29,2,13,36,3,182,158,159,77,153
-28,2,107,158,150,230,212,110,92,200
-27,2,120,253,39,158,55,209,106,21
-26,2,83,158,120,63,182,77,139,208
-25,2,235,3,158,120,83,75,253,183
-24,2,50,4,158,183,46,3,132,7
-23,2,200,246,22,158,90,46,208,242
-22,2,158,13,56,160,125,81,137,1
-21,2,13,3,160,185,158,71,47,125
-20,2,158,26,103,70,249,90,146,164
-19,2,22,158,121,198,87,59,70,76
-18,2,115,158,56,201,83,139,173,93
-17,2,235,83,173,158,75,93,199,33
-16,2,57,173,116,122,71,31,124,55
-15,2,158,210,109,249,100,179,145,4
-14,2,158,219,217,10,255,60,121,80
-13,2,64,92,150,158,230,86,239,76
-12,2,148,246,224,158,35,108,251,173
-11,2,120,158,84,174,39,10,173,13
-10,2,58,89,193,158,179,3,216,84
-9,2,252,38,200,207,208,71,19,35
-8,2,110,23,150,158,230,249,242,173
-7,2,136,173,132,112,23,68,183,158
-6,2,33,115,173,158,81,56,5,136
-5,2,107,115,212,173,252,112,35,158
-4,2,104,158,192,183,83,107,235,35
-3,2,45,237,139,177,147,160,13,5
-2,2,183,235,127,4,46,45,253,83
-1,2,158,4,179,103,109,210,17,249
-37,3,25,225,162,191,214,199,197,159
-36,3,25,173,225,199,159,75,166,4
-35,3,36,25,159,224,199,225,58,94
-34,3,239,21,76,199,46,105,25,211
-33,3,239,25,21,199,215,66,36,94
-32,3,137,44,25,199,159,12,19,229
-31,3,221,188,81,44,91,25,120,122
-30,3,188,67,105,44,25,19,3,199
-29,3,44,167,81,36,188,105,132,25
-28,3,19,44,155,81,25,159,199,188
-27,3,50,19,150,228,229,188,44,153
-26,3,44,36,19,218,199,66,202,101
-25,3,44,0,36,199,61,218,159,197
-24,3,44,90,199,159,218,61,5,240
-23,3,44,221,90,86,199,170,94,72
-22,3,9,158,65,50,49,199,195,44
-21,3,44,36,0,61,167,224,9,218
-20,3,37,211,31,146,199,46,135,84
-19,3,25,202,199,92,218,214,94,159
-18,3,159,199,218,15,25,215,36,177
-17,3,36,159,66,243,199,215,94,218
-16,3,121,94,236,166,15,199,105,66
-15,3,37,133,187,199,31,235,231,152
-14,3,25,159,199,225,214,117,19,94
-13,3,159,25,155,44,199,66,94,81
-12,3,216,25,199,105,170,86,159,95
-11,3,236,25,216,19,202,199,188,159
-10,3,44,197,228,218,155,243,199,157
-9,3,44,153,53,86,36,61,205,215
-8,3,202,116,53,228,113,155,66,101
-7,3,53,170,214,221,138,122,188,202
-6,3,44,70,247,53,138,122,213,9
-5,3,2,247,53,44,216,14,228,66
-4,3,2,53,14,214,213,138,76,228
-3,3,0,132,90,154,113,248,66,44
-2,3,90,132,213,53,218,240,113,202
-1,3,133,187,37,231,199,152,235,31
-37,4,88,98,195,154,233,94,172,87
-36,4,98,192,253,195,89,88,154,156
-35,4,192,51,154,149,253,70,158,60
-34,4,167,161,240,154,253,14,4,65
-33,4,192,2,149,154,51,253,203,60
-32,4,44,253,154,51,192,221,218,30
-31,4,192,55,218,60,119,154,253,2
-30,4,2,253,192,55,60,133,218,154
-29,4,2,253,51,154,192,178,233,30
-28,4,192,94,112,154,60,71,218,98
-27,4,253,192,156,60,2,154,98,123
-26,4,60,149,253,154,51,93,192,212
-25,4,51,190,253,178,44,30,154,137
-24,4,44,51,202,154,148,253,30,178
-23,4,55,202,139,2,60,180,8,182
-22,4,82,133,60,25,154,139,2,202
-21,4,180,178,243,30,51,117,82,169
-20,4,161,154,167,65,14,30,13,170
-19,4,65,118,139,2,8,192,228,60
-18,4,149,192,51,60,93,30,154,216
-17,4,192,149,51,60,154,44,158,137
-16,4,44,213,192,221,148,154,51,93
-15,4,154,142,13,108,222,102,236,167
-14,4,118,154,242,54,98,222,122,192
-13,4,192,94,98,216,112,154,51,93
-12,4,192,119,55,60,98,216,94,154
-11,4,122,60,119,192,133,98,154,172
-10,4,178,51,137,30,94,125,154,169
-9,4,202,148,60,51,30,44,221,93
-8,4,12,71,30,94,164,60,158,216
-7,4,60,12,2,37,71,55,8,105
-6,4,60,2,55,180,30,138,37,164
-5,4,180,30,231,216,164,190,60,37
-4,4,180,105,122,119,123,30,60,139
-3,4,149,30,51,180,190,158,251,93
-2,4,44,231,180,138,215,60,164,30
-1,4,142,13,222,154,108,167,30,15
-37,5,110,64,60,15,166,159,56,165
-36,5,159,165,174,110,166,158,153,251
-35,5,165,66,52,40,213,115,153,64
-34,5,66,165,52,153,19,110,131,213
-33,5,165,66,168,115,52,158,2,228
-32,5,165,158,19,168,52,151,228,144
-31,5,61,165,158,19,110,151,27,168
-30,5,63,174,149,165,61,250,1,3
-29,5,24,63,168,149,228,250,144,165
-28,5,165,61,158,115,69,168,194,110
-27,5,250,174,158,165,151,52,168,61
-26,5,213,250,48,115,168,165,151,52
-25,5,48,81,14,168,250,228,60,89
-24,5,228,48,81,89,168,250,68,102
-23,5,48,61,81,194,102,89,52,168
-22,5,174,48,68,142,94,3,232,194
-21,5,48,232,3,102,228,94,133,223
-20,5,186,104,161,151,235,48,158,252
-19,5,194,158,165,202,151,161,114,18
-18,5,115,213,165,202,102,158,52,66
-17,5,165,102,52,48,40,115,133,158
-16,5,165,115,52,236,110,102,202,40
-15,5,104,186,193,151,165,236,158,6
-14,5,67,254,14,100,147,158,151,44
-13,5,165,115,2,158,40,52,66,81
-12,5,194,165,2,250,158,144,61,69
-11,5,250,31,61,151,2,236,69,114
-10,5,81,151,228,48,168,40,102,33
-9,5,151,236,48,102,168,115,52,81
-8,5,169,151,236,194,66,33,249,48
-7,5,3,151,236,194,19,61,81,66
-6,5,3,144,151,24,236,19,66,168
-5,5,67,81,151,3,254,19,168,66
-4,5,67,18,151,254,81,194,3,66
-3,5,81,213,14,12,168,115,165,33
-2,5,31,12,236,249,14,151,68,245
-1,5,151,186,104,193,6,236,224,235
-37,6,110,138,40,46,91,24,254,173
-36,6,138,196,79,77,232,133,22,65
-35,6,232,245,196,77,25,171,148,79
-34,6,245,196,232,25,171,91,126,79
-33,6,245,232,196,171,25,148,59,168
-32,6,196,126,79,59,245,232,227,91
-31,6,196,126,79,59,232,90,52,245
-30,6,59,128,196,174,126,148,58,77
-29,6,59,128,250,196,77,100,174,172
-28,6,59,196,3,128,79,232,69,250
-27,6,196,232,59,126,172,174,69,79
-26,6,196,245,232,100,172,25,29,174
-25,6,168,100,71,108,25,174,245,196
-24,6,174,126,100,71,25,196,245,172
-23,6,174,3,16,196,126,25,100,114
-22,6,174,108,196,58,71,32,85,16
-21,6,174,108,57,85,32,71,187,25
-20,6,174,196,167,232,126,108,245,100
-19,6,16,196,3,232,90,79,114,59
-18,6,232,186,245,196,115,108,79,25
-17,6,232,168,115,245,196,157,186,25
-16,6,232,245,186,57,157,196,161,79
-15,6,196,232,167,245,153,186,79,157
-14,6,196,167,79,2,52,138,43,178
-13,6,2,232,92,79,200,19,196,59
-12,6,196,79,232,2,19,200,92,52
-11,6,49,157,196,79,232,200,172,84
-10,6,82,174,48,126,52,168,232,171
-9,6,57,172,232,104,49,196,25,157
-8,6,235,61,73,107,196,115,57,232
-7,6,16,115,136,232,235,3,142,57
-6,6,128,48,115,142,136,174,107,61
-5,6,114,245,174,136,48,61,241,142
-4,6,114,61,196,245,90,3,107,136
-3,6,241,48,175,232,174,29,185,114
-2,6,241,175,57,232,245,18,185,48
-1,6,61,167,196,107,153,175,157,123
-37,7,221,191,112,200,142,39,241,165
-36,7,147,36,35,221,229,116,184,191
-35,7,35,120,147,1,220,239,37,7
-34,7,147,91,35,120,220,36,229,250
-33,7,35,239,220,120,7,1,167,147
-32,7,35,37,120,147,116,130,36,38
-31,7,147,181,36,116,35,37,131,184
-30,7,147,71,217,37,133,36,90,120
-29,7,38,71,37,130,90,129,239,116
-28,7,181,90,131,147,171,36,116,35
-27,7,1,90,36,147,7,239,220,71
-26,7,1,7,220,239,71,169,215,90
-25,7,16,71,1,220,146,130,120,246
-24,7,71,220,130,7,146,1,6,167
-23,7,243,220,94,71,146,131,130,219
-22,7,94,220,130,146,202,122,71,147
-21,7,130,223,94,146,220,122,38,133
-20,7,91,147,220,29,36,1,146,71
-19,7,44,91,147,36,220,2,171,37
-18,7,220,240,1,167,171,35,183,7
-17,7,220,1,183,167,239,35,130,122
-16,7,223,183,220,240,167,171,35,235
-15,7,147,29,36,240,220,35,171,37
-14,7,147,44,171,36,37,76,35,229
-13,7,171,76,181,37,35,243,239,147
-12,7,181,76,171,147,36,1,35,37
-11,7,1,79,239,7,101,171,76,36
-10,7,220,130,146,109,95,71,1,122
-9,7,1,223,167,239,220,7,4,122
-8,7,4,56,239,1,40,220,181,243
-7,7,239,1,4,243,131,181,133,220
-6,7,239,4,1,79,217,129,16,122
-5,7,4,1,239,16,7,253,95,219
-4,7,253,66,16,44,239,4,1,95
-3,7,253,16,66,1,239,146,217,220
-2,7,66,253,239,16,1,223,167,169
-1,7,239,29,79,1,147,253,36,199
-37,8,123,175,217,127,17,139,223,157
-36,8,123,157,191,107,180,110,220,52
-35,8,222,123,132,190,107,3,34,164
-34,8,222,33,123,4,191,132,164,124
-33,8,222,123,207,190,132,164,80,69
-32,8,222,190,123,164,48,3,107,191
-31,8,112,191,222,190,107,164,123,4
-30,8,222,157,190,112,207,191,123,132
-29,8,222,207,190,88,123,3,28,247
-28,8,159,222,107,164,190,3,207,191
-27,8,157,222,207,159,107,190,191,184
-26,8,222,207,184,107,123,157,88,28
-25,8,207,222,128,68,183,88,123,232
-24,8,207,222,183,128,109,232,107,84
-23,8,183,207,68,222,112,248,212,128
-22,8,68,183,207,222,248,128,9,73
-21,8,183,68,9,215,128,26,73,232
-20,8,164,207,222,33,183,107,84,4
-19,8,164,4,222,191,212,107,3,110
-18,8,183,19,242,3,164,207,107,222
-17,8,184,3,19,183,248,222,124,107
-16,8,110,3,222,159,19,183,84,107
-15,8,234,164,107,191,19,222,110,84
-14,8,33,234,4,191,164,107,110,194
-13,8,159,19,222,80,34,184,164,207
-12,8,112,159,207,164,107,19,222,184
-11,8,107,207,159,164,88,56,222,212
-10,8,222,88,183,207,107,9,128,215
-9,8,222,207,184,88,107,201,183,159
-8,8,88,107,207,65,222,201,184,120
-7,8,88,112,222,207,201,107,184,183
-6,8,88,184,201,222,107,183,68,207
-5,8,242,88,107,222,184,201,132,207
-4,8,242,38,88,107,49,112,201,103
-3,8,68,88,124,49,201,183,222,242
-2,8,88,49,184,242,201,183,222,124
-1,8,107,56,88,234,164,242,191,4
-37,9,72,95,122,246,210,12,194,45
-36,9,95,156,45,120,198,47,73,161
-35,9,95,234,47,5,237,102,4,128
-34,9,95,47,39,132,102,5,73,11
-33,9,95,234,47,5,237,192,11,54
-32,9,95,234,237,44,47,86,105,8
-31,9,95,19,237,47,234,178,44,206
-30,9,95,237,234,192,19,105,110,227
-29,9,95,237,234,128,22,192,54,44
-28,9,47,95,120,237,86,146,102,234
-27,9,95,105,234,5,120,47,4,24
-26,9,95,5,4,234,128,146,86,204
-25,9,95,128,234,24,44,192,110,65
-24,9,24,95,128,234,105,65,204,44
-23,9,24,19,178,95,206,139,105,5
-22,9,52,95,139,24,19,234,244,206
-21,9,52,139,24,95,75,65,128,43
-20,9,24,95,39,29,94,44,86,132
-19,9,239,95,47,102,178,197,24,156
-18,9,47,95,5,102,107,120,86,24
-17,9,4,95,102,86,107,24,220,146
-16,9,47,95,102,86,107,44,8,146
-15,9,95,29,94,47,164,102,86,44
-14,9,95,240,156,47,197,217,102,132
-13,9,47,95,102,197,198,146,5,107
-12,9,95,47,120,197,19,102,146,198
-11,9,217,95,47,146,197,5,234,102
-10,9,24,234,65,95,75,128,0,204
-9,9,24,234,5,95,146,4,128,0
-8,9,96,5,95,14,145,146,4,24
-7,9,5,19,96,14,234,95,178,206
-6,9,148,5,234,14,95,146,0,24
-5,9,14,240,146,5,24,145,4,95
-4,9,240,95,14,145,217,178,223,19
-3,9,24,14,146,5,4,234,102,231
-2,9,146,24,148,14,95,102,47,4
-1,9,29,94,95,197,164,146,86,13
-37,10,175,120,14,249,100,179,183,203
-36,10,247,187,234,68,12,243,124,111
-35,10,117,143,91,187,12,247,171,17
-34,10,247,187,117,216,12,143,171,124
-33,10,143,91,117,187,165,216,81,119
-32,10,216,91,12,81,242,234,187,111
-31,10,216,91,163,247,12,187,124,81
-30,10,12,73,68,92,91,85,143,223
-29,10,92,12,143,91,73,85,223,124
-28,10,9,81,143,91,247,187,252,12
-27,10,12,68,143,91,85,246,124,234
-26,10,143,246,12,117,31,85,17,40
-25,10,159,31,246,85,170,12,143,216
-24,10,85,246,12,216,31,143,7,242
-23,10,85,163,7,181,246,12,59,31
-22,10,68,181,128,59,154,85,124,143
-21,10,181,154,146,119,85,19,239,170
-20,10,216,85,12,247,246,130,143,91
-19,10,253,187,163,161,62,247,124,167
-18,10,117,17,253,187,143,247,81,204
-17,10,232,143,117,146,204,15,66,247
-16,10,216,19,232,234,187,81,247,204
-15,10,216,169,247,198,187,130,234,143
-14,10,161,247,62,187,234,198,124,142
-13,10,9,91,234,247,187,8,143,171
-12,10,91,163,9,234,143,187,124,247
-11,10,63,62,222,91,247,171,143,114
-10,10,85,146,119,228,7,143,181,97
-9,10,143,19,228,81,232,85,31,246
-8,10,218,143,31,7,24,114,171,51
-7,10,143,163,7,218,9,31,114,1
-6,10,143,73,114,31,51,171,7,154
-5,10,31,143,114,51,1,218,5,252
-4,10,163,218,31,51,63,114,1,171
-3,10,31,143,232,119,117,17,85,187
-2,10,31,143,232,19,81,119,71,250
-1,10,63,198,247,130,169,216,171,31
-37,11,180,41,246,96,149,152,143,46
-36,11,27,64,107,213,3,153,130,88
-35,11,208,209,103,101,107,231,151,84
-34,11,107,36,209,208,20,103,151,231
-33,11,231,101,84,209,103,154,3,191
-32,11,10,3,220,222,107,101,106,37
-31,11,107,18,142,10,3,98,255,128
-30,11,64,154,10,107,84,143,115,101
-29,11,154,84,10,147,37,115,201,225
-28,11,142,3,153,107,130,101,106,66
-27,11,64,250,3,130,225,107,207,145
-26,11,209,250,103,207,208,3,151,101
-25,11,37,109,250,115,84,212,201,94
-24,11,250,220,222,84,157,115,59,225
-23,11,142,18,2,116,250,225,115,212
-22,11,64,131,201,212,107,208,2,115
-21,11,37,212,131,201,2,240,30,94
-20,11,20,107,250,84,147,174,128,225
-19,11,142,20,130,195,107,3,49,101
-18,11,209,3,103,101,137,151,208,191
-17,11,59,231,137,111,3,103,101,113
-16,11,220,59,3,85,103,231,222,191
-15,11,189,3,107,128,103,145,111,191
-14,11,49,195,107,109,98,133,27,36
-13,11,3,153,238,98,137,103,145,95
-12,11,3,18,153,111,238,145,147,106
-11,11,3,111,66,145,27,207,101,106
-10,11,231,59,84,157,37,2,225,240
-9,11,222,59,103,3,220,231,84,250
-8,11,114,103,116,153,207,250,208,137
-7,11,103,116,18,21,208,114,147,250
-6,11,210,147,103,154,116,84,201,207
-5,11,151,103,116,109,186,170,236,147
-4,11,151,103,49,18,142,79,207,236
-3,11,231,209,84,103,207,109,79,137
-2,11,79,103,220,231,85,84,209,222
-1,11,189,103,111,236,147,145,42,250
-37,12,4,124,68,77,24,216,52,167
-36,12,221,60,169,39,16,1,199,68
-35,12,166,181,107,221,194,208,1,121
-34,12,1,128,166,194,221,39,181,208
-33,12,166,194,115,121,208,128,107,68
-32,12,208,194,221,39,107,219,157,121
-31,12,39,1,194,221,128,219,67,68
-30,12,194,221,121,147,107,205,1,106
-29,12,121,147,205,208,194,84,18,107
-28,12,39,194,128,1,67,68,205,107
-27,12,107,39,57,194,132,121,205,46
-26,12,166,132,46,157,39,65,121,246
-25,12,46,57,208,107,166,132,121,246
-24,12,57,46,208,121,230,107,125,132
-23,12,67,57,128,230,89,125,46,107
-22,12,57,107,230,73,36,125,65,89
-21,12,57,230,107,208,246,69,98,27
-20,12,128,57,107,65,160,39,121,205
-19,12,39,128,1,67,107,194,65,221
-18,12,166,39,95,181,157,59,128,136
-17,12,208,39,166,181,107,227,61,172
-16,12,39,157,208,59,181,52,128,3
-15,12,39,74,128,63,26,59,15,107
-14,12,39,74,128,191,63,44,1,221
-13,12,39,191,128,208,194,79,181,1
-12,12,39,191,79,128,132,1,154,194
-11,12,43,132,39,128,19,65,191,79
-10,12,57,208,59,125,210,50,107,121
-9,12,132,210,55,121,208,59,57,125
-8,12,132,206,56,11,7,65,128,22
-7,12,132,206,181,121,7,95,67,147
-6,12,132,56,147,7,121,222,19,59
-5,12,203,132,7,56,181,222,121,55
-4,12,203,56,67,7,132,19,22,128
-3,12,166,46,132,57,203,12,7,121
-2,12,203,132,56,7,46,59,32,12
-1,12,74,26,65,63,39,128,132,19
-37,13,231,119,132,221,167,177,161,216
-36,13,42,47,202,154,219,180,243,141
-35,13,47,18,42,154,133,175,36,122
-34,13,47,154,175,42,33,18,219,202
-33,13,47,18,154,175,42,51,202,36
-32,13,47,154,127,18,175,202,42,226
-31,13,47,154,200,175,127,219,66,130
-30,13,47,42,154,175,18,127,133,122
-29,13,47,18,42,133,30,224,175,226
-28,13,47,154,175,224,18,30,226,100
-27,13,47,42,18,137,175,154,224,181
-26,13,18,47,42,137,224,124,175,122
-25,13,47,122,249,124,42,18,224,137
-24,13,47,124,122,18,137,181,41,224
-23,13,200,47,122,124,224,41,238,249
-22,13,47,164,122,154,249,224,112,100
-21,13,47,122,249,27,174,17,230,39
-20,13,47,43,224,154,124,137,18,175
-19,13,47,175,154,224,142,66,219,18
-18,13,47,18,175,100,154,224,22,249
-17,13,47,249,228,136,154,18,175,122
-16,13,47,175,154,219,228,100,18,123
-15,13,47,43,154,175,147,219,18,224
-14,13,33,47,154,175,142,15,147,43
-13,13,47,175,6,154,15,127,142,226
-12,13,175,47,154,6,18,123,142,200
-11,13,18,154,123,47,137,175,6,28
-10,13,19,47,122,18,239,181,137,226
-9,13,18,47,228,123,19,181,175,122
-8,13,18,47,137,38,123,228,70,48
-7,13,18,228,123,47,51,200,137,175
-6,13,18,47,228,123,51,137,133,173
-5,13,228,123,18,47,51,137,48,38
-4,13,47,200,123,76,228,18,51,137
-3,13,76,195,228,192,123,199,47,21
-2,13,228,76,192,123,47,51,195,175
-1,13,47,43,123,18,137,154,147,6
-37,14,217,57,244,211,136,123,191,181
-36,14,166,88,137,189,51,244,71,57
-35,14,37,16,14,186,61,51,64,52
-34,14,51,137,159,14,147,37,64,224
-33,14,37,60,159,109,16,52,186,61
-32,14,37,52,24,160,61,137,125,159
-31,14,137,51,37,52,64,224,31,160
-30,14,37,61,88,186,178,51,109,60
-29,14,37,186,178,61,160,156,60,219
-28,14,51,37,61,52,137,160,224,88
-27,14,37,61,156,88,172,60,178,159
-26,14,235,156,75,172,60,186,37,129
-25,14,172,156,235,232,186,129,37,16
-24,14,232,172,156,235,178,152,186,37
-23,14,232,156,38,152,172,16,51,235
-22,14,88,51,232,156,14,159,129,137
-21,14,232,152,129,156,172,70,219,1
-20,14,137,51,52,159,124,235,61,172
-19,14,137,88,51,38,159,37,14,52
-18,14,14,16,159,156,203,69,52,40
-17,14,14,174,232,206,156,52,16,129
-16,14,14,52,16,160,159,131,224,231
-15,14,137,51,52,14,224,124,64,159
-14,14,137,51,147,224,52,160,124,159
-13,14,75,159,52,16,60,61,139,37
-12,14,75,156,60,37,186,52,159,61
-11,14,75,52,186,60,156,139,37,169
-10,14,156,232,169,11,129,172,16,235
-9,14,156,235,169,75,206,14,232,186
-8,14,169,206,75,156,186,11,14,129
-7,14,156,75,169,206,186,232,14,172
-6,14,75,206,169,156,186,11,16,14
-5,14,169,156,206,75,186,11,14,101
-4,14,169,146,38,11,40,75,39,156
-3,14,156,146,169,206,186,172,14,39
-2,14,146,169,156,206,75,14,171,186
-1,14,52,137,75,224,124,160,51,60
-37,15,225,247,218,191,117,82,48,83
-36,15,228,150,229,248,165,61,148,225
-35,15,18,148,113,22,61,250,242,116
-34,15,65,148,61,250,63,242,147,174
-33,15,18,250,71,22,61,174,63,220
-32,15,250,148,18,22,4,6,154,21
-31,15,148,250,241,99,242,204,87,165
-30,15,148,241,22,219,99,113,250,101
-29,15,22,101,219,113,250,18,239,84
-28,15,148,248,250,22,242,87,85,154
-27,15,22,148,239,241,71,233,84,242
-26,15,22,71,116,26,135,44,18,209
-25,15,22,18,209,239,152,44,148,219
-24,15,22,209,239,71,44,18,219,245
-23,15,209,103,241,239,17,22,18,148
-22,15,22,148,209,87,63,71,239,154
-21,15,209,18,22,17,239,118,142,95
-20,15,148,22,87,71,65,81,209,63
-19,15,148,250,240,87,61,63,242,54
-18,15,22,240,116,71,250,54,148,33
-17,15,22,209,71,234,177,142,18,102
-16,15,71,54,250,22,33,63,148,135
-15,15,148,228,81,250,71,22,87,54
-14,15,148,250,58,200,162,181,54,204
-13,15,250,248,22,192,37,174,123,148
-12,15,22,148,192,71,113,219,135,84
-11,15,233,22,192,71,113,148,207,63
-10,15,209,22,71,239,157,18,220,63
-9,15,22,71,209,192,135,33,113,63
-8,15,233,22,192,207,135,71,220,13
-7,15,22,209,192,135,71,240,233,13
-6,15,22,192,233,135,207,220,113,203
-5,15,22,135,192,13,26,209,71,113
-4,15,192,76,22,13,157,207,230,135
-3,15,22,79,192,116,207,13,76,209
-2,15,192,22,13,135,207,250,142,26
-1,15,22,220,192,233,87,81,71,148
-37,16,89,245,88,166,203,16,107,141
-36,16,130,252,75,247,28,60,229,93
-35,16,130,233,154,152,21,138,0,28
-34,16,130,28,252,152,154,233,229,170
-33,16,130,138,233,0,170,46,252,152
-32,16,130,252,190,51,233,28,59,152
-31,16,130,233,252,28,149,46,229,170
-30,16,130,233,149,46,161,229,252,167
-29,16,130,233,161,46,167,53,249,253
-28,16,130,233,252,46,170,152,147,28
-27,16,233,130,46,167,149,252,90,152
-26,16,167,233,130,154,46,0,90,138
-25,16,233,22,167,53,130,59,90,140
-24,16,233,167,190,90,130,224,46,82
-23,16,233,130,30,78,167,179,8,147
-22,16,233,130,40,167,46,7,229,152
-21,16,233,30,241,59,53,82,130,167
-20,16,233,130,5,252,46,170,167,51
-19,16,130,252,28,170,233,147,152,174
-18,16,170,21,152,130,252,0,138,233
-17,16,170,21,82,233,167,140,252,152
-16,16,170,0,252,152,130,46,193,233
-15,16,5,170,130,196,233,252,152,0
-14,16,130,252,156,152,28,51,170,233
-13,16,252,170,152,233,230,46,212,130
-12,16,233,46,167,130,0,152,252,212
-11,16,46,188,136,0,233,170,167,152
-10,16,167,233,118,59,42,53,95,90
-9,16,167,95,233,186,42,190,90,118
-8,16,186,167,95,188,233,146,21,42
-7,16,186,21,167,95,233,180,33,188
-6,16,95,188,167,186,42,233,118,193
-5,16,167,71,95,146,21,121,188,233
-4,16,78,233,167,71,95,31,45,42
-3,16,167,138,45,42,2,118,219,31
-2,16,146,167,71,31,42,45,95,66
-1,16,233,5,170,196,167,46,0,150
-37,17,96,106,26,171,150,25,125,86
-36,17,248,35,185,64,125,20,241,226
-35,17,35,185,64,206,78,56,115,147
-34,17,35,185,64,226,110,20,115,87
-33,17,35,185,64,78,201,56,147,191
-32,17,35,201,64,185,17,20,125,115
-31,17,35,64,115,155,201,17,20,87
-30,17,185,35,56,17,130,64,65,147
-29,17,185,130,35,56,64,32,17,201
-28,17,35,64,17,115,20,56,197,236
-27,17,185,35,23,56,115,64,17,147
-26,17,35,185,115,56,49,101,50,206
-25,17,23,35,213,185,19,191,231,115
-24,17,23,35,115,56,21,191,185,180
-23,17,35,155,180,23,206,242,115,191
-22,17,35,64,115,26,147,255,211,242
-21,17,180,164,206,231,62,35,27,45
-20,17,35,64,115,87,147,250,20,56
-19,17,35,64,87,20,115,155,147,17
-18,17,35,206,78,147,115,64,226,49
-17,17,35,206,147,115,19,78,231,20
-16,17,35,164,147,21,115,64,20,77
-15,17,35,250,64,87,115,61,147,20
-14,17,35,64,87,110,115,20,17,76
-13,17,35,197,20,17,242,147,56,50
-12,17,35,50,56,115,236,17,242,23
-11,17,50,115,35,88,56,191,147,92
-10,17,23,115,19,35,191,188,231,137
-9,17,115,164,50,21,56,188,23,191
-8,17,115,50,88,197,229,92,206,35
-7,17,206,50,115,88,56,92,155,191
-6,17,115,50,88,229,139,56,92,137
-5,17,115,88,50,101,143,139,92,137
-4,17,102,88,115,114,139,50,7,92
-3,17,114,137,213,231,23,139,50,7
-2,17,115,114,164,139,143,213,137,50
-1,17,115,35,61,250,50,255,87,64
-37,18,100,201,174,94,141,44,75,172
-36,18,126,13,199,217,161,134,69,155
-35,18,13,87,237,126,190,177,238,211
-34,18,13,126,128,177,251,161,87,148
-33,18,13,130,177,87,251,161,126,190
-32,18,13,126,34,135,134,87,251,116
-31,18,13,126,6,251,2,134,161,177
-30,18,13,25,9,126,28,165,251,72
-29,18,13,25,126,72,9,28,87,211
-28,18,13,126,251,192,69,161,211,87
-27,18,13,28,165,251,87,192,25,21
-26,18,165,251,13,190,72,192,238,87
-25,18,165,13,28,87,21,251,70,116
-24,18,28,21,13,87,165,1,251,192
-23,18,13,28,1,6,165,87,235,21
-22,18,13,251,87,165,70,192,2,55
-21,18,235,87,116,1,70,165,28,13
-20,18,13,57,126,192,251,148,134,87
-19,18,126,13,148,251,161,134,192,2
-18,18,251,13,190,70,87,192,238,237
-17,18,70,219,251,190,13,192,238,87
-16,18,250,251,13,190,126,192,70,161
-15,18,13,126,57,179,134,50,197,161
-14,18,126,13,112,192,251,134,2,135
-13,18,192,13,103,69,251,2,12,126
-12,18,192,13,12,165,251,103,2,21
-11,18,192,12,13,103,205,251,190,165
-10,18,12,165,13,251,219,28,238,106
-9,18,12,251,135,165,238,250,190,246
-8,18,12,188,190,165,26,251,205,238
-7,18,165,12,251,190,238,188,135,70
-6,18,12,251,205,165,13,190,26,50
-5,18,12,251,165,190,237,135,188,162
-4,18,12,215,214,251,135,6,165,190
-3,18,12,165,130,251,190,215,238,214
-2,18,12,251,190,165,238,215,26,50
-1,18,57,205,192,13,197,50,126,12
-37,19,41,204,221,44,142,207,238,173
-36,19,173,221,26,35,207,36,41,154
-35,19,35,75,107,40,42,111,251,31
-34,19,75,42,35,36,226,173,26,107
-33,19,35,75,42,107,111,40,247,26
-32,19,35,75,107,36,66,26,114,151
-31,19,151,35,36,107,75,42,162,66
-30,19,151,35,107,40,175,106,31,111
-29,19,144,107,106,35,175,75,40,66
-28,19,35,51,111,40,107,42,75,36
-27,19,40,35,175,111,106,51,107,31
-26,19,40,111,35,14,42,107,71,70
-25,19,40,247,175,35,38,253,111,216
-24,19,40,175,132,111,253,35,106,85
-23,19,132,35,175,216,40,70,14,16
-22,19,35,215,111,40,42,237,132,216
-21,19,216,132,247,35,179,16,40,175
-20,19,130,111,20,40,42,36,75,26
-19,19,42,36,75,20,26,35,162,107
-18,19,42,70,230,111,75,247,251,228
-17,19,247,251,70,230,111,75,216,80
-16,19,42,70,75,85,26,230,36,111
-15,19,20,36,130,42,109,26,75,162
-14,19,42,36,26,162,75,12,20,109
-13,19,111,42,228,51,113,107,60,35
-12,19,111,51,40,42,107,113,39,35
-11,19,111,51,252,113,42,40,39,107
-10,19,111,247,40,175,48,14,35,71
-9,19,111,40,42,71,113,85,35,247
-8,19,111,113,91,252,178,42,146,71
-7,19,111,91,151,71,178,113,42,40
-6,19,111,113,252,40,146,42,170,14
-5,19,28,111,178,71,38,42,113,40
-4,19,111,28,120,71,40,42,113,107
-3,19,111,71,43,113,40,168,247,107
-2,19,111,113,218,28,43,40,249,190
-1,19,111,26,130,39,252,113,36,162
-37,20,17,127,175,217,18,223,11,8
-36,20,116,197,173,191,127,23,217,224
-35,20,222,190,242,6,124,34,80,28
-34,20,222,80,33,191,19,190,28,141
-33,20,222,80,190,141,19,28,218,132
-32,20,190,222,56,191,19,3,172,220
-31,20,222,112,190,191,4,28,115,19
-30,20,222,190,112,157,28,191,109,218
-29,20,222,190,202,28,109,3,218,56
-28,20,222,159,4,191,232,19,3,190
-27,20,222,157,186,207,28,232,19,190
-26,20,222,207,242,184,159,28,19,107
-25,20,183,222,128,248,232,207,6,28
-24,20,183,222,207,215,82,107,28,13
-23,20,183,68,222,112,215,82,248,207
-22,20,183,248,222,186,124,19,115,207
-21,20,215,183,248,9,68,44,73,167
-20,20,33,191,4,222,56,115,232,207
-19,20,191,4,33,222,19,23,110,212
-18,20,19,242,110,222,248,3,183,124
-17,20,248,184,19,3,201,222,6,47
-16,20,19,110,159,56,191,106,242,10
-15,20,234,191,19,56,23,115,116,110
-14,20,191,33,234,222,110,19,4,72
-13,20,159,19,201,222,184,80,28,88
-12,20,222,201,107,88,112,207,159,19
-11,20,107,88,207,222,201,4,19,186
-10,20,222,183,88,207,201,19,56,215
-9,20,222,88,201,184,107,207,121,56
-8,20,88,201,107,120,184,65,242,132
-7,20,201,88,184,222,68,112,107,19
-6,20,107,88,201,56,184,222,165,19
-5,20,242,88,201,184,124,107,222,132
-4,20,88,184,222,242,201,49,112,61
-3,20,88,222,124,49,184,201,68,109
-2,20,88,242,165,201,184,49,216,222
-1,20,107,191,56,115,234,88,19,207
-37,21,72,246,184,232,210,127,113,122
-36,21,95,184,232,72,18,156,209,45
-35,21,95,128,234,44,47,5,204,237
-34,21,95,132,39,47,44,102,197,234
-33,21,95,234,47,54,44,192,128,102
-32,21,95,237,234,44,47,197,128,72
-31,21,95,234,237,44,19,197,192,206
-30,21,95,234,192,237,128,206,19,24
-29,21,95,234,192,128,237,252,54,105
-28,21,95,47,44,234,197,192,128,102
-27,21,95,234,192,128,24,4,43,139
-26,21,95,234,24,4,128,102,86,192
-25,21,95,128,52,200,24,234,43,110
-24,21,24,95,128,105,44,234,139,204
-23,21,95,24,19,139,52,206,178,128
-22,21,95,4,128,24,52,102,43,44
-21,21,52,95,139,24,128,196,44,43
-20,21,95,39,29,44,197,24,94,102
-19,21,239,95,47,197,44,102,132,5
-18,21,95,102,44,5,47,107,4,120
-17,21,95,4,102,44,5,133,128,190
-16,21,44,95,102,47,5,107,197,86
-15,21,44,95,29,164,197,94,47,102
-14,21,95,47,240,197,44,102,156,132
-13,21,47,95,44,5,146,102,198,156
-12,21,234,95,24,192,5,11,47,35
-11,21,217,95,234,197,11,47,5,146
-10,21,24,95,234,5,4,43,128,146
-9,21,146,95,234,24,5,102,4,43
-8,21,96,146,95,5,14,220,0,4
-7,21,96,19,146,95,239,234,5,14
-6,21,146,148,95,197,44,102,220,234
-5,21,146,240,14,24,95,184,96,102
-4,21,240,146,24,4,231,14,192,102
-3,21,4,146,145,24,44,102,14,95
-2,21,146,44,102,95,4,148,234,0
-1,21,29,197,95,47,44,164,94,13
-37,22,120,175,100,50,192,82,231,90
-36,22,243,182,176,65,133,124,50,187
-35,22,117,40,143,124,17,122,91,12
-34,22,187,124,117,248,143,191,247,12
-33,22,40,124,143,117,187,17,122,249
-32,22,124,40,12,242,187,91,143,122
-31,22,124,163,91,73,143,92,223,243
-30,22,12,124,73,92,68,223,143,91
-29,22,73,92,12,143,124,223,40,91
-28,22,124,9,91,143,0,187,253,40
-27,22,12,68,85,246,124,128,143,122
-26,22,143,12,17,246,117,40,124,122
-25,22,159,246,47,40,170,146,12,85
-24,22,246,85,12,242,122,40,124,216
-23,22,163,85,124,40,170,181,128,7
-22,22,68,143,124,128,176,194,119,59
-21,22,146,181,40,154,19,122,128,119
-20,22,124,198,130,143,246,12,122,247
-19,22,253,124,167,187,163,161,185,143
-18,22,117,253,124,17,40,187,143,122
-17,22,40,122,146,232,143,216,124,109
-16,22,216,124,19,253,40,212,122,167
-15,22,198,167,169,124,130,122,216,234
-14,22,161,124,187,91,198,247,185,234
-13,22,0,124,9,161,143,91,40,122
-12,22,143,63,163,124,91,161,122,167
-11,22,63,62,143,124,122,40,114,222
-10,22,146,228,85,122,246,143,40,119
-9,22,143,19,122,228,146,81,31,40
-8,22,31,0,218,122,143,40,7,252
-7,22,31,0,7,143,140,122,163,218
-6,22,122,216,63,31,143,0,40,222
-5,22,31,143,122,17,51,159,40,114
-4,22,143,31,163,81,232,51,159,85
-3,22,143,17,31,51,119,85,220,159
-2,22,216,122,19,143,31,232,51,26
-1,22,198,169,130,124,63,122,40,234
-37,23,180,41,87,152,96,213,132,92
-36,23,204,88,112,213,221,150,138,89
-35,23,208,209,107,50,151,137,200,231
-34,23,50,36,107,208,22,20,3,16
-33,23,209,231,136,107,3,151,22,59
-32,23,222,107,220,59,3,10,157,204
-31,23,18,142,107,143,130,204,24,149
-30,23,64,143,138,154,101,94,107,204
-29,23,154,37,201,59,157,107,94,231
-28,23,3,153,142,107,66,130,106,225
-27,23,64,107,131,250,3,130,208,252
-26,23,209,208,151,103,3,107,250,14
-25,23,37,109,131,157,212,222,94,158
-24,23,220,222,59,157,85,250,231,201
-23,23,131,18,142,130,177,54,212,15
-22,23,64,131,80,208,106,200,212,233
-21,23,131,37,201,212,59,157,30,94
-20,23,20,128,3,107,206,174,106,111
-19,23,20,3,142,130,107,143,128,13
-18,23,209,3,151,208,59,231,238,103
-17,23,231,59,111,3,113,103,158,222
-16,23,220,85,3,231,59,151,149,222
-15,23,189,128,206,111,107,246,143,62
-14,23,36,128,3,27,95,206,49,225
-13,23,3,153,238,95,66,59,145,106
-12,23,3,66,18,238,162,153,101,106
-11,23,66,247,111,106,27,42,208,3
-10,23,231,157,59,164,84,225,103,37
-9,23,222,231,220,103,59,85,84,218
-8,23,114,103,15,116,109,208,84,113
-7,23,103,116,15,114,208,109,18,113
-6,23,116,210,147,103,111,201,45,250
-5,23,151,103,116,156,109,170,250,84
-4,23,207,49,79,18,36,101,103,142
-3,23,103,231,209,207,84,79,151,109
-2,23,103,79,201,220,236,72,151,136
-1,23,189,62,111,128,3,206,106,108
-37,24,53,216,124,167,4,24,58,62
-36,24,221,60,199,16,126,1,216,167
-35,24,1,194,221,107,166,181,165,157
-34,24,1,194,221,68,39,3,107,145
-33,24,1,194,221,166,115,157,39,124
-32,24,1,157,221,39,194,219,50,55
-31,24,1,221,194,107,121,39,68,147
-30,24,1,221,121,194,107,147,18,68
-29,24,1,147,194,221,121,84,100,107
-28,24,1,221,107,39,194,46,181,121
-27,24,1,107,221,46,57,125,194,121
-26,24,1,166,221,46,107,194,121,39
-25,24,1,46,55,166,107,121,125,57
-24,24,1,57,46,107,65,221,11,55
-23,24,1,125,57,230,67,107,36,89
-22,24,1,107,221,36,57,113,53,73
-21,24,1,57,55,230,107,50,98,36
-20,24,1,74,63,221,160,26,205,15
-19,24,1,39,221,67,107,15,181,3
-18,24,39,166,1,157,59,181,107,210
-17,24,39,166,1,157,210,221,55,181
-16,24,1,39,157,128,15,115,59,3
-15,24,74,1,63,26,221,39,15,160
-14,24,1,39,15,191,221,44,74,43
-13,24,39,1,191,15,181,221,194,95
-12,24,132,1,107,79,57,39,121,65
-11,24,1,138,132,65,19,39,221,206
-10,24,57,11,65,210,59,50,1,132
-9,24,11,132,65,59,55,181,1,7
-8,24,206,1,132,65,152,181,7,95
-7,24,121,132,95,181,65,206,147,7
-6,24,1,128,65,56,152,222,11,132
-5,24,7,132,121,65,56,1,95,181
-4,24,203,219,121,181,67,107,7,132
-3,24,203,166,7,46,217,57,121,132
-2,24,56,7,217,128,32,11,65,1
-1,24,74,1,63,26,160,39,15,242
-37,25,167,52,236,132,221,231,242,119
-36,25,180,44,251,233,167,132,66,182
-35,25,47,42,175,224,154,155,202,74
-34,25,47,175,33,42,66,127,89,190
-33,25,47,42,175,224,66,154,127,67
-32,25,47,42,101,224,130,0,175,226
-31,25,47,127,133,224,175,200,26,173
-30,25,47,42,133,122,181,127,200,239
-29,25,47,42,133,181,224,74,30,18
-28,25,47,224,175,249,122,181,133,100
-27,25,47,42,122,249,137,18,48,224
-26,25,47,224,42,181,18,122,137,249
-25,25,47,249,122,181,42,224,155,74
-24,25,47,101,137,42,124,224,74,18
-23,25,47,122,117,200,239,224,74,181
-22,25,47,249,122,164,48,18,74,118
-21,25,47,230,249,48,122,0,244,74
-20,25,47,147,134,43,154,175,224,182
-19,25,47,175,154,142,224,123,134,130
-18,25,47,175,154,249,74,254,224,155
-17,25,47,228,0,175,154,249,74,130
-16,25,47,101,175,154,130,254,74,19
-15,25,47,147,134,182,43,130,175,154
-14,25,47,175,33,6,134,130,142,182
-13,25,47,175,155,123,168,154,224,130
-12,25,47,18,123,168,142,175,30,249
-11,25,47,18,123,137,175,168,224,48
-10,25,47,18,137,123,239,122,99,0
-9,25,47,18,101,123,137,228,51,81
-8,25,47,228,38,137,123,18,51,48
-7,25,47,18,123,38,48,228,51,116
-6,25,47,137,228,123,18,97,154,48
-5,25,47,228,123,224,18,51,81,76
-4,25,47,228,192,76,123,195,142,51
-3,25,47,192,76,195,123,228,21,81
-2,25,228,47,192,123,97,76,81,101
-1,25,47,43,147,61,130,134,123,182
-37,26,217,57,81,136,181,244,211,150
-36,26,166,88,12,137,71,189,159,244
-35,26,37,159,137,64,236,16,166,160
-34,26,166,159,37,147,137,16,64,14
-33,26,37,159,137,16,106,160,64,236
-32,26,37,137,160,159,24,64,166,61
-31,26,37,160,137,38,178,186,31,61
-30,26,37,178,186,160,38,61,27,166
-29,26,37,178,61,160,186,64,137,224
-28,26,160,137,37,61,178,172,156,52
-27,26,172,156,160,37,16,186,159,142
-26,26,160,172,16,37,156,232,60,186
-25,26,172,160,232,156,16,225,142,89
-24,26,232,160,172,156,137,16,178,152
-23,26,232,152,38,160,156,16,172,91
-22,26,152,229,232,14,16,172,160,142
-21,26,152,160,232,89,218,172,16,129
-20,26,137,160,51,16,124,159,37,14
-19,26,137,14,16,160,51,106,52,37
-18,26,14,16,160,137,236,232,106,139
-17,26,14,16,206,160,174,137,232,64
-16,26,137,160,14,16,224,171,31,203
-15,26,137,160,20,148,124,51,16,31
-14,26,160,137,51,147,37,54,148,16
-13,26,160,16,137,139,52,37,60,61
-12,26,186,37,160,16,156,29,169,142
-11,26,160,75,83,169,37,156,186,16
-10,26,156,169,232,11,129,203,186,213
-9,26,169,156,203,206,186,75,213,11
-8,26,169,206,220,75,160,180,11,156
-7,26,156,220,206,129,169,186,246,75
-6,26,52,160,137,169,75,206,197,203
-5,26,40,146,169,160,72,206,186,218
-4,26,40,146,169,39,156,186,206,11
-3,26,40,156,146,39,169,206,186,171
-2,26,40,146,171,160,206,72,169,75
-1,26,137,160,20,171,148,124,32,52
-37,27,247,191,225,218,83,82,108,117
-36,27,85,150,228,225,204,255,61,185
-35,27,85,250,18,61,63,113,218,152
-34,27,85,65,250,61,63,228,71,54
-33,27,85,250,174,63,71,18,218,45
-32,27,85,250,101,18,63,148,109,21
-31,27,85,99,101,219,241,250,218,152
-30,27,85,101,99,219,152,22,241,113
-29,27,85,101,250,113,22,84,239,21
-28,27,85,248,22,209,71,250,233,218
-27,27,85,22,209,71,132,186,219,49
-26,27,209,85,22,71,116,135,219,9
-25,27,209,18,22,85,152,112,63,239
-24,27,209,85,239,17,22,71,49,148
-23,27,209,17,85,103,241,166,220,86
-22,27,209,22,85,17,103,190,118,228
-21,27,209,18,17,85,22,33,112,118
-20,27,65,250,85,209,58,87,71,181
-19,27,240,85,250,218,54,63,71,103
-18,27,240,54,250,209,63,71,85,116
-17,27,209,5,85,177,22,18,71,190
-16,27,33,240,54,85,71,63,250,218
-15,27,85,228,165,200,181,87,187,58
-14,27,250,85,54,218,181,63,204,200
-13,27,250,248,192,85,71,63,135,218
-12,27,233,22,113,192,71,209,250,85
-11,27,233,71,113,192,85,22,13,135
-10,27,13,209,22,71,192,18,113,142
-9,27,192,13,135,33,22,142,71,113
-8,27,192,142,22,123,13,233,248,113
-7,27,22,142,192,240,113,71,63,135
-6,27,192,203,13,22,220,233,85,135
-5,27,142,22,192,76,135,207,13,197
-4,27,22,135,142,209,166,192,207,76
-3,27,79,22,142,116,192,209,207,113
-2,27,192,13,33,135,207,22,8,197
-1,27,181,200,174,165,87,81,85,23
-37,28,158,107,88,166,93,218,18,89
-36,28,152,252,229,130,247,166,60,63
-35,28,130,152,51,138,247,233,143,80
-34,28,130,152,247,156,51,245,0,147
-33,28,130,138,152,247,51,252,56,80
-32,28,130,190,252,152,51,170,28,174
-31,28,130,149,51,152,54,200,176,113
-30,28,130,149,176,167,51,6,147,8
-29,28,130,200,176,167,249,190,51,113
-28,28,130,54,167,46,152,233,51,230
-27,28,130,167,8,30,222,0,149,247
-26,28,130,167,138,233,8,51,158,30
-25,28,130,56,233,53,167,222,8,140
-24,28,130,190,167,233,51,193,30,224
-23,28,130,30,149,78,179,8,241,233
-22,28,130,30,222,233,179,232,140,149
-21,28,130,30,233,241,193,179,82,59
-20,28,130,170,5,96,152,167,0,51
-19,28,130,170,96,152,119,252,47,0
-18,28,130,138,152,51,170,21,56,20
-17,28,130,56,82,246,138,170,51,222
-16,28,130,190,193,170,212,210,51,82
-15,28,130,133,152,28,5,43,252,170
-14,28,130,170,252,156,152,168,51,24
-13,28,130,230,170,51,54,252,168,47
-12,28,130,167,54,0,118,55,46,51
-11,28,167,130,188,99,0,42,118,46
-10,28,130,99,167,42,118,95,53,59
-9,28,130,99,167,71,21,188,31,42
-8,28,186,21,130,167,71,99,137,121
-7,28,130,186,21,167,78,99,218,233
-6,28,130,193,167,233,99,121,188,31
-5,28,45,130,71,78,167,21,99,121
-4,28,45,167,130,78,21,2,147,233
-3,28,138,130,45,56,66,201,21,167
-2,28,130,71,193,146,42,233,23,66
-1,28,130,133,170,39,43,5,80,252
-37,29,106,96,171,25,86,125,112,42
-36,29,248,64,20,201,185,100,79,241
-35,29,64,185,78,35,201,147,238,56
-34,29,110,64,201,185,147,247,35,248
-33,29,201,185,78,64,242,35,230,25
-32,29,64,201,185,17,21,20,125,56
-31,29,130,64,155,201,32,56,248,236
-30,29,130,185,56,23,32,64,191,155
-29,29,214,185,32,56,64,23,17,21
-28,29,64,23,236,56,231,147,17,242
-27,29,185,23,231,191,242,147,50,56
-26,29,78,185,23,231,56,147,242,115
-25,29,19,213,185,23,62,231,173,235
-24,29,180,23,21,185,88,56,64,115
-23,29,180,155,232,115,236,137,242,35
-22,29,26,180,232,155,231,243,64,240
-21,29,180,62,232,164,88,115,71,231
-20,29,172,64,20,147,230,17,87,50
-19,29,64,147,155,230,20,194,218,231
-18,29,78,147,230,64,137,142,103,231
-17,29,19,147,64,35,231,28,78,187
-16,29,164,88,147,21,64,91,221,20
-15,29,64,87,76,250,20,172,248,91
-14,29,110,20,64,213,17,230,147,5
-13,29,20,142,147,139,49,236,64,187
-12,29,236,56,50,115,147,23,139,187
-11,29,115,50,139,236,23,56,92,229
-10,29,115,19,23,229,21,50,56,206
-9,29,115,164,229,50,21,139,206,92
-8,29,206,115,49,139,92,50,218,173
-7,29,115,173,155,206,130,56,49,92
-6,29,88,115,49,173,214,21,35,61
-5,29,115,49,78,157,173,213,139,56
-4,29,23,102,56,114,139,230,173,231
-3,29,23,78,213,231,56,206,73,147
-2,29,164,115,88,21,112,35,119,49
-1,29,250,76,64,87,20,172,35,119
-37,30,31,174,75,94,32,160,141,217
-36,30,13,134,126,72,161,176,199,177
-35,30,13,72,177,251,237,66,134,87
-34,30,13,128,251,126,177,148,135,103
-33,30,13,130,177,66,72,135,251,87
-32,30,13,135,126,63,99,250,25,192
-31,30,13,6,9,25,242,234,177,135
-30,30,9,72,13,25,87,165,234,242
-29,30,13,9,72,28,151,63,25,21
-28,30,13,192,69,28,9,165,251,21
-27,30,72,13,28,165,9,21,87,251
-26,30,28,13,72,165,9,1,206,251
-25,30,28,13,165,87,72,151,21,9
-24,30,28,151,1,63,192,13,165,21
-23,30,235,6,13,1,122,165,28,145
-22,30,55,235,13,165,70,122,1,28
-21,30,235,151,63,28,50,209,1,70
-20,30,148,135,251,192,187,1,13,115
-19,30,148,1,135,13,251,6,192,159
-18,30,251,13,237,66,221,1,192,135
-17,30,141,219,251,13,66,192,151,70
-16,30,250,251,162,232,151,99,63,50
-15,30,179,134,43,187,13,163,135,197
-14,30,135,159,71,251,13,192,177,163
-13,30,69,192,13,251,103,12,135,2
-12,30,12,192,103,165,13,251,6,106
-11,30,12,103,13,165,205,106,190,251
-10,30,90,165,12,13,103,1,190,251
-9,30,90,12,190,165,13,103,251,188
-8,30,165,190,12,251,103,70,238,188
-7,30,165,12,9,69,238,3,103,151
-6,30,162,165,50,192,12,13,151,251
-5,30,237,12,165,215,251,214,73,50
-4,30,12,214,215,251,165,135,9,6
-3,30,12,165,130,28,238,66,251,151
-2,30,162,99,192,50,63,250,12,94
-1,30,179,192,134,2,187,13,197,111
-37,31,35,75,30,20,96,162,60,36
-36,31,75,162,221,35,41,20,36,207
-35,31,35,40,75,107,60,42,66,226
-34,31,35,42,120,107,75,162,111,40
-33,31,35,247,40,249,66,75,42,107
-32,31,35,66,107,106,162,151,40,42
-31,31,35,106,40,162,107,66,7,175
-30,31,35,175,102,40,107,162,7,66
-29,31,35,144,175,40,107,162,106,66
-28,31,35,40,51,162,175,111,106,107
-27,31,35,40,175,111,107,162,216,38
-26,31,40,35,175,111,107,162,14,216
-25,31,40,35,247,175,38,216,111,253
-24,31,35,132,175,40,253,111,162,106
-23,31,132,35,16,216,162,14,233,8
-22,31,237,132,16,35,216,14,8,162
-21,31,35,216,247,16,132,40,175,14
-20,31,35,130,42,162,111,70,107,96
-19,31,42,35,162,96,107,179,40,216
-18,31,42,35,70,96,247,111,162,107
-17,31,247,35,70,42,96,111,230,162
-16,31,35,42,70,162,111,96,183,228
-15,31,162,20,35,205,109,75,42,130
-14,31,30,162,42,225,12,228,35,96
-13,31,51,42,111,35,162,113,106,234
-12,31,111,51,162,113,107,35,40,106
-11,31,111,252,40,35,107,106,162,175
-10,31,111,252,146,35,40,247,113,175
-9,31,111,252,35,146,113,238,170,40
-8,31,111,113,71,60,35,28,252,251
-7,31,111,151,60,38,35,71,43,28
-6,31,111,35,28,252,38,43,113,170
-5,31,28,111,35,38,170,71,113,43
-4,31,40,111,107,28,120,175,43,113
-3,31,111,247,113,107,40,35,70,170
-2,31,35,111,162,113,234,146,43,72
-1,31,20,42,162,205,109,130,35,30
-37,32,195,68,112,27,146,178,185,252
-36,32,224,252,68,27,197,112,178,50
-35,32,75,14,144,197,27,28,50,61
-34,32,238,113,50,21,158,55,61,27
-33,32,14,197,50,27,61,75,212,217
-32,32,109,76,123,159,27,61,50,179
-31,32,17,89,61,217,212,8,210,199
-30,32,224,61,217,212,197,65,89,81
-29,32,212,179,217,61,18,123,86,76
-28,32,195,61,146,162,194,178,21,217
-27,32,224,61,197,21,217,206,212,171
-26,32,61,28,197,14,217,75,120,171
-25,32,61,14,217,171,176,142,28,66
-24,32,76,61,179,171,109,246,18,86
-23,32,17,171,199,194,176,61,175,37
-22,32,224,171,101,197,176,175,37,232
-21,32,171,179,176,144,28,26,57,246
-20,32,113,99,21,238,159,178,55,254
-19,32,17,21,247,178,176,42,238,194
-18,32,92,14,197,50,75,144,55,206
-17,32,14,85,144,92,50,57,21,117
-16,32,76,179,85,123,57,21,117,55
-15,32,98,99,134,112,192,68,131,178
-14,32,116,192,159,238,185,55,68,178
-13,32,146,195,86,120,178,68,117,28
-12,32,17,178,194,217,89,40,66,61
-11,32,96,186,217,61,116,40,42,21
-10,32,85,22,48,12,21,120,18,102
-9,32,85,48,28,22,40,21,144,18
-8,32,40,146,102,86,21,221,66,195
-7,32,17,40,86,217,61,27,66,203
-6,32,179,86,27,40,125,66,157,21
-5,32,75,40,61,66,245,116,27,217
-4,32,61,75,245,40,116,194,158,217
-3,32,14,61,40,66,197,75,157,117
-2,32,179,104,27,76,125,28,66,117
-1,32,98,192,99,178,134,112,131,49
-37,33,127,189,37,97,217,181,72,36
-36,33,127,63,72,217,156,71,18,16
-35,33,127,161,103,5,63,72,250,40
-34,33,127,63,41,190,72,40,224,219
-33,33,127,103,5,63,72,219,16,89
-32,33,127,189,139,198,11,95,68,143
-31,33,105,127,214,94,29,23,117,159
-30,33,63,156,127,159,18,40,105,142
-29,33,151,127,11,139,104,132,29,225
-28,33,75,127,97,37,94,49,6,189
-27,33,63,127,156,18,40,12,10,206
-26,33,103,5,127,59,18,133,12,63
-25,33,237,103,68,59,11,12,84,127
-24,33,139,11,142,127,56,104,250,36
-23,33,117,23,214,142,94,127,10,173
-22,33,201,117,142,179,156,10,127,197
-21,33,68,234,142,104,132,10,127,162
-20,33,190,127,41,232,104,107,49,72
-19,33,127,23,214,217,94,142,40,10
-18,33,103,54,5,127,250,40,161,181
-17,33,68,103,127,54,5,133,181,250
-16,33,234,95,56,162,11,127,181,104
-15,33,127,86,183,238,126,0,39,29
-14,33,127,182,232,86,28,72,244,107
-13,33,75,133,37,97,127,6,49,54
-12,33,49,23,214,94,127,40,159,6
-11,33,49,11,58,182,238,127,116,122
-10,33,56,49,139,107,143,224,162,142
-9,33,234,49,224,107,56,162,127,253
-8,33,36,97,224,37,168,49,6,122
-7,33,23,117,36,214,49,94,6,122
-6,33,96,49,36,104,132,6,151,127
-5,33,161,198,11,5,6,182,104,36
-4,33,168,182,94,11,23,214,41,12
-3,33,103,5,237,59,161,122,40,133
-2,33,234,49,132,127,104,96,90,95
-1,33,127,183,86,49,126,39,129,0
-37,34,63,51,255,212,204,186,90,109
-36,34,152,51,63,105,204,54,234,251
-35,34,227,109,152,11,102,249,51,29
-34,34,88,34,97,152,161,102,51,29
-33,34,227,152,11,102,18,141,204,51
-32,34,48,240,72,51,44,195,238,155
-31,34,51,12,58,61,149,187,54,170
-30,34,152,149,54,155,51,213,102,58
-29,34,48,240,44,61,28,51,238,72
-28,34,212,255,187,51,19,235,54,225
-27,34,152,54,188,235,102,213,155,70
-26,34,227,152,5,11,235,225,213,188
-25,34,18,225,48,152,11,235,102,72
-24,34,44,48,240,28,72,195,238,153
-23,34,153,58,187,54,47,114,28,19
-22,34,153,49,217,47,58,28,114,213
-21,34,48,94,44,28,240,153,72,238
-20,34,88,51,161,97,21,252,102,62
-19,34,188,51,58,12,102,54,187,21
-18,34,227,109,143,102,11,5,188,202
-17,34,11,18,143,102,227,202,222,8
-16,34,72,44,240,102,51,238,222,28
-15,34,51,84,96,26,207,1,61,252
-14,34,9,51,205,252,45,56,21,102
-13,34,212,255,5,51,238,90,222,21
-12,34,177,187,51,19,102,54,21,202
-11,34,180,101,205,196,102,202,51,95
-10,34,175,195,48,143,64,240,28,220
-9,34,240,175,64,95,220,72,48,202
-8,34,28,90,212,255,95,81,55,64
-7,34,149,28,58,187,90,202,12,177
-6,34,44,238,28,206,202,51,173,90
-5,34,205,227,44,238,28,202,102,173
-4,34,205,34,187,19,54,12,173,188
-3,34,11,143,227,18,235,28,202,102
-2,34,44,240,238,20,51,28,40,177
-1,34,84,51,96,26,207,62,228,1
-37,35,43,44,97,22,129,203,49,135
-36,35,112,129,135,203,84,22,225,28
-35,35,223,44,3,10,83,60,22,61
-34,35,3,39,61,223,60,10,212,35
-33,35,114,3,223,10,104,46,86,83
-32,35,185,223,148,10,92,190,250,3
-31,35,60,206,22,10,223,3,80,83
-30,35,60,206,10,80,83,3,223,184
-29,35,114,218,148,190,60,206,74,10
-28,35,49,63,3,223,214,61,10,145
-27,35,63,214,3,223,184,60,212,40
-26,35,184,63,223,214,3,10,60,73
-25,35,117,63,191,184,223,3,10,255
-24,35,184,71,185,255,190,148,191,74
-23,35,71,255,7,184,152,159,0,123
-22,35,71,224,255,152,7,159,184,0
-21,35,255,190,71,117,148,74,184,134
-20,35,61,218,184,74,255,3,145,35
-19,35,196,184,255,3,214,40,35,63
-18,35,196,214,3,184,35,136,255,244
-17,35,3,35,214,244,136,66,111,229
-16,35,196,148,61,185,191,35,190,3
-15,35,203,102,57,42,29,40,181,152
-14,35,218,132,22,3,61,108,10,223
-13,35,49,136,61,145,241,212,3,76
-12,35,61,145,214,49,184,3,63,60
-11,35,184,145,153,61,3,255,63,218
-10,35,2,61,85,185,94,184,5,3
-9,35,2,94,85,61,5,185,3,20
-8,35,99,39,49,61,20,3,161,212
-7,35,196,49,145,60,80,206,20,184
-6,35,190,148,61,74,102,97,49,80
-5,35,3,184,148,63,80,10,73,151
-4,35,3,63,184,214,151,132,73,60
-3,35,214,244,191,3,63,184,7,151
-2,35,148,190,203,97,74,191,21,179
-1,35,203,102,179,57,17,42,245,181
-37,36,73,234,45,212,0,159,186,37
-36,36,73,212,239,24,214,251,186,255
-35,36,55,251,14,193,48,214,73,194
-34,36,193,207,73,239,196,214,203,194
-33,36,214,48,196,73,193,194,242,239
-32,36,125,142,26,242,227,79,39,196
-31,36,253,193,0,63,196,214,242,235
-30,36,193,239,24,251,196,198,139,244
-29,36,211,142,227,39,115,202,248,193
-28,36,193,0,234,8,244,66,73,210
-27,36,239,193,24,251,244,117,139,210
-26,36,193,251,48,239,24,244,139,40
-25,36,193,44,37,244,48,139,142,39
-24,36,147,227,142,115,39,244,211,125
-23,36,25,253,0,210,16,245,7,31
-22,36,25,255,24,245,57,16,210,31
-21,36,115,142,39,25,227,244,147,7
-20,36,207,202,248,246,193,152,49,211
-19,36,0,203,193,239,253,244,139,116
-18,36,48,193,203,239,251,129,139,166
-17,36,44,48,37,203,193,129,166,125
-16,36,142,202,39,115,248,227,193,203
-15,36,120,70,7,165,217,219,66,225
-14,36,181,248,211,120,246,152,202,203
-13,36,234,227,147,193,203,126,73,39
-12,36,0,193,253,8,210,98,167,7
-11,36,193,98,211,210,8,0,244,92
-10,36,67,125,202,246,37,195,142,152
-9,36,202,195,67,246,142,152,125,248
-8,36,234,147,49,227,202,193,117,34
-7,36,253,0,193,11,73,166,147,8
-6,36,227,115,39,147,193,11,76,202
-5,36,193,251,244,39,227,34,115,210
-4,36,253,193,0,244,172,8,239,34
-3,36,193,48,129,251,244,57,166,139
-2,36,115,39,227,142,19,235,225,167
-1,36,219,60,235,62,70,230,165,120
-37,37,72,219,209,145,165,220,48,28
-36,37,219,50,209,48,28,90,14,72
-35,37,48,162,126,196,14,28,209,97
-34,37,209,48,241,90,15,28,97,37
-33,37,48,28,162,14,97,94,57,20
-32,37,48,196,174,27,78,67,126,175
-31,37,220,184,164,84,93,37,219,48
-30,37,50,14,112,37,90,227,209,97
-29,37,67,174,78,27,48,143,193,184
-28,37,84,145,220,209,57,90,227,37
-27,37,50,14,90,209,57,87,241,147
-26,37,14,162,87,57,147,50,221,126
-25,37,14,162,87,57,196,147,193,45
-24,37,78,27,193,102,221,196,87,175
-23,37,102,84,221,164,220,87,26,209
-22,37,102,221,50,14,87,54,159,90
-21,37,221,27,78,102,87,55,54,113
-20,37,48,67,161,174,143,60,135,87
-19,37,84,57,209,48,220,87,90,164
-18,37,162,55,14,57,241,48,87,147
-17,37,162,55,14,126,241,57,227,97
-16,37,27,78,126,169,55,127,80,175
-15,37,182,72,55,190,123,143,58,48
-14,37,48,143,67,174,161,190,55,135
-13,37,145,241,175,55,193,48,227,78
-12,37,84,145,241,220,57,164,250,227
-11,37,84,31,143,241,93,220,145,87
-10,37,60,43,161,135,174,55,78,209
-9,37,60,43,161,135,174,227,126,55
-8,37,193,15,241,90,227,83,209,55
-7,37,84,93,220,164,250,241,180,12
-6,37,27,78,15,193,227,241,169,145
-5,37,227,241,27,84,127,87,37,94
-4,37,84,220,90,57,241,227,147,28
-3,37,14,162,241,57,147,227,55,45
-2,37,169,27,127,78,145,16,227,180
-1,37,182,145,55,163,58,19,72,125
-37,38,120,209,87,125,22,132,97,0
-36,38,209,146,86,79,97,84,44,33
-35,38,209,97,75,44,52,84,132,124
-34,38,209,97,44,250,86,84,126,75
-33,38,209,97,185,75,84,79,124,228
-32,38,209,132,80,30,215,101,97,119
-31,38,209,136,95,59,228,97,101,22
-30,38,209,146,59,228,44,86,4,97
-29,38,209,80,30,215,101,9,234,44
-28,38,209,75,44,86,97,22,4,3
-27,38,209,44,75,146,86,244,97,3
-26,38,209,75,124,3,244,4,97,157
-25,38,209,75,3,244,157,97,33,52
-24,38,209,80,215,157,75,101,119,4
-23,38,157,209,136,4,22,244,131,3
-22,38,157,146,4,209,244,99,86,3
-21,38,209,157,88,215,80,75,119,173
-20,38,209,30,71,9,97,234,44,80
-19,38,209,44,97,86,244,22,250,136
-18,38,209,97,244,250,124,79,44,254
-17,38,209,185,97,254,79,250,173,52
-16,38,209,80,169,97,119,215,173,44
-15,38,209,173,148,71,75,92,179,202
-14,38,209,30,101,9,97,234,195,44
-13,38,209,87,215,250,44,97,126,251
-12,38,209,250,97,44,75,22,86,84
-11,38,209,75,244,250,44,97,86,157
-10,38,234,201,209,163,30,87,119,44
-9,38,234,209,201,163,30,119,9,44
-8,38,139,250,44,126,209,97,215,86
-7,38,136,209,250,191,233,158,59,96
-6,38,215,209,139,119,75,251,169,250
-5,38,209,250,75,97,44,215,244,67
-4,38,75,244,250,44,97,86,22,209
-3,38,250,44,75,126,209,244,124,97
-2,38,209,169,215,119,173,61,96,158
-1,38,209,148,179,173,92,70,143,202
-37,39,224,108,23,78,241,16,185,52
-36,39,78,85,13,62,177,52,181,34
-35,39,224,181,77,78,52,62,251,177
-34,39,72,52,181,62,36,78,15,13
-33,39,181,62,77,177,52,78,13,34
-32,39,244,158,92,44,183,250,239,251
-31,39,23,16,52,241,248,188,145,146
-30,39,181,52,85,177,13,62,188,15
-29,39,244,92,183,158,250,9,239,72
-28,39,241,23,52,16,145,62,181,61
-27,39,177,52,13,62,85,181,61,254
-26,39,52,13,177,62,181,254,61,14
-25,39,52,77,254,181,62,61,14,9
-24,39,158,244,9,183,231,14,239,182
-23,39,146,16,145,182,14,23,213,52
-22,39,85,13,177,14,182,61,52,213
-21,39,158,231,244,239,9,172,14,182
-20,39,250,92,72,69,244,183,61,196
-19,39,62,145,52,78,181,16,23,61
-18,39,62,78,77,181,52,242,61,13
-17,39,77,62,44,78,52,181,242,167
-16,39,158,244,183,231,239,122,179,75
-15,39,2,248,189,38,69,162,169,93
-14,39,250,75,246,248,1,92,9,188
-13,39,158,251,72,165,36,23,127,188
-12,39,241,16,23,145,52,146,68,181
-11,39,145,52,62,9,181,241,146,14
-10,39,250,246,138,1,92,215,44,239
-9,39,246,250,1,92,248,215,239,125
-8,39,72,36,224,244,183,15,158,252
-7,39,241,23,146,224,127,151,223,159
-6,39,158,72,36,254,197,75,231,179
-5,39,158,166,254,165,27,52,14,188
-4,39,145,52,62,181,254,16,14,36
-3,39,62,181,77,52,242,254,14,13
-2,39,158,231,179,75,117,239,18,139
-1,39,2,248,189,38,69,107,159,93
0,0,177,47,235,115,158,132,192,81
0,1,112,224,250,11,244,205,233,155
0,2,158,100,10,93,109,29,145,179
0,3,37,225,25,214,117,199,133,159
0,4,222,142,154,15,108,102,128,163
0,5,193,158,65,151,127,186,88,205
0,6,196,79,153,138,167,157,60,54
0,7,36,117,147,35,37,29,76,229
0,8,4,107,191,164,234,239,56,77
0,9,95,2,164,239,197,8,47,198
0,10,198,169,247,91,234,130,187,125
0,11,189,108,3,111,238,206,145,128
0,12,39,74,26,65,93,63,160,194
0,13,47,43,175,147,134,154,66,6
0,14,137,52,159,50,160,51,124,224
0,15,87,250,165,81,174,63,233,200
0,16,252,170,5,233,130,80,46,43
0,17,250,35,20,64,87,115,17,119
0,18,57,2,197,192,13,134,126,179
0,19,42,26,109,20,116,75,36,111
0,20,191,80,56,19,234,115,239,222
0,21,47,2,164,197,95,44,29,94
0,22,198,169,187,234,124,91,65,122
0,23,206,128,189,108,3,136,86,107
0,24,74,242,93,63,1,26,39,160
0,25,134,47,182,147,130,43,175,234
0,26,137,148,159,160,32,50,103,124
0,27,165,87,58,181,162,62,229,250
0,28,229,130,43,252,80,233,225,210
0,29,248,87,0,201,64,22,20,250
0,30,134,163,197,43,179,13,111,21
0,31,20,116,36,109,75,26,205,4
0,32,119,134,112,90,106,160,2,192
0,33,127,93,92,43,116,183,129,52
0,34,26,85,1,51,225,86,82,171
0,35,42,57,72,145,203,22,172,102
0,36,120,14,70,20,83,75,174,66
0,37,182,190,104,39,72,31,184,152
0,38,209,151,27,148,103,75,71,249
0,39,162,154,38,110,69,243,12,254
1,0,77,37,173,184,138,238,75,26
1,1,112,214,250,172,224,147,19,129
1,2,49,219,217,158,29,11,60,153
1,3,224,6,61,87,159,69,94,25
1,4,233,200,192,27,195,129,163,108
1,5,65,71,110,158,188,127,86,43
1,6,143,138,133,169,203,22,60,254
1,7,35,208,125,184,229,65,183,117
1,8,141,224,29,191,98,72,173,20
1,9,20,2,255,36,8,121,243,18
1,10,243,157,65,185,247,125,198,188
1,11,89,150,128,206,108,204,160,47
1,12,145,221,60,220,209,39,0,199
1,13,89,202,182,66,44,243,134,78
1,14,189,103,137,28,125,88,32,51
1,15,229,185,165,58,244,242,148,46
1,16,163,60,38,28,75,252,35,229
1,17,248,208,22,87,64,5,167,198
1,18,134,213,43,2,203,124,197,217
1,19,36,121,195,167,20,201,56,116
1,20,175,224,173,141,116,99,223,191
1,21,18,170,2,200,95,155,122,121
1,22,48,243,65,185,125,176,247,35
1,23,150,239,128,160,206,16,143,13
1,24,145,60,0,221,53,235,16,102
1,25,243,182,185,89,202,44,149,212
1,26,103,88,12,137,229,28,189,230
1,27,229,185,165,242,46,228,58,87
1,28,163,229,205,92,75,57,60,252
1,29,22,248,46,241,87,208,167,247
1,30,134,126,43,201,15,161,213,163
1,31,36,121,26,201,20,167,154,194
1,32,112,250,53,2,136,95,43,160
1,33,127,164,52,92,9,83,219,134
1,34,63,26,85,105,113,186,1,92
1,35,43,42,72,57,84,86,22,138
1,36,45,75,14,212,201,73,120,56
1,37,72,206,138,23,182,211,39,219
1,38,209,103,120,249,104,151,248,168
1,39,238,162,222,10,21,228,159,148
2,0,115,81,132,158,177,47,235,206
2,1,112,19,224,250,233,86,172,11
2,2,106,41,129,11,49,158,95,29
2,3,37,214,25,225,199,124,159,41
2,4,58,154,129,88,222,165,127,195
2,5,218,65,127,88,71,86,205,44
2,6,7,169,65,138,22,226,31,143
2,7,229,14,208,184,36,35,117,147
2,8,180,4,191,164,224,99,107,52
2,9,239,2,59,197,255,95,8,164
2,10,185,196,125,65,243,247,157,87
2,11,160,99,108,206,19,128,86,89
2,12,145,60,223,221,193,93,220,151
2,13,103,182,89,134,243,220,202,214
2,14,103,189,28,137,32,125,64,51
2,15,229,58,242,46,185,165,23,148
2,16,163,28,60,38,252,130,40,238
2,17,46,87,248,64,208,0,5,35
2,18,43,134,254,195,213,197,203,124
2,19,121,36,116,195,20,167,109,26
2,20,224,173,116,141,191,99,56,77
2,21,239,2,197,255,95,170,191,18
2,22,243,125,65,176,185,25,35,36
2,23,206,128,19,108,160,86,233,9
2,24,60,151,93,221,145,85,193,209
2,25,182,103,243,202,134,185,89,212
2,26,103,88,105,226,28,137,189,149
2,27,242,185,165,58,87,229,46,31
2,28,17,61,229,60,238,40,163,35
2,29,46,0,87,111,198,248,208,37
2,30,134,43,163,89,15,254,85,203
2,31,121,20,57,116,36,26,154,75
2,32,112,119,90,252,53,181,134,2
2,33,43,92,52,210,127,93,164,129
2,34,26,92,85,132,133,1,82,51
2,35,72,42,84,57,18,119,204,160
2,36,45,20,83,222,73,221,56,192
2,37,72,182,39,138,88,69,233,206
2,38,120,249,103,151,209,200,134,109
2,39,162,238,107,170,222,21,221,211
3,0,238,43,173,30,200,95,140,112
3,1,19,112,86,224,250,147,129,172
3,2,49,11,219,60,106,153,217,188
3,3,38,159,25,94,69,61,246,6
3,4,88,154,192,195,58,129,108,117
3,5,158,65,86,127,110,205,88,218
3,6,138,226,143,169,22,68,60,79
3,7,35,14,229,125,208,36,203,117
3,8,191,99,224,77,180,20,72,173
3,9,2,255,59,20,170,36,243,197
3,10,65,243,125,185,27,196,157,247
3,11,160,206,108,128,89,47,106,150
3,12,223,145,220,221,60,199,128,39
3,13,134,182,66,202,243,89,175,154
3,14,189,137,103,28,51,32,64,125
3,15,165,87,229,185,58,242,4,46
3,16,60,163,229,252,43,28,9,233
3,17,87,0,64,5,248,35,15,20
3,18,134,197,43,163,13,254,204,87
3,19,20,116,167,121,109,36,215,195
3,20,116,56,239,115,19,77,224,191
3,21,2,197,191,255,164,170,203,239
3,22,125,243,65,176,196,150,185,36
3,23,9,206,128,160,108,86,47,74
3,24,151,221,93,220,74,60,145,107
3,25,182,134,154,202,32,66,147,243
3,26,103,137,159,51,32,105,88,10
3,27,87,165,58,172,242,181,185,162
3,28,229,43,233,80,150,111,252,9
3,29,0,87,124,248,16,250,201,64
3,30,134,163,197,43,226,13,195,179
3,31,20,116,109,205,26,167,75,154
3,32,90,252,119,112,134,192,2,181
3,33,92,43,83,93,127,210,16,52
3,34,26,1,85,186,86,92,132,133
3,35,42,57,72,84,160,145,204,97
3,36,83,120,20,70,221,14,73,76
3,37,72,182,190,138,104,58,29,65
3,38,209,151,148,75,223,249,103,92
3,39,238,228,46,38,243,221,87,222
4,0,200,140,81,158,115,208,132,206
4,1,182,233,19,82,11,155,250,211
4,2,172,106,217,95,49,153,41,119
4,3,199,233,117,214,25,236,37,41
4,4,154,58,102,192,142,30,195,15
4,5,158,65,127,43,88,205,110,188
4,6,138,79,22,65,143,196,60,254
4,7,117,35,147,229,36,14,23,64
4,8,77,239,56,180,4,191,164,84
4,9,2,203,36,239,197,191,8,13
4,10,243,65,196,157,185,91,247,198
4,11,108,128,106,206,160,107,42,62
4,12,220,93,223,145,221,39,74,107
4,13,134,182,154,138,175,160,66,47
4,14,137,52,32,51,159,64,167,148
4,15,165,87,162,148,58,242,22,250
4,16,229,252,233,43,170,28,80,130
4,17,0,87,64,5,20,35,201,115
4,18,197,204,13,134,43,87,163,177
4,19,20,109,116,215,167,205,39,42
4,20,239,115,186,222,56,116,190,19
4,21,2,203,197,191,13,47,156,43
4,22,243,125,150,157,91,176,198,35
4,23,128,206,106,107,9,39,108,189
4,24,220,93,107,221,53,74,151,1
4,25,182,134,48,202,138,175,154,30
4,26,137,159,37,32,51,103,61,178
4,27,87,165,172,22,58,21,181,162
4,28,229,43,233,46,80,111,9,200
4,29,201,0,87,5,16,250,248,20
4,30,163,134,197,21,43,170,15,111
4,31,116,20,66,39,106,109,26,40
4,32,119,90,106,134,13,2,191,8
4,33,93,92,29,220,83,116,165,237
4,34,225,82,85,26,1,171,86,61
4,35,145,57,22,63,59,42,34,0
4,36,120,14,70,83,145,168,193,66
4,37,182,190,104,184,31,58,37,83
4,38,27,75,151,148,71,213,95,92
4,39,110,69,38,254,12,243,15,154
5,0,106,66,43,238,99,236,157,191
5,1,19,86,242,112,224,124,211,128
5,2,49,133,60,11,217,188,219,58
5,3,44,19,202,214,234,246,82,94
5,4,88,30,154,149,80,192,160,89
5,5,158,60,44,24,88,110,211,218
5,6,69,68,138,183,208,143,158,65
5,7,37,35,1,6,71,207,90,10
5,8,222,190,84,56,4,186,19,164
5,9,156,237,128,234,2,13,47,192
5,10,91,157,196,73,243,65,194,142
5,11,10,107,27,154,108,106,69,160
5,12,220,145,1,107,194,121,155,18
5,13,30,182,138,18,226,224,175,70
5,14,37,61,159,178,51,32,137,24
5,15,22,87,250,165,101,154,162,239
5,16,46,233,205,161,252,249,66,28
5,17,201,17,56,248,18,211,130,205
5,18,113,158,9,25,211,122,87,174
5,19,151,106,107,66,40,215,26,164
5,20,222,186,190,115,202,239,19,84
5,21,156,128,192,252,234,237,43,2
5,22,73,91,143,243,92,35,157,223
5,23,29,107,254,9,188,115,200,94
5,24,107,145,18,194,140,121,1,219
5,25,182,244,30,18,202,48,175,226
5,26,178,37,159,61,103,186,225,137
5,27,87,22,101,11,188,219,88,84
5,28,200,46,9,233,40,205,111,229
5,29,201,32,211,130,56,10,23,18
5,30,122,25,158,87,9,127,165,223
5,31,106,215,164,66,40,16,155,39
5,32,191,8,106,88,13,134,2,217
5,33,161,29,92,116,220,5,165,12
5,34,61,114,109,6,227,9,93,149
5,35,22,34,30,206,159,60,145,115
5,36,136,63,29,14,31,235,59,120
5,37,184,219,37,36,205,190,109,4
5,38,241,95,31,213,112,67,59,92
5,39,15,115,129,189,2,213,224,247
6,0,254,120,191,244,45,163,16,81
6,1,143,255,167,153,215,3,182,21
6,2,129,42,223,187,5,133,237,78
6,3,163,36,234,44,108,159,224,126
6,4,198,30,206,233,117,80,178,192
6,5,24,158,64,149,89,48,113,60
6,6,250,254,69,223,21,71,162,195
6,7,37,245,130,83,120,71,35,218
6,8,202,222,19,232,72,186,183,248
6,9,252,117,8,192,234,43,128,52
6,10,73,92,42,91,20,201,143,35
6,11,254,154,135,94,9,106,115,10
6,12,107,18,121,73,84,140,65,27
6,13,244,118,30,239,122,133,224,226
6,14,178,186,37,61,219,225,89,160
6,15,22,101,219,188,239,95,87,84
6,16,233,161,46,200,40,90,167,110
6,17,10,130,56,201,32,17,23,214
6,18,25,9,87,28,127,211,21,116
6,19,106,118,175,40,107,215,132,144
6,20,222,202,186,190,115,13,19,207
6,21,192,252,128,234,13,117,24,197
6,22,73,20,42,92,91,143,201,35
6,23,254,154,71,135,94,106,107,9
6,24,18,107,140,84,65,121,1,50
6,25,118,244,18,30,48,202,124,223
6,26,178,37,61,225,32,186,103,137
6,27,87,95,22,88,84,188,239,21
6,28,200,46,9,233,114,167,90,249
6,29,10,201,32,214,16,248,205,160
6,30,197,127,134,81,116,21,209,211
6,31,39,164,99,118,66,215,40,220
6,32,209,191,28,106,134,78,13,8
6,33,225,29,92,116,197,52,250,151
6,34,6,163,120,86,171,191,61,99
6,35,9,22,145,181,57,34,20,97
6,36,14,120,29,136,39,31,134,63
6,37,190,184,137,226,109,65,101,175
6,38,242,18,195,115,24,196,95,143
6,39,75,219,132,134,115,129,235,222
7,0,97,142,166,113,205,123,210,215
7,1,239,111,0,117,118,34,249,62
7,2,217,133,40,31,164,25,175,106
7,3,37,211,48,59,234,31,42,84
7,4,30,161,222,198,154,251,195,32
7,5,158,24,44,149,211,88,46,218
7,6,69,250,8,59,65,142,187,196
7,7,37,23,10,91,1,90,64,7
7,8,222,84,207,56,186,109,190,202
7,9,39,13,203,29,237,105,47,192
7,10,91,73,92,196,157,72,42,185
7,11,107,154,10,106,42,254,174,147
7,12,220,205,194,121,65,107,84,46
7,13,18,138,30,48,134,175,226,122
7,14,37,61,178,159,51,32,60,137
7,15,22,87,165,88,250,239,71,213
7,16,233,46,161,167,249,229,90,205
7,17,17,201,56,5,87,205,50,250
7,18,197,21,28,211,135,251,113,12
7,19,40,109,20,107,106,111,167,39
7,20,222,186,239,190,207,115,13,4
7,21,203,13,2,105,24,39,156,47
7,22,91,35,143,243,73,157,72,198
7,23,107,128,147,106,42,154,250,3
7,24,220,46,84,65,194,107,155,1
7,25,18,48,30,182,134,249,202,175
7,26,61,37,178,32,137,172,159,175
7,27,22,165,87,88,84,21,239,71
7,28,46,167,9,43,233,136,249,229
7,29,201,16,50,87,23,231,5,0
7,30,21,197,81,211,28,70,135,15
7,31,39,40,164,251,109,66,181,20
7,32,134,106,90,191,192,91,119,131
7,33,183,116,238,92,126,190,86,38
7,34,86,171,207,180,88,235,26,225
7,35,145,22,57,20,153,63,40,161
7,36,120,14,207,70,211,181,202,117
7,37,65,190,145,143,31,182,72,83
7,38,75,213,148,209,92,71,18,3
7,39,15,243,2,254,46,134,69,38
8,0,81,115,158,132,235,208,61,182
8,1,182,211,233,239,155,11,117,118
8,2,217,87,133,64,121,198,167,123
8,3,214,37,236,82,199,117,230,234
8,4,142,154,102,30,222,95,129,54
8,5,158,88,44,65,110,43,193,205
8,6,69,138,65,250,79,22,196,8
8,7,117,23,37,90,64,147,10,35
8,8,239,84,180,116,77,56,190,4
8,9,239,2,191,13,197,8,203,164
8,10,91,125,157,247,65,198,185,243
8,11,108,128,206,107,106,189,160,62
8,12,93,220,145,223,1,74,128,221
8,13,134,154,182,138,175,220,160,224
8,14,137,51,32,52,159,167,61,37
8,15,87,165,162,250,22,58,148,172
8,16,233,252,43,170,229,205,28,60
8,17,0,87,250,5,201,17,20,64
8,18,197,163,134,13,170,161,43,87
8,19,20,109,116,215,167,205,39,160
8,20,186,239,116,115,4,207,19,56
8,21,191,197,203,13,2,239,164,47
8,22,125,243,150,176,169,35,198,91
8,23,128,206,107,106,189,42,86,9
8,24,220,93,107,74,151,53,221,54
8,25,134,182,48,154,147,175,138,249
8,26,32,137,51,159,61,10,103,37
8,27,87,165,181,58,22,162,172,88
8,28,233,43,46,80,9,167,229,5
8,29,0,87,16,250,201,5,198,50
8,30,163,21,197,81,179,170,70,211
8,31,116,39,20,109,205,251,215,40
8,32,134,106,119,90,192,131,91,186
8,33,93,183,116,92,238,129,38,86
8,34,82,86,207,85,171,180,26,235
8,35,57,145,22,42,20,153,63,72
8,36,120,14,70,181,211,83,139,202
8,37,190,31,104,145,182,143,58,87
8,38,27,148,75,71,213,92,3,101
8,39,69,110,243,38,12,15,254,217
9,0,57,238,56,127,110,43,120,157
9,1,242,112,211,19,117,224,86,249
9,2,217,133,33,49,11,255,188,60
9,3,70,19,171,214,219,191,172,119
9,4,154,74,88,30,80,25,122,54
9,5,158,144,24,44,169,88,110,248
9,6,69,65,183,250,208,68,142,42
9,7,37,1,10,90,7,71,101,56
9,8,207,222,186,56,84,183,164,248
9,9,148,217,13,105,156,237,197,24
9,10,91,73,72,24,114,92,143,171
9,11,147,210,27,107,154,106,66,254
9,12,121,107,18,84,57,65,194,53
9,13,18,30,48,118,41,124,133,175
9,14,156,178,235,61,60,37,75,159
9,15,22,87,71,203,239,88,219,165
9,16,167,233,161,46,90,249,0,73
9,17,23,56,50,17,231,205,191,130
9,18,28,21,165,12,251,87,9,25
9,19,40,175,253,106,111,181,39,216
9,20,207,186,222,183,13,184,215,115
9,21,24,105,148,4,13,89,231,253
9,22,85,246,24,143,72,114,35,73
9,23,107,147,250,210,27,80,154,212
9,24,57,65,132,84,155,46,107,181
9,25,18,48,30,124,249,122,22,41
9,26,37,178,156,172,61,175,60,186
9,27,22,203,239,71,88,209,84,49
9,28,46,167,161,136,249,90,211,80
9,29,50,214,23,17,231,201,16,205
9,30,81,21,28,159,135,211,165,71
9,31,91,39,251,181,66,107,40,175
9,32,106,192,221,201,91,212,48,61
9,33,96,58,116,151,121,38,107,28
9,34,226,171,208,56,95,175,32,235
9,35,22,99,85,20,218,236,92,5
9,36,1,117,195,14,211,202,246,152
9,37,67,143,56,161,174,83,45,252
9,38,101,195,201,9,213,234,50,44
9,39,246,1,37,15,215,250,92,248
10,0,250,84,102,228,186,14,210,239
10,1,72,128,65,211,255,29,117,118
10,2,133,33,217,49,230,87,80,240
10,3,19,202,177,214,44,199,30,70
10,4,154,98,112,88,74,30,122,71
10,5,169,144,44,11,27,158,248,18
10,6,69,142,166,172,73,250,183,42
10,7,37,1,101,7,90,10,71,103
10,8,186,207,122,164,84,4,159,190
10,9,128,156,217,105,98,4,237,14
10,10,91,114,72,171,168,222,143,194
10,11,27,107,147,247,66,250,239,153
10,12,155,65,132,46,43,169,181,121
10,13,18,48,177,70,30,254,226,224
10,14,37,61,178,172,218,75,156,186
10,15,22,88,154,239,87,129,203,84
10,16,46,249,136,233,28,205,90,167
10,17,56,17,50,201,205,23,34,248
10,18,113,165,211,177,28,21,9,200
10,19,40,107,39,111,66,106,178,164
10,20,222,186,190,184,13,159,4,115
10,21,156,105,217,128,4,24,234,237
10,22,114,72,91,143,62,35,85,171
10,23,27,107,66,208,247,200,147,255
10,24,46,65,132,57,155,121,194,145
10,25,18,48,30,249,239,36,226,133
10,26,37,172,178,61,186,156,89,232
10,27,22,239,88,71,21,219,113,84
10,28,46,167,90,249,136,55,205,211
10,29,23,201,16,206,231,56,7,205
10,30,165,81,135,28,70,177,103,159
10,31,39,91,40,111,164,107,66,71
10,32,106,96,201,61,217,186,185,21
10,33,58,6,116,151,97,238,11,54
10,34,180,9,95,212,171,32,196,255
10,35,22,153,145,92,20,3,63,169
10,36,14,193,117,0,234,8,196,139
10,37,84,87,83,220,48,97,37,241
10,38,75,44,250,97,126,3,39,244
10,39,241,9,23,15,68,146,254,10
11,0,157,212,57,250,218,110,33,131
11,1,79,222,206,203,63,81,117,157
11,2,84,120,117,173,101,238,33,108
11,3,202,85,48,42,214,105,90,162
11,4,254,172,74,17,138,122,215,27
11,5,178,158,31,250,169,18,44,144
11,6,69,147,142,42,107,73,53,119
11,7,37,1,90,71,7,208,35,101
11,8,157,120,186,207,190,84,65,253
11,9,217,96,72,200,105,121,47,54
11,10,68,46,91,243,228,123,187,236
11,11,42,64,93,204,10,239,12,135
11,12,68,57,91,46,65,132,121,22
11,13,164,18,44,234,161,41,175,63
11,14,156,14,52,232,159,218,129,16
11,15,22,209,71,87,135,108,239,118
11,16,233,167,30,8,74,140,170,222
11,17,231,147,174,255,240,71,115,180
11,18,70,87,21,206,165,231,190,28
11,19,216,40,215,251,160,179,225,155
11,20,248,215,207,183,13,186,115,46
11,21,4,13,52,128,24,133,89,162
11,22,15,160,143,181,85,128,68,46
11,23,80,212,107,131,111,64,113,106
11,24,57,220,107,46,221,227,172,181
11,25,249,48,122,18,13,164,41,193
11,26,174,79,232,152,14,225,172,22
11,27,209,22,118,87,7,43,203,108
11,28,222,233,167,140,30,21,8,83
11,29,150,104,231,240,26,23,173,206
11,30,70,165,158,159,28,13,87,21
11,31,225,40,251,66,38,148,87,107
11,32,224,42,106,197,61,21,201,217
11,33,121,18,156,116,206,12,40,38
11,34,217,49,196,175,95,102,209,225
11,35,92,22,85,2,63,210,3,94
11,36,255,24,14,193,67,251,196,117
11,37,48,50,14,97,83,28,87,43
11,38,124,75,97,146,44,3,39,126
11,39,177,15,78,13,85,52,138,254
12,0,134,175,70,55,31,177,231,36
12,1,85,42,105,101,22,122,163,245
12,2,3,117,84,77,33,120,101,234
12,3,44,167,81,42,90,202,36,19
12,4,44,30,74,51,192,154,160,218
12,5,158,178,165,144,49,202,117,168
12,6,69,126,79,177,59,42,147,191
12,7,37,245,71,38,208,1,35,32
12,8,222,207,84,186,109,56,19,190
12,9,47,237,105,128,234,24,54,197
12,10,91,242,81,228,187,234,85,246
12,11,10,93,147,3,107,250,218,225
12,12,68,194,208,205,65,107,219,125
12,13,30,13,18,19,226,181,175,48
12,14,37,159,61,60,178,156,218,175
12,15,22,250,239,71,21,88,87,84
12,16,46,233,80,253,190,66,249,8
12,17,201,17,104,56,230,23,213,211
12,18,135,21,90,251,87,28,177,113
12,19,66,253,225,40,107,39,111,31
12,20,222,186,190,207,115,13,19,253
12,21,105,237,24,13,234,54,14,200
12,22,91,228,72,242,85,81,195,187
12,23,93,10,107,212,147,255,3,85
12,24,219,65,68,132,11,194,181,186
12,25,18,48,30,19,132,230,124,226
12,26,37,203,178,61,172,218,175,191
12,27,22,239,21,71,250,118,154,88
12,28,46,186,211,167,190,249,21,90
12,29,201,104,206,23,173,228,214,7
12,30,165,135,73,70,28,190,21,81
12,31,225,66,40,111,71,39,41,91
12,32,246,21,106,109,48,201,91,61
12,33,189,198,107,139,95,116,224,28
12,34,175,95,240,48,64,28,171,72
12,35,85,2,185,94,20,22,61,92
12,36,202,246,195,152,67,117,142,211
12,37,174,161,60,83,43,48,67,126
12,38,201,234,9,30,101,44,163,75
12,39,246,1,138,250,92,15,215,141
13,0,186,234,188,242,144,92,111,155
13,1,198,107,43,232,255,117,105,29
13,2,23,110,150,84,117,86,101,92
13,3,155,116,44,202,66,188,177,42
13,4,71,12,94,30,60,192,112,172
13,5,178,158,169,18,2,165,194,168
13,6,235,69,147,84,73,172,142,107
13,7,37,1,169,239,181,220,7,243
13,8,190,65,201,222,103,159,164,184
13,9,96,128,5,14,237,105,231,121
13,10,91,7,218,114,46,72,171,6
13,11,114,10,153,116,210,66,200,93
13,12,206,132,46,65,94,136,57,95
13,13,18,48,70,38,254,226,30,224
13,14,37,218,219,119,61,42,172,186
13,15,22,154,239,20,129,100,113,88
13,16,46,233,21,90,249,77,167,147
13,17,206,197,71,56,50,247,23,17
13,18,165,113,242,38,12,70,9,211
13,19,91,40,151,71,111,178,106,238
13,20,222,186,190,65,159,184,201,68
13,21,96,4,105,192,14,128,234,24
13,22,143,114,0,91,72,218,85,7
13,23,200,208,66,114,102,153,255,212
13,24,46,206,65,57,95,68,181,121
13,25,18,48,249,30,132,70,38,122
13,26,37,172,178,156,186,206,61,218
13,27,22,239,113,225,209,154,71,248
13,28,21,186,46,233,167,222,249,140
13,29,23,206,231,56,240,218,49,180
13,30,165,28,70,69,103,9,12,87
13,31,40,111,91,71,107,251,106,51
13,32,61,195,21,106,146,217,91,86
13,33,6,97,37,36,116,217,224,189
13,34,90,95,212,28,255,171,188,209
13,35,20,196,22,99,61,236,92,145
13,36,202,211,117,193,234,0,14,147
13,37,83,220,174,193,143,87,45,84
13,38,44,101,126,39,213,250,3,75
13,39,23,15,241,252,220,170,224,68
14,0,110,57,165,127,157,146,71,59
14,1,40,96,234,183,209,166,67,57
14,2,94,101,120,84,178,224,33,39
14,3,70,148,202,105,20,162,42,50
14,4,138,60,71,37,156,164,2,12
14,5,24,144,158,19,178,66,168,250
14,6,84,147,136,174,235,142,172,59
14,7,37,243,133,1,169,146,7,239
14,8,222,190,65,186,103,184,120,84
14,9,148,105,4,237,231,14,234,128
14,10,73,92,85,91,7,171,143,42
14,11,210,154,147,10,250,255,254,84
14,12,121,84,57,65,147,205,194,18
14,13,18,30,48,124,122,133,41,254
14,14,178,37,156,186,172,61,218,235
14,15,22,239,203,71,219,101,209,84
14,16,46,161,167,90,233,249,6,253
14,17,23,56,130,50,231,17,83,191
14,18,165,28,9,12,21,25,251,162
14,19,40,175,106,111,107,253,91,102
14,20,222,186,184,202,13,124,183,201
14,21,148,4,192,105,24,234,128,113
14,22,73,143,85,92,91,42,114,100
14,23,154,210,147,112,250,208,212,255
14,24,57,121,84,107,18,65,46,132
14,25,18,48,30,122,249,36,181,124
14,26,178,37,156,172,186,218,232,146
14,27,22,203,239,209,49,113,71,17
14,28,21,167,161,46,249,211,186,8
14,29,23,231,206,214,56,50,240,191
14,30,165,28,70,103,206,190,87,12
14,31,91,40,111,251,175,107,71,102
14,32,61,21,106,201,221,217,91,102
14,33,96,151,6,116,168,36,58,224
14,34,95,28,90,56,171,208,81,235
14,35,99,20,22,39,218,61,236,196
14,36,211,49,117,202,193,227,147,39
14,37,193,15,83,143,174,67,87,45
14,38,101,44,234,9,39,30,126,213
14,39,72,15,244,92,250,183,36,252
15,0,157,233,84,223,86,2,137,46
15,1,111,65,13,117,245,234,40,239
15,2,212,94,120,15,84,107,178,101
15,3,44,66,14,202,247,177,195,241
15,4,180,30,37,60,188,172,51,58
15,5,19,144,250,168,3,158,27,253
15,6,172,136,147,84,142,114,69,245
15,7,37,1,7,169,133,239,10,146
15,8,190,222,84,10,186,164,44,3
15,9,128,4,105,234,200,237,121,14
15,10,91,114,95,72,85,143,117,46
15,11,250,84,147,209,10,103,248,210
15,12,46,121,65,132,205,194,18,57
15,13,18,30,48,254,70,199,133,224
15,14,37,178,61,172,186,156,218,161
15,15,22,239,84,88,129,154,87,71
15,16,46,193,233,249,167,80,90,205
15,17,56,247,17,23,78,50,201,71
15,18,113,50,165,151,9,12,38,28
15,19,40,91,106,41,111,107,253,164
15,20,186,222,190,115,207,13,86,31
15,21,105,156,4,192,234,200,128,24
15,22,216,91,143,72,85,114,117,35
15,23,116,208,107,200,147,193,250,212
15,24,128,65,46,121,205,3,57,68
15,25,18,30,48,97,249,154,70,19
15,26,37,178,172,32,218,61,156,186
15,27,225,22,88,71,84,113,154,239
15,28,46,167,193,9,90,233,249,0
15,29,23,49,88,61,78,231,16,173
15,30,165,50,81,162,28,70,12,9
15,31,39,40,111,175,107,164,41,251
15,32,106,75,179,125,61,131,21,217
15,33,161,104,116,6,132,5,198,162
15,34,44,28,227,238,205,249,171,155
15,35,148,20,190,145,74,61,161,236
15,36,39,202,115,211,227,147,120,193
15,37,126,27,193,143,190,83,78,15
15,38,44,75,215,169,157,101,126,250
15,39,75,158,231,179,15,175,141,61
16,0,51,49,22,153,85,170,176,227
16,1,223,13,206,227,158,111,169,136
16,2,75,16,235,227,26,229,0,65
16,3,98,97,160,31,238,27,76,135
16,4,167,14,65,30,85,163,61,39
16,5,67,235,158,66,161,191,3,10
16,6,167,136,172,147,245,107,142,69
16,7,44,37,1,10,19,240,239,90
16,8,33,164,190,212,57,122,84,186
16,9,132,94,13,237,98,97,105,14
16,10,248,114,91,171,216,214,191,72
16,11,20,36,147,107,200,193,101,255
16,12,246,132,22,65,154,181,83,121
16,13,18,33,142,254,48,29,249,70
16,14,37,147,218,61,156,75,178,172
16,15,22,113,132,239,154,240,88,129
16,16,46,156,140,90,147,167,249,233
16,17,110,56,23,50,231,206,11,247
16,18,112,165,12,113,28,9,103,128
16,19,40,111,91,120,107,39,175,71
16,20,33,222,186,184,248,201,88,13
16,21,4,132,128,105,192,24,234,5
16,22,143,114,91,85,248,72,171,95
16,23,20,36,200,208,101,113,255,212
16,24,46,132,57,121,65,107,181,95
16,25,18,249,48,142,33,30,122,36
16,26,156,37,172,178,206,147,186,218
16,27,22,113,71,209,239,49,225,118
16,28,21,156,46,167,186,99,222,249
16,29,23,110,231,206,50,240,56,7
16,30,112,165,103,70,128,28,12,206
16,31,91,120,111,40,107,251,102,175
16,32,238,113,61,21,106,158,217,91
16,33,73,41,232,116,58,224,151,122
16,34,34,97,161,28,95,56,235,171
16,35,20,99,61,39,161,236,22,218
16,36,202,211,193,49,181,117,152,139
16,37,193,15,67,174,143,83,161,87
16,38,44,234,30,9,101,213,126,250
16,39,72,92,15,250,183,244,36,252
17,0,157,165,233,85,49,110,228,245
17,1,203,189,98,242,173,117,113,7
17,2,76,16,108,10,61,121,133,117
17,3,236,214,148,42,171,55,117,76
17,4,122,119,133,254,172,98,242,67
17,5,18,114,194,250,169,158,27,100
17,6,19,107,147,73,142,69,42,90
17,7,44,37,101,1,10,56,7,79
17,8,159,33,122,216,103,184,57,164
17,9,217,132,121,105,145,156,4,128
17,10,62,161,114,91,171,253,72,84
17,11,238,66,247,20,36,49,147,27
17,12,132,43,65,115,212,246,136,46
17,13,18,142,48,254,70,33,30,249
17,14,37,218,172,147,61,156,75,42
17,15,22,239,120,88,129,225,113,20
17,16,46,140,156,90,88,167,100,233
17,17,23,56,50,110,231,205,34,83
17,18,165,112,12,28,9,206,200,113
17,19,40,111,175,39,107,106,71,253
17,20,222,186,184,13,248,201,66,183
17,21,217,105,4,192,24,128,89,14
17,22,62,91,143,114,161,85,72,253
17,23,238,42,66,101,250,27,255,208
17,24,132,46,65,57,121,107,206,194
17,25,18,249,48,142,30,122,199,181
17,26,172,156,37,178,186,220,206,89
17,27,22,49,209,71,113,239,120,219
17,28,46,167,21,222,90,55,99,211
17,29,23,231,206,50,240,56,110,7
17,30,165,112,70,81,103,28,12,231
17,31,40,111,91,107,225,175,71,39
17,32,61,96,106,186,201,217,21,42
17,33,58,116,11,232,238,151,122,142
17,34,196,180,225,235,95,155,146,171
17,35,63,145,153,71,161,92,20,73
17,36,193,181,0,25,42,244,117,196
17,37,84,221,220,87,31,97,83,45
17,38,75,44,157,4,244,3,250,213
17,39,241,254,9,146,68,61,182,145
18,0,181,82,107,251,39,245,99,68
18,1,203,85,122,117,92,243,113,79
18,2,117,89,165,28,243,108,238,141
18,3,227,85,105,169,214,131,134,53
18,4,254,17,172,74,133,249,30,255
18,5,174,18,158,159,250,68,147,32
18,6,107,69,19,149,147,239,42,108
18,7,37,1,220,7,90,146,239,79
18,8,68,207,186,222,184,183,201,248
18,9,4,217,24,121,105,96,5,14
18,10,68,228,246,171,31,114,72,167
18,11,64,250,238,208,200,207,109,66
18,12,132,57,65,46,206,246,115,155
18,13,18,164,249,230,48,254,199,142
18,14,172,37,218,156,178,232,42,61
18,15,22,239,209,120,225,129,154,9
18,16,167,140,46,90,233,222,249,21
18,17,26,23,206,231,50,56,240,65
18,18,165,28,70,12,231,55,1,9
18,19,40,237,111,71,175,132,253,106
18,20,222,248,183,186,65,68,184,13
18,21,4,217,105,52,128,24,234,14
18,22,68,228,85,128,31,143,170,97
18,23,64,131,250,212,208,101,109,207
18,24,46,132,57,107,65,121,36,230
18,25,249,164,18,48,122,36,30,199
18,26,172,156,238,37,220,218,186,206
18,27,22,209,17,49,118,219,239,71
18,28,222,21,140,8,186,167,30,46
18,29,26,23,240,231,206,180,173,191
18,30,165,70,55,231,238,87,206,28
18,31,40,237,216,111,71,251,38,245
18,32,224,61,42,176,171,217,197,21
18,33,179,201,156,217,12,10,142,171
18,34,49,217,196,225,28,146,235,70
18,35,63,210,224,73,131,123,214,161
18,36,255,24,193,42,57,244,139,25
18,37,50,14,87,221,83,97,45,57
18,38,146,75,44,244,4,3,157,250
18,39,177,85,13,254,61,62,52,181
19,0,24,109,151,65,222,225,71,29
19,1,236,22,226,245,131,42,105,85
19,2,58,221,3,193,77,117,157,5
19,3,44,167,234,0,241,36,90,197
19,4,243,30,190,178,51,137,202,80
19,5,48,14,81,102,89,158,5,195
19,6,149,69,168,108,107,174,71,42
19,7,220,16,1,37,71,130,146,122
19,8,68,207,183,222,215,128,9,109
19,9,24,4,234,105,128,52,75,204
19,10,159,31,85,170,246,228,181,146
19,11,250,109,37,212,94,115,131,70
19,12,46,57,12,107,208,132,65,246
19,13,13,249,122,230,19,124,30,126
19,14,172,232,156,235,129,175,152,89
19,15,22,209,239,44,71,49,154,18
19,16,22,53,167,233,90,102,140,224
19,17,23,213,240,231,19,191,235,173
19,18,165,28,21,55,70,1,87,12
19,19,40,253,175,38,247,111,71,110
19,20,183,248,222,186,68,13,128,207
19,21,4,128,105,52,200,24,234,89
19,22,228,170,47,85,159,31,146,246
19,23,109,37,250,212,131,200,231,157
19,24,132,46,12,65,57,155,107,206
19,25,249,230,18,48,124,122,137,126
19,26,172,220,37,156,218,235,203,238
19,27,22,49,209,197,18,239,113,44
19,28,222,186,21,53,140,46,167,22
19,29,206,240,23,19,231,213,62,173
19,30,165,70,90,231,238,55,28,11
19,31,40,111,71,91,247,216,251,107
19,32,61,22,21,48,176,18,62,106
19,33,237,139,116,11,68,142,224,179
19,34,94,175,28,225,95,48,235,64
19,35,63,117,85,191,2,161,131,185
19,36,202,44,195,193,79,67,37,39
19,37,87,60,83,14,43,162,161,196
19,38,75,44,244,201,157,132,250,33
19,39,254,215,61,52,77,62,252,44
20,0,31,55,13,175,231,74,177,116
20,1,235,236,70,245,232,49,105,17
20,2,50,4,46,183,137,141,132,160
20,3,90,44,197,61,66,234,63,241
20,4,30,202,44,243,82,169,148,221
20,5,48,5,89,102,66,167,81,117
20,6,108,25,149,49,134,115,172,37
20,7,1,146,220,167,246,71,95,130
20,8,68,183,124,248,128,207,9,46
20,9,4,52,24,128,242,133,14,196
20,10,15,228,239,31,159,117,181,59
20,11,212,59,37,222,220,113,208,250
20,12,46,57,132,210,107,230,217,246
20,13,249,48,230,122,18,195,124,27
20,14,172,232,218,206,152,129,42,175
20,15,22,209,197,239,71,105,18,118
20,16,140,167,21,222,233,90,82,46
20,17,240,206,231,23,50,7,71,114
20,18,231,70,238,190,165,11,12,106
20,19,40,71,132,253,211,251,111,43
20,20,46,183,242,13,49,128,124,7
20,21,4,52,14,128,242,89,105,145
20,22,15,228,239,146,51,216,85,31
20,23,250,212,222,208,37,59,220,113
20,24,46,65,132,7,11,206,217,57
20,25,249,48,18,230,156,30,76,19
20,26,172,203,220,218,206,153,174,89
20,27,22,17,197,7,71,105,123,209
20,28,222,21,167,99,186,46,190,140
20,29,206,240,50,115,7,21,231,23
20,30,165,231,190,28,11,70,90,63
20,31,71,111,40,91,251,252,68,216
20,32,62,48,176,22,21,18,85,246
20,33,224,107,142,139,116,11,56,102
20,34,175,28,64,95,240,72,109,94
20,35,185,2,85,44,161,94,63,40
20,36,202,195,79,142,246,67,39,37
20,37,60,161,174,196,43,83,193,126
20,38,234,201,132,119,75,44,30,9
20,39,92,246,1,215,138,250,44,9
21,0,127,46,63,172,188,110,202,111
21,1,43,232,198,66,29,117,228,162
21,2,23,147,166,110,164,15,22,104
21,3,116,55,171,202,90,177,20,42
21,4,155,12,71,82,30,215,164,112
21,5,169,254,253,12,250,18,11,100
21,6,175,147,107,73,18,142,235,108
21,7,56,1,37,7,220,146,10,16
21,8,38,49,65,207,186,7,103,122
21,9,96,14,4,239,145,105,18,121
21,10,24,51,114,31,1,218,7,15
21,11,79,250,114,238,203,236,208,216
21,12,132,65,46,217,206,28,22,155
21,13,48,249,76,195,156,18,116,30
21,14,172,218,206,42,241,75,37,235
21,15,22,44,239,71,76,197,186,88
21,16,140,46,167,222,90,186,21,180
21,17,50,197,240,23,114,206,231,56
21,18,215,231,214,190,12,165,188,70
21,19,40,65,71,211,111,175,68,218
21,20,7,186,120,49,66,38,46,124
21,21,4,96,14,242,145,128,89,52
21,22,24,51,114,15,239,140,72,85
21,23,79,208,114,255,113,250,247,212
21,24,206,65,132,46,57,181,217,121
21,25,249,48,156,18,76,195,30,38
21,26,206,218,172,220,174,199,203,153
21,27,44,123,22,76,186,71,207,142
21,28,21,222,167,46,99,249,211,90
21,29,206,240,114,50,7,23,231,56
21,30,215,214,231,165,70,12,190,28
21,31,71,68,251,111,91,65,211,199
21,32,62,221,139,201,246,48,102,176
21,33,121,107,182,224,58,116,96,244
21,34,95,81,70,208,64,56,15,235
21,35,196,132,2,151,99,20,161,94
21,36,202,172,252,246,195,152,117,67
21,37,60,161,56,174,83,43,135,45
21,38,234,44,201,9,30,195,126,163
21,39,127,15,87,125,190,205,92,252
22,0,84,93,250,228,14,194,136,80
22,1,37,57,228,221,171,54,118,211
22,2,147,233,201,134,183,94,217,127
22,3,199,116,171,42,15,202,90,12
22,4,155,30,174,12,215,82,54,71
22,5,253,12,65,254,169,67,158,31
22,6,175,196,147,142,18,37,107,254
22,7,1,37,204,220,7,32,147,146
22,8,207,183,56,164,248,88,215,77
22,9,24,200,13,4,105,68,197,192
22,10,243,176,85,143,247,24,127,79
22,11,42,135,56,131,128,212,94,9
22,12,57,107,246,230,121,53,27,46
22,13,122,41,249,18,48,124,30,181
22,14,156,232,152,172,129,235,225,42
22,15,209,22,239,71,118,142,17,44
22,16,233,30,167,74,8,241,90,73
22,17,231,180,23,3,147,240,191,45
22,18,28,1,21,87,165,70,235,231
22,19,216,132,175,181,40,160,106,179
22,20,215,183,207,222,248,156,9,13
22,21,24,52,139,128,204,162,4,234
22,22,160,128,181,170,85,246,97,7
22,23,80,131,212,107,115,147,94,2
22,24,57,230,125,107,36,46,12,65
22,25,122,244,124,249,48,41,13,181
22,26,232,152,225,172,89,156,70,219
22,27,209,17,239,118,22,44,188,245
22,28,30,74,241,8,90,233,167,224
22,29,180,150,231,23,232,240,173,26
22,30,70,235,231,1,28,165,21,215
22,31,40,216,175,179,91,251,181,106
22,32,62,221,139,176,246,102,177,61
22,33,121,107,224,116,244,96,58,122
22,34,70,95,81,15,64,208,235,56
22,35,196,151,132,2,20,99,161,40
22,36,202,172,252,246,195,152,117,193
22,37,60,83,174,161,43,87,135,45
22,38,234,44,201,30,9,126,213,163
22,39,92,1,250,183,246,125,15,72
23,0,176,58,127,250,157,180,245,50
23,1,37,29,53,126,157,221,79,228
23,2,147,23,94,201,101,236,183,166
23,3,116,20,90,53,21,15,42,171
23,4,155,12,37,215,82,27,30,164
23,5,253,169,12,18,102,254,215,66
23,6,136,175,147,18,73,108,119,142
23,7,56,1,161,7,220,16,66,146
23,8,120,49,65,207,38,186,7,124
23,9,14,4,145,105,96,121,209,133
23,10,24,51,114,218,31,15,7,1
23,11,114,250,208,79,176,236,113,171
23,12,206,132,46,65,217,57,246,11
23,13,249,76,48,195,38,156,30,254
23,14,172,218,206,235,234,241,232,178
23,15,44,22,71,197,168,239,105,20
23,16,180,46,222,140,90,167,174,137
23,17,197,240,23,50,206,11,88,114
23,18,188,215,231,190,214,165,12,238
23,19,91,71,40,211,178,65,68,218
23,20,120,242,7,46,66,49,186,107
23,21,4,14,52,242,128,145,234,141
23,22,51,114,24,239,15,218,174,72
23,23,208,114,79,250,255,113,109,101
23,24,206,65,46,132,57,170,95,29
23,25,249,48,38,76,18,156,195,30
23,26,218,172,206,220,72,76,192,82
23,27,44,123,71,76,105,207,197,186
23,28,21,222,167,137,99,46,90,140
23,29,206,240,114,50,7,231,23,56
23,30,215,214,190,231,165,238,188,70
23,31,71,68,111,28,91,211,65,251
23,32,62,139,221,102,201,177,176,246
23,33,121,168,224,116,244,122,253,21
23,34,95,81,55,70,64,208,235,28
23,35,39,99,151,20,40,161,2,236
23,36,172,252,117,49,202,193,195,211
23,37,15,83,193,174,220,161,60,90
23,38,44,234,80,126,30,250,213,9
23,39,72,15,244,36,92,125,250,183
24,0,157,233,46,212,218,50,110,65
24,1,188,221,63,37,126,31,29,12
24,2,147,236,212,23,101,201,94,183
24,3,2,15,42,255,213,202,90,58
24,4,37,71,155,180,231,12,251,30
24,5,253,67,12,31,254,27,66,213
24,6,136,175,147,18,142,245,61,107
24,7,7,1,220,37,16,61,239,10
24,8,242,49,186,7,120,207,65,124
24,9,4,14,145,96,128,121,209,133
24,10,114,17,51,1,24,218,15,117
24,11,208,151,250,79,156,143,209,238
24,12,206,132,65,217,46,95,136,6
24,13,249,48,116,18,195,76,137,156
24,14,218,172,206,241,25,81,234,42
24,15,44,22,71,105,207,197,20,123
24,16,46,180,140,222,90,167,204,21
24,17,88,206,50,240,23,231,114,197
24,18,188,190,215,231,12,214,32,237
24,19,91,71,111,40,211,65,41,68
24,20,242,7,120,46,186,124,66,49
24,21,4,14,128,242,145,234,52,96
24,22,114,51,17,239,117,15,218,46
24,23,208,156,151,113,101,79,114,209
24,24,206,57,46,65,95,121,132,217
24,25,249,48,38,156,76,195,18,36
24,26,206,218,172,220,93,174,39,76
24,27,123,22,71,207,105,44,209,7
24,28,21,222,167,140,137,2,99,90
24,29,206,240,50,114,231,7,23,157
24,30,215,237,190,214,231,165,238,70
24,31,71,111,40,43,251,91,68,211
24,32,75,62,116,139,102,221,176,177
24,33,182,224,121,168,6,244,105,116
24,34,205,95,81,55,70,208,235,64
24,35,132,39,99,151,40,161,20,196
24,36,251,117,49,193,172,252,202,34
24,37,83,15,193,90,241,87,153,209
24,38,44,124,126,86,250,213,75,39
24,39,27,15,72,36,244,125,41,203
25,0,2,223,50,115,41,177,152,237
25,1,241,60,182,95,105,208,134,35
25,2,118,147,159,113,24,192,63,157
25,3,2,66,7,213,58,101,215,44
25,4,30,164,149,51,93,137,82,169
25,5,115,102,12,48,66,253,16,89
25,6,108,175,136,245,18,61,147,123
25,7,220,1,7,173,109,146,150,95
25,8,242,49,183,7,124,46,207,248
25,9,4,14,200,234,128,237,145,24
25,10,51,117,15,1,239,5,114,158
25,11,103,208,116,113,209,151,79,212
25,12,217,57,46,65,132,7,61,121
25,13,249,195,76,48,156,30,36,39
25,14,172,232,218,206,152,175,42,178
25,15,22,209,71,44,197,105,239,225
25,16,167,222,140,193,90,233,46,21
25,17,240,50,23,206,114,231,88,78
25,18,231,215,151,190,238,214,12,165
25,19,40,41,71,211,132,111,151,91
25,20,242,7,49,186,66,124,13,46
25,21,52,4,14,145,105,234,242,89
25,22,216,51,85,117,15,239,114,128
25,23,116,250,208,79,151,255,212,147
25,24,65,128,46,217,205,57,132,7
25,25,249,48,156,76,30,195,97,18
25,26,172,218,178,235,146,206,93,152
25,27,17,44,71,76,22,209,239,171
25,28,46,193,167,222,90,21,78,95
25,29,180,88,49,114,78,240,23,61
25,30,28,165,50,215,162,214,235,231
25,31,175,40,34,71,216,132,111,106
25,32,61,106,179,171,86,139,176,75
25,33,104,6,116,54,5,142,75,10
25,34,28,227,44,5,238,177,235,95
25,35,148,190,71,63,145,255,20,49
25,36,39,147,227,172,115,202,25,211
25,37,193,27,78,126,221,15,83,190
25,38,75,215,251,157,119,213,44,4
25,39,158,72,15,182,197,14,244,241
26,0,185,233,18,157,22,110,40,198
26,1,223,206,81,13,169,232,183,43
26,2,107,235,147,75,242,192,35,149
26,3,76,90,2,216,236,14,19,156
26,4,122,139,105,65,30,228,251,60
26,5,12,14,114,31,3,232,66,253
26,6,3,114,175,136,108,90,61,18
26,7,44,131,146,1,19,37,7,169
26,8,49,186,68,207,103,242,122,248
26,9,217,14,4,178,105,96,19,145
26,10,51,7,62,85,163,128,114,253
26,11,142,156,207,113,79,208,20,212
26,12,67,57,65,206,217,230,12,132
26,13,249,200,48,220,30,76,195,18
26,14,38,218,42,172,178,57,37,61
26,15,233,44,22,17,239,241,99,209
26,16,232,46,167,149,90,140,119,222
26,17,88,155,180,23,240,56,231,50
26,18,165,63,28,162,231,9,6,25
26,19,175,34,71,132,151,16,7,40
26,20,68,186,107,183,222,13,66,70
26,21,217,139,14,52,19,24,192,89
26,22,128,114,85,154,62,72,59,7
26,23,142,207,131,147,250,156,93,212
26,24,230,65,67,57,121,206,187,200
26,25,249,48,30,220,18,200,36,122
26,26,38,178,152,218,37,89,235,232
26,27,17,22,239,44,233,209,71,251
26,28,46,90,167,222,30,147,232,211
26,29,180,23,206,7,56,155,231,115
26,30,165,28,235,81,70,1,231,215
26,31,71,91,175,216,40,111,16,66
26,32,18,106,201,246,171,116,61,176
26,33,11,151,116,58,253,49,142,10
26,34,12,95,28,205,56,180,153,171
26,35,145,153,99,40,85,22,71,20
26,36,117,211,202,172,14,244,193,139
26,37,145,220,84,87,83,250,174,193
26,38,101,43,157,93,213,206,62,196
26,39,241,9,15,146,175,27,6,223
27,0,110,57,165,127,56,157,59,71
27,1,135,179,117,227,119,133,137,56
27,2,89,70,64,237,239,26,165,247
27,3,70,19,171,228,42,132,194,53
27,4,122,254,133,138,17,74,172,202
27,5,24,144,12,114,14,3,232,253
27,6,243,147,174,186,90,175,114,42
27,7,37,1,169,56,217,131,146,239
27,8,186,207,68,49,183,65,222,109
27,9,148,217,105,14,192,24,4,237
27,10,85,7,73,154,108,128,59,24
27,11,210,207,201,147,250,84,154,40
27,12,57,121,65,84,230,12,35,18
27,13,30,48,122,249,133,239,18,216
27,14,178,37,172,61,186,42,232,156
27,15,22,203,17,239,219,84,129,101
27,16,46,161,90,167,249,6,233,110
27,17,23,56,180,130,88,247,83,231
27,18,28,165,9,25,21,12,63,242
27,19,175,106,40,111,66,132,253,107
27,20,222,186,68,13,202,205,190,183
27,21,148,192,24,105,234,128,139,89
27,22,85,73,92,215,128,24,108,252
27,23,210,154,147,250,131,207,34,94
27,24,84,57,65,121,230,18,167,148
27,25,100,30,48,220,18,249,122,36
27,26,178,235,186,37,156,218,172,40
27,27,203,17,49,22,239,209,93,233
27,28,161,30,167,90,46,211,232,176
27,29,180,23,214,231,206,191,240,56
27,30,165,28,235,1,81,70,231,9
27,31,91,175,71,40,216,66,16,111
27,32,18,201,106,61,246,171,210,221
27,33,96,151,253,116,58,49,142,121
27,34,95,208,56,28,175,171,12,235
27,35,99,85,22,20,218,255,71,184
27,36,117,211,202,195,246,1,193,14
27,37,56,67,174,161,83,143,87,60
27,38,101,195,201,9,234,213,30,126
27,39,15,246,1,250,215,248,92,6
28,0,14,84,127,102,228,18,85,176
28,1,29,111,65,171,251,63,228,135
28,2,70,89,15,64,179,14,239,26
28,3,116,70,228,171,20,132,51,42
28,4,112,74,30,215,164,79,12,27
28,5,144,169,232,3,12,102,24,14
28,6,243,136,42,174,142,73,108,114
28,7,146,217,133,169,1,7,37,129
28,8,183,207,68,186,222,120,49,201
28,9,14,105,192,139,148,234,24,196
28,10,85,7,59,154,128,114,72,24
28,11,201,250,84,210,147,207,10,212
28,12,57,121,65,230,84,12,205,132
28,13,249,30,48,18,239,216,51,122
28,14,172,37,178,61,232,42,156,218
28,15,22,17,239,203,129,84,209,219
28,16,46,167,161,90,249,233,193,140
28,17,23,56,180,231,50,247,213,83
28,18,50,28,165,151,21,242,200,181
28,19,40,175,41,132,253,106,111,225
28,20,186,222,183,13,205,73,115,44
28,21,13,105,200,55,4,89,52,234
28,22,216,130,91,85,72,51,170,215
28,23,250,147,201,107,143,212,236,123
28,24,65,128,205,160,230,217,46,57
28,25,97,249,18,30,48,254,156,43
28,26,32,37,178,218,172,61,124,156
28,27,88,22,87,71,57,84,225,81
28,28,46,167,196,99,193,222,90,249
28,29,61,50,23,16,171,231,240,88
28,30,81,21,50,211,205,70,28,99
28,31,39,205,106,251,40,252,181,4
28,32,106,131,201,125,134,186,185,192
28,33,238,116,132,28,96,49,86,104
28,34,96,44,207,180,171,28,205,225
28,35,145,57,22,190,20,148,218,71
28,36,14,39,120,211,172,115,202,19
28,37,190,27,143,193,175,145,12,101
28,38,213,75,18,169,215,101,115,179
28,39,231,15,179,197,56,117,118,169
29,0,123,196,249,229,216,7,105,242
29,1,225,231,27,93,244,155,150,11
29,2,17,103,4,57,145,162,227,59
29,3,187,133,31,37,235,152,231,234
29,4,142,30,222,13,236,251,167,102
29,5,104,158,44,193,186,90,6,253
29,6,69,147,167,153,142,172,107,175
29,7,37,23,29,10,1,146,7,46
29,8,234,186,207,109,83,56,84,77
29,9,13,29,94,164,105,197,24,4
29,10,169,91,130,72,216,171,198,85
29,11,189,107,250,147,102,84,212,94
29,12,65,26,205,128,63,57,46,121
29,13,43,18,30,147,154,48,134,249
29,14,37,61,51,178,124,172,32,159
29,15,87,22,88,165,162,239,154,84
29,16,46,5,233,249,167,80,205,196
29,17,250,17,56,61,87,50,76,205
29,18,179,50,187,57,21,177,113,211
29,19,39,20,109,130,40,111,205,107
29,20,234,115,186,207,222,4,190,13
29,21,13,29,94,105,164,4,47,197
29,22,91,169,35,130,72,198,236,143
29,23,107,189,42,147,128,250,106,94
29,24,74,26,65,63,132,46,220,57
29,25,18,43,147,48,30,134,249,29
29,26,37,32,178,61,172,156,124,51
29,27,22,88,87,181,165,71,84,239
29,28,167,46,5,136,133,249,90,9
29,29,250,50,172,76,23,16,17,87
29,30,81,179,21,187,211,28,205,135
29,31,39,251,130,106,40,205,181,109
29,32,134,106,98,192,99,131,186,91
29,33,183,238,116,232,126,73,28,58
29,34,84,207,180,171,86,96,225,34
29,35,145,57,153,22,20,218,63,92
29,36,120,211,181,14,70,98,202,117
29,37,190,31,143,182,58,145,67,83
29,38,148,213,71,92,75,101,95,3
29,39,2,69,189,38,217,15,213,146
30,0,57,56,32,110,127,157,165,238
30,1,242,112,117,86,73,118,211,72
30,2,33,133,121,217,80,255,60,10
30,3,70,171,191,119,19,172,219,214
30,4,118,74,122,254,88,30,154,54
30,5,144,24,158,44,169,147,11,248
30,6,69,183,208,164,166,137,42,98
30,7,37,90,1,101,71,56,7,10
30,8,207,234,186,222,84,184,216,190
30,9,148,217,105,13,156,24,197,192
30,10,91,72,73,24,114,92,171,161
30,11,27,147,210,107,154,66,195,74
30,12,84,155,65,121,132,57,18,191
30,13,18,30,48,22,168,41,226,59
30,14,37,61,178,172,156,159,60,75
30,15,22,203,239,88,87,84,71,219
30,16,167,46,161,249,90,233,80,136
30,17,23,56,50,17,205,231,201,11
30,18,21,28,165,159,177,12,251,135
30,19,40,175,39,111,253,106,107,181
30,20,207,222,186,184,13,115,190,183
30,21,105,148,4,24,13,156,231,47
30,22,72,114,24,85,91,35,143,246
30,23,107,27,147,210,208,3,250,154
30,24,132,155,65,57,191,84,194,46
30,25,18,48,22,30,113,29,124,175
30,26,37,61,156,178,172,186,241,75
30,27,203,22,88,71,250,239,84,49
30,28,167,161,136,249,46,211,80,90
30,29,50,214,23,17,231,201,16,205
30,30,81,21,159,135,28,211,177,71
30,31,91,39,251,181,66,175,107,40
30,32,201,106,192,221,91,212,185,61
30,33,96,58,151,121,116,107,28,38
30,34,226,208,171,56,175,95,252,202
30,35,22,99,85,218,20,92,236,5
30,36,1,195,117,211,202,246,14,152
30,37,56,143,67,174,161,83,48,60
30,38,101,201,195,9,234,213,30,44
30,39,246,1,215,15,250,92,37,183
31,0,228,84,102,14,194,250,67,176
31,1,29,72,118,211,65,117,111,255
31,2,80,33,133,217,15,240,135,108
31,3,116,171,70,20,199,19,214,203
31,4,112,74,215,30,54,118,25,154
31,5,169,144,44,158,24,11,88,147
31,6,69,42,136,183,142,73,208,166
31,7,90,37,1,56,32,71,155,10
31,8,207,120,186,222,190,164,56,65
31,9,148,105,128,13,192,197,4,24
31,10,91,114,72,24,171,84,7,161
31,11,114,27,147,210,66,236,107,208
31,12,155,132,191,84,206,65,28,181
31,13,18,22,38,48,168,30,216,113
31,14,37,61,156,218,172,241,178,42
31,15,203,22,88,239,141,87,71,84
31,16,46,167,136,80,90,249,0,233
31,17,50,197,23,56,17,205,231,11
31,18,159,165,28,177,21,12,211,113
31,19,91,40,39,175,111,181,253,107
31,20,222,207,186,120,184,190,13,115
31,21,4,105,148,24,128,13,14,47
31,22,114,72,24,35,85,31,143,91
31,23,114,107,208,147,210,27,250,212
31,24,132,181,57,191,206,219,46,194
31,25,18,48,22,30,113,249,122,38
31,26,37,156,61,241,178,172,206,75
31,27,22,203,88,49,71,239,250,113
31,28,136,161,249,167,46,99,80,90
31,29,50,231,23,17,206,218,201,205
31,30,81,28,159,165,135,21,211,177
31,31,91,39,251,181,40,107,66,175
31,32,221,106,201,91,61,192,212,21
31,33,96,121,151,168,116,58,38,107
31,34,208,95,56,81,15,171,55,28
31,35,99,218,22,20,39,92,236,71
31,36,117,211,202,195,49,14,152,193
31,37,143,67,174,193,161,83,15,158
31,38,101,44,213,9,234,30,63,39
31,39,15,72,250,244,92,183,205,252
32,0,144,186,84,242,234,92,180,188
32,1,29,111,198,126,117,42,221,239
32,2,33,230,133,212,150,57,86,236
32,3,19,44,155,202,81,70,114,229
32,4,112,192,94,30,71,218,98,154
32,5,144,158,165,248,102,169,202,81
32,6,42,69,142,136,126,59,221,183
32,7,37,90,155,181,71,243,10,1
32,8,222,207,190,186,214,19,103,56
32,9,105,128,47,14,237,54,231,148
32,10,91,72,85,81,114,171,187,7
32,11,147,10,153,107,114,3,210,250
32,12,155,194,65,191,219,84,186,132
32,13,38,18,113,168,48,30,22,70
32,14,37,61,178,159,156,119,60,218
32,15,250,203,22,88,239,21,84,71
32,16,46,249,80,136,66,90,167,205
32,17,197,17,56,201,50,218,23,205
32,18,21,135,177,211,159,71,113,28
32,19,40,66,107,39,91,253,111,44
32,20,222,186,190,35,207,115,13,199
32,21,105,13,47,14,4,24,237,54
32,22,114,72,0,91,85,187,81,143
32,23,107,147,3,116,15,153,10,114
32,24,191,194,219,181,132,65,46,155
32,25,18,48,113,22,30,29,111,38
32,26,37,156,61,178,159,24,241,172
32,27,250,71,22,88,84,49,248,239
32,28,249,136,46,167,0,80,90,253
32,29,201,17,50,231,49,206,23,56
32,30,28,21,135,81,177,211,165,189
32,31,251,66,40,71,39,60,181,107
32,32,162,91,86,106,61,201,146,195
32,33,189,36,97,6,116,37,38,248
32,34,28,212,90,255,171,238,235,44
32,35,20,22,49,145,190,92,148,255
32,36,234,147,227,39,0,117,202,211
32,37,220,27,78,83,193,48,15,143
32,38,215,44,139,101,75,3,213,126
32,39,158,23,224,72,15,197,165,146
33,0,117,233,226,171,128,96,80,93
33,1,40,120,171,209,13,96,94,222
33,2,39,33,128,80,252,36,226,217
33,3,44,91,19,75,255,246,188,202
33,4,55,192,119,98,71,218,112,2
33,5,144,158,194,27,165,211,114,169
33,6,42,90,142,69,59,174,221,126
33,7,181,37,155,90,71,56,10,101
33,8,207,112,222,190,35,103,44,84
33,9,178,105,47,19,237,128,24,23
33,10,91,163,72,171,24,114,7,85
33,11,107,147,18,42,203,3,10,250
33,12,43,65,194,132,57,46,205,121
33,13,18,30,113,70,48,140,41,59
33,14,37,61,159,178,52,156,60,172
33,15,22,87,165,250,213,71,88,239
33,16,243,46,233,167,170,80,249,217
33,17,17,56,242,201,147,50,230,23
33,18,251,135,165,177,21,12,192,115
33,19,40,111,39,42,229,107,253,160
33,20,115,207,222,186,184,19,84,112
33,21,13,47,24,197,105,178,102,4
33,22,91,143,187,72,246,85,234,81
33,23,107,3,147,106,66,208,250,18
33,24,65,43,194,132,191,181,46,220
33,25,18,48,113,30,13,175,29,202
33,26,37,61,156,178,159,60,52,175
33,27,71,250,22,99,88,84,203,49
33,28,46,136,249,167,54,80,0,90
33,29,17,218,206,50,201,23,56,231
33,30,135,71,81,165,21,103,28,211
33,31,251,91,39,107,40,111,71,199
33,32,17,89,91,201,21,106,62,159
33,33,105,244,107,116,58,28,214,38
33,34,12,56,171,81,252,95,58,28
33,35,20,218,22,132,145,61,99,3
33,36,253,202,211,117,246,152,0,193
33,37,220,174,143,161,67,48,83,60
33,38,101,44,234,30,213,9,136,179
33,39,23,15,248,1,246,92,241,250
34,0,110,57,165,50,157,59,122,44
34,1,95,166,98,190,154,48,253,165
34,2,39,33,13,159,128,36,135,236
34,3,70,105,246,75,166,19,188,255
34,4,55,138,2,192,60,159,218,112
34,5,24,144,158,3,165,250,63,211
34,6,59,42,69,142,174,128,136,250
34,7,37,90,133,155,10,243,1,208
34,8,207,190,222,186,253,69,48,84
34,9,148,237,105,14,47,192,54,234
34,10,91,73,85,171,81,72,7,114
34,11,210,10,147,154,116,93,3,164
34,12,205,155,121,194,65,84,19,132
34,13,18,48,30,51,113,239,226,124
34,14,37,178,61,156,186,159,60,218
34,15,22,101,203,250,71,99,219,84
34,16,46,161,167,90,233,249,80,136
34,17,56,17,201,214,23,130,50,104
34,18,113,165,28,21,9,211,135,12
34,19,40,107,111,91,106,175,66,71
34,20,222,186,190,207,184,124,202,13
34,21,148,14,105,237,54,13,234,156
34,22,91,114,143,73,85,92,72,81
34,23,116,147,154,210,107,3,10,208
34,24,194,181,65,84,219,132,57,107
34,25,18,48,113,30,51,22,111,140
34,26,37,178,24,156,172,61,241,218
34,27,203,250,22,71,49,84,113,88
34,28,167,249,46,21,136,188,90,211
34,29,201,231,50,17,214,173,49,23
34,30,28,21,165,81,70,135,162,190
34,31,251,40,71,181,39,107,225,185
34,32,91,86,61,106,201,212,246,171
34,33,96,36,38,116,6,132,151,104
34,34,28,238,171,90,44,235,55,206
34,35,20,148,190,22,99,92,145,71
34,36,39,227,147,202,117,193,211,42
34,37,78,27,193,83,15,143,48,190
34,38,215,44,75,213,101,139,251,3
34,39,158,72,15,252,244,254,36,220
35,0,117,242,171,185,18,176,245,96
35,1,13,111,81,171,117,239,232,158
35,2,212,107,39,13,159,120,135,33
35,3,188,170,221,44,202,166,19,122
35,4,139,55,2,192,25,218,8,60
35,5,144,158,250,168,165,81,114,137
35,6,16,3,114,42,59,174,142,126
35,7,90,37,228,243,133,71,1,208
35,8,207,190,112,222,48,103,208,35
35,9,19,206,236,178,105,4,231,14
35,10,85,7,163,81,91,171,128,72
35,11,147,212,18,10,107,250,116,142
35,12,57,194,65,67,35,155,121,234
35,13,48,200,30,18,124,113,122,41
35,14,232,37,156,178,172,42,38,61
35,15,103,22,239,209,241,71,21,203
35,16,167,46,179,90,233,80,249,8
35,17,180,231,155,23,201,3,205,56
35,18,28,165,21,25,177,1,135,6
35,19,40,181,175,216,106,132,91,71
35,20,222,207,183,68,186,112,13,35
35,21,24,19,236,4,105,206,89,231
35,22,128,85,163,170,7,72,97,31
35,23,212,18,131,147,107,101,130,250
35,24,57,219,67,46,65,234,194,233
35,25,48,122,249,30,18,181,124,200
35,26,232,156,37,38,172,178,218,22
35,27,209,22,103,118,239,17,241,236
35,28,8,179,30,21,167,140,90,78
35,29,231,155,180,23,206,128,3,240
35,30,28,165,70,189,157,206,21,1
35,31,216,71,40,251,132,185,66,181
35,32,61,171,17,89,91,126,162,137
35,33,117,23,171,214,94,10,116,38
35,34,28,58,187,235,54,19,12,177
35,35,73,7,184,255,99,100,20,92
35,36,57,0,253,42,244,193,8,139
35,37,220,45,164,90,84,87,102,221
35,38,244,44,136,162,3,157,22,213
35,39,14,23,16,61,220,52,68,252
36,0,136,241,78,89,56,14,18,33
36,1,119,166,6,28,190,168,67,117
36,2,177,13,1,5,81,127,99,119
36,3,109,9,153,114,28,85,242,253
36,4,253,2,139,25,133,123,60,30
36,5,172,174,1,158,3,142,232,114
36,6,114,174,58,16,108,25,3,186
36,7,90,228,1,217,220,146,19,37
36,8,157,207,68,222,183,124,109,112
36,9,24,236,4,19,105,5,244,14
36,10,128,12,68,181,85,97,7,154
36,11,64,212,130,147,208,131,156,207
36,12,57,234,73,230,246,35,65,136
36,13,42,48,122,249,41,18,254,30
36,14,232,156,42,152,172,218,129,70
36,15,209,22,239,71,118,17,103,241
36,16,167,30,233,90,8,140,241,46
36,17,185,231,180,23,3,50,102,206
36,18,28,165,70,21,1,87,206,72
36,19,216,40,181,71,175,179,132,250
36,20,183,222,207,215,248,157,13,205
36,21,4,24,236,204,105,128,231,19
36,22,128,12,85,68,97,154,143,181
36,23,64,131,212,208,101,250,156,207
36,24,57,219,46,233,107,181,227,234
36,25,122,42,48,249,181,18,30,36
36,26,232,156,174,218,37,152,22,172
36,27,209,22,118,236,71,239,17,21
36,28,30,8,21,140,179,232,167,241
36,29,231,185,23,180,155,206,240,174
36,30,28,72,157,70,206,165,189,1
36,31,216,40,71,251,185,66,196,245
36,32,224,61,171,197,37,126,21,91
36,33,63,171,117,156,10,18,38,154
36,34,152,54,235,28,58,177,188,70
36,35,73,7,184,100,255,92,214,111
36,36,57,244,239,42,24,193,251,245
36,37,50,45,90,14,87,83,102,209
36,38,244,146,44,162,3,157,86,75
36,39,14,85,177,13,52,61,220,36
37,0,2,41,134,36,86,115,65,29
37,1,254,101,63,190,245,165,42,82
37,2,13,182,139,5,194,93,115,201
37,3,44,202,66,167,61,234,199,218
37,4,253,30,149,51,169,93,83,212
37,5,213,48,172,66,115,168,133,3
37,6,58,25,108,174,245,243,186,100
37,7,146,1,220,94,239,130,95,228
37,8,207,183,222,68,88,201,124,9
37,9,4,236,24,14,139,105,234,204
37,10,128,12,117,181,85,154,143,17
37,11,212,209,103,84,208,151,216,131
37,12,57,166,234,46,132,181,32,36
37,13,42,48,122,18,249,36,100,254
37,14,232,156,172,42,152,218,22,70
37,15,22,209,239,71,118,116,17,222
37,16,167,30,21,138,233,90,140,154
37,17,231,185,206,23,180,78,50,3
37,18,28,165,70,157,1,238,206,190
37,19,216,71,206,40,181,70,251,111
37,20,222,248,207,183,13,215,156,68
37,21,236,4,204,244,24,17,89,139
37,22,128,117,12,17,85,154,143,181
37,23,212,209,131,208,151,101,21,137
37,24,57,166,46,219,27,107,72,181
37,25,122,42,48,249,36,181,30,18
37,26,232,22,174,156,152,89,172,218
37,27,209,22,118,236,17,116,239,190
37,28,30,8,138,232,21,140,179,206
37,29,231,78,185,180,23,206,3,240
37,30,28,157,72,165,70,189,206,237
37,31,216,40,60,71,66,251,179,185
37,32,61,171,197,75,37,14,175,126
37,33,161,171,103,5,10,63,38,59
37,34,227,152,235,28,11,177,213,109
37,35,73,7,184,214,255,63,100,20
37,36,57,244,251,55,48,239,193,42
37,37,14,162,45,102,87,83,221,50
37,38,244,75,124,157,162,3,44,39
37,39,14,177,13,52,77,62,181,61
38,0,55,134,175,151,199,178,13,31
38,1,206,49,254,101,44,10,117,105
38,2,235,165,182,65,71,0,3,229
38,3,44,213,234,66,90,76,138,199
38,4,44,30,253,51,178,180,169,2
38,5,232,172,48,3,142,94,133,115
38,6,25,58,174,108,9,245,243,100
38,7,146,1,94,130,95,239,133,220
38,8,68,207,124,222,183,248,201,9
38,9,4,236,244,14,139,105,5,52
38,10,128,12,154,181,85,216,108,7
38,11,212,208,103,68,147,84,248,151
38,12,57,233,234,181,206,95,230,136
38,13,48,122,42,249,181,30,254,41
38,14,232,42,156,70,218,37,1,22
38,15,22,209,239,118,234,222,236,18
38,16,30,233,21,167,90,46,8,190
38,17,231,206,23,180,3,205,36,128
38,18,28,157,189,206,165,72,70,87
38,19,216,71,181,40,114,33,245,21
38,20,68,222,207,248,13,156,183,215
38,21,236,4,244,204,17,89,24,231
38,22,128,85,154,12,216,181,140,108
38,23,212,131,85,147,208,248,59,68
38,24,57,233,219,128,119,65,234,181
38,25,122,48,42,181,30,26,249,163
38,26,232,218,89,156,174,70,22,250
38,27,209,118,22,236,17,239,222,234
38,28,30,8,190,21,167,140,206,78
38,29,180,231,23,128,185,3,206,78
38,30,28,157,165,206,189,70,151,235
38,31,216,60,40,71,7,132,251,181
38,32,171,61,109,76,179,91,86,18
38,33,10,171,116,104,11,68,95,132
38,34,28,72,235,44,240,238,209,171
38,35,73,255,184,145,71,191,190,20
38,36,244,79,39,42,147,139,25,142
38,37,45,193,102,27,221,84,196,15
38,38,3,75,244,162,215,157,4,44
38,39,14,165,146,158,197,229,4,15
39,0,96,226,80,171,247,198,128,90
39,1,2,254,169,88,195,220,237,15
39,2,213,254,70,146,71,226,83,118
39,3,188,221,180,90,122,213,132,170
39,4,253,30,180,119,2,60,105,93
39,5,232,61,142,48,172,133,94,93
39,6,16,58,100,25,108,174,245,119
39,7,94,146,1,220,133,61,130,95
39,8,68,207,112,183,157,248,124,215
39,9,139,206,19,14,244,236,4,105
39,10,128,181,12,154,85,108,163,216
39,11,18,131,212,147,250,151,207,208
39,12,57,106,230,73,67,27,36,89
39,13,200,122,249,48,42,41,254,70
39,14,232,152,70,156,172,250,42,38
39,15,241,209,22,17,239,103,222,118
39,16,149,30,233,232,90,167,78,6
39,17,180,155,102,231,206,65,23,128
39,18,28,235,165,1,6,87,122,145
39,19,216,16,132,71,233,175,7,181
39,20,215,183,68,112,222,9,207,248
39,21,206,24,52,139,19,204,65,244
39,22,128,170,163,181,85,154,225,59
39,23,131,18,101,212,115,107,142,250
39,24,57,230,67,107,65,36,234,125
39,25,122,200,244,48,30,181,249,124
39,26,232,152,38,250,218,172,89,70
39,27,17,209,241,22,118,103,239,188
39,28,30,149,8,78,185,241,6,73
39,29,180,155,231,232,23,128,236,3
39,30,28,235,165,6,157,70,145,206
39,31,216,132,16,40,7,66,60,106
39,32,89,61,171,199,17,126,13,37
39,33,214,117,68,171,94,23,10,142
39,34,28,187,235,54,182,58,19,153
39,35,73,184,255,7,71,92,100,111
39,36,244,253,57,0,25,196,42,8
39,37,220,102,164,221,84,45,87,36
39,38,244,136,4,162,3,157,22,75
39,39,14,23,16,52,61,145,220,182
40,0,57,110,88,56,59,68,180,60
40,1,166,131,190,253,98,89,60,48
40,2,211,33,226,26,247,183,177,70
40,3,70,240,90,19,5,239,67,132
40,4,133,2,180,60,30,202,35,190
40,5,144,24,174,232,3,142,252,94
40,6,129,58,115,16,174,20,100,108
40,7,129,1,146,217,94,239,15,37
40,8,68,207,222,201,253,186,157,109
40,9,148,5,4,192,54,14,236,231
40,10,128,73,68,143,154,108,85,92
40,11,147,210,207,201,154,250,248,208
40,12,57,84,121,132,230,107,18,181
40,13,164,48,18,100,122,30,51,36
40,14,156,232,178,186,218,42,38,219
40,15,203,22,239,241,219,101,17,209
40,16,161,167,90,232,46,6,233,179
40,17,23,26,180,231,155,50,56,191
40,18,28,165,21,12,9,25,63,157
40,19,175,40,106,111,216,181,206,132
40,20,222,207,68,112,157,186,13,183
40,21,148,236,24,206,4,105,19,231
40,22,128,68,85,154,143,12,97,108
40,23,131,212,210,147,64,154,250,207
40,24,57,219,121,46,194,107,84,233
40,25,36,164,48,181,122,30,18,200
40,26,232,156,172,37,38,218,178,89
40,27,203,22,241,209,236,118,239,17
40,28,8,30,21,140,149,161,232,167
40,29,23,231,26,180,155,128,206,191
40,30,28,157,165,189,206,70,135,9
40,31,216,40,60,245,251,66,185,71
40,32,61,224,89,171,197,175,37,126
40,33,177,171,117,10,96,156,38,84
40,34,28,49,217,235,213,177,58,173
40,35,73,7,224,92,184,100,60,255
40,36,255,57,244,24,196,42,223,193
40,37,45,50,14,158,102,87,221,57
40,38,146,244,75,162,3,44,86,39
40,39,14,177,13,85,62,52,181,220
41,0,175,180,231,55,177,31,152,151
41,1,111,42,117,245,239,84,122,22
41,2,3,211,33,157,70,221,199,212
41,3,44,234,197,247,180,19,0,16
41,4,51,243,169,178,30,80,117,113
41,5,228,144,232,48,1,3,40,155
41,6,58,148,129,174,25,9,126,177
41,7,146,129,71,138,83,246,38,130
41,8,207,222,68,128,19,61,13,190
41,9,236,192,231,4,105,17,212,43
41,10,128,85,154,108,119,181,214,12
41,11,212,147,201,84,157,115,37,231
41,12,57,121,219,233,234,194,107,12
41,13,36,122,30,48,127,226,249,162
41,14,156,232,42,89,60,178,172,37
41,15,22,239,71,118,18,236,209,219
41,16,233,167,46,90,140,110,8,193
41,17,231,23,180,62,3,214,191,205
41,18,28,135,157,21,87,251,25,12
41,19,216,40,181,111,175,106,33,7
41,20,222,207,13,19,186,6,68,190
41,21,236,4,105,231,89,17,216,24
41,22,128,85,216,154,108,12,146,181
41,23,212,201,147,250,131,197,157,107
41,24,57,128,219,46,234,233,65,119
41,25,48,18,30,36,19,249,41,97
41,26,156,172,22,218,174,203,37,206
41,27,22,118,71,236,49,239,84,234
41,28,167,193,8,206,46,249,30,140
41,29,231,62,50,88,23,173,180,3
41,30,50,28,70,21,189,157,162,211
41,31,251,40,216,181,185,38,39,111
41,32,91,179,131,61,171,106,123,94
41,33,104,132,171,189,38,10,139,116
41,34,235,44,28,48,240,171,225,238
41,35,73,190,20,63,74,148,255,92
41,36,39,202,115,211,42,227,139,142
41,37,27,143,83,45,190,193,78,87
41,38,75,44,215,3,162,244,157,169
41,39,75,158,14,254,220,179,252,106
42,0,97,166,142,113,205,150,123,215
42,1,34,26,59,187,132,118,105,11
42,2,90,70,4,146,103,162,26,210
42,3,211,31,37,46,146,135,234,90
42,4,161,167,65,30,13,14,25,170
42,5,104,232,161,158,172,142,3,186
42,6,174,167,58,9,42,142,250,59
42,7,146,91,29,37,1,23,133,129
42,8,207,33,222,184,186,190,89,19
42,9,39,236,29,4,94,13,105,102
42,10,85,7,128,216,154,130,12,171
42,11,147,212,20,107,250,84,10,248
42,12,57,46,121,128,7,26,219,181
42,13,48,43,30,18,140,249,124,41
42,14,156,42,37,61,232,178,172,218
42,15,22,65,239,71,87,88,148,84
42,16,167,46,233,80,140,249,90,5
42,17,231,23,50,61,56,205,213,3
42,18,148,50,187,165,12,70,251,206
42,19,40,130,111,181,39,251,216,106
42,20,222,207,33,248,184,4,186,13
42,21,4,39,29,236,94,105,13,24
42,22,85,143,130,31,15,83,72,35
42,23,20,212,107,147,250,113,42,109
42,24,181,219,46,57,132,26,63,227
42,25,249,48,18,43,30,181,255,22
42,26,156,37,206,172,22,174,75,232
42,27,22,65,118,71,250,234,84,239
42,28,167,5,8,96,140,249,21,206
42,29,231,50,172,23,240,3,205,17
42,30,206,148,70,189,187,211,81,135
42,31,251,130,181,185,91,40,216,39
42,32,91,99,61,113,94,131,201,238
42,33,190,232,38,248,171,104,151,154
42,34,88,161,97,235,171,56,34,209
42,35,20,92,73,145,218,99,111,100
42,36,207,211,202,139,49,42,193,246
42,37,143,67,174,193,83,161,190,15
42,38,71,44,234,75,3,9,30,213
42,39,72,69,92,250,244,183,220,252
43,0,181,82,6,107,251,245,39,83
43,1,117,191,250,86,112,158,249,122
43,2,198,87,70,76,121,64,133,108
43,3,90,226,19,75,146,67,202,234
43,4,118,65,242,30,74,25,82,83
43,5,174,232,142,48,5,249,194,44
43,6,100,42,58,19,174,108,149,115
43,7,2,91,220,146,1,85,44,94
43,8,207,68,120,248,186,33,35,212
43,9,217,236,4,151,156,13,244,14
43,10,68,253,128,161,114,228,171,181
43,11,64,195,142,212,20,156,208,22
43,12,57,206,219,234,181,155,233,46
43,13,164,48,22,230,249,100,36,18
43,14,156,42,174,213,218,232,14,172
43,15,22,118,209,234,120,239,65,71
43,16,167,140,233,206,96,90,180,119
43,17,231,26,240,3,50,23,206,205
43,18,148,70,157,165,190,206,55,21
43,19,237,251,216,181,40,80,33,245
43,20,248,207,46,13,222,183,6,35
43,21,4,236,217,89,231,242,133,14
43,22,15,68,253,228,128,140,97,143
43,23,64,212,101,113,208,250,195,190
43,24,219,46,57,181,72,227,155,132
43,25,249,48,164,36,181,122,22,18
43,26,174,22,172,206,79,156,232,238
43,27,22,118,209,234,236,5,7,43
43,28,222,140,8,21,167,206,30,226
43,29,26,231,240,3,206,23,50,205
43,30,70,148,55,157,206,189,231,165
43,31,237,251,40,216,185,46,245,80
43,32,224,42,61,91,126,243,176,94
43,33,179,201,171,38,156,154,248,217
43,34,235,49,217,196,55,28,225,146
43,35,73,210,100,224,92,63,214,40
43,36,24,255,42,223,139,193,57,239
43,37,50,83,45,14,87,158,97,241
43,38,146,44,75,244,3,162,39,86
43,39,85,177,13,61,220,252,14,62
44,0,109,47,24,55,175,31,151,72
44,1,67,236,226,178,8,245,175,70
44,2,221,3,193,157,58,133,77,5
44,3,234,44,66,197,202,36,61,167
44,4,243,30,169,51,178,125,93,60
44,5,48,5,115,66,187,217,133,102
44,6,49,115,149,108,25,161,9,134
44,7,1,220,146,167,130,246,95,210
44,8,248,124,207,68,184,149,128,183
44,9,4,242,133,128,14,91,236,162
44,10,15,228,253,143,167,181,204,81
44,11,212,59,113,208,100,137,103,21
44,12,210,234,181,155,227,236,72,136
44,13,48,249,230,36,122,196,18,100
44,14,174,79,238,42,232,156,206,14
44,15,22,118,234,43,209,71,239,142
44,16,167,233,140,21,90,206,226,30
44,17,231,3,206,240,205,50,23,147
44,18,70,231,190,178,206,87,238,211
44,19,251,71,250,40,155,70,245,181
44,20,248,149,207,13,6,222,124,70
44,21,236,4,89,133,91,242,231,128
44,22,15,228,143,253,85,140,35,97
44,23,212,113,85,208,100,250,190,69
44,24,72,219,227,181,155,170,46,7
44,25,48,181,196,249,193,230,122,18
44,26,79,174,89,218,156,237,14,206
44,27,118,22,43,236,71,234,40,7
44,28,226,190,140,21,8,167,83,206
44,29,3,240,138,231,50,206,23,31
44,30,70,206,178,148,231,210,87,250
44,31,71,251,40,250,185,196,60,155
44,32,22,94,61,76,85,177,190,126
44,33,181,185,248,250,38,56,11,102
44,34,146,72,209,94,109,235,64,240
44,35,123,161,92,111,100,131,185,2
44,36,139,42,223,49,202,193,196,117
44,37,87,45,84,7,83,90,209,15
44,38,14,167,3,162,44,75,114,15
44,39,165,220,61,252,36,146,52,72
45,0,96,226,247,171,93,128,11,133
45,1,67,236,175,104,8,2,178,109
45,2,254,55,116,190,141,224,105,173
45,3,188,221,122,170,105,134,234,2
45,4,119,60,105,30,82,20,169,123
45,5,194,61,6,48,5,92,116,225
45,6,16,115,49,134,84,172,9,108
45,7,1,220,146,210,95,167,77,228
45,8,248,112,207,68,124,184,149,35
45,9,4,242,206,91,133,14,236,162
45,10,229,15,228,143,253,163,181,254
45,11,18,212,100,69,130,113,208,240
45,12,106,234,227,72,236,27,57,107
45,13,200,122,48,249,193,36,181,196
45,14,79,232,174,238,156,42,89,152
45,15,22,241,43,209,118,239,236,234
45,16,140,167,233,226,30,8,149,90
45,17,231,3,102,23,240,205,138,31
45,18,206,87,70,178,231,210,251,157
45,19,250,40,196,251,245,216,132,71
45,20,248,149,222,6,112,230,45,13
45,21,133,236,91,128,4,231,242,206
45,22,15,85,97,143,163,67,204,200
45,23,212,18,101,100,113,130,131,208
45,24,219,72,227,107,46,236,37,57
45,25,181,196,249,36,122,193,67,48
45,26,79,174,237,89,156,172,33,99
45,27,43,22,236,118,40,166,241,209
45,28,140,226,8,83,222,21,206,149
45,29,240,231,138,3,23,55,236,31
45,30,206,178,70,6,231,210,87,183
45,31,250,40,196,71,233,251,245,185
45,32,89,61,94,194,17,177,190,126
45,33,214,185,94,23,248,3,38,171
45,34,146,187,209,19,54,235,182,70
45,35,123,92,111,161,100,131,63,73
45,36,139,253,0,42,196,223,193,8
45,37,84,87,45,7,220,90,164,83
45,38,14,167,3,22,162,75,44,136
45,39,145,220,16,61,252,36,52,23
46,0,2,41,65,86,12,223,29,55
46,1,153,117,98,245,48,60,118,42
46,2,211,139,193,120,173,194,178,5
46,3,234,215,44,156,66,202,199,218
46,4,30,149,178,61,63,169,133,51
46,5,213,48,116,92,187,5,252,195
46,6,129,29,146,108,172,219,84,115
46,7,220,1,130,146,77,250,94,84
46,8,248,124,45,68,149,255,70,157
46,9,231,242,91,133,236,4,162,14
46,10,15,143,254,31,153,128,117,140
46,11,212,17,100,113,208,109,190,250
46,12,166,219,72,234,170,107,29,121
46,13,48,122,67,36,196,249,193,124
46,14,79,174,156,232,235,218,237,219
46,15,22,118,18,116,135,43,236,209
46,16,226,21,167,30,140,233,90,8
46,17,206,231,23,174,12,240,78,3
46,18,237,87,70,210,157,238,135,251
46,19,206,245,46,71,196,216,40,251
46,20,222,45,13,106,19,230,207,80
46,21,236,231,224,163,4,216,133,128
46,22,17,15,85,128,200,143,67,97
46,23,212,209,101,151,208,190,109,68
46,24,219,72,166,107,181,57,227,194
46,25,67,122,36,48,196,181,163,193
46,26,174,237,79,156,89,218,14,183
46,27,118,236,22,40,43,18,63,10
46,28,226,8,138,21,140,83,167,82
46,29,231,174,78,55,3,240,23,169
46,30,237,210,87,70,178,206,157,183
46,31,196,46,245,71,40,185,216,60
46,32,61,75,243,14,22,197,126,94
46,33,185,161,103,171,248,38,5,59
46,34,146,227,143,11,209,109,18,28
46,35,92,123,100,133,73,111,161,196
46,36,148,196,48,42,139,223,193,251
46,37,45,162,7,87,210,83,97,14
46,38,14,167,162,3,124,97,244,44
46,39,166,77,220,52,61,252,15,13
47,0,70,177,55,175,224,178,31,231
47,1,206,137,42,70,245,117,133,105
47,2,4,54,99,229,211,3,181,183
47,3,19,197,234,44,66,63,61,16
47,4,44,30,169,178,221,63,80,137
47,5,181,202,8,187,48,228,116,252
47,6,201,9,70,25,129,74,219,29
47,7,146,130,220,65,38,77,1,83
47,8,222,124,68,45,128,248,190,48
47,9,231,4,236,65,224,163,242,234
47,10,15,67,119,103,216,140,146,200
47,11,212,37,100,197,10,94,190,146
47,12,219,234,107,72,181,194,125,170
47,13,67,48,122,30,181,163,196,125
47,14,156,79,174,232,237,89,37,235
47,15,22,118,236,18,142,135,63,209
47,16,167,82,233,90,21,8,226,30
47,17,231,23,3,206,205,240,71,191
47,18,135,70,210,251,116,219,151,238
47,19,247,245,71,251,46,155,85,181
47,20,222,45,207,13,124,80,61,194
47,21,236,231,89,4,224,163,216,66
47,22,216,146,15,200,140,85,67,128
47,23,212,201,197,37,59,190,157,231
47,24,219,128,7,11,234,181,233,72
47,25,48,19,18,163,67,22,30,169
47,26,174,203,79,218,14,156,206,237
47,27,22,118,71,234,236,43,240,40
47,28,226,167,21,206,82,212,99,90
47,29,50,3,206,240,231,205,21,12
47,30,70,148,189,190,210,178,206,211
47,31,185,251,71,60,5,40,46,28
47,32,144,18,57,91,246,61,48,85
47,33,162,185,38,139,248,189,171,224
47,34,28,64,240,146,171,209,48,220
47,35,161,123,100,20,2,92,185,73
47,36,202,139,49,42,147,79,39,142
47,37,193,60,83,15,87,196,45,161
47,38,167,3,44,80,162,234,132,14
47,39,244,72,220,92,61,183,252,250
48,0,51,49,22,153,85,128,247,11
48,1,169,232,223,87,177,117,84,5
48,2,16,164,54,162,146,90,22,156
48,3,98,97,146,27,160,3,238,153
48,4,14,167,82,65,30,67,181,240
48,5,67,235,181,252,6,116,92,130
48,6,129,9,115,172,134,84,146,189
48,7,44,220,146,1,52,138,84,95
48,8,33,248,124,149,184,207,68,45
48,9,132,4,231,236,242,22,14,133
48,10,15,248,216,143,253,140,204,228
48,11,36,212,20,103,69,100,113,94
48,12,234,181,107,219,57,72,22,160
48,13,33,48,122,36,100,196,67,18
48,14,147,238,174,79,156,218,89,33
48,15,22,118,166,240,43,234,236,9
48,16,156,167,140,90,206,30,226,233
48,17,110,231,240,3,23,206,205,174
48,18,112,128,70,157,238,87,190,251
48,19,120,71,251,245,216,12,40,155
48,20,33,222,248,149,13,45,207,46
48,21,236,132,4,133,242,91,89,231
48,22,248,15,143,85,67,204,97,128
48,23,36,212,101,20,100,69,113,130
48,24,72,219,227,107,46,181,173,170
48,25,33,181,196,193,48,36,142,249
48,26,79,174,147,237,89,14,156,33
48,27,43,22,118,236,166,40,105,240
48,28,140,156,226,83,8,212,222,21
48,29,110,240,231,3,138,23,174,55
48,30,206,128,112,178,70,210,231,87
48,31,250,120,71,251,12,40,196,185
48,32,238,113,94,61,158,194,177,126
48,33,41,73,185,38,248,171,3,94
48,34,146,34,97,209,161,235,19,188
48,35,123,111,161,100,92,73,131,98
48,36,139,42,181,0,193,223,239,8
48,37,84,45,87,7,220,90,83,209
48,38,14,167,3,162,75,44,22,86
48,39,145,220,61,36,16,252,52,62
49,0,2,242,234,186,115,152,41,237
49,1,32,185,153,144,56,173,105,70
49,2,139,76,157,16,61,150,86,222
49,3,234,44,155,215,156,3,66,218
49,4,239,149,169,30,63,80,51,137
49,5,187,213,48,116,60,5,225,8
49,6,201,19,108,25,189,219,29,9
49,7,146,161,77,220,1,130,84,202
49,8,124,248,45,149,255,222,109,68
49,9,242,91,231,4,133,216,236,162
49,10,15,153,67,103,140,200,117,254
49,11,212,100,216,113,240,190,68,238
49,12,166,115,72,227,37,219,234,236
49,13,193,196,249,48,122,198,181,36
49,14,79,174,232,237,171,89,156,99
49,15,43,22,18,118,236,44,135,209
49,16,226,140,8,21,83,233,167,30
49,17,49,31,206,138,23,174,240,45
49,18,87,178,210,70,231,183,206,157
49,19,60,250,206,40,196,46,245,216
49,20,248,45,149,6,230,70,222,134
49,21,91,133,236,231,128,242,89,4
49,22,15,254,67,153,200,140,17,143
49,23,100,212,238,101,209,113,143,240
49,24,227,219,72,37,115,166,236,170
49,25,181,193,249,196,48,155,122,67
49,26,79,174,237,89,218,172,99,33
49,27,43,18,118,236,22,40,105,166
49,28,83,226,140,138,8,129,82,103
49,29,31,55,138,169,174,240,78,3
49,30,206,178,87,70,36,210,183,231
49,31,60,250,40,196,58,185,46,172
49,32,94,61,14,190,126,197,120,177
49,33,185,103,161,248,250,171,3,38
49,34,146,209,109,227,143,18,11,114
49,35,123,111,92,131,100,161,242,73
49,36,139,48,127,42,176,193,55,196
49,37,7,87,45,162,221,102,36,196
49,38,14,167,3,162,52,124,75,15
49,39,224,252,220,61,77,52,197,15
50,0,47,203,208,177,163,152,222,224
50,1,163,68,37,70,105,243,44,206
50,2,160,19,44,42,184,235,119,168
50,3,192,234,197,63,239,44,32,16
50,4,169,3,30,44,80,51,178,137
50,5,48,77,118,116,187,5,130,225
50,6,201,189,9,29,219,146,4,70
50,7,220,130,146,77,38,232,202,1
50,8,248,124,149,222,183,70,255,32
50,9,91,4,133,128,231,52,216,242
50,10,67,254,103,146,15,143,153,181
50,11,212,100,37,240,197,146,113,94
50,12,36,234,115,107,37,72,27,227
50,13,122,193,249,181,48,196,136,126
50,14,79,89,232,172,174,14,171,237
50,15,22,43,118,236,95,18,9,135
50,16,233,226,140,8,83,30,82,90
50,17,174,31,138,254,231,23,3,205
50,18,116,87,178,151,70,231,183,210
50,19,47,196,40,249,251,46,216,155
50,20,248,149,13,207,45,222,6,70
50,21,236,231,91,89,4,133,181,128
50,22,216,67,146,15,200,254,85,143
50,23,212,197,136,201,37,100,146,59
50,24,115,128,234,72,219,7,11,46
50,25,48,193,249,122,196,19,181,169
50,26,203,79,174,171,218,14,89,172
50,27,22,236,118,43,71,234,239,40
50,28,226,167,21,206,82,8,186,140
50,29,206,119,3,50,231,205,128,169
50,30,70,189,190,210,157,63,178,28
50,31,251,185,249,71,40,216,46,155
50,32,18,246,26,144,48,91,22,61
50,33,185,171,38,224,198,107,143,248
50,34,28,240,146,64,109,48,220,209
50,35,161,2,123,100,73,39,99,92
50,36,202,139,49,42,39,147,142,246
50,37,193,83,60,161,15,174,135,45
50,38,234,44,80,167,30,162,9,213
50,39,244,72,92,250,220,36,183,252
51,0,185,68,117,226,128,171,243,187
51,1,117,232,13,66,169,43,81,202
51,2,164,107,22,50,168,111,242,254
51,3,221,234,191,170,239,195,90,215
51,4,82,55,139,8,182,3,60,225
51,5,223,92,181,116,6,225,61,48
51,6,3,115,9,114,54,146,134,219
51,7,220,1,146,52,77,84,243,131
51,8,68,248,124,149,207,13,112,184
51,9,19,206,4,242,236,96,231,14
51,10,253,163,15,140,7,153,216,143
51,11,212,116,18,208,156,113,142,21
51,12,234,181,67,95,219,206,160,155
51,13,48,200,249,196,18,36,193,254
51,14,174,6,79,218,38,33,203,42
51,15,241,22,118,103,43,240,234,239
51,16,232,180,167,21,90,206,140,46
51,17,155,206,231,3,205,240,252,23
51,18,70,157,189,231,243,210,190,188
51,19,251,91,216,71,185,249,181,245
51,20,68,207,13,149,248,46,45,184
51,21,236,19,206,4,231,89,242,133
51,22,15,163,128,140,253,200,212,143
51,23,212,18,142,21,113,143,208,68
51,24,155,219,72,181,67,233,37,227
51,25,48,181,196,163,249,36,193,122
51,26,79,174,38,33,206,89,218,14
51,27,103,236,118,22,43,234,241,240
51,28,232,226,21,206,140,8,83,167
51,29,155,206,3,128,231,240,205,138
51,30,189,70,157,6,165,28,243,210
51,31,185,71,251,216,60,40,155,46
51,32,175,37,17,61,91,243,177,199
51,33,117,171,214,23,38,94,248,116
51,34,28,58,182,187,12,235,209,146
51,35,7,73,100,92,123,161,242,111
51,36,245,42,139,0,8,244,193,11
51,37,84,164,220,45,158,83,87,210
51,38,136,244,162,167,14,3,15,177
51,39,23,220,16,14,61,68,235,252
52,0,181,82,107,122,251,39,245,99
52,1,117,89,9,166,28,202,176,248
52,2,185,47,125,156,99,81,1,233
52,3,3,121,109,33,158,90,105,5
52,4,82,133,182,30,61,210,35,3
52,5,223,174,232,142,3,116,134,68
52,6,108,219,3,58,9,115,134,140
52,7,146,220,94,1,195,207,173,122
52,8,68,248,215,207,183,46,124,149
52,9,19,4,206,52,139,236,24,242
52,10,68,181,128,15,154,239,79,143
52,11,64,135,131,42,212,94,240,56
52,12,57,230,107,27,98,36,253,73
52,13,122,249,164,41,118,117,30,136
52,14,232,152,156,129,172,70,235,42
52,15,209,22,239,17,118,142,71,93
52,16,233,30,74,241,167,59,90,222
52,17,180,231,3,26,240,45,147,174
52,18,1,87,28,21,235,70,165,231
52,19,216,132,181,179,175,40,16,155
52,20,215,183,248,68,207,9,205,73
52,21,52,24,139,196,162,204,4,128
52,22,160,181,128,170,85,68,239,7
52,23,80,131,212,107,157,64,147,94
52,24,57,230,107,36,46,12,65,234
52,25,249,13,122,48,244,18,124,41
52,26,152,174,232,172,14,89,129,70
52,27,209,17,22,118,26,7,239,245
52,28,30,222,74,241,233,90,232,167
52,29,26,180,240,150,231,232,3,155
52,30,55,70,235,231,28,189,21,111
52,31,237,216,40,185,251,153,155,181
52,32,224,175,37,61,91,243,197,171
52,33,171,179,201,117,156,38,248,10
52,34,28,49,217,58,235,209,146,213
52,35,73,7,100,224,123,92,161,133
52,36,245,255,42,139,24,244,196,57
52,37,158,50,45,14,83,210,87,159
52,38,146,244,162,167,14,3,15,75
52,39,85,177,220,13,14,61,252,15
53,0,109,55,24,151,178,12,225,70
53,1,154,226,190,236,105,117,70,28
53,2,185,47,125,221,182,184,3,181
53,3,156,215,234,44,247,66,90,166
53,4,30,180,82,3,169,243,63,73
53,5,3,223,116,232,112,48,130,14
53,6,104,115,9,140,114,136,219,108
53,7,1,220,146,52,240,84,8,95
53,8,68,248,124,46,207,13,149,201
53,9,4,242,236,14,133,231,186,190
53,10,15,143,154,253,7,216,100,114
53,11,212,113,116,248,103,68,100,190
53,12,234,57,181,107,46,72,27,205
53,13,48,30,249,122,36,41,196,255
53,14,156,42,172,178,89,79,14,174
53,15,22,239,118,71,219,84,135,9
53,16,167,46,233,193,90,140,206,21
53,17,231,23,50,3,205,56,7,36
53,18,50,151,190,21,70,165,87,12
53,19,40,111,216,160,181,155,251,39
53,20,207,124,222,13,115,68,248,19
53,21,236,4,89,13,105,231,63,102
53,22,216,85,143,128,15,35,253,130
53,23,212,116,250,201,147,107,236,103
53,24,128,7,46,234,205,65,160,181
53,25,97,48,18,249,30,148,254,19
53,26,218,14,156,174,172,203,22,206
53,27,22,71,118,9,84,113,135,88
53,28,167,193,196,99,188,206,90,46
53,29,88,61,50,231,21,119,49,240
53,30,50,70,162,148,81,165,211,21
53,31,251,40,39,252,111,181,216,185
53,32,85,131,179,91,157,125,76,106
53,33,132,104,38,143,68,102,116,171
53,34,44,28,171,238,240,235,20,94
53,35,148,190,20,74,145,161,40,73
53,36,39,202,115,211,227,147,248,142
53,37,27,143,83,190,78,193,174,60
53,38,44,169,215,75,119,61,3,206
53,39,75,158,179,163,139,220,197,11
54,0,113,166,97,142,205,123,150,215
54,1,34,26,59,117,187,105,11,132
54,2,59,103,17,4,162,163,26,146
54,3,211,146,37,46,31,135,84,142
54,4,161,167,30,65,14,13,131,67
54,5,104,224,6,161,186,235,5,66
54,6,167,9,115,54,42,215,134,174
54,7,1,91,29,220,146,23,2,240
54,8,33,207,184,248,89,56,164,13
54,9,39,94,29,13,4,132,105,14
54,10,130,253,216,171,143,248,85,195
54,11,20,212,147,36,107,250,248,94
54,12,57,26,107,63,234,128,121,181
54,13,43,33,48,30,255,97,122,18
54,14,156,51,124,60,172,37,42,218
54,15,22,65,239,87,71,148,81,250
54,16,167,233,46,5,196,249,90,80
54,17,50,61,231,23,56,172,205,166
54,18,187,50,12,57,190,165,21,148
54,19,111,130,40,39,181,251,107,42
54,20,33,207,184,115,222,4,88,201
54,21,39,29,94,13,4,105,197,236
54,22,130,143,85,35,31,81,83,91
54,23,20,212,107,147,250,184,3,161
54,24,181,219,63,132,26,46,128,65
54,25,18,48,43,30,147,123,255,249
54,26,37,156,75,61,124,172,206,51
54,27,22,65,250,71,84,88,113,81
54,28,167,5,249,99,46,96,136,188
54,29,50,172,231,17,23,205,3,61
54,30,148,187,211,70,135,81,21,103
54,31,251,130,91,181,40,111,107,39
54,32,91,99,113,131,106,201,21,238
54,33,190,104,232,38,58,151,116,28
54,34,88,171,97,161,56,34,28,252
54,35,20,218,145,99,74,39,22,61
54,36,207,211,202,49,246,152,193,39
54,37,174,143,67,27,161,83,15,60
54,38,44,234,30,71,9,213,101,80
54,39,92,72,69,250,244,183,15,252
55,0,186,242,234,66,188,111,144,6
55,1,191,117,189,198,112,86,118,42
55,2,198,87,230,150,76,86,110,133
55,3,202,44,234,155,177,66,215,156
55,4,30,112,94,71,118,98,63,60
55,5,27,2,81,48,144,5,66,18
55,6,3,200,172,136,114,142,235,174
55,7,181,56,1,146,91,44,220,239
55,8,207,184,222,65,164,69,248,201
55,9,4,14,105,145,5,128,156,178
55,10,253,114,171,91,9,252,214,72
55,11,142,247,147,153,207,250,210,90
55,12,43,181,132,155,7,117,95,65
55,13,48,18,22,116,140,100,30,70
55,14,156,42,218,75,37,61,206,241
55,15,22,250,71,203,239,84,88,113
55,16,167,46,136,90,249,54,0,233
55,17,197,50,23,206,231,56,17,218
55,18,12,135,71,251,165,190,103,211
55,19,111,71,40,42,228,107,181,251
55,20,184,222,207,201,65,124,19,13
55,21,4,105,14,47,107,89,5,24
55,22,114,143,253,72,85,140,81,31
55,23,3,247,208,255,153,66,147,107
55,24,181,43,219,206,132,222,65,194
55,25,48,113,30,18,140,123,51,175
55,26,156,37,220,206,61,14,75,42
55,27,250,71,22,123,142,84,135,192
55,28,21,249,167,54,136,99,161,46
55,29,206,17,50,139,56,231,218,7
55,30,71,103,70,135,251,165,81,211
55,31,111,91,71,251,199,107,181,42
55,32,91,201,162,195,40,221,21,62
55,33,244,6,107,97,37,58,116,105
55,34,56,212,95,252,255,90,171,81
55,35,132,20,218,49,61,22,236,99
55,36,202,234,211,152,246,117,248,0
55,37,161,174,143,158,60,83,67,135
55,38,234,30,9,44,101,126,97,213
55,39,165,23,250,92,15,246,1,72
56,0,93,80,14,233,69,228,136,210
56,1,120,157,234,92,227,222,40,117
56,2,84,128,94,189,149,115,229,75
56,3,148,89,143,216,122,49,17,105
56,4,119,20,71,98,112,60,30,254
56,5,27,194,144,5,2,158,32,68
56,6,172,200,235,174,90,154,108,9
56,7,1,146,181,56,239,220,79,16
56,8,207,222,184,88,201,19,124,248
56,9,4,47,24,5,105,14,102,178
56,10,91,143,24,85,187,81,7,171
56,11,3,147,42,255,250,145,80,247
56,12,132,65,181,43,154,46,194,57
56,13,18,48,124,30,123,41,254,70
56,14,156,75,37,60,235,159,172,178
56,15,22,71,135,250,154,88,63,209
56,16,167,46,233,90,80,74,8,253
56,17,56,50,17,23,201,205,230,147
56,18,165,251,135,21,12,177,87,190
56,19,40,111,253,42,39,251,106,160
56,20,207,184,222,186,201,115,107,183
56,21,24,4,47,105,89,102,13,234
56,22,143,85,31,187,246,140,81,91
56,23,80,3,107,208,250,147,103,212
56,24,132,181,65,46,107,219,7,57
56,25,18,48,30,123,249,175,13,228
56,26,156,172,206,37,235,60,75,61
56,27,22,71,250,135,239,209,84,118
56,28,21,167,249,54,136,90,46,207
56,29,206,50,231,17,56,23,218,230
56,30,71,70,165,135,103,251,12,221
56,31,251,111,91,40,199,107,71,181
56,32,89,91,221,40,17,21,62,201
56,33,105,244,107,58,116,248,121,38
56,34,56,81,95,12,252,171,208,21
56,35,132,20,218,61,92,99,236,22
56,36,202,246,152,253,211,117,193,248
56,37,158,161,174,143,60,83,67,135
56,38,234,30,9,44,101,126,97,39
56,39,250,246,1,92,248,15,203,125
57,0,242,186,234,155,144,210,92,224
57,1,198,165,109,42,117,95,79,105
57,2,92,84,150,86,75,13,159,57
57,3,155,148,66,44,234,202,215,213
57,4,94,30,112,71,60,98,93,169
57,5,115,144,2,48,165,116,194,5
57,6,172,154,92,204,142,235,232,200
57,7,181,1,220,243,37,79,146,239
57,8,207,222,159,124,19,80,184,88
57,9,5,47,14,4,102,107,120,89
57,10,81,91,9,171,187,114,143,207
57,11,255,153,3,147,207,103,10,145
57,12,219,132,194,181,65,59,95,206
57,13,140,48,113,18,116,30,219,123
57,14,37,156,218,159,61,14,42,60
57,15,250,22,248,71,123,63,142,125
57,16,46,21,54,167,253,90,136,80
57,17,206,50,197,17,236,56,230,23
57,18,135,165,251,238,71,12,69,190
57,19,111,71,42,40,228,107,251,51
57,20,207,201,222,19,159,184,88,13
57,21,47,5,14,105,4,107,24,89
57,22,140,143,9,0,81,187,31,85
57,23,153,3,107,255,15,103,147,208
57,24,65,219,181,132,59,95,206,205
57,25,48,113,18,140,30,123,175,51
57,26,220,37,156,206,93,235,14,83
57,27,71,248,22,142,250,135,192,63
57,28,21,54,167,90,230,46,222,249
57,29,206,236,56,50,139,7,173,230
57,30,69,238,165,70,251,12,135,190
57,31,71,60,251,111,51,40,42,106
57,32,195,146,86,40,194,91,21,201
57,33,12,97,37,36,75,94,189,217
57,34,212,90,187,188,28,255,54,19
57,35,214,49,20,3,184,145,161,92
57,36,0,234,193,8,147,239,117,172
57,37,220,84,145,241,83,147,57,37
57,38,44,250,97,86,126,75,22,244
57,39,23,241,68,52,16,252,145,61
58,0,181,82,107,251,39,255,245,83
58,1,234,183,40,209,9,176,222,96
58,2,138,178,197,209,55,206,62,173
58,3,169,50,153,179,247,138,232,134
58,4,60,156,30,82,20,234,182,191
58,5,174,19,194,250,48,102,66,195
58,6,172,204,49,115,154,108,217,149
58,7,1,220,195,253,239,146,204,228
58,8,68,207,184,159,183,248,88,222
58,9,5,4,14,24,200,105,120,190
58,10,68,143,171,240,168,114,212,15
58,11,64,207,130,147,3,145,250,208
58,12,154,132,57,210,35,46,65,246
58,13,164,230,48,18,137,249,254,30
58,14,156,60,235,218,172,14,232,75
58,15,22,71,209,239,233,154,213,135
58,16,167,90,46,233,136,0,54,80
58,17,26,50,56,23,231,36,206,101
58,18,165,238,190,21,70,28,63,12
58,19,40,111,237,71,253,175,51,251
58,20,207,222,186,184,13,183,107,201
58,21,4,24,105,5,89,102,231,253
58,22,68,246,85,143,31,159,187,7
58,23,64,107,3,207,208,250,21,101
58,24,46,132,65,181,57,210,95,206
58,25,18,164,48,30,249,123,124,200
58,26,172,235,206,14,156,220,174,16
58,27,22,209,71,142,233,118,239,116
58,28,21,20,167,90,222,149,30,185
58,29,26,206,101,50,231,56,240,23
58,30,70,238,165,55,190,221,12,69
58,31,251,237,40,111,71,60,107,38
58,32,224,206,197,40,21,62,176,61
58,33,179,201,12,156,217,40,38,117
58,34,49,217,188,90,28,213,70,102
58,35,214,224,20,3,92,184,244,255
58,36,24,255,239,193,57,42,117,129
58,37,50,14,241,83,57,147,37,90
58,38,146,44,86,250,97,126,39,75
58,39,13,85,177,62,52,252,181,15
59,0,109,177,24,55,2,20,203,76
59,1,245,226,236,42,164,76,61,22
59,2,120,221,193,178,83,77,3,95
59,3,247,66,197,234,44,202,243,58
59,4,30,243,60,51,137,169,180,93
59,5,48,19,115,250,133,66,102,52
59,6,49,25,245,204,71,149,172,84
59,7,220,1,167,130,239,95,253,150
59,8,68,88,222,201,124,183,248,207
59,9,5,4,14,24,128,102,0,52
59,10,143,117,63,171,15,232,168,114
59,11,103,209,208,59,231,207,131,137
59,12,210,132,107,246,95,19,57,247
59,13,18,230,137,48,122,123,249,254
59,14,156,14,232,75,218,16,169,129
59,15,22,71,209,233,63,192,26,142
59,16,167,21,20,188,90,0,95,233
59,17,206,50,78,191,36,88,56,45
59,18,238,190,165,70,12,251,63,246
59,19,111,71,40,39,14,251,42,209
59,20,207,201,88,124,19,222,248,186
59,21,24,14,5,4,43,102,89,190
59,22,143,216,117,114,140,204,85,246
59,23,208,107,103,85,59,207,231,209
59,24,65,132,210,128,95,181,46,107
59,25,18,230,48,123,137,19,30,113
59,26,235,156,172,220,93,75,37,169
59,27,71,22,233,142,209,113,123,239
59,28,21,167,190,46,90,0,99,211
59,29,206,173,56,50,78,7,23,101
59,30,165,238,63,28,70,250,50,81
59,31,71,40,38,111,175,251,106,253
59,32,76,18,86,246,106,201,171,40
59,33,11,68,56,116,6,36,28,104
59,34,72,28,109,94,225,90,44,64
59,35,145,185,63,71,148,20,184,190
59,36,202,39,227,142,147,211,119,117
59,37,126,27,60,193,174,145,161,143
59,38,75,80,215,44,157,234,95,119
59,39,9,244,254,165,182,158,146,61
60,0,96,226,247,128,171,11,133,93
60,1,236,169,81,76,164,61,166,2
60,2,83,208,75,254,122,63,12,250
60,3,188,221,66,21,170,122,228,247
60,4,60,119,105,30,20,181,82,180
60,5,61,194,19,250,27,2,66,48
60,6,16,49,172,204,245,154,232,115
60,7,1,220,167,253,79,239,150,94
60,8,112,68,207,184,222,88,124,183
60,9,206,14,5,4,120,24,0,19
60,10,229,143,171,163,63,222,114,212
60,11,18,207,103,250,3,208,147,145
60,12,106,132,65,210,46,246,19,35
60,13,200,18,48,137,230,254,74,113
60,14,172,235,29,156,218,60,129,89
60,15,241,22,71,213,209,239,233,135
60,16,167,46,90,149,0,80,233,54
60,17,56,23,236,50,191,242,65,17
60,18,165,6,28,21,238,63,12,251
60,19,40,253,71,175,111,51,38,233
60,20,207,112,222,186,13,183,115,215
60,21,24,206,105,253,200,4,89,14
60,22,246,85,163,31,159,143,170,72
60,23,18,107,207,250,147,142,130,208
60,24,65,46,106,57,132,107,67,121
60,25,18,200,48,30,124,13,122,249
60,26,172,178,235,175,156,89,38,37
60,27,209,241,22,239,71,213,220,44
60,28,90,46,167,149,73,185,8,211
60,29,56,23,173,180,231,236,206,102
60,30,28,165,6,1,21,235,9,238
60,31,40,175,38,71,253,106,51,111
60,32,89,17,61,194,217,171,142,21
60,33,214,23,116,94,142,117,49,29
60,34,225,187,54,182,28,206,19,58
60,35,63,184,71,145,214,255,7,20
60,36,253,0,145,193,8,117,57,244
60,37,84,220,145,164,102,87,221,90
60,38,75,157,44,244,4,136,86,213
60,39,23,254,241,52,16,68,61,182
61,0,181,82,107,251,39,99,245,83
61,1,131,89,166,9,35,175,117,237
61,2,211,196,28,130,138,250,156,191
61,3,188,21,105,3,131,143,45,217
61,4,133,184,227,82,30,7,255,211
61,5,174,194,48,142,252,255,200,25
61,6,108,71,129,32,16,149,133,225
61,7,94,220,1,122,146,173,130,141
61,8,68,248,183,215,207,73,21,9
61,9,52,139,24,244,196,162,68,222
61,10,68,181,128,239,97,85,143,59
61,11,64,131,212,240,94,42,6,2
61,12,57,98,230,107,27,36,73,172
61,13,122,164,249,13,230,27,244,136
61,14,152,232,172,70,129,156,192,1
61,15,209,17,22,118,239,34,82,25
61,16,233,30,241,59,222,73,74,167
61,17,180,26,45,231,232,170,203,3
61,18,235,1,87,28,70,231,21,165
61,19,132,216,16,118,237,179,90,209
61,20,215,183,248,9,73,68,106,207
61,21,52,24,139,196,162,128,204,244
61,22,68,181,170,128,225,97,239,59
61,23,131,64,101,80,115,212,30,107
61,24,36,230,57,125,89,27,107,73
61,25,244,164,249,122,13,198,17,124
61,26,172,152,232,89,70,225,250,175
61,27,209,17,241,188,22,118,239,166
61,28,30,149,8,241,90,222,87,233
61,29,26,180,232,101,23,231,220,173
61,30,55,235,165,28,122,1,70,87
61,31,40,237,253,38,132,175,16,216
61,32,224,197,171,176,61,89,21,142
61,33,179,201,156,142,12,10,117,40
61,34,49,217,225,153,47,206,28,213
61,35,63,184,71,214,255,224,60,223
61,36,24,145,255,25,193,239,57,251
61,37,14,102,221,50,87,57,83,37
61,38,75,146,157,4,244,44,86,39
61,39,177,13,254,85,52,62,181,61
62,0,55,109,24,151,31,152,175,162
62,1,226,236,59,42,22,49,85,245
62,2,3,211,221,193,77,174,246,185
62,3,44,66,16,234,79,61,218,13
62,4,243,30,51,178,137,44,220,169
62,5,81,228,48,252,102,168,133,52
62,6,174,149,25,126,172,71,129,100
62,7,220,1,146,71,130,94,122,38
62,8,207,68,222,183,215,248,88,19
62,9,24,105,4,234,65,204,128,236
62,10,85,246,7,31,242,119,159,143
62,11,93,250,201,225,84,157,212,115
62,12,57,208,132,46,107,65,125,230
62,13,230,122,13,124,19,181,41,30
62,14,172,232,235,156,175,60,178,89
62,15,239,22,209,71,44,220,219,84
62,16,167,90,233,46,190,224,80,0
62,17,23,56,180,213,191,231,214,104
62,18,28,21,1,25,165,55,87,63
62,19,253,175,40,106,111,85,160,132
62,20,222,207,183,186,115,215,13,121
62,21,24,105,89,13,234,128,253,14
62,22,246,85,242,7,159,143,31,79
62,23,107,250,93,201,85,115,59,212
62,24,65,57,46,132,11,128,205,107
62,25,230,124,18,13,30,48,19,137
62,26,178,172,175,156,235,37,232,218
62,27,209,239,71,22,44,49,84,233
62,28,190,46,90,167,224,211,147,0
62,29,23,180,56,173,21,17,50,206
62,30,28,165,63,21,50,1,81,250
62,31,175,40,106,253,39,71,38,111
62,32,76,18,246,106,86,171,201,61
62,33,11,116,28,56,139,142,36,104
62,34,28,48,240,72,94,44,171,101
62,35,145,185,191,148,71,190,184,63
62,36,202,39,147,227,211,142,125,79
62,37,193,27,174,143,78,60,190,161
62,38,75,215,101,157,80,95,119,196
62,39,9,241,158,244,72,254,182,183
63,0,57,110,56,191,68,165,0,127
63,1,66,232,236,169,43,133,158,13
63,2,107,90,33,200,238,46,242,252
63,3,70,171,19,252,53,90,234,240
63,4,164,122,74,30,254,138,60,82
63,5,24,144,61,249,250,81,236,252
63,6,129,172,100,42,174,90,126,149
63,7,131,169,1,56,71,220,167,37
63,8,65,207,222,186,68,184,183,84
63,9,148,217,24,14,105,5,231,4
63,10,246,85,171,143,114,24,91,31
63,11,207,210,147,142,250,201,109,208
63,12,132,67,65,57,35,205,121,46
63,13,230,100,18,124,48,30,137,51
63,14,235,178,172,156,60,61,37,186
63,15,203,22,239,71,213,233,44,88
63,16,167,46,90,80,147,233,249,0
63,17,88,23,56,50,191,17,11,34
63,18,63,165,21,28,12,9,162,25
63,19,253,175,40,111,106,71,38,107
63,20,207,222,65,186,13,184,115,183
63,21,24,148,105,217,14,253,4,234
63,22,246,85,24,72,114,144,31,7
63,23,147,210,250,207,142,107,243,109
63,24,57,65,46,67,132,84,206,121
63,25,100,124,18,48,30,113,122,239
63,26,178,172,156,37,175,220,235,232
63,27,203,239,209,44,49,71,22,110
63,28,161,46,167,147,90,211,224,249
63,29,23,214,50,17,56,206,180,231
63,30,28,165,81,1,21,71,135,9
63,31,91,175,40,39,71,111,253,181
63,32,18,221,246,201,48,106,61,217
63,33,96,253,58,28,151,121,116,107
63,34,208,56,226,175,95,171,252,102
63,35,85,99,218,184,22,20,223,63
63,36,211,195,202,117,246,152,1,193
63,37,67,174,143,161,56,83,60,48
63,38,101,201,30,9,234,195,213,44
63,39,246,1,250,92,215,183,15,37
64,0,144,84,186,234,111,188,242,172
64,1,111,198,117,65,29,105,239,255
64,2,89,33,15,200,230,86,150,70
64,3,44,155,70,116,132,53,90,156
64,4,164,112,94,30,202,71,2,239
64,5,81,253,48,144,168,84,236,1
64,6,174,126,200,204,142,100,25,56
64,7,131,243,146,71,122,167,169,220
64,8,65,207,222,183,167,186,201,44
64,9,24,105,14,4,231,237,5,148
64,10,85,246,7,143,171,31,9,114
64,11,116,114,207,250,147,84,208,210
64,12,57,132,46,121,107,35,246,65
64,13,124,122,230,41,100,48,18,30
64,14,156,232,172,235,178,29,218,220
64,15,44,239,209,22,203,71,219,220
64,16,167,90,233,46,184,6,249,224
64,17,23,88,180,56,191,231,45,206
64,18,28,21,63,1,165,25,9,12
64,19,175,253,40,132,38,106,111,71
64,20,222,65,207,183,215,186,13,73
64,21,24,105,234,14,200,253,52,139
64,22,85,246,0,7,9,170,159,114
64,23,116,147,15,115,107,212,250,114
64,24,57,65,46,205,107,121,128,125
64,25,100,124,30,122,48,18,181,224
64,26,172,178,156,175,232,186,89,220
64,27,209,44,239,17,248,219,22,103
64,28,90,224,8,46,30,73,78,167
64,29,180,173,23,49,56,231,88,235
64,30,28,21,1,235,165,50,9,25
64,31,38,40,175,253,71,132,106,179
64,32,86,76,246,171,146,61,142,179
64,33,36,97,116,142,189,6,104,96
64,34,90,225,28,212,238,44,206,255
64,35,63,190,148,71,255,49,184,145
64,36,147,227,39,145,234,115,25,172
64,37,193,78,27,95,221,87,102,15
64,38,75,215,157,139,213,4,119,101
64,39,158,254,72,182,224,14,23,61
65,0,65,2,223,218,212,157,86,1
65,1,13,40,12,153,96,117,31,50
65,2,107,89,236,178,252,212,35,230
65,3,44,247,86,53,156,234,144,241
65,4,139,180,190,25,30,27,164,239
65,5,14,253,254,48,81,213,67,144
65,6,114,2,174,126,3,100,56,178
65,7,16,131,71,1,207,169,61,146
65,8,207,186,222,157,183,84,65,232
65,9,14,105,24,200,42,121,141,192
65,10,159,31,85,246,47,170,171,114
65,11,109,250,147,201,115,207,156,17
65,12,46,67,57,132,65,121,97,148
65,13,124,100,48,221,41,200,254,249
65,14,172,235,29,38,156,232,89,60
65,15,44,22,52,241,209,239,71,103
65,16,22,167,233,90,46,232,23,224
65,17,235,213,23,155,173,191,56,71
65,18,162,21,28,165,1,9,25,181
65,19,40,253,38,175,217,225,106,132
65,20,207,222,183,186,157,215,13,248
65,21,200,24,105,42,52,253,192,4
65,22,47,159,170,246,85,31,17,124
65,23,109,250,11,115,147,142,156,29
65,24,46,65,57,97,67,107,12,121
65,25,249,124,100,200,126,122,48,164
65,26,172,175,38,232,235,225,89,178
65,27,209,44,245,22,52,103,239,241
65,28,22,201,90,232,184,113,222,78
65,29,235,173,213,23,231,101,180,155
65,30,28,21,1,165,62,235,87,27
65,31,38,40,253,217,175,225,112,71
65,32,142,116,157,75,103,174,61,37
65,33,237,18,161,59,198,182,206,116
65,34,225,205,28,227,164,206,249,233
65,35,63,132,184,95,59,7,34,210
65,36,251,145,148,172,147,117,252,255
65,37,50,14,87,221,92,102,107,83
65,38,124,75,157,47,244,4,254,228
65,39,166,254,177,13,15,27,61,52
66,0,250,1,134,239,50,116,151,225
66,1,150,88,154,105,137,42,56,61
66,2,94,177,218,83,112,107,127,117
66,3,44,0,234,53,19,111,194,166
66,4,190,180,30,25,80,27,250,51
66,5,14,253,89,81,48,144,178,254
66,6,126,174,114,56,2,178,100,162
66,7,16,71,131,146,1,83,129,68
66,8,207,222,183,186,109,84,3,68
66,9,24,105,42,14,234,43,86,200
66,10,159,85,31,47,246,170,98,110
66,11,250,109,147,169,199,115,201,94
66,12,46,57,65,107,121,194,132,97
66,13,124,122,100,48,30,217,41,249
66,14,172,156,235,60,232,175,89,178
66,15,44,22,71,239,209,49,220,119
66,16,22,167,233,46,90,80,224,0
66,17,213,23,191,180,56,50,231,173
66,18,28,21,25,1,165,151,87,251
66,19,175,40,253,38,132,160,111,106
66,20,207,183,222,115,215,186,13,248
66,21,24,200,105,13,52,160,89,4
66,22,47,85,170,246,159,98,31,139
66,23,109,201,107,250,147,116,115,199
66,24,46,128,57,65,97,15,249,205
66,25,124,126,100,30,48,19,97,41
66,26,172,175,178,156,232,218,203,16
66,27,209,239,22,44,17,71,84,26
66,28,193,22,167,90,46,30,73,189
66,29,180,88,213,23,21,62,61,56
66,30,50,28,235,1,21,162,165,81
66,31,39,175,253,132,40,16,179,216
66,32,76,179,86,246,171,125,176,106
66,33,36,104,237,132,6,116,142,95
66,34,28,44,238,90,240,171,183,153
66,35,148,190,255,191,184,71,145,74
66,36,147,227,39,115,202,211,25,142
66,37,27,78,193,102,190,221,16,143
66,38,157,215,119,169,75,4,96,139
66,39,158,231,72,197,14,182,172,179
67,0,123,196,229,249,216,7,105,242
67,1,225,244,231,93,27,155,150,118
67,2,103,100,4,163,227,162,57,127
67,3,187,133,152,235,37,231,234,31
67,4,142,30,13,222,236,102,154,167
67,5,104,193,158,186,6,90,44,253
67,6,167,172,153,79,142,232,126,250
67,7,29,23,1,37,10,64,204,147
67,8,234,207,56,180,222,84,116,19
67,9,13,94,29,164,197,105,47,86
67,10,169,130,91,171,85,216,72,143
67,11,107,147,189,250,3,145,17,128
67,12,65,26,128,63,74,194,132,107
67,13,43,147,18,30,134,154,124,175
67,14,159,51,61,60,37,52,137,124
67,15,87,22,165,162,88,213,250,71
67,16,5,233,46,167,133,196,80,243
67,17,250,17,87,61,76,56,50,166
67,18,179,50,187,57,251,204,21,113
67,19,39,130,20,109,111,205,42,40
67,20,234,115,207,186,4,184,222,13
67,21,13,29,94,164,197,47,102,24
67,22,169,130,198,91,143,35,246,72
67,23,107,189,42,147,128,250,106,3
67,24,26,63,74,65,132,15,220,160
67,25,18,43,147,48,30,134,97,41
67,26,32,124,37,156,61,60,178,51
67,27,71,22,88,87,81,181,250,84
67,28,167,5,46,136,133,99,90,249
67,29,50,172,250,76,17,23,16,87
67,30,81,179,187,21,205,135,211,70
67,31,39,130,251,252,205,106,40,109
67,32,98,106,134,99,186,131,201,96
67,33,183,238,232,116,126,73,86,28
67,34,84,207,180,171,96,34,101,86
67,35,145,22,153,57,20,184,218,160
67,36,120,181,211,70,14,98,117,202
67,37,190,31,143,58,182,145,67,174
67,38,213,71,92,148,95,75,101,44
67,39,2,69,189,38,213,217,15,146
68,0,57,56,32,127,110,157,6,165
68,1,117,242,112,73,86,118,249,250
68,2,80,33,255,133,121,60,10,217
68,3,70,171,119,191,219,92,19,73
68,4,118,74,254,122,88,30,242,244
68,5,144,24,169,158,11,147,44,161
68,6,183,69,208,164,166,119,217,250
68,7,90,101,1,37,56,71,221,7
68,8,207,234,216,84,184,186,222,190
68,9,148,217,13,105,156,197,85,192
68,10,24,72,91,114,73,161,171,62
68,11,27,147,210,195,107,66,154,140
68,12,155,65,132,84,191,154,181,121
68,13,18,22,168,48,30,113,41,142
68,14,37,61,75,156,213,218,178,60
68,15,22,203,71,110,250,88,87,113
68,16,167,46,136,119,0,249,90,233
68,17,50,56,17,23,205,11,231,201
68,18,159,135,12,251,113,211,165,177
68,19,39,111,107,40,42,175,106,178
68,20,207,222,186,184,234,69,13,190
68,21,148,105,237,13,47,24,4,14
68,22,114,72,24,91,143,81,51,35
68,23,27,147,210,107,3,208,195,255
68,24,132,181,65,194,138,219,155,84
68,25,18,22,48,30,113,29,41,51
68,26,37,156,178,61,241,75,186,32
68,27,71,203,250,88,22,110,113,84
68,28,167,161,99,46,136,249,211,90
68,29,50,214,23,17,56,7,231,139
68,30,81,159,21,135,211,103,71,177
68,31,91,251,39,107,181,111,175,199
68,32,201,221,106,91,192,48,212,217
68,33,96,58,121,151,116,107,38,28
68,34,226,208,171,56,175,95,202,235
68,35,22,85,99,218,20,151,5,61
68,36,1,211,195,117,246,202,152,14
68,37,67,143,174,56,161,83,60,135
68,38,101,201,9,195,234,44,30,213
68,39,246,1,250,92,215,15,183,248
69,0,84,186,144,234,242,188,111,228
69,1,198,29,255,117,111,65,118,211
69,2,230,33,133,15,150,86,240,217
69,3,116,202,155,19,214,44,177,70
69,4,112,30,94,60,71,98,74,63
69,5,253,169,144,66,5,48,102,69
69,6,73,142,172,56,183,84,42,115
69,7,1,7,239,220,210,10,146,37
69,8,207,184,159,222,183,186,201,103
69,9,4,128,14,5,105,13,11,24
69,10,114,72,143,171,9,222,91,7
69,11,114,66,147,153,208,27,210,236
69,12,155,132,181,206,65,246,84,57
69,13,18,38,22,48,168,41,30,113
69,14,75,156,241,206,235,37,218,42
69,15,22,44,203,71,239,88,113,110
69,16,167,46,136,90,249,180,0,80
69,17,50,197,56,23,17,205,231,36
69,18,12,21,190,165,211,113,135,159
69,19,91,111,107,40,39,178,251,42
69,20,207,184,201,186,159,222,69,124
69,21,105,14,4,128,237,89,239,227
69,22,114,143,72,51,0,35,81,91
69,23,66,208,147,114,153,255,107,250
69,24,181,132,206,65,138,57,194,219
69,25,18,48,22,30,113,41,38,51
69,26,37,156,75,206,61,178,186,241
69,27,44,22,250,71,113,207,123,84
69,28,167,99,249,21,136,188,90,46
69,29,50,56,206,7,139,23,17,218
69,30,81,103,190,12,211,70,165,21
69,31,91,251,107,111,71,39,252,51
69,32,195,201,91,62,106,221,217,61
69,33,6,37,97,58,116,168,38,96
69,34,212,95,81,255,90,171,52,70
69,35,99,145,20,151,39,153,22,196
69,36,117,234,0,49,193,202,8,211
69,37,193,15,220,83,241,84,90,143
69,38,44,126,213,250,101,97,86,80
69,39,72,36,183,15,244,23,9,241
70,0,78,89,56,136,133,18,33,68
70,1,117,40,63,79,96,206,84,67
70,2,173,120,224,129,57,236,178,209
70,3,234,105,169,134,202,239,155,7
70,4,253,71,60,156,30,37,98,112
70,5,66,253,174,144,250,68,5,221
70,6,84,172,115,25,134,142,108,37
70,7,1,167,239,220,210,41,7,146
70,8,207,157,184,201,248,222,88,124
70,9,4,5,14,11,128,24,96,105
70,10,12,143,114,68,171,72,222,168
70,11,64,208,147,66,130,156,250,21
70,12,132,181,95,155,206,136,7,46
70,13,18,42,48,41,38,22,168,254
70,14,75,156,37,220,186,218,206,14
70,15,44,22,71,113,250,192,110,203
70,16,46,167,90,136,249,180,80,233
70,17,56,50,17,23,197,185,205,206
70,18,12,211,113,135,21,190,71,103
70,19,107,111,40,251,178,66,42,175
70,20,207,222,184,69,201,186,242,65
70,21,105,239,237,4,14,89,227,128
70,22,143,12,114,68,35,211,91,85
70,23,208,64,66,147,156,103,250,97
70,24,181,132,95,206,65,219,46,194
70,25,42,18,48,30,41,38,181,123
70,26,37,156,75,206,61,220,186,178
70,27,44,22,123,250,113,71,207,84
70,28,21,167,20,249,99,90,136,188
70,29,185,50,206,56,139,23,7,231
70,30,238,190,72,70,103,12,211,221
70,31,251,107,71,111,40,113,102,170
70,32,224,62,40,91,197,61,217,21
70,33,63,156,217,38,12,18,168,122
70,34,188,152,95,70,90,54,171,213
70,35,196,214,20,40,151,99,3,39
70,36,239,117,193,251,24,15,34,255
70,37,50,83,241,90,14,57,147,209
70,38,44,126,250,86,146,97,213,39
70,39,85,177,62,15,13,36,181,52
71,0,2,136,41,36,134,86,65,152
71,1,254,101,83,195,60,221,252,42
71,2,120,182,160,173,201,93,77,63
71,3,66,234,58,2,202,15,218,101
71,4,149,253,51,93,30,60,169,158
71,5,213,66,115,250,48,214,5,102
71,6,172,115,25,84,245,134,108,142
71,7,167,1,239,220,7,32,150,240
71,8,207,242,157,201,222,183,124,248
71,9,4,5,14,128,145,24,190,52
71,10,117,17,12,143,114,15,211,174
71,11,103,209,208,151,147,21,207,101
71,12,181,132,95,166,7,234,136,155
71,13,48,18,42,41,123,38,22,254
71,14,75,206,156,218,0,47,241,14
71,15,22,71,110,192,44,207,113,209
71,16,167,136,90,21,233,180,46,0
71,17,50,56,185,206,92,7,23,207
71,18,12,190,238,211,113,165,70,21
71,19,111,40,251,107,178,39,71,42
71,20,207,242,201,222,184,69,88,19
71,21,4,14,105,11,89,239,128,146
71,22,143,17,117,12,114,35,43,91
71,23,208,209,151,103,137,156,147,250
71,24,181,132,95,157,65,19,206,194
71,25,18,48,42,123,30,41,38,181
71,26,37,75,156,206,186,61,14,220
71,27,22,71,113,123,44,250,84,207
71,28,21,167,249,99,20,138,90,136
71,29,50,78,56,206,185,23,139,17
71,30,237,103,12,238,72,190,211,251
71,31,107,251,111,71,91,40,60,113
71,32,75,197,40,162,91,62,217,61
71,33,5,103,63,75,161,59,38,12
71,34,188,152,227,90,95,213,171,70
71,35,214,196,40,20,151,3,61,244
71,36,251,239,24,48,193,57,129,117
71,37,14,83,241,57,162,50,147,227
71,38,44,124,126,250,97,39,106,86
71,39,177,62,15,13,181,242,52,85
72,0,175,134,55,177,152,217,224,13
72,1,49,206,254,44,101,58,245,42
72,2,235,120,173,160,178,192,183,75
72,3,213,15,66,234,58,44,247,7
72,4,253,44,30,51,60,93,169,231
72,5,27,66,115,250,253,5,144,2
72,6,172,115,142,25,84,245,134,178
72,7,1,167,239,210,240,79,150,220
72,8,207,242,201,222,124,88,103,19
72,9,4,128,14,227,5,11,105,145
72,10,114,143,222,9,171,12,72,91
72,11,103,147,250,208,247,95,209,151
72,12,132,43,181,7,65,95,155,234
72,13,48,18,41,22,30,168,38,113
72,14,156,37,218,75,235,206,172,61
72,15,22,44,71,203,88,250,110,84
72,16,46,136,249,90,167,80,188,99
72,17,50,56,17,23,197,78,205,206
72,18,71,12,113,135,211,251,103,21
72,19,111,107,40,71,178,66,42,39
72,20,207,222,201,69,186,184,88,4
72,21,105,237,14,215,4,227,47,89
72,22,114,143,91,72,85,81,35,12
72,23,208,147,107,247,66,255,103,85
72,24,181,43,65,132,194,219,59,138
72,25,48,18,22,30,140,51,113,29
72,26,37,156,178,61,83,75,93,186
72,27,250,71,113,22,21,44,239,84
72,28,253,21,249,99,55,167,46,136
72,29,56,17,78,23,206,7,230,139
72,30,71,135,81,251,103,165,12,250
72,31,111,91,107,71,251,66,181,199
72,32,201,91,76,106,159,18,217,21
72,33,6,244,116,107,58,181,56,250
72,34,56,72,171,252,109,28,240,182
72,35,218,61,20,145,3,22,196,92
72,36,211,202,152,39,246,248,193,117
72,37,143,174,161,126,67,83,60,48
72,38,101,234,30,9,44,126,97,70
72,39,165,179,92,15,250,246,1,159
73,0,96,226,233,117,93,171,80,90
73,1,120,81,2,92,133,169,232,104
73,2,75,84,142,63,155,242,208,65
73,3,122,148,221,91,21,236,15,188
73,4,119,20,60,55,254,253,105,172
73,5,27,144,253,61,250,66,194,5
73,6,172,200,90,142,178,59,107,115
73,7,1,181,56,239,210,79,7,220
73,8,207,222,69,201,112,88,242,124
73,9,14,4,105,24,178,128,201,47
73,10,114,24,51,91,72,143,7,171
73,11,247,147,255,250,208,18,236,66
73,12,132,43,7,57,181,154,59,65
73,13,18,48,41,140,22,30,149,113
73,14,37,156,218,75,159,61,178,14
73,15,22,250,44,71,239,203,82,113
73,16,46,253,136,249,80,90,167,207
73,17,56,17,50,23,197,236,218,101
73,18,135,71,251,165,12,28,103,232
73,19,111,107,40,71,42,175,151,199
73,20,222,184,190,201,65,207,186,19
73,21,237,105,47,24,215,54,14,234
73,22,143,81,91,85,114,24,7,73
73,23,3,255,10,147,208,247,101,66
73,24,43,194,181,219,65,59,132,57
73,25,18,48,51,140,30,175,113,181
73,26,37,178,156,83,61,186,220,14
73,27,250,71,142,22,113,99,213,203
73,28,21,253,249,54,231,46,161,167
73,29,206,56,17,230,23,7,218,236
73,30,135,71,103,165,251,177,28,120
73,31,91,111,107,71,251,199,181,42
73,32,89,91,201,221,17,21,246,40
73,33,105,244,107,58,116,121,96,253
73,34,56,81,171,95,252,12,208,21
73,35,132,218,20,22,61,3,99,236
73,36,202,211,246,152,253,117,195,193
73,37,174,161,143,67,83,158,60,48
73,38,101,234,30,9,44,97,126,201
73,39,246,250,1,248,15,92,203,125
74,0,186,242,234,210,144,111,84,188
74,1,198,95,79,42,255,217,117,50
74,2,84,13,159,150,92,86,230,75
74,3,44,155,66,148,234,21,202,213
74,4,112,2,94,30,98,60,158,71
74,5,165,168,144,194,48,66,116,5
74,6,59,142,172,200,154,204,126,92
74,7,181,1,37,239,243,146,220,139
74,8,222,207,69,247,190,201,124,88
74,9,47,237,14,54,22,5,105,215
74,10,91,81,9,171,85,114,211,143
74,11,3,255,153,147,10,103,250,84
74,12,132,194,65,205,181,59,7,155
74,13,18,140,113,48,30,22,51,168
74,14,37,156,75,61,186,159,178,218
74,15,250,22,71,88,113,248,84,219
74,16,46,136,253,167,249,90,80,0
74,17,56,17,50,236,197,23,78,88
74,18,135,251,71,12,103,113,165,211
74,19,111,107,71,40,42,228,39,51
74,20,222,207,159,184,186,201,190,13
74,21,237,5,47,215,14,105,54,24
74,22,0,143,81,91,85,9,114,72
74,23,3,153,255,15,107,147,103,208
74,24,65,205,181,194,132,59,106,95
74,25,18,48,51,30,140,113,175,200
74,26,37,83,156,178,93,220,61,186
74,27,71,250,248,22,113,142,63,84
74,28,21,54,167,230,253,90,249,46
74,29,236,56,206,17,230,23,50,139
74,30,69,165,251,238,135,103,12,177
74,31,71,111,51,251,107,60,40,42
74,32,195,146,86,40,201,21,199,91
74,33,189,97,37,94,12,116,6,217
74,34,212,187,90,188,255,28,102,19
74,35,214,49,3,184,255,145,20,61
74,36,0,234,8,193,147,117,239,129
74,37,220,84,145,241,57,83,147,37
74,38,44,97,250,126,86,3,244,75
74,39,23,241,68,52,145,16,61,15
75,0,165,57,110,56,59,54,227,9
75,1,40,209,166,96,183,67,234,57
75,2,1,238,105,191,116,200,125,148
75,3,153,41,124,162,143,158,150,44
75,4,138,164,60,156,2,30,24,98
75,5,19,236,250,165,249,48,202,144
75,6,59,204,232,142,126,200,174,154
75,7,1,243,220,208,7,37,146,239
75,8,222,207,183,68,88,65,186,201
75,9,148,5,47,24,14,105,4,54
75,10,46,81,143,187,91,234,85,246
75,11,93,3,210,250,116,255,147,251
75,12,132,194,57,65,35,125,46,107
75,13,18,175,113,124,48,137,30,74
75,14,60,156,83,159,37,235,52,61
75,15,71,22,209,44,88,239,213,63
75,16,167,46,90,233,80,217,170,0
75,17,104,17,56,23,50,88,36,191
75,18,251,165,190,177,12,135,28,192
75,19,111,40,39,42,225,107,253,228
75,20,222,207,184,186,19,201,115,121
75,21,148,47,24,5,105,102,234,237
75,22,46,143,81,85,91,187,246,114
75,23,3,93,116,210,107,255,201,208
75,24,205,194,65,128,11,181,132,24
75,25,18,140,113,48,19,30,51,22
75,26,37,178,156,203,186,93,218,75
75,27,71,250,113,22,203,146,101,21
75,28,21,55,99,167,90,46,253,193
75,29,56,88,49,17,104,206,130,23
75,30,50,165,162,135,81,28,251,177
75,31,111,107,71,106,252,60,42,28
75,32,86,179,91,106,21,201,18,40
75,33,96,104,36,189,6,116,177,198
75,34,28,238,90,44,171,149,95,235
75,35,190,49,145,148,20,74,22,44
75,36,227,39,147,115,234,172,117,119
75,37,27,193,15,78,93,186,209,16
75,38,215,44,139,179,70,126,97,250
75,39,158,165,72,15,224,235,56,179
76,0,171,96,117,226,185,187,122,90
76,1,13,111,81,96,183,166,234,209
76,2,1,238,191,116,105,125,200,118
76,3,170,122,124,44,153,255,188,221
76,4,119,2,55,60,123,8,182,24
76,5,194,165,48,116,19,168,61,221
76,6,59,16,200,204,154,142,3,126
76,7,1,220,133,239,37,181,146,243
76,8,222,207,112,69,201,190,12,186
76,9,19,237,14,105,47,54,231,24
76,10,163,91,85,81,211,143,171,46
76,11,255,18,116,3,10,147,250,51
76,12,205,67,132,194,121,181,65,59
76,13,200,18,140,48,51,30,253,41
76,14,37,38,156,61,186,178,218,75
76,15,22,99,241,71,250,113,239,240
76,16,46,253,167,90,249,78,80,0
76,17,56,17,88,155,23,50,130,236
76,18,6,113,165,251,9,135,28,12
76,19,111,107,151,71,40,106,175,42
76,20,222,112,186,207,184,201,190,88
76,21,237,14,19,215,192,239,105,54
76,22,143,163,73,92,91,85,81,114
76,23,18,255,147,142,3,208,207,10
76,24,65,181,194,59,121,57,67,19
76,25,18,51,48,200,30,140,123,226
76,26,37,178,186,156,38,74,233,75
76,27,113,71,250,240,101,99,22,241
76,28,167,90,21,46,55,99,147,253
76,29,56,155,130,23,236,7,206,101
76,30,165,9,6,103,238,12,135,70
76,31,107,106,102,71,111,40,251,175
76,32,17,217,91,61,212,21,89,40
76,33,214,23,116,94,117,12,105,38
76,34,28,149,58,187,12,171,54,188
76,35,145,196,206,22,20,60,3,61
76,36,253,0,193,172,117,8,57,11
76,37,84,220,164,93,83,241,209,37
76,38,136,44,59,126,250,97,213,115
76,39,23,241,15,68,146,16,101,136
77,0,110,57,165,245,59,157,221,37
77,1,98,166,190,154,31,135,48,119
77,2,238,33,115,246,5,1,125,81
77,3,70,153,44,247,9,246,122,169
77,4,2,138,60,55,180,218,42,30
77,5,24,144,3,253,165,246,168,194
77,6,59,142,128,154,114,172,204,174
77,7,37,133,1,83,208,146,239,235
77,8,222,207,184,69,186,190,201,84
77,9,148,237,105,47,24,192,234,54
77,10,73,92,91,143,85,154,171,81
77,11,154,210,147,10,255,3,94,84
77,12,121,194,65,84,205,147,107,208
77,13,18,30,133,13,48,181,51,175
77,14,37,178,61,156,186,75,246,60
77,15,71,22,101,219,239,113,84,88
77,16,46,161,167,233,90,253,249,80
77,17,56,130,23,214,17,32,50,200
77,18,28,9,251,25,165,12,21,211
77,19,106,107,111,175,40,102,39,144
77,20,222,186,184,207,201,202,247,190
77,21,148,24,192,22,128,234,13,237
77,22,143,73,92,85,91,114,221,42
77,23,154,147,210,201,255,116,107,94
77,24,65,84,57,194,121,107,109,132
77,25,18,30,48,97,51,19,113,192
77,26,178,37,156,186,75,146,203,235
77,27,71,203,113,22,250,88,44,239
77,28,193,167,55,99,196,46,90,176
77,29,88,61,214,56,50,23,231,21
77,30,50,162,165,81,28,232,103,21
77,31,252,39,111,107,40,251,106,28
77,32,106,86,179,131,201,125,91,212
77,33,96,104,116,151,132,177,6,58
77,34,28,44,238,171,235,95,90,120
77,35,190,148,145,74,20,22,61,217
77,36,39,227,115,147,120,211,202,14
77,37,27,78,190,143,193,15,186,169
77,38,215,169,119,75,251,67,44,213
77,39,158,75,72,122,15,197,179,164
78,0,97,113,166,142,205,150,176,123
78,1,34,26,111,187,59,117,118,132
78,2,103,59,162,146,35,135,17,214
78,3,31,211,37,46,135,146,84,142
78,4,167,161,65,30,14,13,251,19
78,5,104,161,253,186,6,235,66,204
78,6,59,167,172,142,200,154,107,126
78,7,1,29,91,37,10,79,23,239
78,8,207,33,69,222,56,186,164,89
78,9,39,94,29,13,47,237,105,14
78,10,130,91,171,81,72,114,85,51
78,11,20,147,255,3,107,236,250,103
78,12,132,205,26,65,128,63,194,7
78,13,18,43,113,30,74,48,140,51
78,14,37,156,75,51,61,124,178,159
78,15,250,22,44,71,88,65,113,84
78,16,46,249,167,5,196,80,233,90
78,17,56,61,17,50,172,166,205,23
78,18,50,187,148,57,12,251,113,190
78,19,39,111,130,107,40,42,178,252
78,20,33,207,115,186,222,212,88,184
78,21,39,29,94,13,47,237,197,105
78,22,130,143,91,114,72,81,83,51
78,23,20,107,147,255,3,84,236,103
78,24,63,65,26,181,205,132,128,222
78,25,18,43,48,97,113,30,140,29
78,26,37,156,124,75,186,32,218,169
78,27,65,71,113,250,22,88,13,207
78,28,167,99,96,196,46,188,5,90
78,29,50,172,61,56,139,23,7,17
78,30,148,81,187,103,165,70,190,211
78,31,130,252,39,251,107,111,106,42
78,32,99,106,113,201,91,131,238,21
78,33,190,232,116,104,58,41,151,143
78,34,88,34,97,161,171,55,149,56
78,35,145,20,22,74,39,206,61,218
78,36,207,39,202,120,211,49,227,14
78,37,27,190,15,67,143,174,60,193
78,38,71,80,44,213,30,215,97,234
78,39,72,69,244,15,92,183,158,250
79,0,66,46,6,233,63,106,202,157
79,1,112,250,117,118,191,86,189,158
79,2,198,121,87,22,147,134,76,133
79,3,146,202,226,214,234,73,51,171
79,4,155,251,118,242,30,139,74,65
79,5,254,67,100,161,31,12,44,18
79,6,114,175,200,3,59,142,167,172
79,7,2,44,91,1,66,79,10,239
79,8,49,38,207,35,186,69,33,120
79,9,240,156,14,13,145,98,47,151
79,10,253,114,51,171,161,72,167,24
79,11,49,79,142,156,195,20,255,236
79,12,67,19,132,7,59,181,155,65
79,13,18,22,48,142,76,113,28,100
79,14,38,241,37,75,156,218,14,186
79,15,76,250,113,22,71,207,192,120
79,16,119,167,46,136,188,90,95,0
79,17,56,17,50,114,139,88,102,23
79,18,215,251,214,12,190,103,135,148
79,19,111,107,252,42,40,39,71,228
79,20,222,35,49,124,207,69,88,201
79,21,240,47,237,14,24,54,102,234
79,22,114,253,51,143,81,91,72,84
79,23,49,79,156,3,20,103,84,255
79,24,138,19,194,59,181,219,67,132
79,25,76,51,142,195,22,48,18,113
79,26,39,37,156,241,186,75,169,14
79,27,250,76,207,71,113,142,22,123
79,28,119,45,99,21,31,167,96,46
79,29,114,17,56,50,139,230,7,206
79,30,215,135,214,148,177,251,81,12
79,31,107,252,71,120,42,40,251,111
79,32,139,116,158,201,106,61,91,102
79,33,182,232,6,116,41,168,58,205
79,34,205,34,238,12,97,95,28,161
79,35,132,49,3,20,151,148,145,99
79,36,252,172,227,147,193,117,39,194
79,37,48,78,15,27,193,83,28,241
79,38,215,44,139,97,126,250,75,213
79,39,158,72,15,125,244,203,241,36
80,0,250,69,98,136,50,140,46,218
80,1,230,79,37,44,157,134,227,211
80,2,134,87,147,198,76,121,194,22
80,3,226,202,214,177,30,234,186,28
80,4,251,118,155,242,54,139,30,133
80,5,254,67,100,12,31,161,5,10
80,6,114,175,3,200,59,19,88,42
80,7,66,2,44,91,1,79,37,239
80,8,35,49,207,88,69,184,120,65
80,9,240,14,156,47,98,145,5,23
80,10,253,114,161,171,51,72,17,167
80,11,49,142,195,255,156,79,236,207
80,12,67,59,95,206,132,19,155,181
80,13,142,22,18,76,48,111,195,113
80,14,38,37,241,156,75,218,93,14
80,15,76,250,71,22,113,207,192,88
80,16,119,45,167,136,46,188,95,90
80,17,102,88,17,56,139,114,50,200
80,18,251,135,214,190,215,148,103,232
80,19,111,71,107,252,42,228,178,40
80,20,222,35,124,184,207,69,49,190
80,21,240,47,237,14,24,54,102,234
80,22,253,143,81,114,91,187,51,85
80,23,49,3,156,255,101,103,147,10
80,24,222,194,203,67,181,219,138,132
80,25,142,51,76,195,175,48,18,22
80,26,37,156,39,186,75,178,169,241
80,27,250,76,71,113,207,142,22,21
80,28,119,45,21,253,99,167,31,46
80,29,17,56,230,206,139,23,102,7
80,30,135,215,148,177,251,12,165,103
80,31,107,71,120,51,111,40,66,252
80,32,116,75,158,61,91,139,106,21
80,33,182,6,116,232,36,41,104,58
80,34,34,205,238,28,97,161,95,102
80,35,3,148,184,20,132,49,218,190
80,36,227,117,193,39,172,147,234,194
80,37,48,78,27,143,220,15,28,145
80,38,215,97,44,126,139,75,250,101
80,39,158,72,15,241,23,165,78,125
81,0,250,157,233,63,69,46,40,10
81,1,79,230,157,37,223,87,227,29
81,2,72,0,147,194,134,76,43,101
81,3,213,162,214,236,202,148,234,105
81,4,122,139,60,105,251,30,215,155
81,5,114,18,100,12,253,10,236,31
81,6,114,175,61,142,42,3,172,59
81,7,66,44,79,1,2,239,10,7
81,8,35,207,69,49,103,164,88,57
81,9,178,217,240,14,145,151,47,237
81,10,114,253,63,62,222,51,72,171
81,11,49,236,142,79,195,207,42,148
81,12,67,19,132,7,56,138,154,59
81,13,18,76,48,22,195,111,123,113
81,14,75,38,241,37,218,93,156,186
81,15,120,76,113,71,22,207,250,88
81,16,167,136,188,46,90,45,95,119
81,17,102,56,50,23,139,88,17,7
81,18,190,232,12,251,215,135,9,103
81,19,111,107,40,252,39,71,42,51
81,20,222,35,207,124,69,103,184,186
81,21,217,178,237,4,47,240,14,24
81,22,143,62,81,114,51,91,63,72
81,23,49,207,84,42,101,208,3,147
81,24,222,19,194,132,65,67,181,138
81,25,142,18,51,48,76,30,181,211
81,26,37,75,156,178,186,241,169,218
81,27,71,113,250,120,76,22,207,209
81,28,167,99,45,119,90,46,211,136
81,29,50,56,23,139,7,17,231,206
81,30,81,103,12,190,165,215,1,251
81,31,107,111,39,252,40,71,251,91
81,32,96,106,201,21,186,217,116,61
81,33,58,116,11,232,238,151,28,49
81,34,95,180,205,171,34,101,12,56
81,35,145,153,184,218,20,3,61,217
81,36,211,117,202,181,193,120,172,14
81,37,143,31,190,84,67,220,145,174
81,38,44,97,213,75,182,126,101,250
81,39,241,9,15,68,52,146,72,61
82,0,165,57,56,110,194,157,59,127
82,1,79,179,119,168,63,53,228,203
82,2,5,238,234,72,69,81,134,147
82,3,171,70,105,55,194,121,42,147
82,4,254,138,74,122,21,251,172,185
82,5,249,114,12,169,11,250,21,189
82,6,90,61,181,230,248,69,239,110
82,7,66,1,242,56,136,220,7,239
82,8,120,207,88,222,183,65,49,35
82,9,217,148,96,24,14,4,222,23
82,10,46,24,114,246,143,84,71,63
82,11,207,210,93,236,195,66,250,251
82,12,132,19,57,94,35,136,89,155
82,13,18,116,22,48,76,73,254,253
82,14,213,241,156,83,218,75,232,186
82,15,71,22,26,209,113,207,63,135
82,16,167,188,90,137,136,46,95,0
82,17,104,50,88,23,56,143,101,7
82,18,190,165,12,251,158,246,21,232
82,19,111,40,39,71,28,107,42,252
82,20,120,222,207,124,201,183,13,215
82,21,24,4,148,14,5,234,102,89
82,22,46,143,246,24,114,85,84,228
82,23,207,210,208,93,250,84,101,147
82,24,132,65,206,19,57,7,222,181
82,25,18,51,48,123,181,137,142,30
82,26,241,156,172,232,213,14,37,142
82,27,71,209,22,76,26,113,142,203
82,28,167,21,45,99,188,90,81,211
82,29,104,206,50,23,7,56,231,139
82,30,190,165,1,81,103,12,188,73
82,31,111,71,40,39,252,107,225,251
82,32,21,102,221,48,201,217,246,62
82,33,96,121,224,116,107,28,205,253
82,34,95,208,64,175,220,34,102,235
82,35,2,85,94,184,61,3,255,20
82,36,117,202,195,67,193,246,143,152
82,37,60,43,161,209,56,174,87,83
82,38,201,44,234,163,126,75,30,97
82,39,246,1,215,15,250,92,183,138
83,0,122,127,85,18,84,49,102,250
83,1,29,255,111,65,117,3,63,90
83,2,5,234,238,72,15,134,179,101
83,3,116,171,20,55,51,214,42,203
83,4,215,74,12,254,172,79,246,219
83,5,169,12,253,249,11,206,106,189
83,6,136,61,42,73,142,166,37,181
83,7,66,242,1,56,220,7,136,239
83,8,120,207,88,49,186,35,65,222
83,9,14,148,151,4,24,128,105,200
83,10,24,46,114,218,71,84,51,143
83,11,114,207,210,236,93,208,163,49
83,12,132,19,206,53,56,136,7,89
83,13,18,76,38,48,22,195,199,123
83,14,241,218,75,156,235,172,40,83
83,15,44,71,22,26,76,113,168,207
83,16,137,167,188,45,90,136,147,46
83,17,102,50,56,101,7,23,139,88
83,18,165,190,188,12,246,158,238,251
83,19,111,40,71,91,39,252,178,107
83,20,120,222,124,207,242,201,183,35
83,21,14,24,4,228,5,128,253,102
83,22,143,46,114,246,24,218,117,84
83,23,114,208,207,101,248,210,49,103
83,24,206,65,132,19,7,57,95,46
83,25,18,51,48,38,123,181,142,72
83,26,156,241,232,172,218,14,169,186
83,27,209,71,44,22,26,76,113,142
83,28,45,137,21,167,20,231,90,99
83,29,206,23,231,104,218,56,7,50
83,30,165,190,1,221,238,12,28,251
83,31,71,40,111,120,107,216,252,179
83,32,221,21,102,61,217,201,176,40
83,33,121,168,224,205,96,40,12,116
83,34,95,81,55,208,34,64,28,102
83,35,39,184,99,3,212,255,63,61
83,36,117,193,49,195,34,172,202,67
83,37,193,15,90,220,209,241,87,83
83,38,44,86,75,157,126,250,97,213
83,39,72,36,15,244,52,183,23,254
84,0,2,223,86,65,157,41,115,237
84,1,126,221,29,42,117,118,79,188
84,2,234,212,147,23,194,236,63,89
84,3,44,66,234,58,214,42,215,202
84,4,60,30,149,51,37,164,42,93
84,5,253,48,27,115,12,102,133,236
84,6,245,136,61,142,108,62,172,232
84,7,1,220,66,7,242,146,95,32
84,8,183,222,207,88,215,186,242,124
84,9,24,14,5,4,128,102,234,141
84,10,117,46,114,143,181,246,204,168
84,11,103,209,208,248,231,21,207,116
84,12,57,132,19,65,125,177,73,136
84,13,18,249,122,48,76,137,123,175
84,14,14,232,156,129,169,16,218,152
84,15,22,71,44,209,26,63,113,13
84,16,167,21,45,188,90,193,0,233
84,17,143,206,50,45,36,78,7,88
84,18,190,238,251,70,87,165,12,237
84,19,71,111,216,39,40,42,178,87
84,20,242,207,124,222,88,215,183,248
84,21,14,24,89,190,4,102,5,43
84,22,46,216,117,114,143,17,146,204
84,23,208,103,209,116,248,151,59,231
84,24,65,128,53,7,56,57,119,95
84,25,18,48,19,76,97,249,123,211
84,26,218,169,14,241,119,232,9,93
84,27,71,76,44,22,209,86,142,13
84,28,45,167,99,21,90,193,233,212
84,29,255,49,78,88,114,7,61,21
84,30,215,50,162,165,214,81,237,70
84,31,252,71,111,39,216,204,28,90
84,32,75,179,106,104,201,148,139,40
84,33,161,5,104,6,116,132,68,198
84,34,227,44,238,28,62,143,20,95
84,35,148,190,145,74,184,255,20,92
84,36,39,227,115,147,19,172,156,251
84,37,27,78,190,126,169,101,16,186
84,38,215,169,119,196,67,140,134,21
84,39,75,179,117,218,158,172,168,226
85,0,97,166,113,142,205,150,123,213
85,1,59,34,26,64,187,227,87,199
85,2,235,17,4,227,229,162,75,147
85,3,211,37,146,46,135,162,84,76
85,4,161,167,67,14,251,65,30,131
85,5,12,104,235,186,253,21,6,66
85,6,245,167,61,175,136,199,142,62
85,7,1,220,66,146,91,239,7,136
85,8,183,207,215,222,88,33,19,49
85,9,39,24,29,4,68,94,132,105
85,10,181,85,176,143,128,97,59,246
85,11,42,131,212,240,84,225,56,94
85,12,57,107,172,230,27,208,246,89
85,13,249,122,136,174,18,39,198,41
85,14,232,152,156,129,14,174,251,79
85,15,22,209,118,166,142,239,234,71
85,16,233,167,30,222,74,241,140,8
85,17,231,3,240,31,174,180,36,45
85,18,70,231,1,87,165,21,206,28
85,19,216,251,181,179,111,250,71,40
85,20,215,248,183,156,207,70,13,46
85,21,4,162,52,204,24,242,39,133
85,22,15,160,128,181,97,143,239,204
85,23,80,212,131,113,240,6,196,46
85,24,172,57,53,107,46,227,36,98
85,25,249,122,48,193,198,136,18,181
85,26,174,232,152,79,22,14,89,129
85,27,209,7,22,118,166,43,234,5
85,28,74,222,140,83,30,226,241,8
85,29,240,150,231,31,3,174,232,55
85,30,231,70,206,1,4,178,87,189
85,31,216,172,185,179,251,58,40,250
85,32,176,33,61,94,171,177,126,91
85,33,192,38,185,190,12,3,171,10
85,34,16,146,235,88,47,34,70,29
85,35,161,123,131,255,217,184,100,15
85,36,207,127,116,139,42,223,244,193
85,37,87,102,27,221,83,7,228,45
85,38,71,157,196,191,103,44,3,206
85,39,168,69,139,179,61,223,137,163
86,0,22,66,46,106,6,63,85,110
86,1,112,223,250,117,86,191,197,189
86,2,198,61,59,235,22,121,108,147
86,3,146,162,236,226,98,124,9,214
86,4,67,251,167,118,242,30,72,105
86,5,67,12,254,100,172,10,161,235
86,6,175,167,61,243,142,245,136,107
86,7,66,44,91,242,79,10,2,1
86,8,33,207,35,164,49,88,57,56
86,9,240,13,132,14,98,94,217,155
86,10,248,114,63,216,253,222,171,72
86,11,49,236,203,20,36,107,103,79
86,12,19,7,26,56,132,65,128,59
86,13,18,33,142,76,48,123,28,222
86,14,75,241,147,218,93,169,14,47
86,15,71,120,113,22,207,44,166,250
86,16,46,167,188,90,136,156,95,0
86,17,50,110,56,45,102,17,36,166
86,18,190,103,12,251,211,205,232,113
86,19,111,120,107,252,42,39,40,178
86,20,207,35,33,88,201,186,222,4
86,21,240,14,13,237,11,217,4,5
86,22,143,114,62,63,72,91,81,253
86,23,49,207,42,84,36,107,103,208
86,24,65,19,222,181,132,100,194,138
86,25,142,18,123,51,48,29,30,175
86,26,75,37,241,156,186,169,14,206
86,27,71,113,22,13,120,192,250,207
86,28,167,99,188,46,90,21,55,119
86,29,50,110,56,139,255,7,206,23
86,30,103,81,190,12,165,251,112,70
86,31,120,252,111,251,107,71,39,42
86,32,201,238,106,96,158,113,21,116
86,33,232,73,116,58,6,238,41,182
86,34,34,161,97,171,180,101,95,205
86,35,145,153,20,61,2,218,17,66
86,36,120,211,117,181,202,227,98,143
86,37,190,15,143,186,145,250,27,25
86,38,44,139,67,213,215,182,196,206
86,39,72,165,15,241,158,146,133,67
87,0,40,46,157,233,63,110,202,22
87,1,79,226,242,189,117,122,112,197
87,2,76,108,61,222,194,201,72,16
87,3,236,214,194,55,105,76,107,202
87,4,122,105,119,244,139,67,228,242
87,5,114,12,100,18,194,10,161,236
87,6,19,142,61,114,90,172,42,107
87,7,66,44,1,79,242,10,7,239
87,8,35,207,216,164,69,88,184,103
87,9,217,178,14,47,13,151,145,98
87,10,62,114,63,171,222,72,84,253
87,11,42,236,238,49,207,142,147,195
87,12,132,19,154,59,67,7,56,113
87,13,18,142,72,123,48,116,113,30
87,14,75,156,37,14,241,169,60,186
87,15,22,71,113,120,192,250,207,63
87,16,167,46,95,90,188,136,33,42
87,17,56,50,17,23,36,139,200,137
87,18,190,165,12,103,251,232,135,211
87,19,111,107,40,39,42,252,175,28
87,20,207,222,201,184,186,88,247,13
87,21,217,237,105,24,14,22,178,4
87,22,143,62,91,114,85,81,236,51
87,23,42,207,84,250,3,208,147,103
87,24,132,222,181,19,65,57,138,59
87,25,18,51,123,48,142,30,29,175
87,26,37,156,75,186,178,246,169,232
87,27,71,113,22,209,250,120,192,13
87,28,167,99,55,90,188,46,21,96
87,29,56,50,23,231,139,7,206,147
87,30,81,103,165,190,12,251,159,70
87,31,111,251,107,252,106,71,39,91
87,32,96,201,186,91,106,21,217,116
87,33,58,232,238,116,11,38,151,29
87,34,171,180,205,207,95,34,101,9
87,35,145,153,20,218,22,132,61,85
87,36,211,181,120,117,202,143,193,14
87,37,31,190,143,67,174,250,84,86
87,38,213,44,101,182,250,126,97,67
87,39,241,9,15,68,72,146,52,252
88,0,57,110,56,127,157,165,191,33
88,1,79,119,179,222,117,122,137,228
88,2,5,33,81,202,108,144,62,251
88,3,70,171,121,105,194,178,72,169
88,4,254,122,74,21,255,17,150,23
88,5,144,24,169,114,11,249,253,154
88,6,172,166,164,90,230,73,142,252
88,7,1,242,56,239,90,210,236,7
88,8,207,184,69,222,88,186,201,35
88,9,148,217,14,11,145,105,47,5
88,10,24,114,73,91,72,84,171,143
88,11,210,207,147,66,27,238,236,154
88,12,132,84,43,19,117,155,121,181
88,13,18,72,48,22,142,30,253,52
88,14,75,156,37,186,178,241,60,61
88,15,22,203,113,71,219,192,250,88
88,16,167,46,161,90,0,249,136,95
88,17,56,50,23,17,229,36,205,139
88,18,12,103,135,165,113,190,251,211
88,19,111,107,39,40,175,199,178,106
88,20,184,207,201,222,186,88,13,69
88,21,148,14,237,105,24,4,234,128
88,22,143,24,114,91,81,72,85,73
88,23,147,210,66,207,250,208,255,154
88,24,132,181,19,84,138,222,57,65
88,25,18,48,51,30,123,142,181,175
88,26,37,75,178,156,186,241,61,246
88,27,203,71,113,22,250,88,84,192
88,28,167,99,161,46,55,90,249,136
88,29,56,23,50,214,7,206,231,139
88,30,103,81,211,165,71,12,190,159
88,31,91,251,107,111,71,199,39,181
88,32,221,201,91,48,106,18,217,21
88,33,96,58,121,151,107,116,38,253
88,34,171,226,208,56,95,175,252,34
88,35,85,22,99,20,218,61,151,132
88,36,211,195,1,117,246,202,152,143
88,37,67,174,143,161,56,83,60,135
88,38,101,201,9,234,30,44,195,213
88,39,246,250,1,215,92,183,15,248
89,0,186,84,250,144,242,234,23,188
89,1,117,255,29,111,65,72,198,118
89,2,5,33,230,15,108,133,134,150
89,3,202,70,116,19,214,66,137,155
89,4,112,30,71,94,74,60,98,158
89,5,169,144,2,11,44,100,194,254
89,6,172,73,142,166,42,198,69,250
89,7,1,242,79,239,7,101,10,74
89,8,159,207,184,88,103,186,69,201
89,9,128,14,11,237,145,105,151,5
89,10,114,72,222,81,171,143,91,9
89,11,66,147,145,207,114,236,238,27
89,12,132,19,7,155,181,43,65,95
89,13,18,48,72,38,30,22,51,123
89,14,75,241,186,156,218,37,178,246
89,15,71,110,88,113,22,203,207,250
89,16,167,46,136,90,95,99,55,249
89,17,56,50,197,229,17,23,132,139
89,18,103,12,190,165,251,211,232,113
89,19,111,102,107,71,40,228,178,39
89,20,184,159,186,222,207,201,69,88
89,21,14,237,192,11,234,47,217,89
89,22,143,114,62,73,72,51,0,81
89,23,66,147,207,153,236,84,3,114
89,24,19,206,84,65,132,138,181,121
89,25,18,51,48,123,30,137,72,81
89,26,75,156,178,37,186,169,241,246
89,27,71,113,250,13,209,207,22,192
89,28,167,99,55,21,90,46,119,136
89,29,50,56,23,7,139,206,130,236
89,30,103,165,81,12,190,251,9,205
89,31,91,102,51,111,106,252,107,71
89,32,96,201,195,106,21,186,91,217
89,33,58,6,116,97,49,37,238,96
89,34,212,180,95,171,255,149,90,101
89,35,145,153,22,20,61,85,49,66
89,36,234,211,117,0,193,202,39,11
89,37,145,220,84,143,83,31,241,93
89,38,44,250,213,126,95,97,67,215
89,39,241,9,15,72,23,68,146,52
90,0,110,165,57,157,127,71,59,56
90,1,134,16,40,222,137,206,63,79
90,2,120,33,101,69,28,65,108,240
90,3,85,70,188,121,105,237,19,232
90,4,254,122,172,138,74,60,30,21
90,5,24,250,144,169,11,253,69,114
90,6,107,172,73,142,128,69,42,250
90,7,242,1,56,37,7,10,239,83
90,8,184,207,222,69,186,159,88,42
90,9,148,217,237,14,11,105,192,234
90,10,73,92,24,114,143,72,91,171
90,11,210,154,147,207,66,236,238,93
90,12,121,84,65,147,18,19,194,155
90,13,18,72,48,30,51,137,22,133
90,14,37,75,186,156,178,218,246,61
90,15,71,203,113,219,22,101,250,110
90,16,167,46,161,90,136,95,249,0
90,17,56,23,130,50,17,229,88,200
90,18,251,12,103,165,211,190,177,9
90,19,111,102,175,40,107,106,199,28
90,20,222,184,186,201,183,124,202,19
90,21,14,148,24,192,234,11,128,4
90,22,73,143,92,24,114,72,91,85
90,23,154,207,210,147,66,208,101,84
90,24,84,65,19,57,121,194,107,206
90,25,18,137,51,48,30,123,133,181
90,26,156,75,178,37,186,235,146,241
90,27,71,113,203,209,207,22,63,250
90,28,167,99,161,21,90,55,46,211
90,29,23,50,214,206,56,139,7,191
90,30,103,165,81,12,251,190,211,71
90,31,91,102,111,107,71,251,199,175
90,32,48,201,21,221,18,91,212,106
90,33,96,58,151,107,121,116,225,177
90,34,56,95,175,208,171,28,55,252
90,35,85,20,99,218,61,22,94,184
90,36,211,195,202,117,246,152,39,193
90,37,67,56,161,174,143,60,83,156
90,38,195,201,9,234,30,101,44,126
90,39,246,1,250,92,215,248,15,183
91,0,46,63,127,84,233,202,102,176
91,1,111,65,171,117,251,92,63,29
91,2,120,15,179,101,80,108,173,212
91,3,116,20,214,171,70,202,55,85
91,4,112,74,254,172,215,30,79,126
91,5,253,169,250,144,11,18,27,24
91,6,107,73,142,172,128,42,147,88
91,7,56,242,1,7,37,10,239,40
91,8,69,207,65,186,184,222,201,103
91,9,215,14,237,145,227,148,105,11
91,10,24,114,51,73,222,72,143,171
91,11,114,207,247,236,255,210,147,66
91,12,84,43,147,65,19,7,132,121
91,13,18,72,81,38,48,22,137,51
91,14,75,37,156,218,241,178,186,246
91,15,71,203,22,250,113,88,219,207
91,16,46,167,55,161,90,99,249,33
91,17,56,197,17,50,23,88,7,218
91,18,103,190,251,232,211,177,113,12
91,19,111,107,102,228,199,42,39,71
91,20,184,222,65,186,124,69,19,120
91,21,215,14,237,24,47,4,5,11
91,22,143,114,24,73,72,51,92,85
91,23,114,255,154,208,147,210,247,207
91,24,84,65,206,19,181,57,194,95
91,25,18,48,51,38,30,81,123,175
91,26,156,75,37,178,218,186,241,93
91,27,71,209,113,250,13,142,203,63
91,28,167,21,55,99,161,90,249,253
91,29,206,50,7,56,139,23,218,231
91,30,103,190,71,165,211,251,81,12
91,31,91,251,111,107,71,199,181,102
91,32,221,91,21,48,201,62,18,217
91,33,121,58,244,107,96,116,151,38
91,34,56,81,208,95,171,252,21,102
91,35,20,218,85,132,99,61,94,236
91,36,211,202,195,246,117,152,193,248
91,37,158,161,67,143,174,83,60,202
91,38,9,234,30,44,201,101,126,195
91,39,246,250,1,92,248,15,203,125
92,0,84,50,102,250,198,63,131,111
92,1,221,92,198,63,120,79,16,29
92,2,15,236,159,124,120,101,84,189
92,3,20,116,214,171,55,202,213,70
92,4,112,37,71,215,27,30,172,126
92,5,169,253,144,250,18,11,27,76
92,6,107,73,142,172,128,166,147,170
92,7,56,1,240,242,7,239,37,40
92,8,65,207,69,222,186,184,103,201
92,9,215,239,14,237,105,4,145,148
92,10,24,114,51,84,143,73,222,218
92,11,255,114,247,207,210,147,236,66
92,12,132,84,43,121,7,65,147,181
92,13,18,81,48,38,30,72,51,181
92,14,235,75,156,178,218,37,186,241
92,15,44,22,71,203,239,219,88,84
92,16,167,55,46,161,90,249,253,99
92,17,56,50,197,23,17,7,130,88
92,18,28,165,251,71,206,103,211,113
92,19,111,175,106,119,39,40,102,107
92,20,222,65,184,186,207,13,86,215
92,21,215,14,24,239,253,237,105,227
92,22,114,24,73,143,85,51,92,72
92,23,255,114,154,147,208,247,203,210
92,24,84,57,65,206,19,132,121,222
92,25,18,48,38,51,81,181,30,137
92,26,178,156,218,232,37,75,241,69
92,27,71,209,113,44,13,22,203,239
92,28,21,161,167,99,55,90,249,33
92,29,206,56,50,7,23,231,218,139
92,30,103,190,165,211,12,81,71,70
92,31,91,251,107,111,71,181,199,102
92,32,21,221,91,201,48,62,217,102
92,33,121,58,107,96,244,116,151,248
92,34,56,95,81,208,171,252,28,102
92,35,20,218,196,61,99,132,85,236
92,36,202,211,117,195,246,152,193,248
92,37,161,67,174,143,83,60,158,45
92,38,234,9,44,201,30,101,126,213
92,39,1,246,250,92,183,15,72,125
93,0,186,84,234,144,250,50,242,2
93,1,221,198,79,37,163,21,188,255
93,2,236,159,15,150,230,101,201,84
93,3,155,213,214,116,44,20,48,15
93,4,60,112,71,94,37,30,98,42
93,5,27,253,144,18,169,250,168,2
93,6,172,107,142,147,128,73,250,59
93,7,1,7,242,181,10,37,239,220
93,8,222,207,186,69,242,103,184,183
93,9,215,14,237,128,4,234,11,24
93,10,114,143,9,222,51,1,171,91
93,11,208,114,153,255,103,147,236,207
93,12,19,84,132,43,121,65,147,59
93,13,18,81,38,51,72,48,30,111
93,14,75,156,37,178,218,235,246,186
93,15,44,71,203,22,219,113,88,207
93,16,167,55,46,161,90,249,99,188
93,17,197,56,50,88,23,206,7,17
93,18,251,190,103,113,206,211,165,12
93,19,91,111,71,102,175,42,39,40
93,20,222,242,184,186,19,124,65,248
93,21,215,14,24,128,4,237,253,11
93,22,143,114,0,85,9,72,171,91
93,23,208,255,153,147,114,207,247,103
93,24,65,84,19,57,95,205,206,132
93,25,18,48,38,30,51,199,72,31
93,26,156,83,218,178,232,93,37,14
93,27,71,209,44,113,22,248,13,63
93,28,167,21,55,90,99,30,54,46
93,29,56,206,231,23,7,236,139,50
93,30,165,103,69,28,251,1,70,81
93,31,71,111,107,216,51,91,251,175
93,32,195,21,201,86,91,176,61,106
93,33,6,97,116,37,198,94,12,58
93,34,212,28,95,187,90,255,188,206
93,35,20,255,214,49,145,184,218,61
93,36,234,0,211,193,8,117,147,202
93,37,220,84,83,143,87,241,193,95
93,38,44,39,244,213,157,250,75,3
93,39,23,241,68,16,52,145,15,61
94,0,157,65,218,212,110,131,40,137
94,1,206,40,183,166,230,98,96,165
94,2,173,84,178,120,112,186,75,236
94,3,89,148,202,247,229,15,12,162
94,4,60,180,71,30,222,156,37,66
94,5,253,31,18,213,27,194,250,81
94,6,172,241,142,200,114,147,204,59
94,7,1,7,220,61,37,239,243,167
94,8,157,222,184,183,68,186,201,242
94,9,215,14,4,5,145,128,24,248
94,10,220,114,171,143,51,84,168,46
94,11,156,158,255,219,208,93,147,103
94,12,19,95,132,117,206,59,136,214
94,13,18,48,81,199,137,164,51,72
94,14,156,218,75,14,38,119,232,241
94,15,22,71,116,44,113,209,207,142
94,16,167,21,46,55,188,90,95,180
94,17,50,216,206,56,88,7,23,36
94,18,190,165,103,251,12,63,113,238
94,19,71,111,42,39,91,178,102,107
94,20,157,184,222,215,207,124,186,201
94,21,14,24,4,128,248,215,102,240
94,22,220,143,114,85,246,140,141,17
94,23,208,156,207,158,219,93,64,255
94,24,95,57,206,181,107,132,65,59
94,25,18,48,199,249,164,175,122,200
94,26,218,156,232,14,83,93,152,22
94,27,209,71,22,142,116,118,207,241
94,28,21,167,201,30,185,222,20,90
94,29,216,206,231,7,56,23,240,173
94,30,70,165,1,238,28,69,221,190
94,31,71,251,111,60,216,179,107,40
94,32,116,197,75,91,21,176,201,61
94,33,59,206,18,182,12,63,38,179
94,34,206,205,90,28,152,188,95,235
94,35,214,20,132,184,120,49,7,196
94,36,251,117,239,107,193,145,57,42
94,37,50,14,83,90,248,241,87,57
94,38,124,44,86,39,244,250,75,126
94,39,177,13,15,29,62,203,36,85
95,0,1,136,134,2,69,65,239,3
95,1,157,37,101,154,105,134,22,253
95,2,183,71,173,84,83,189,3,143
95,3,66,44,0,202,213,42,58,234
95,4,180,30,51,190,44,149,60,93
95,5,81,115,168,194,213,236,18,66
95,6,172,241,200,142,204,114,25,174
95,7,1,16,220,31,167,239,61,7
95,8,222,184,242,68,183,88,201,124
95,9,14,4,215,5,145,24,160,128
95,10,220,114,31,143,51,171,85,159
95,11,103,158,255,84,208,93,109,219
95,12,19,132,59,205,57,181,95,53
95,13,18,48,81,30,137,51,175,133
95,14,156,232,75,235,218,14,178,98
95,15,71,22,209,44,113,207,219,239
95,16,167,90,233,193,46,95,188,21
95,17,56,50,23,88,231,191,7,78
95,18,190,50,251,12,28,151,165,87
95,19,111,39,71,102,175,106,91,40
95,20,207,222,184,186,86,13,215,124
95,21,14,24,4,215,237,105,248,89
95,22,85,216,220,143,114,246,210,31
95,23,255,208,147,219,85,109,116,158
95,24,205,65,128,132,57,95,94,19
95,25,18,48,137,81,19,30,51,230
95,26,83,218,146,156,178,93,142,9
95,27,71,22,56,44,209,113,146,239
95,28,167,21,55,190,99,78,90,41
95,29,216,206,213,56,88,7,231,78
95,30,165,50,28,151,70,162,113,1
95,31,71,111,28,251,107,179,91,40
95,32,86,18,76,116,201,179,91,75
95,33,59,6,104,11,116,95,161,36
95,34,28,183,72,90,206,44,95,205
95,35,191,148,145,49,20,190,22,184
95,36,39,147,227,251,115,211,202,106
95,37,193,27,83,180,127,242,248,73
95,38,169,161,137,61,196,139,36,65
95,39,165,218,166,158,73,179,139,146
96,0,96,226,80,171,247,136,198,107
96,1,88,158,134,133,116,15,2,169
96,2,183,97,218,71,254,180,83,46
96,3,90,53,221,188,144,122,0,72
96,4,180,60,190,30,119,231,10,105
96,5,81,61,194,66,253,195,250,221
96,6,172,16,241,142,204,200,114,59
96,7,1,16,220,239,167,55,37,31
96,8,112,184,222,68,157,242,183,103
96,9,215,14,206,19,4,248,23,24
96,10,229,220,114,171,163,51,143,85
96,11,18,255,219,103,207,208,158,147
96,12,106,132,19,67,214,205,95,94
96,13,18,200,81,71,179,199,48,204
96,14,235,156,215,38,218,232,178,149
96,15,241,44,22,71,209,225,89,239
96,16,149,167,46,90,185,210,55,217
96,17,88,56,65,23,50,7,30,97
96,18,63,165,190,28,251,6,104,238
96,19,71,111,42,41,175,91,40,10
96,20,112,207,184,222,215,68,186,183
96,21,24,248,206,14,4,102,215,253
96,22,246,85,143,129,210,163,114,141
96,23,18,207,147,208,219,93,142,109
96,24,57,106,65,95,132,107,67,120
96,25,18,199,48,200,30,31,51,117
96,26,83,156,218,232,146,38,178,220
96,27,209,71,241,22,254,142,239,168
96,28,149,167,21,90,185,55,41,66
96,29,206,231,216,56,155,236,23,7
96,30,165,1,28,6,70,238,207,69
96,31,71,111,40,179,107,60,51,251
96,32,89,201,199,17,91,21,61,194
96,33,214,23,94,68,116,117,6,59
96,34,187,182,28,95,235,188,90,206
96,35,184,214,255,20,145,49,7,63
96,36,253,0,117,193,8,211,146,57
96,37,84,220,164,83,87,241,143,102
96,38,44,136,75,157,233,111,65,39
96,39,241,23,68,164,218,16,146,39
97,0,57,165,110,56,59,180,250,245
97,1,253,131,190,154,166,88,35,98
97,2,183,97,218,211,180,238,45,46
97,3,53,90,213,70,72,75,132,240
97,4,138,180,60,30,231,215,105,190
97,5,236,81,31,253,252,14,250,27
97,6,172,142,241,129,198,200,232,49
97,7,1,7,220,37,68,16,208,239
97,8,222,207,183,68,184,242,186,42
97,9,148,215,24,14,4,200,31,105
97,10,85,46,143,246,171,114,195,51
97,11,93,250,210,84,255,147,219,94
97,12,205,19,132,121,35,57,65,7
97,13,18,30,51,175,48,124,41,81
97,14,178,156,37,75,60,235,218,146
97,15,22,71,219,113,209,44,101,88
97,16,46,167,90,161,233,113,249,123
97,17,23,56,130,50,104,17,7,205
97,18,50,21,28,251,190,16,87,177
97,19,106,39,175,102,40,111,28,42
97,20,186,207,222,13,115,86,14,183
97,21,13,24,148,89,253,102,237,22
97,22,216,130,85,46,143,246,73,91
97,23,147,255,107,236,116,210,201,250
97,24,65,128,205,57,132,7,63,160
97,25,97,18,48,30,50,19,36,254
97,26,218,178,37,32,156,142,146,222
97,27,22,71,203,87,209,44,113,225
97,28,193,167,55,196,46,90,99,233
97,29,88,61,21,49,56,216,104,23
97,30,50,162,165,81,28,246,181,113
97,31,111,28,252,39,107,225,251,106
97,32,86,106,179,125,217,201,21,91
97,33,96,104,6,116,132,36,177,109
97,34,28,44,238,171,140,95,90,20
97,35,148,190,145,20,74,130,22,17
97,36,39,227,115,147,19,117,120,171
97,37,27,78,193,169,190,15,19,186
97,38,215,169,119,18,75,139,180,213
97,39,158,231,72,179,15,117,197,37
98,0,123,229,196,249,216,7,105,242
98,1,225,244,93,231,155,118,27,150
98,2,100,103,4,163,162,227,214,57
98,3,187,133,235,152,231,37,190,234
98,4,30,142,13,222,236,102,54,167
98,5,104,193,253,6,186,44,90,41
98,6,172,167,153,61,142,107,245,59
98,7,29,37,23,1,10,216,239,7
98,8,234,207,116,69,56,164,180,84
98,9,94,29,13,164,197,215,47,237
98,10,130,169,171,91,216,143,198,222
98,11,189,147,107,255,250,236,128,103
98,12,65,26,128,74,63,205,19,194
98,13,18,147,43,134,30,154,175,48
98,14,37,124,51,61,178,137,75,159
98,15,87,165,162,22,81,88,250,200
98,16,233,5,46,133,196,249,167,43
98,17,250,17,76,87,61,56,166,172
98,18,179,50,57,187,21,13,134,251
98,19,109,20,39,130,111,215,205,160
98,20,234,115,207,186,239,4,13,222
98,21,13,164,29,94,203,197,24,102
98,22,169,198,130,234,35,196,246,91
98,23,189,42,107,128,111,106,147,62
98,24,74,220,26,63,65,15,57,54
98,25,147,43,134,48,41,18,6,124
98,26,32,232,137,124,172,175,51,52
98,27,209,87,165,181,22,71,162,81
98,28,167,5,133,43,46,0,30,136
98,29,250,180,76,50,172,231,87,23
98,30,81,21,179,1,28,187,205,70
98,31,39,205,109,106,181,130,253,40
98,32,134,98,106,186,131,99,171,176
98,33,183,238,116,126,232,86,28,73
98,34,207,84,180,96,225,171,101,235
98,35,145,57,184,63,22,255,153,218
98,36,120,181,70,211,14,202,98,248
98,37,190,31,143,65,58,87,182,95
98,38,148,92,75,213,157,101,71,198
98,39,2,243,38,217,196,69,189,254
99,0,177,47,115,158,235,132,141,192
99,1,182,244,93,155,118,211,233,11
99,2,93,57,123,100,103,82,10,121
99,3,133,187,117,190,40,37,235,233
99,4,236,142,54,30,222,102,95,154
99,5,193,90,43,158,65,47,88,44
99,6,153,60,138,206,69,196,79,22
99,7,117,23,29,10,37,64,147,229
99,8,239,234,77,56,180,116,207,84
99,9,164,2,191,239,13,197,8,36
99,10,169,198,125,185,65,247,91,36
99,11,189,108,107,206,128,86,62,106
99,12,93,74,128,220,65,26,63,44
99,13,134,154,147,182,138,6,175,43
99,14,51,137,52,32,148,86,124,159
99,15,87,162,165,200,148,58,22,181
99,16,43,133,233,5,252,170,80,51
99,17,250,87,0,76,5,20,64,166
99,18,179,163,134,226,197,13,204,161
99,19,20,116,109,215,205,167,160,39
99,20,116,239,234,115,186,207,4,56
99,21,13,191,164,197,203,2,94,102
99,22,169,125,198,35,196,176,150,243
99,23,128,189,42,206,111,107,106,62
99,24,220,93,74,54,107,15,26,63
99,25,134,147,48,154,182,6,43,175
99,26,32,137,51,52,148,124,86,60
99,27,87,181,165,22,162,200,71,58
99,28,43,167,5,133,233,46,0,136
99,29,250,0,87,76,50,231,172,5
99,30,21,179,81,1,163,28,187,70
99,31,39,116,109,205,181,253,106,252
99,32,119,134,106,186,131,90,171,96
99,33,183,93,238,116,28,232,86,129
99,34,82,207,180,225,96,84,171,235
99,35,145,57,184,63,22,153,255,160
99,36,120,211,181,70,14,202,119,193
99,37,190,31,104,143,58,182,87,95
99,38,75,27,148,92,71,213,157,101
99,39,69,110,243,38,12,154,217,254
100,0,157,57,56,110,127,66,106,43
100,1,242,86,117,19,118,211,122,103
100,2,133,33,60,255,80,49,217,121
100,3,19,70,44,171,191,90,214,219
100,4,118,88,74,30,122,138,25,154
100,5,144,24,169,44,147,158,5,102
100,6,183,208,69,42,166,174,68,65
100,7,146,56,1,7,37,210,10,71
100,8,207,183,222,186,109,234,247,42
100,9,105,148,217,24,13,156,192,88
100,10,24,73,72,85,114,228,7,155
100,11,27,210,147,107,154,93,195,55
100,12,57,155,121,84,191,65,107,46
100,13,41,48,122,168,22,30,124,224
100,14,232,178,156,172,235,213,89,60
100,15,22,239,209,203,71,219,101,44
100,16,167,233,46,90,0,161,30,184
100,17,23,231,180,56,130,166,197,17
100,18,28,21,1,159,165,25,87,251
100,19,175,106,40,216,181,179,160,253
100,20,207,183,222,215,186,35,13,4
100,21,24,148,13,105,253,217,156,162
100,22,85,24,73,246,7,92,114,72
100,23,147,210,107,154,27,93,212,195
100,24,57,84,155,46,191,65,132,43
100,25,48,22,124,41,249,122,29,18
100,26,232,152,156,178,172,22,220,213
100,27,209,203,239,71,22,49,17,84
100,28,161,241,167,30,224,8,211,0
100,29,180,214,231,23,50,206,17,173
100,30,1,21,28,71,235,81,159,231
100,31,91,179,181,175,40,216,199,39
100,32,201,246,221,48,106,171,176,212
100,33,96,58,151,121,107,116,10,28
100,34,56,208,175,95,171,252,235,226
100,35,184,85,218,20,55,255,99,22
100,36,195,211,202,246,1,152,117,193
100,37,174,161,143,67,87,83,45,60
100,38,101,201,234,9,30,39,157,44
100,39,246,250,1,92,215,183,196,15
101,0,186,242,144,84,234,188,92,155
101,1,111,198,32,144,185,42,117,29
101,2,33,230,15,150,86,133,157,92
101,3,44,155,202,156,116,90,20,19
101,4,112,94,71,30,178,169,166,98
101,5,253,81,48,102,144,169,228,168
101,6,174,142,126,108,92,42,9,200
101,7,243,146,210,181,94,7,220,1
101,8,207,183,215,167,128,222,248,9
101,9,24,105,162,204,4,244,128,139
101,10,97,85,7,181,119,146,246,140
101,11,153,2,212,37,114,147,10,240
101,12,57,66,27,107,230,114,36,121
101,13,38,238,41,122,46,48,27,36
101,14,232,156,42,152,22,178,89,1
101,15,209,239,22,44,248,236,18,118
101,16,30,233,167,241,82,8,90,207
101,17,231,180,197,23,3,206,218,205
101,18,1,21,28,189,157,87,198,70
101,19,179,181,175,216,60,132,71,245
101,20,167,183,215,207,13,222,9,248
101,21,24,139,52,204,105,4,89,244
101,22,0,97,7,85,181,140,246,114
101,23,212,15,153,2,114,147,116,95
101,24,57,66,114,12,46,155,234,107
101,25,238,249,48,41,124,22,122,38
101,26,232,152,22,156,220,178,174,42
101,27,209,239,248,17,118,22,44,146
101,28,241,30,8,206,230,249,78,90
101,29,180,231,206,23,3,49,218,173
101,30,1,21,28,235,69,189,157,231
101,31,60,179,216,181,16,40,71,132
101,32,171,86,246,195,176,201,146,91
101,33,36,10,97,37,181,242,38,142
101,34,90,212,28,235,255,206,238,171
101,35,255,55,49,184,71,63,44,8
101,36,147,234,227,25,0,223,117,39
101,37,193,15,221,102,83,220,95,87
101,38,157,139,215,75,44,39,4,244
101,39,158,72,224,36,196,23,14,15
102,0,242,96,186,187,52,27,250,133
102,1,96,40,37,206,183,117,39,209
102,2,19,142,154,215,230,161,7,21
102,3,44,183,155,234,81,21,0,96
102,4,55,94,180,56,112,169,80,71
102,5,48,232,253,84,81,102,238,133
102,6,174,108,126,178,142,9,104,92
102,7,243,146,94,210,130,181,122,133
102,8,215,183,207,9,128,248,167,186
102,9,24,139,105,244,52,162,204,111
102,10,7,181,85,97,239,246,197,170
102,11,2,212,153,116,131,240,95,10
102,12,57,230,66,206,89,233,27,36
102,13,122,27,41,238,249,140,36,174
102,14,232,152,70,42,1,172,156,219
102,15,209,239,17,248,22,44,118,146
102,16,30,241,233,78,90,167,8,207
102,17,180,231,206,3,23,218,236,128
102,18,1,21,235,28,145,157,231,87
102,19,216,179,181,132,16,60,175,71
102,20,215,183,68,9,207,167,13,73
102,21,52,139,24,19,244,196,105,162
102,22,7,181,128,0,97,85,163,170
102,23,131,212,2,15,153,18,95,107
102,24,57,230,12,36,234,233,107,66
102,25,249,48,238,122,27,124,41,200
102,26,152,232,220,70,1,38,172,22
102,27,209,17,239,248,103,118,44,22
102,28,241,30,78,8,90,222,230,206
102,29,180,231,232,206,3,128,49,155
102,30,235,28,21,1,70,145,231,189
102,31,60,16,216,179,132,181,71,40
102,32,171,86,157,176,246,195,201,135
102,33,36,117,10,97,142,116,23,38
102,34,182,28,235,90,47,153,114,212
102,35,255,71,63,55,184,49,190,40
102,36,25,147,234,227,0,55,39,204
102,37,102,221,78,95,27,87,220,83
102,38,157,104,215,75,5,4,244,139
102,39,158,196,14,72,23,91,61,36
103,0,117,96,242,121,171,185,187,133
103,1,131,158,209,96,40,183,13,117
103,2,24,177,160,174,252,19,191,35
103,3,44,216,234,170,180,255,232,221
103,4,55,180,139,182,82,56,145,119
103,5,232,48,3,133,238,223,102,253
103,6,174,108,178,9,3,142,85,58
103,7,146,94,243,133,210,130,220,113
103,8,215,68,183,207,9,248,112,124
103,9,19,244,105,24,139,162,52,206
103,10,7,181,163,85,239,128,197,97
103,11,212,18,2,95,147,131,240,116
103,12,57,230,66,233,206,114,98,27
103,13,41,200,249,122,48,238,27,30
103,14,152,232,70,42,1,38,192,172
103,15,209,99,17,241,239,22,118,44
103,16,30,78,241,233,90,167,207,206
103,17,180,206,3,155,236,128,231,218
103,18,235,1,21,165,28,70,145,6
103,19,216,16,179,71,132,233,8,155
103,20,215,68,183,248,207,9,112,167
103,21,52,139,19,244,24,196,206,89
103,22,181,163,128,7,239,170,85,154
103,23,131,18,101,212,107,130,142,69
103,24,57,230,36,27,67,98,107,172
103,25,249,244,27,48,200,122,17,124
103,26,152,70,250,232,38,89,174,220
103,27,17,209,241,118,99,7,103,239
103,28,30,241,149,222,90,8,232,185
103,29,180,232,155,220,236,31,231,102
103,30,235,122,70,6,231,165,28,1
103,31,16,132,216,71,233,14,155,8
103,32,17,171,175,176,135,37,199,194
103,33,117,214,23,94,10,142,105,197
103,34,47,153,58,187,114,28,182,19
103,35,255,7,71,40,0,159,34,184
103,36,25,245,16,253,204,0,7,31
103,37,102,221,87,84,164,220,37,83
103,38,157,4,244,136,99,22,75,3
103,39,23,14,146,16,61,252,182,68
104,0,181,82,107,251,39,83,245,255
104,1,89,166,117,9,237,220,119,176
104,2,125,95,185,191,102,99,177,9
104,3,255,41,158,73,65,5,102,137
104,4,82,182,227,145,187,66,80,196
104,5,232,3,174,223,142,48,94,102
104,6,108,174,58,9,85,32,71,211
104,7,94,146,220,133,122,213,247,130
104,8,68,215,183,248,207,9,21,32
104,9,52,139,24,222,244,68,196,43
104,10,181,68,239,128,240,194,154,106
104,11,42,64,131,212,6,94,240,68
104,12,57,27,107,98,172,230,253,36
104,13,249,122,164,27,112,136,41,174
104,14,232,152,174,129,14,156,79,192
104,15,22,209,166,118,7,142,234,190
104,16,233,140,222,30,241,167,74,206
104,17,240,231,158,3,26,206,174,71
104,18,70,231,87,4,206,190,1,238
104,19,251,216,185,40,179,215,80,250
104,20,248,215,183,46,167,70,13,124
104,21,52,4,242,128,196,162,133,91
104,22,15,68,160,181,128,239,103,143
104,23,80,212,64,131,111,107,113,6
104,24,172,107,57,220,98,46,72,36
104,25,249,48,211,122,164,193,198,136
104,26,174,152,232,14,79,225,89,16
104,27,209,7,118,22,166,43,17,190
104,28,30,222,241,83,233,140,8,40
104,29,26,232,180,240,31,231,3,220
104,30,235,122,55,70,231,87,1,145
104,31,16,237,132,216,155,118,14,180
104,32,224,171,176,197,135,175,13,130
104,33,201,179,117,156,197,10,142,38
104,34,47,49,114,217,153,28,58,213
104,35,255,71,7,224,40,34,159,0
104,36,25,255,16,245,24,204,31,57
104,37,102,221,50,87,14,37,83,123
104,38,157,4,146,99,244,3,115,228
104,39,85,13,14,177,252,61,182,213
105,0,109,208,81,177,191,24,163,254
105,1,236,71,100,226,42,56,214,251
105,2,223,160,42,185,95,221,13,184
105,3,44,234,36,163,16,0,61,173
105,4,178,243,206,117,169,80,137,82
105,5,48,232,77,3,94,64,223,133
105,6,85,32,108,187,174,216,71,57
105,7,94,223,130,166,38,133,193,220
105,8,215,68,9,26,183,248,63,205
105,9,52,139,24,65,43,128,196,162
105,10,181,170,146,20,154,239,225,19
105,11,131,37,71,212,201,6,94,240
105,12,98,230,57,36,50,208,107,27
105,13,27,126,249,122,244,74,203,0
105,14,232,152,219,70,172,1,89,17
105,15,209,95,17,26,18,22,118,239
105,16,233,30,53,82,59,241,222,90
105,17,180,62,170,220,214,164,31,71
105,18,116,229,235,1,87,70,145,231
105,19,47,16,216,132,160,118,10,114
105,20,215,9,183,248,26,207,13,167
105,21,52,139,196,24,89,65,244,162
105,22,181,170,20,154,146,239,19,225
105,23,131,201,37,71,212,59,174,115
105,24,230,128,57,98,11,234,50,119
105,25,244,41,230,249,0,27,19,48
105,26,152,203,172,232,218,89,1,22
105,27,209,17,95,239,118,26,22,44
105,28,30,193,241,224,82,167,90,222
105,29,180,173,88,62,231,220,232,21
105,30,21,50,28,229,1,162,235,70
105,31,38,216,40,179,181,253,16,18
105,32,86,171,179,246,176,131,142,144
105,33,104,132,10,234,47,36,197,142
105,34,225,103,235,44,238,48,28,94
105,35,63,190,148,255,55,184,71,74
105,36,227,147,145,39,25,115,202,211
105,37,27,95,78,221,193,15,87,102
105,38,75,215,157,242,4,44,119,244
105,39,158,72,254,36,75,197,196,182
106,0,113,142,166,97,123,205,150,215
106,1,34,26,117,187,118,59,87,132
106,2,70,26,249,14,90,164,146,111
106,3,211,146,31,37,46,135,84,234
106,4,161,167,65,30,14,13,82,25
106,5,253,232,104,3,161,5,48,142
106,6,174,167,108,178,126,142,9,85
106,7,133,91,146,29,210,94,23,220
106,8,207,33,183,215,212,248,232,89
106,9,39,13,24,94,29,105,139,132
106,10,7,85,130,181,246,239,170,171
106,11,107,20,212,147,174,2,250,94
106,12,57,230,160,128,63,26,107,66
106,13,122,29,41,43,124,74,48,238
106,14,232,156,152,172,42,51,178,16
106,15,209,44,22,239,65,71,17,213
106,16,233,167,30,5,90,0,196,241
106,17,180,231,166,23,3,61,172,213
106,18,1,21,148,28,187,50,57,87
106,19,130,179,216,181,175,160,40,111
106,20,207,183,215,4,33,167,248,13
106,21,24,39,29,94,13,4,52,139
106,22,7,85,97,130,246,181,128,31
106,23,20,107,212,2,95,147,131,17
106,24,57,63,26,46,114,128,12,160
106,25,249,48,43,22,41,238,124,18
106,26,232,152,174,22,14,156,218,124
106,27,65,209,239,22,118,71,17,81
106,28,241,96,167,30,5,8,224,206
106,29,231,50,172,180,3,23,240,173
106,30,148,70,1,21,187,189,157,231
106,31,179,130,181,216,251,91,185,40
106,32,99,246,131,113,91,171,176,201
106,33,190,232,242,10,38,104,116,142
106,34,88,161,97,56,235,171,34,252
106,35,55,184,218,145,255,20,236,99
106,36,207,202,211,223,246,49,193,42
106,37,161,174,143,45,83,67,60,87
106,38,71,234,44,9,39,30,157,75
106,39,72,92,69,250,196,244,183,252
107,0,186,242,66,144,234,188,6,106
107,1,117,198,112,189,191,21,86,255
107,2,230,198,150,87,86,92,70,110
107,3,44,155,202,234,156,19,180,214
107,4,118,94,112,71,30,98,80,204
107,5,48,232,84,5,133,253,238,102
107,6,174,3,235,108,178,142,114,126
107,7,228,146,210,181,4,91,44,220
107,8,183,207,248,38,65,124,215,236
107,9,24,105,4,5,162,14,244,96
107,10,7,253,181,85,161,31,9,114
107,11,153,142,216,212,2,195,95,109
107,12,57,206,233,66,132,46,234,230
107,13,249,41,238,48,22,122,142,100
107,14,232,152,42,156,1,172,235,129
107,15,209,22,239,248,17,103,71,118
107,16,78,167,30,241,21,186,233,90
107,17,197,180,231,206,23,3,50,236
107,18,1,28,165,21,70,189,157,148
107,19,181,179,71,216,175,111,40,132
107,20,183,207,38,215,248,65,9,13
107,21,24,139,244,4,52,19,196,96
107,22,7,253,0,128,181,140,85,239
107,23,153,15,212,216,131,101,2,130
107,24,57,132,206,230,46,7,233,12
107,25,249,48,238,122,41,124,22,18
107,26,152,232,220,174,156,1,22,14
107,27,209,17,22,248,239,118,142,7
107,28,21,30,78,241,186,222,8,167
107,29,206,240,231,180,236,23,50,3
107,30,70,231,165,1,69,235,157,28
107,31,216,71,60,179,40,251,185,181
107,32,195,176,171,162,86,61,146,62
107,33,198,36,97,37,94,10,217,38
107,34,212,187,90,28,255,70,19,188
107,35,255,49,55,161,73,71,184,196
107,36,234,0,25,193,147,8,244,210
107,37,221,84,220,83,193,87,45,90
107,38,244,44,157,75,4,162,15,39
107,39,23,14,224,252,61,220,16,196
108,0,181,82,107,251,255,39,83,245
108,1,40,96,117,12,176,248,183,166
108,2,112,204,178,7,136,48,56,168
108,3,14,134,189,164,109,89,227,45
108,4,156,37,56,82,182,71,25,49
108,5,232,174,19,48,142,3,5,102
108,6,149,108,174,178,9,85,200,131
108,7,228,4,146,220,210,1,243,94
108,8,68,183,207,248,38,65,215,181
108,9,24,14,139,105,5,4,162,244
108,10,181,68,7,167,239,128,253,85
108,11,64,216,2,79,212,207,153,17
108,12,206,57,106,132,95,12,154,230
108,13,164,249,48,195,230,122,41,76
108,14,152,232,42,1,235,129,218,156
108,15,209,22,239,17,76,118,241,126
108,16,167,30,78,45,241,21,90,179
108,17,26,180,231,240,114,102,206,23
108,18,165,70,1,231,157,28,214,238
108,19,216,237,71,179,206,132,181,40
108,20,183,9,124,248,68,215,167,13
108,21,52,4,139,244,24,242,65,196
108,22,68,128,15,181,239,97,7,140
108,23,64,131,101,207,212,208,79,17
108,24,57,230,107,46,36,7,98,121
108,25,249,122,164,27,48,195,238,192
108,26,152,174,232,39,172,14,206,235
108,27,209,17,7,22,118,207,142,5
108,28,21,222,30,241,231,8,140,78
108,29,240,26,206,231,180,3,174,50
108,30,231,70,55,1,165,157,235,190
108,31,237,216,251,179,40,185,71,60
108,32,224,171,176,197,61,62,206,199
108,33,179,201,156,10,12,38,217,117
108,34,49,217,70,28,188,235,213,90
108,35,55,224,255,161,184,73,214,40
108,36,24,255,25,193,239,57,244,42
108,37,50,221,83,14,87,90,45,147
108,38,244,146,44,157,86,4,162,39
108,39,85,13,177,252,220,62,14,61
109,0,139,24,109,55,225,211,71,81
109,1,226,236,42,22,117,105,245,85
109,2,112,3,221,56,178,7,185,204
109,3,44,234,0,14,247,167,138,13
109,4,178,243,137,30,51,180,117,169
109,5,232,19,48,3,102,94,133,228
109,6,174,149,187,48,123,216,58,178
109,7,228,146,94,220,130,4,38,113
109,8,68,183,9,215,128,207,26,124
109,9,139,52,24,65,244,105,128,75
109,10,181,225,85,119,154,59,128,170
109,11,131,212,231,37,84,198,94,115
109,12,57,230,200,36,107,27,121,12
109,13,122,195,27,249,230,192,238,39
109,14,232,152,156,135,172,246,89,219
109,15,209,22,17,239,79,222,71,118
109,16,30,45,167,53,219,90,179,82
109,17,62,180,231,214,23,206,114,240
109,18,28,165,70,1,231,238,12,190
109,19,216,247,71,175,40,8,11,245
109,20,124,207,68,9,13,46,183,66
109,21,139,244,4,65,52,242,24,128
109,22,128,181,146,85,225,154,15,7
109,23,131,212,59,37,231,201,93,79
109,24,57,230,11,128,7,46,114,200
109,25,48,230,122,249,238,195,41,19
109,26,174,220,232,152,203,135,39,172
109,27,209,239,17,22,118,7,5,222
109,28,21,30,241,186,222,82,167,53
109,29,206,62,180,240,231,50,19,173
109,30,70,165,231,11,1,238,189,157
109,31,216,251,71,185,247,179,40,198
109,32,86,171,62,176,144,85,123,61
109,33,36,84,10,139,12,68,38,242
109,34,48,94,70,90,28,235,18,103
109,35,117,55,161,114,255,148,190,191
109,36,44,147,79,227,193,39,244,42
109,37,56,193,83,14,162,87,196,45
109,38,44,244,157,132,215,75,15,39
109,39,44,77,252,14,220,197,61,62
110,0,247,88,57,146,87,128,59,49
110,1,17,29,232,126,178,235,133,23
110,2,70,14,254,90,26,232,208,184
110,3,67,70,102,234,63,49,205,208
110,4,126,30,243,7,56,202,82,181
110,5,174,133,19,94,232,48,142,24
110,6,149,58,100,48,123,108,187,174
110,7,228,129,220,223,4,94,146,68
110,8,68,183,124,9,207,248,215,44
110,9,69,139,43,5,14,244,24,4
110,10,181,68,128,225,59,15,239,154
110,11,207,208,212,235,131,21,198,69
110,12,230,57,200,210,95,36,132,73
110,13,164,195,122,48,249,27,238,230
110,14,232,174,152,218,135,39,156,172
110,15,209,22,17,239,118,203,222,142
110,16,167,21,30,45,13,90,186,222
110,17,26,206,231,114,23,50,240,7
110,18,238,70,231,190,165,157,214,12
110,19,216,71,251,206,8,245,40,80
110,20,124,9,46,66,248,183,167,68
110,21,244,4,242,65,24,128,148,204
110,22,68,15,128,97,181,140,239,117
110,23,101,131,212,207,208,210,68,103
110,24,57,200,230,170,107,66,114,181
110,25,238,164,249,122,48,195,39,27
110,26,174,232,39,152,135,206,76,14
110,27,209,7,5,22,142,203,207,118
110,28,21,30,222,241,20,8,118,226
110,29,206,26,240,231,174,31,50,3
110,30,231,70,238,157,4,165,190,221
110,31,216,251,185,71,80,60,179,230
110,32,224,197,171,62,61,176,243,206
110,33,177,12,84,38,10,156,242,154
110,34,70,15,49,217,188,235,213,28
110,35,55,161,214,73,224,201,255,184
110,36,24,239,193,255,42,57,223,58
110,37,83,14,50,45,90,221,87,241
110,38,44,244,146,39,86,162,250,15
110,39,252,13,85,177,62,220,181,52
111,0,2,180,115,55,177,41,74,152
111,1,111,245,203,42,70,238,117,235
111,2,70,199,249,139,212,221,14,157
111,3,234,44,197,61,66,16,202,207
111,4,30,149,169,243,51,137,63,82
111,5,48,133,225,213,6,66,102,38
111,6,108,25,58,115,134,48,187,85
111,7,220,1,129,130,146,60,95,94
111,8,183,124,68,248,9,215,7,58
111,9,4,242,244,24,43,52,190,139
111,10,15,117,103,181,239,143,18,128
111,11,212,103,208,100,113,37,68,240
111,12,166,200,36,57,46,27,230,135
111,13,249,122,48,195,238,36,39,27
111,14,174,172,152,39,232,135,14,218
111,15,22,209,79,7,118,18,142,17
111,16,21,222,167,30,45,140,90,16
111,17,206,231,240,174,50,7,71,180
111,18,70,238,4,190,165,231,157,12
111,19,216,206,71,251,230,40,185,147
111,20,248,124,9,45,46,183,66,13
111,21,244,242,52,128,4,65,17,43
111,22,15,103,117,239,181,128,216,194
111,23,212,68,37,146,103,131,208,59
111,24,166,231,55,172,46,36,200,210
111,25,249,48,122,238,39,195,36,169
111,26,174,237,152,39,172,93,14,135
111,27,209,7,22,118,142,40,79,18
111,28,21,222,30,138,241,82,8,226
111,29,206,78,174,231,240,31,3,71
111,30,238,70,231,4,157,165,66,1
111,31,216,60,185,251,71,40,230,179
111,32,144,14,171,176,243,62,126,197
111,33,103,10,12,177,185,161,38,171
111,34,227,109,70,11,28,249,18,90
111,35,73,201,255,214,55,161,196,117
111,36,148,48,42,58,24,193,57,44
111,37,14,162,45,87,83,241,147,196
111,38,44,244,15,162,157,250,132,114
111,39,77,197,14,62,220,252,61,149
112,0,55,177,13,134,217,78,31,180
112,1,145,245,100,70,180,206,111,105
112,2,74,17,235,228,12,212,70,26
112,3,16,234,197,63,66,12,215,58
112,4,44,169,30,243,51,63,93,204
112,5,48,133,6,66,115,225,201,142
112,6,25,108,32,115,48,58,49,71
112,7,220,1,129,167,146,94,60,41
112,8,124,68,248,183,9,215,66,201
112,9,4,5,242,244,14,24,139,190
112,10,216,15,181,117,143,239,97,128
112,11,103,212,208,222,173,59,220,209
112,12,57,66,210,55,95,230,234,181
112,13,238,249,48,122,195,230,39,70
112,14,174,232,39,9,135,152,42,76
112,15,22,209,5,142,118,239,234,71
112,16,21,30,167,222,45,241,233,16
112,17,206,231,114,3,71,240,50,78
112,18,238,70,165,190,231,12,209,157
112,19,60,251,71,80,111,216,153,83
112,20,124,13,46,248,167,49,156,201
112,21,4,244,89,162,242,128,190,14
112,22,216,15,140,97,117,51,181,239
112,23,212,59,222,208,220,103,79,216
112,24,128,57,11,181,66,7,114,55
112,25,48,238,195,19,76,169,249,230
112,26,203,220,174,153,42,156,152,232
112,27,209,239,22,5,142,118,123,240
112,28,21,82,206,186,241,222,190,179
112,29,206,3,231,180,21,50,240,128
112,30,70,165,11,189,238,28,231,190
112,31,179,60,251,185,71,80,181,28
112,32,86,28,62,91,246,176,102,18
112,33,250,36,242,38,224,104,139,54
112,34,28,90,240,44,206,109,72,238
112,35,55,77,49,185,148,190,196,20
112,36,227,147,79,202,39,21,142,49
112,37,193,15,83,78,27,95,45,196
112,38,215,139,44,119,87,75,149,39
112,39,158,72,244,36,15,224,251,183
113,0,242,117,187,185,133,96,186,170
113,1,117,13,232,105,43,206,81,96
113,2,112,212,242,164,173,176,107,95
113,3,247,14,202,234,156,170,15,122
113,4,180,55,164,30,37,82,60,169
113,5,19,232,3,48,133,217,238,5
113,6,123,108,3,174,115,9,114,91
113,7,4,228,146,1,243,210,95,220
113,8,68,38,183,248,124,201,88,103
113,9,14,24,240,145,4,5,105,244
113,10,7,181,216,163,85,114,128,171
113,11,216,116,79,103,2,212,95,250
113,12,57,132,32,206,234,7,233,230
113,13,249,48,238,41,18,122,30,51
113,14,232,42,152,156,235,129,1,174
113,15,209,22,239,17,118,44,84,71
113,16,30,167,78,21,233,90,206,222
113,17,231,50,206,3,23,180,213,56
113,18,11,70,165,1,28,21,50,12
113,19,181,111,71,179,216,44,178,175
113,20,68,207,38,13,248,201,183,124
113,21,24,4,89,244,19,139,196,14
113,22,7,216,140,0,181,253,128,143
113,23,116,216,212,95,103,79,109,2
113,24,57,128,132,205,12,46,234,160
113,25,48,41,97,238,249,140,124,22
113,26,220,174,203,232,152,218,156,22
113,27,209,22,239,118,142,84,44,146
113,28,78,193,21,241,206,224,168,222
113,29,88,180,49,173,61,231,3,206
113,30,70,50,162,21,189,165,11,1
113,31,179,185,60,251,216,181,71,28
113,32,157,86,179,91,176,246,171,125
113,33,117,36,104,242,132,38,23,10
113,34,28,44,238,235,177,206,90,171
113,35,190,148,55,145,74,255,161,49
113,36,227,39,115,234,147,223,42,202
113,37,27,78,220,87,95,83,84,45
113,38,215,75,44,157,39,119,244,169
113,39,158,23,196,252,72,15,36,61
114,0,117,171,185,226,96,194,133,198
114,1,158,13,117,81,183,210,88,43
114,2,215,160,107,101,112,142,205,146
114,3,14,170,122,247,216,222,221,214
114,4,139,55,8,60,119,105,180,82
114,5,27,19,3,142,114,48,232,84
114,6,114,108,90,174,200,123,3,59
114,7,181,4,146,228,1,220,210,60
114,8,112,183,207,124,68,248,212,44
114,9,178,240,19,145,14,206,105,4
114,10,163,7,253,31,216,181,114,171
114,11,18,142,116,186,109,216,2,250
114,12,67,132,57,32,206,203,7,46
114,13,200,41,48,249,140,238,18,142
114,14,38,232,152,156,172,42,174,1
114,15,99,209,239,22,17,96,118,241
114,16,78,30,167,13,241,222,90,180
114,17,231,180,206,155,3,23,102,218
114,18,70,165,1,11,190,238,231,21
114,19,71,216,179,120,111,91,251,181
114,20,248,183,112,215,167,9,124,35
114,21,244,24,52,139,4,178,196,242
114,22,163,181,128,15,239,7,103,253
114,23,18,212,130,36,101,131,68,142
114,24,57,67,172,132,7,66,230,234
114,25,48,249,238,21,18,41,122,142
114,26,174,152,220,232,14,38,156,218
114,27,209,99,7,142,22,118,5,17
114,28,21,222,30,241,231,78,224,54
114,29,206,231,240,155,180,174,102,31
114,30,70,231,4,238,165,190,1,235
114,31,216,71,179,185,230,251,120,28
114,32,210,17,176,194,171,21,126,245
114,33,105,23,214,94,10,38,12,185
114,34,12,206,187,19,54,58,34,188
114,35,255,161,55,7,214,184,92,217
114,36,0,253,42,57,8,193,239,25
114,37,87,220,95,84,83,164,90,209
114,38,244,157,44,15,86,22,136,75
114,39,252,220,61,23,145,16,14,52
115,0,181,82,251,107,39,255,245,83
115,1,217,89,9,176,117,248,55,53
115,2,251,224,233,85,84,154,137,156
115,3,153,131,158,109,143,119,102,147
115,4,133,82,21,92,249,187,30,56
115,5,172,174,232,114,3,142,48,190
115,6,174,108,114,90,149,3,16,133
115,7,220,146,195,1,4,19,94,16
115,8,68,112,183,215,207,248,35,170
115,9,24,105,19,178,139,244,162,63
115,10,68,181,128,239,7,31,240,93
115,11,64,131,130,2,207,212,6,232
115,12,57,98,154,230,27,172,206,36
115,13,230,164,249,27,122,72,48,41
115,14,152,232,174,70,129,1,172,38
115,15,209,22,99,17,118,239,241,7
115,16,30,241,21,222,167,20,90,13
115,17,26,206,180,3,231,240,102,155
115,18,70,238,4,231,1,55,165,190
115,19,237,216,71,179,251,206,185,230
115,20,248,215,9,167,68,183,124,176
115,21,52,244,196,139,4,190,242,80
115,22,68,181,103,15,239,128,117,204
115,23,64,101,212,131,68,208,207,21
115,24,172,57,107,36,181,98,230,66
115,25,249,48,164,238,122,136,128,27
115,26,174,152,14,232,220,237,89,192
115,27,7,209,22,142,118,5,99,40
115,28,222,21,30,241,20,83,140,231
115,29,26,206,240,174,31,231,3,180
115,30,70,55,4,238,190,231,165,235
115,31,237,216,185,251,230,120,71,14
115,32,224,176,197,21,171,210,126,245
115,33,179,201,156,12,38,105,185,117
115,34,49,217,58,146,12,28,47,34
115,35,224,255,217,161,123,214,55,92
115,36,24,255,57,42,239,193,139,25
115,37,50,83,87,14,90,209,241,221
115,38,146,44,86,157,244,15,162,39
115,39,252,13,85,220,177,61,62,52
116,0,2,109,41,177,24,115,152,86
116,1,56,236,52,226,70,109,42,165
116,2,221,157,13,193,139,251,83,77
116,3,44,234,16,197,58,66,61,63
116,4,149,169,243,30,51,93,42,166
116,5,48,213,172,115,133,225,116,102
116,6,108,25,245,149,86,37,58,134
116,7,220,146,1,122,130,173,94,60
116,8,183,68,124,248,215,167,46,9
116,9,4,52,162,242,24,5,190,133
116,10,15,117,181,239,17,154,170,97
116,11,212,113,6,207,209,151,103,208
116,12,166,234,57,36,46,27,172,95
116,13,249,230,48,174,122,136,18,193
116,14,232,152,174,172,192,79,129,239
116,15,209,22,7,118,18,105,17,142
116,16,21,140,30,222,154,241,167,206
116,17,240,206,231,3,174,78,31,180
116,18,70,231,190,237,238,4,157,243
116,19,237,251,206,71,216,60,5,179
116,20,248,215,183,167,46,242,13,45
116,21,52,242,4,128,89,190,162,204
116,22,15,117,17,239,103,181,254,140
116,23,151,209,212,208,113,101,100,6
116,24,172,166,57,114,210,61,234,46
116,25,249,48,230,21,193,122,18,136
116,26,174,152,232,14,79,93,89,237
116,27,209,7,22,118,142,234,43,5
116,28,21,222,20,30,138,241,83,140
116,29,240,78,206,3,31,231,174,232
116,30,70,55,231,238,4,237,235,1
116,31,60,185,251,237,216,179,230,5
116,32,120,176,197,75,14,21,91,177
116,33,103,179,201,161,54,38,12,185
116,34,227,146,94,109,11,47,235,28
116,35,161,123,20,255,214,55,92,131
116,36,139,57,42,48,24,193,116,239
116,37,83,14,87,162,241,97,57,209
116,38,44,157,167,15,3,244,250,39
116,39,252,75,220,61,62,77,177,52
117,0,166,113,142,97,205,150,215,15
117,1,34,26,87,59,10,105,101,132
117,2,235,202,17,73,197,244,229,227
117,3,76,46,211,239,105,178,135,186
117,4,167,161,240,30,82,14,4,243
117,5,6,66,172,51,30,56,225,131
117,6,108,245,149,115,193,58,25,53
117,7,220,91,1,94,173,146,16,122
117,8,33,68,248,183,124,215,46,174
117,9,39,132,4,5,52,14,190,242
117,10,216,15,117,239,181,128,192,191
117,11,20,36,212,207,113,11,208,151
117,12,166,234,27,95,57,172,36,73
117,13,249,230,33,48,18,136,72,29
117,14,174,152,232,147,129,172,14,192
117,15,209,22,65,7,118,5,105,234
117,16,222,140,154,21,167,30,147,233
117,17,240,206,110,231,3,45,174,71
117,18,70,231,190,238,128,4,148,165
117,19,251,237,206,120,216,71,80,5
117,20,248,33,46,215,183,13,167,124
117,21,242,39,4,132,133,52,89,162
117,22,15,117,248,143,103,204,239,128
117,23,101,113,20,212,36,208,100,6
117,24,172,61,170,135,181,107,173,236
117,25,249,48,193,136,33,198,122,128
117,26,174,79,152,147,14,232,192,237
117,27,7,65,209,22,43,105,118,234
117,28,21,222,226,83,140,156,147,20
117,29,240,206,110,3,31,231,174,50
117,30,70,190,231,128,238,221,178,148
117,31,120,251,185,216,58,71,5,179
117,32,238,113,176,158,21,62,94,177
117,33,190,41,38,185,224,12,63,3
117,34,34,97,146,88,161,47,55,188
117,35,123,39,161,131,55,255,217,20
117,36,139,239,207,42,193,116,24,41
117,37,87,83,90,209,241,15,50,7
117,38,86,44,167,157,3,14,15,39
117,39,220,252,61,72,36,13,62,177
118,0,2,115,177,223,214,133,41,6
118,1,191,117,113,42,236,105,173,245
118,2,235,202,76,198,67,139,17,234
118,3,234,178,76,218,215,44,192,63
118,4,149,30,169,203,243,82,93,51
118,5,225,66,213,48,116,187,172,5
118,6,108,25,115,245,70,146,134,201
118,7,220,122,173,94,146,1,77,130
118,8,215,68,124,248,183,242,9,46
118,9,4,52,242,250,139,5,133,196
118,10,15,117,181,239,216,170,209,59
118,11,6,151,212,113,216,146,68,100
118,12,166,115,172,57,98,230,36,246
118,13,249,174,48,122,110,27,39,207
118,14,152,232,192,174,76,79,72,129
118,15,209,105,17,7,22,230,18,43
118,16,21,222,30,138,241,82,154,233
118,17,240,206,231,180,174,78,224,31
118,18,70,231,237,238,190,157,235,4
118,19,71,251,60,179,206,80,216,237
118,20,215,46,248,183,242,13,167,124
118,21,242,52,4,196,89,204,139,220
118,22,15,117,216,239,17,181,109,140
118,23,151,209,113,6,212,146,136,190
118,24,166,115,61,172,135,128,47,210
118,25,249,48,230,155,174,247,198,246
118,26,152,174,232,76,192,72,89,206
118,27,7,209,22,79,105,142,118,17
118,28,222,21,138,82,30,241,226,206
118,29,240,78,206,31,3,231,174,232
118,30,70,237,231,238,55,66,148,4
118,31,60,249,251,237,185,5,216,18
118,32,176,14,75,197,177,21,120,40
118,33,161,103,179,185,38,12,201,5
118,34,227,11,249,18,94,47,109,146
118,35,161,123,40,20,255,136,214,55
118,36,55,48,139,24,251,42,193,116
118,37,162,83,14,87,196,241,97,228
118,38,44,157,167,87,244,52,15,3
118,39,77,220,251,61,62,252,177,13
119,0,178,55,116,250,10,134,239,151
119,1,15,206,236,117,105,88,101,157
119,2,227,235,0,131,114,9,104,124
119,3,76,234,213,247,44,15,132,191
119,4,44,30,243,180,82,169,137,42
119,5,172,48,102,3,5,66,133,232
119,6,108,245,104,204,25,9,174,149
119,7,220,1,122,146,246,130,228,94
119,8,68,215,183,124,46,9,248,242
119,9,4,52,24,162,242,196,139,133
119,10,216,15,181,239,146,154,138,59
119,11,212,151,59,6,131,100,220,113
119,12,57,234,230,36,172,61,32,200
119,13,249,230,174,122,48,207,39,247
119,14,232,152,174,129,206,42,76,192
119,15,209,22,105,17,142,7,234,239
119,16,21,30,82,140,222,167,42,90
119,17,240,206,231,3,254,50,71,21
119,18,70,231,190,238,157,151,11,219
119,19,251,71,85,155,216,5,179,249
119,20,13,46,215,248,183,124,68,201
119,21,4,242,89,204,52,196,190,236
119,22,216,15,146,239,181,253,143,154
119,23,212,59,220,113,151,201,231,190
119,24,128,57,234,157,61,172,115,11
119,25,230,48,249,18,19,41,101,146
119,26,152,218,174,146,89,232,40,129
119,27,209,22,118,17,239,7,71,234
119,28,190,222,167,30,82,241,193,21
119,29,180,240,231,31,3,128,206,173
119,30,235,70,231,63,50,165,28,151
119,31,216,71,18,179,185,16,251,28
119,32,85,176,171,18,76,46,246,21
119,33,11,68,102,38,104,10,185,139
119,34,28,72,94,44,240,206,22,47
119,35,255,161,40,71,185,148,55,184
119,36,39,142,202,25,147,116,227,49
119,37,95,87,102,221,193,83,84,27
119,38,157,244,44,80,119,15,4,75
119,39,146,61,244,165,14,252,220,196
120,0,96,226,171,128,80,247,90,214
120,1,236,169,228,104,2,186,117,232
120,2,254,145,169,19,26,131,0,146
120,3,188,221,7,234,21,170,122,76
120,4,82,60,30,181,119,105,3,169
120,5,61,172,102,66,48,133,217,225
120,6,16,108,245,104,115,25,204,174
120,7,220,94,1,146,253,173,60,95
120,8,68,112,183,215,248,124,181,46
120,9,206,14,52,19,139,4,242,200
120,10,216,181,229,163,59,239,15,128
120,11,18,212,207,131,142,103,208,250
120,12,57,67,106,230,27,98,36,234
120,13,200,249,122,21,48,41,72,230
120,14,152,232,38,70,172,219,1,250
120,15,209,241,17,239,22,103,252,99
120,16,30,149,241,90,167,222,179,233
120,17,180,102,155,173,128,240,38,3
120,18,235,6,1,165,231,28,70,145
120,19,216,16,71,179,132,233,11,8
120,20,215,183,68,9,112,248,26,167
120,21,52,206,139,244,24,19,204,196
120,22,181,163,128,239,170,15,7,97
120,23,18,131,101,142,207,212,130,6
120,24,67,98,57,230,36,172,234,107
120,25,249,48,27,200,122,238,128,174
120,26,152,232,38,1,174,89,218,192
120,27,209,241,17,118,7,103,22,239
120,28,30,241,222,149,21,231,185,78
120,29,155,180,232,240,31,231,236,128
120,30,235,70,6,165,231,1,238,28
120,31,216,179,71,14,16,18,233,8
120,32,89,176,171,46,17,199,194,135
120,33,214,68,94,23,10,117,142,38
120,34,187,47,54,28,182,58,19,153
120,35,255,7,40,71,34,184,55,131
120,36,25,253,57,0,116,8,13,244
120,37,102,84,221,95,164,87,220,192
120,38,136,157,22,244,5,4,44,75
120,39,16,23,61,145,14,146,252,220
121,0,82,181,107,251,245,255,39,221
121,1,131,89,166,9,35,117,176,175
121,2,211,26,156,241,196,138,151,67
121,3,3,5,169,105,90,239,21,48
121,4,133,82,7,97,21,182,227,39
121,5,174,142,48,232,201,247,200,252
121,6,108,129,104,58,174,32,85,139
121,7,94,146,122,220,130,213,141,207
121,8,68,215,183,9,207,26,128,248
121,9,52,139,24,68,43,179,222,162
121,10,181,68,239,128,176,59,170,97
121,11,42,64,131,135,58,212,240,94
121,12,57,98,107,27,227,172,230,125
121,13,249,122,174,27,164,136,181,207
121,14,232,156,152,42,172,174,129,22
121,15,209,22,166,239,118,236,71,142
121,16,30,233,8,74,167,140,241,90
121,17,231,180,23,3,26,31,232,147
121,18,1,28,87,21,231,70,206,189
121,19,216,179,181,175,40,106,111,155
121,20,215,183,248,222,207,167,9,13
121,21,24,162,204,52,128,4,244,139
121,22,85,246,68,181,97,160,128,7
121,23,80,212,64,131,95,225,157,2
121,24,57,46,125,98,172,12,234,107
121,25,164,249,174,122,41,48,124,181
121,26,232,22,156,152,172,89,16,219
121,27,209,239,118,22,26,236,222,84
121,28,30,241,8,222,233,232,191,149
121,29,26,232,180,231,101,240,128,173
121,30,55,235,70,165,1,231,28,144
121,31,237,216,16,18,179,14,60,132
121,32,224,176,171,89,135,197,199,101
121,33,201,179,156,117,10,142,185,68
121,34,49,28,47,217,58,153,213,235
121,35,255,224,40,7,34,71,184,131
121,36,25,57,255,24,116,204,210,244
121,37,221,102,87,50,14,158,83,192
121,38,157,146,244,4,75,15,99,5
121,39,85,13,177,61,14,252,220,62
122,0,109,2,24,41,86,152,12,29
122,1,236,117,226,180,42,145,190,85
122,2,211,139,221,193,77,26,203,185
122,3,44,234,156,215,66,202,239,3
122,4,243,30,149,82,169,178,204,202
122,5,48,102,232,133,213,94,225,89
122,6,108,129,32,58,25,104,149,85
122,7,94,130,122,220,173,146,207,247
122,8,68,215,9,183,26,242,248,46
122,9,52,139,24,75,196,68,244,162
122,10,181,239,128,109,154,170,197,119
122,11,151,131,6,212,201,2,146,240
122,12,98,166,57,27,36,172,230,153
122,13,249,27,174,230,122,128,206,52
122,14,152,232,1,192,70,219,172,250
122,15,209,17,7,22,2,93,112,252
122,16,30,241,222,138,53,82,90,59
122,17,206,180,240,173,231,128,245,232
122,18,237,235,231,70,1,157,165,145
122,19,216,206,179,237,71,16,247,244
122,20,215,183,9,68,248,242,167,128
122,21,52,139,244,196,162,204,128,190
122,22,181,239,109,128,154,17,93,15
122,23,131,151,6,209,146,212,68,2
122,24,166,98,172,57,36,27,230,234
122,25,230,249,27,48,122,198,136,128
122,26,152,232,93,1,192,174,29,219
122,27,209,79,18,7,17,118,22,26
122,28,241,30,222,138,56,10,201,233
122,29,232,126,240,180,31,78,128,231
122,30,237,235,55,231,70,165,1,209
122,31,216,60,179,16,18,237,172,14
122,32,176,171,14,135,101,75,157,197
122,33,185,161,10,103,201,179,12,38
122,34,94,47,227,11,18,28,249,143
122,35,255,117,7,40,71,184,34,55
122,36,25,55,57,116,48,210,204,244
122,37,221,196,162,87,102,14,160,44
122,38,132,157,124,244,4,14,99,15
122,39,27,77,14,61,224,197,6,252
123,0,69,50,116,177,250,31,55,178
123,1,236,180,88,154,215,253,105,186
123,2,203,131,235,83,26,211,177,157
123,3,215,234,197,44,213,156,61,36
123,4,51,243,221,178,44,137,30,169
123,5,48,102,232,133,5,252,172,89
123,6,108,149,129,32,25,174,104,161
123,7,246,94,220,130,122,146,167,1
123,8,68,215,242,183,9,128,26,124
123,9,52,24,139,75,65,196,4,133
123,10,181,146,239,216,154,15,119,59
123,11,151,131,37,6,212,59,201,100
123,12,57,98,230,27,172,36,69,107
123,13,249,27,230,174,122,17,207,48
123,14,232,152,192,219,206,174,72,76
123,15,209,22,105,17,239,186,7,142
123,16,30,222,82,167,90,193,233,42
123,17,240,231,3,206,180,254,174,213
123,18,70,231,190,151,1,11,87,4
123,19,247,216,251,179,155,65,71,111
123,20,215,248,183,13,68,242,124,207
123,21,4,52,89,196,139,242,204,24
123,22,216,15,239,181,146,154,128,18
123,23,201,151,59,212,113,131,220,190
123,24,128,234,57,98,11,12,119,230
123,25,97,249,230,48,19,41,30,55
123,26,232,174,22,101,99,152,30,42
123,27,209,22,239,84,118,154,234,87
123,28,193,196,167,222,224,30,241,206
123,29,231,61,240,173,3,180,62,21
123,30,21,70,1,50,205,189,231,28
123,31,179,205,39,251,216,252,181,4
123,32,131,186,171,125,246,176,85,91
123,33,102,238,242,133,38,132,10,28
123,34,96,207,235,180,44,5,171,94
123,35,145,57,184,55,255,63,190,161
123,36,120,39,115,19,244,202,133,227
123,37,190,87,27,95,175,143,58,169
123,38,75,157,92,67,169,61,180,35
123,39,231,196,179,189,172,254,163,67
124,0,229,196,123,249,216,7,105,242
124,1,225,117,231,118,27,155,244,93
124,2,4,103,17,145,163,227,162,57
124,3,133,187,152,235,31,234,37,231
124,4,13,142,30,167,102,236,222,251
124,5,104,6,193,253,186,5,90,102
124,6,167,174,153,108,178,9,142,172
124,7,23,29,146,210,1,133,220,4
124,8,234,207,183,89,19,232,212,248
124,9,13,29,94,164,24,105,201,4
124,10,169,130,216,213,85,181,198,7
124,11,189,107,212,95,147,250,187,161
124,12,57,128,63,26,74,107,6,230
124,13,43,147,41,134,154,70,29,48
124,14,51,124,156,232,86,172,42,137
124,15,22,209,162,81,181,239,200,213
124,16,233,5,167,196,133,43,140,30
124,17,250,166,87,231,255,172,76,61
124,18,179,187,21,50,28,57,70,1
124,19,109,205,130,20,111,160,216,215
124,20,234,207,248,4,13,183,184,115
124,21,13,94,29,4,24,164,236,89
124,22,169,130,198,236,246,85,143,35
124,23,189,42,107,128,212,62,95,111
124,24,74,57,26,63,220,46,15,65
124,25,249,147,43,48,41,134,124,6
124,26,232,124,22,51,148,32,174,172
124,27,209,181,22,200,71,239,81,162
124,28,167,5,133,30,222,43,241,224
124,29,231,250,76,50,172,173,87,3
124,30,81,21,179,70,187,28,1,205
124,31,39,251,130,181,179,109,216,205
124,32,98,134,106,99,186,131,171,96
124,33,183,238,116,232,73,126,86,38
124,34,207,84,180,235,96,171,225,102
124,35,145,57,184,63,22,153,55,255
124,36,120,181,70,14,211,119,244,193
124,37,190,31,143,58,182,87,145,83
124,38,75,71,148,92,213,123,157,95
124,39,2,69,189,38,217,213,15,196
125,0,66,127,157,186,188,106,242,32
125,1,117,242,86,118,112,19,84,42
125,2,133,60,58,121,219,255,80,228
125,3,214,116,171,234,44,202,90,32
125,4,118,122,98,30,88,251,112,25
125,5,44,169,18,147,11,254,31,100
125,6,142,183,73,42,198,69,147,108
125,7,37,1,10,56,7,52,79,220
125,8,186,107,207,184,65,234,183,56
125,9,156,13,217,105,128,151,14,4
125,10,114,72,24,91,51,171,62,84
125,11,27,66,236,195,114,156,247,107
125,12,155,138,191,65,43,35,132,28
125,13,48,168,18,22,70,113,249,74
125,14,75,218,156,14,61,241,235,60
125,15,22,71,110,87,209,213,135,203
125,16,167,46,233,136,119,90,95,170
125,17,50,197,166,56,11,205,115,147
125,18,190,159,251,70,211,113,12,165
125,19,39,111,178,40,251,119,42,107
125,20,186,184,107,207,65,115,13,201
125,21,156,13,14,4,102,89,128,217
125,22,114,72,91,143,24,35,81,51
125,23,27,147,156,208,255,66,3,69
125,24,155,181,65,138,191,132,107,206
125,25,48,18,30,22,113,175,254,249
125,26,61,156,178,218,14,37,206,75
125,27,71,110,88,22,209,234,135,87
125,28,167,46,119,136,90,139,176,99
125,29,50,7,115,205,231,16,23,206
125,30,81,159,211,70,215,103,21,71
125,31,251,91,39,71,164,181,106,243
125,32,106,201,221,91,195,116,42,191
125,33,58,116,49,121,107,6,182,244
125,34,95,81,12,171,86,9,56,208
125,35,22,8,145,153,218,85,20,132
125,36,117,211,14,172,0,195,202,252
125,37,220,143,67,161,83,145,174,158
125,38,43,195,101,123,213,134,254,144
125,39,201,241,9,15,23,127,228,106
126,0,14,84,228,102,110,57,165,250
126,1,120,185,32,92,63,144,56,117
126,2,133,179,142,80,141,60,159,33
126,3,214,70,116,20,123,19,234,134
126,4,122,251,118,112,74,254,98,80
126,5,144,24,44,151,11,169,88,158
126,6,147,142,69,73,42,183,198,52
126,7,37,56,10,1,79,101,7,90
126,8,107,184,186,207,159,222,56,86
126,9,148,156,13,47,128,217,14,105
126,10,72,114,73,24,91,51,171,92
126,11,147,66,210,27,154,236,114,106
126,12,84,121,65,155,147,57,18,107
126,13,48,30,18,118,133,226,122,175
126,14,156,178,75,61,60,235,146,218
126,15,71,22,203,101,219,88,135,110
126,16,167,46,161,233,90,136,200,249
126,17,56,23,17,50,115,130,231,205
126,18,251,211,87,28,113,159,115,190
126,19,106,111,39,175,40,102,28,107
126,20,186,184,107,222,13,183,207,115
126,21,156,13,148,14,128,24,57,89
126,22,72,73,114,143,24,91,92,35
126,23,147,154,210,27,66,255,208,254
126,24,155,84,65,107,57,138,181,18
126,25,18,48,30,22,113,50,254,175
126,26,178,156,146,61,218,75,232,37
126,27,71,203,110,22,88,209,135,84
126,28,167,136,46,161,176,90,119,139
126,29,50,115,7,231,214,23,205,206
126,30,81,211,159,70,215,103,189,71
126,31,251,91,39,71,181,164,40,51
126,32,201,106,221,91,48,195,61,198
126,33,58,96,116,49,121,151,107,38
126,34,208,171,95,56,81,86,9,175
126,35,22,85,99,218,20,66,132,108
126,36,117,195,211,246,172,152,202,128
126,37,67,161,143,158,174,83,145,60
126,38,101,201,9,123,213,234,30,195
126,39,246,15,1,250,248,92,170,203
127,0,186,84,242,234,144,111,188,92
127,1,111,29,65,117,221,120,92,198
127,2,179,15,133,147,101,142,230,212
127,3,20,44,19,123,155,202,100,116
127,4,112,71,94,30,251,98,60,154
127,5,144,151,88,169,18,48,44,2
127,6,142,147,172,42,73,198,128,196
127,7,1,37,10,101,79,4,7,181
127,8,184,107,159,207,186,222,103,86
127,9,128,14,13,105,156,47,4,151
127,10,114,72,81,171,91,51,1,9
127,11,66,147,145,250,153,114,3,27
127,12,155,35,65,84,132,121,191,46
127,13,48,18,30,168,22,113,124,41
127,14,235,156,75,178,218,61,146,60
127,15,22,71,110,203,88,219,135,239
127,16,167,46,136,90,233,185,249,73
127,17,197,56,50,229,236,23,17,231
127,18,251,190,211,165,21,159,28,115
127,19,111,40,51,106,71,216,102,39
127,20,184,186,222,159,107,207,13,215
127,21,13,14,156,24,4,89,102,128
127,22,72,143,114,81,91,0,85,35
127,23,66,147,153,27,250,3,208,94
127,24,65,57,138,107,181,194,155,132
127,25,48,30,18,249,22,113,175,192
127,26,156,178,146,235,61,60,14,206
127,27,209,71,22,110,44,135,63,233
127,28,167,90,46,136,222,73,8,30
127,29,23,56,115,231,50,7,240,236
127,30,81,70,165,28,1,115,21,211
127,31,51,251,106,40,71,38,216,107
127,32,201,106,195,61,176,91,212,171
127,33,6,116,49,97,75,58,37,29
127,34,212,171,255,235,173,95,187,102
127,35,20,145,218,255,184,161,3,49
127,36,211,234,0,193,139,117,202,42
127,37,145,84,220,143,67,83,87,250
127,38,123,44,75,39,157,213,101,244
127,39,241,23,15,52,61,68,220,252
